solicitud_id,fecha_solicitud,edad,sector,antiguedad_laboral_anios,antiguedad_empresa_anios,ingreso_mensual,deuda_actual,num_creditos_previos,buro_score,monto_solicitado,plazo_meses,tasa_interes,default_90d
CR-105457,2025-02-22,52,Comercio,29,13.2,2624.45,0.0,0,608.0,20898.97,18,0.1935,0
CR-102550,2024-07-22,20,Servicios,1,5.1,4653.79,2959.24,2,551.0,35676.88,12,0.2315,0
CR-101227,2025-05-02,32,Manufactura,12,9.3,2453.13,947.37,1,679.0,15879.35,18,0.1615,0
CR-105621,2025-04-25,40,Servicios,20,28.0,3770.99,12505.7,3,399.0,12782.58,12,0.2593,1
CR-100079,2025-04-09,35,Comercio,16,11.8,5220.92,6504.58,2,573.0,15757.84,12,0.203,0
CR-103298,2024-06-11,33,Comercio,9,4.7,6638.45,5946.56,1,592.0,47503.55,18,0.1948,0
CR-100605,2023-12-16,44,Comercio,23,4.3,4547.04,15901.34,4,355.0,13109.29,18,0.2568,1
CR-105302,2024-12-29,49,Agro,28,6.6,2222.87,0.0,0,620.0,6739.41,24,0.1975,0
CR-104398,2024-05-21,27,Servicios,6,5.2,6081.5,10972.3,1,532.0,21041.61,48,0.2203,0
CR-101504,2024-09-05,36,Agro,14,7.3,2148.11,902.06,3,655.0,13884.05,18,0.1875,0
CR-101771,2025-03-16,39,Construcción,21,4.7,2709.8,7973.38,2,383.0,16103.47,6,0.2402,1
CR-103649,2025-05-22,39,Manufactura,21,2.4,,0.0,0,717.0,33585.31,36,0.1425,0
CR-103317,2023-08-10,31,Manufactura,10,10.3,2251.42,0.0,0,593.0,8070.47,18,0.1677,0
CR-105905,2025-03-10,35,Comercio,15,13.5,2207.46,4621.6,1,427.0,16139.7,24,0.2449,0
CR-103774,2023-11-06,50,Comercio,31,29.2,15136.7,8781.78,3,792.0,48213.75,6,0.1281,0
CR-102015,2023-08-07,40,Agro,16,5.6,3791.77,0.0,0,615.0,17180.34,18,0.1661,0
CR-100580,2023-03-03,18,Comercio,0,11.9,2834.06,0.0,0,677.0,19788.85,48,0.1787,0
CR-100662,2023-08-06,28,Servicios,4,3.2,,10755.55,2,547.0,44497.4,36,0.2135,0
CR-103554,2024-12-28,48,Comercio,25,10.7,2020.25,5260.29,2,341.0,14947.23,18,0.2608,1
CR-105878,2024-08-10,52,Manufactura,28,12.9,1578.95,0.0,0,639.0,11067.62,12,0.1806,0
CR-105180,2023-11-12,31,Comercio,13,16.1,3743.84,390.95,3,646.0,13350.37,6,0.1826,0
CR-104111,2023-06-25,44,Manufactura,26,8.1,2366.38,4133.97,3,476.0,9299.82,18,0.2268,0
CR-105287,2024-10-05,30,Manufactura,10,13.8,5896.53,1389.63,2,647.0,34541.32,36,0.1677,0
CR-104228,2023-01-06,31,Construcción,13,6.9,3227.5,0.0,0,633.0,9983.99,24,0.1912,0
CR-102639,2023-09-03,32,Manufactura,8,14.6,14833.12,25619.26,2,674.0,105330.54,6,0.1669,0
CR-104712,2024-01-29,50,Servicios,27,5.9,3298.06,6646.29,1,428.0,24123.69,12,0.2493,0
CR-104697,2023-12-06,37,Servicios,13,4.6,6819.19,0.0,0,748.0,13212.87,24,0.1327,0
CR-100727,2023-05-20,46,Comercio,24,12.1,3914.56,3770.86,2,562.0,6066.94,12,0.2048,1
CR-102847,2023-04-23,31,Servicios,7,7.0,1472.29,5603.19,1,308.0,4222.28,24,0.2894,1
CR-103387,2024-05-06,32,Servicios,9,5.7,7977.2,30260.17,1,439.0,49177.77,36,0.2312,0
CR-103858,2023-12-07,34,Servicios,11,13.2,4717.97,332.96,1,721.0,18377.6,12,0.1571,0
CR-104831,2024-01-13,18,Servicios,0,7.1,4906.86,0.0,0,647.0,14463.17,6,0.1629,0
CR-100268,2023-07-04,39,Manufactura,19,7.4,3071.36,10120.85,1,324.0,13164.6,24,0.2827,1
CR-105685,2025-04-11,19,Comercio,0,1.0,3262.71,4211.03,1,528.0,19528.64,6,0.2205,0
CR-103354,2023-12-22,34,Comercio,10,7.3,2986.06,3267.41,3,536.0,13809.34,12,0.2519,0
CR-103168,2024-04-25,28,Comercio,8,3.7,1770.09,3000.54,1,400.0,10140.49,24,0.2694,0
CR-102067,2023-12-11,38,Manufactura,14,9.3,2571.74,2630.55,3,482.0,10885.52,24,0.2172,0
CR-101309,2025-03-31,34,Servicios,15,8.9,3539.58,0.0,0,693.0,11416.1,12,0.1856,0
CR-105333,2023-04-27,57,Construcción,33,2.8,,4291.44,1,412.0,12236.94,18,0.2498,1
CR-102624,2024-11-10,32,Manufactura,10,9.7,3678.08,0.0,0,691.0,13697.61,12,0.1766,0
CR-101758,2025-03-20,27,Manufactura,5,1.7,5404.79,18957.52,1,301.0,33413.01,48,0.2704,1
CR-101947,2024-04-27,28,Servicios,9,8.1,8568.58,13035.94,1,532.0,51140.94,48,0.2136,0
CR-101773,2024-04-21,57,Tecnología,38,5.7,2512.12,1721.69,2,,13041.77,6,0.1915,0
CR-103305,2025-02-10,44,Manufactura,20,5.2,4889.98,17569.35,2,318.0,19765.78,12,0.2496,1
CR-101070,2024-02-03,36,Manufactura,14,2.5,5744.71,2228.41,5,607.0,41905.42,18,0.2061,0
CR-100573,2023-03-16,28,Comercio,7,7.1,3298.37,12865.03,4,300.0,14307.46,6,0.2817,0
CR-101892,2024-06-24,25,Construcción,3,1.3,6519.41,3707.22,2,,17915.95,36,0.2089,0
CR-101933,2024-07-27,52,Comercio,30,3.9,747.84,0.0,0,547.0,5586.25,36,0.2003,0
CR-100147,2023-03-19,36,Comercio,17,0.9,3136.77,4403.32,2,536.0,7837.39,36,0.2071,0
CR-103073,2023-09-17,46,Comercio,24,9.5,6191.53,22495.99,4,353.0,27460.73,18,0.2702,1
CR-103510,2024-10-03,44,Comercio,24,2.4,1750.92,2558.55,2,437.0,8236.29,6,0.23,0
CR-100308,2023-07-03,44,Tecnología,23,8.1,1295.46,2636.84,1,436.0,9377.75,24,0.2326,0
CR-100745,2024-02-09,48,Agro,26,8.5,7733.33,20715.49,1,563.0,44429.58,36,0.1851,0
CR-100169,2024-10-14,38,Manufactura,17,10.8,3973.5,15398.37,2,300.0,10297.14,6,0.2858,1
CR-100623,2023-08-08,31,Servicios,10,7.6,3369.34,0.0,0,630.0,18900.91,24,0.1742,0
CR-105701,2024-06-04,51,Servicios,27,6.2,4293.56,0.0,0,703.0,20506.25,18,0.1434,0
CR-103304,2024-05-05,72,Servicios,48,5.2,3831.59,3555.12,1,541.0,10457.13,18,0.2001,0
CR-104828,2023-02-16,52,Comercio,28,17.1,3142.02,4139.11,3,553.0,20056.53,24,0.1978,0
CR-105551,2024-09-05,36,Comercio,16,11.2,2183.73,5382.54,2,400.0,10237.38,18,0.2542,0
CR-103997,2025-04-30,35,Agro,15,9.4,2573.92,0.0,0,675.0,7352.58,12,0.1732,0
CR-100385,2023-12-12,29,Manufactura,9,3.6,974.37,0.0,0,606.0,5737.88,18,0.1911,0
CR-105313,2023-06-22,36,Manufactura,17,8.8,4605.32,0.0,0,699.0,14177.25,18,0.1428,0
CR-103924,2023-03-15,38,Tecnología,14,3.6,2558.82,0.0,0,579.0,16517.73,6,0.2182,0
CR-103248,2024-10-21,48,Construcción,24,7.4,5046.25,17170.13,1,325.0,31184.62,18,0.287,0
CR-100636,2024-08-29,36,Tecnología,14,7.2,6047.37,17858.69,2,438.0,14984.43,18,0.2439,0
CR-100729,2023-03-09,26,Comercio,4,12.3,2731.53,8579.72,1,388.0,17232.48,48,0.2745,0
CR-101342,2023-05-30,43,Agro,20,6.3,9710.05,25001.41,1,493.0,69076.91,6,0.1873,0
CR-105627,2024-10-26,18,Servicios,0,11.6,1834.22,3653.9,3,462.0,12366.41,12,0.242,0
CR-100899,2025-01-06,21,Agro,0,6.2,3277.3,6037.52,2,398.0,14065.03,18,0.2568,0
CR-105997,2023-04-03,56,Servicios,34,8.8,8920.94,28501.85,1,554.0,46025.69,24,0.2035,0
CR-100125,2024-12-15,42,Agro,22,18.9,5174.71,10502.42,3,544.0,32810.64,6,0.2035,0
CR-101356,2024-08-04,34,Servicios,13,0.6,4958.63,18924.05,1,300.0,25392.15,24,0.2939,1
CR-102625,2023-12-26,36,Comercio,13,5.3,2603.03,10284.65,1,300.0,4239.24,18,0.284,1
CR-104615,2025-03-19,56,Construcción,37,15.8,3187.41,0.0,0,681.0,7493.16,6,0.1818,0
CR-103948,2023-12-21,37,Comercio,17,5.0,2125.55,6769.74,1,379.0,7313.04,12,0.2585,1
CR-101409,2025-04-19,44,Servicios,20,1.8,1683.04,6286.96,1,300.0,7697.03,12,0.2683,1
CR-104204,2025-06-09,53,Manufactura,30,5.7,3903.03,9894.68,2,438.0,25373.53,48,0.2235,0
CR-104760,2025-03-29,40,Servicios,22,3.1,10042.84,0.0,0,820.0,60652.81,24,0.1355,0
CR-104624,2023-03-20,58,Servicios,38,1.2,1232.14,1257.06,2,539.0,9255.98,12,0.2253,0
CR-101881,2025-05-28,54,Comercio,31,1.4,2039.07,352.29,2,619.0,9019.07,36,0.1977,0
CR-102326,2024-05-06,18,Construcción,0,11.6,2756.11,10011.29,1,349.0,10852.02,36,0.2744,1
CR-102785,2023-12-21,39,Manufactura,16,9.6,4243.98,8272.61,1,448.0,26289.82,12,0.224,0
CR-105084,2023-12-28,46,Construcción,23,3.1,2808.35,2197.04,2,680.0,15938.72,6,0.1769,0
CR-104052,2024-12-27,42,Servicios,20,6.4,2985.78,0.0,0,663.0,9735.65,36,0.1697,0
CR-103784,2023-09-27,58,Servicios,40,5.4,6301.33,0.0,0,,30547.15,48,0.1793,0
CR-101515,2024-12-21,40,Servicios,18,5.3,6161.12,0.0,0,658.0,36491.63,36,0.1562,0
CR-103887,2024-05-12,33,Agro,12,2.7,3418.26,0.0,0,613.0,8803.5,24,0.2058,0
CR-101615,2024-09-08,44,Tecnología,26,9.7,1786.91,3400.09,2,421.0,10812.22,18,0.2492,0
CR-104540,2024-10-01,50,Servicios,30,9.2,7331.19,26074.82,1,,36387.08,18,0.2565,1
CR-105082,2023-04-06,39,Servicios,19,18.2,5752.28,0.0,0,682.0,23978.99,36,0.1849,0
CR-100248,2025-05-06,70,Servicios,51,5.9,6483.32,14296.3,3,441.0,48779.93,12,0.2489,0
CR-101749,2024-11-23,48,Construcción,27,1.2,5408.67,16091.48,3,418.0,22783.47,18,0.2386,0
CR-103624,2024-03-21,37,Servicios,17,5.9,4603.47,6095.84,2,508.0,33955.09,6,0.2059,1
CR-101011,2024-08-16,54,Manufactura,32,1.2,3452.71,350.32,1,634.0,19081.68,18,0.1696,0
CR-104258,2024-08-24,55,Servicios,31,1.6,3623.07,0.0,0,613.0,24132.9,12,0.1907,0
CR-100554,2024-02-21,37,Construcción,15,3.3,4463.14,4460.39,1,630.0,30912.16,18,0.1903,0
CR-101494,2024-09-28,34,Manufactura,10,7.9,5122.71,8781.84,1,522.0,35410.18,18,0.2377,0
CR-102916,2024-07-20,55,Construcción,35,1.3,7041.99,21930.04,1,379.0,51439.42,36,0.2562,0
CR-100234,2023-08-03,30,Servicios,8,8.0,6788.73,8327.29,1,524.0,53725.82,24,0.2077,0
CR-102048,2023-10-28,39,Agro,18,0.7,3296.25,1002.33,1,598.0,15046.87,18,0.2139,0
CR-100820,2023-09-06,33,Manufactura,15,17.6,1851.64,1227.23,5,567.0,12016.66,24,0.1928,0
CR-104262,2024-04-09,33,Construcción,10,9.4,1455.83,2516.84,1,486.0,6083.62,24,0.2144,0
CR-103383,2023-08-25,31,Comercio,12,4.3,3287.15,5235.72,2,472.0,13899.8,18,0.2331,0
CR-100795,2024-06-07,37,Manufactura,13,5.2,13158.17,43697.62,1,550.0,88136.55,12,0.2129,1
CR-100545,2024-11-15,36,Tecnología,17,1.0,5585.13,10446.62,2,539.0,36828.59,24,0.2155,0
CR-100285,2023-08-18,33,Servicios,9,7.6,2759.94,1508.59,1,,20928.03,12,0.2013,0
CR-100383,2023-03-26,24,Comercio,4,2.5,2659.14,5240.23,1,437.0,5869.5,12,0.2166,0
CR-102860,2024-09-25,22,Tecnología,0,23.5,1756.69,1237.06,3,612.0,7920.72,24,0.2109,0
CR-105434,2023-03-20,28,Agro,4,4.6,3511.11,0.0,0,609.0,20959.28,24,0.2097,0
CR-105442,2025-06-09,46,Tecnología,26,6.2,5121.76,20470.53,1,476.0,29283.75,48,0.2218,1
CR-104556,2024-07-01,42,Agro,20,15.6,4433.5,9016.31,3,490.0,20295.8,12,0.2357,0
CR-103622,2023-08-20,28,Manufactura,8,3.1,2958.46,0.0,0,656.0,12448.4,12,0.1494,0
CR-103108,2025-04-06,24,Servicios,5,19.6,4334.62,0.0,0,692.0,15166.34,12,0.1658,0
CR-103741,2023-10-24,30,Manufactura,11,7.1,2649.91,7298.0,1,365.0,6836.14,6,0.2574,0
CR-100712,2023-07-28,27,Agro,9,0.7,1793.23,0.0,0,636.0,9505.8,6,0.1948,0
CR-100607,2025-04-18,43,Agro,21,6.3,2578.18,8705.73,3,343.0,10029.43,48,0.2804,0
CR-103894,2024-03-07,45,Servicios,27,4.0,9003.92,0.0,0,757.0,28913.39,36,0.1684,0
CR-100301,2023-10-12,21,Comercio,0,7.8,3653.83,9660.97,1,444.0,16418.69,18,0.2678,0
CR-102867,2023-08-12,55,Manufactura,37,7.1,2007.81,0.0,0,642.0,10024.41,36,0.179,0
CR-100161,2025-02-13,30,Comercio,12,3.4,1716.79,4858.66,4,,11075.65,18,0.2477,1
CR-102539,2023-08-16,45,Agro,23,1.2,3320.38,10109.12,2,327.0,11630.65,36,0.2473,1
CR-102603,2024-01-04,40,Tecnología,18,7.2,1994.69,7627.32,3,300.0,8191.03,36,0.2777,1
CR-104216,2024-07-12,51,Servicios,29,4.8,3289.66,8893.08,4,417.0,25515.05,6,0.2342,1
CR-101660,2023-07-16,64,Manufactura,41,2.5,2510.33,6232.87,2,398.0,12663.66,24,0.251,0
CR-104554,2024-02-14,58,Servicios,37,2.7,4358.21,0.0,0,701.0,16646.57,18,0.1493,0
CR-104405,2024-04-18,52,Servicios,34,8.6,2486.93,7629.4,3,346.0,15079.56,12,0.2606,1
CR-102106,2023-06-10,53,Comercio,34,3.1,2033.7,5902.59,1,356.0,5166.01,12,0.2613,0
CR-102000,2023-04-02,33,Agro,12,3.4,3813.7,8857.81,1,382.0,30047.97,36,0.2607,0
CR-101685,2025-05-21,45,Servicios,27,4.8,4271.58,14922.24,2,401.0,8466.63,18,0.2325,0
CR-102304,2023-09-03,42,Servicios,24,10.7,,3636.96,2,,6969.99,18,0.2517,0
CR-105506,2023-11-05,32,Manufactura,8,3.8,2219.53,8736.22,1,300.0,10526.38,6,0.2962,1
CR-102282,2025-02-08,50,Comercio,30,1.9,9562.65,6585.7,1,601.0,71986.69,24,0.1999,0
CR-102917,2025-06-01,58,Servicios,36,1.4,2505.55,1772.29,1,577.0,5532.64,36,0.188,0
CR-101586,2024-11-22,18,Comercio,0,5.6,3958.89,7948.11,1,497.0,10412.36,36,0.2191,0
CR-103396,2024-11-09,28,Comercio,7,16.3,5331.03,12743.61,3,464.0,13807.09,6,0.2357,0
CR-103189,2024-11-07,23,Comercio,2,4.0,4871.86,14668.42,4,315.0,18361.48,36,0.2782,0
CR-105844,2024-04-13,54,Agro,34,7.0,4835.97,18715.03,3,303.0,9350.62,12,0.2828,1
CR-104669,2023-01-05,29,Tecnología,6,19.4,6222.92,0.0,0,682.0,47292.47,12,0.1872,0
CR-105797,2024-09-03,40,Tecnología,18,6.1,4488.98,0.0,0,750.0,16421.68,18,0.1416,0
CR-104637,2024-04-24,27,Comercio,4,4.4,2743.67,4343.04,4,495.0,16287.06,48,0.2283,0
CR-103783,2024-01-05,53,Construcción,32,1.5,6815.89,22886.23,1,439.0,13092.73,24,0.2381,0
CR-105289,2023-09-01,57,Construcción,34,9.1,7836.45,5240.68,1,600.0,50375.83,18,0.1951,0
CR-104197,2023-03-22,20,Agro,0,2.6,,1221.58,2,651.0,14176.06,12,0.1969,0
CR-105054,2024-01-17,38,Manufactura,16,5.5,2059.46,1243.49,3,630.0,9568.08,12,0.1949,0
CR-101637,2024-07-29,49,Agro,29,11.4,2448.38,1292.32,1,593.0,15569.41,6,0.2114,0
CR-102327,2023-07-11,54,Agro,36,5.0,4211.92,4493.41,1,565.0,28877.42,12,0.2015,0
CR-103823,2023-10-19,36,Manufactura,14,2.2,1945.2,4602.83,3,416.0,7437.68,24,0.2327,1
CR-102049,2023-03-20,26,Servicios,8,22.8,2142.51,4179.5,1,506.0,14319.32,6,0.2065,0
CR-103379,2024-08-05,35,Comercio,13,4.4,2518.4,0.0,0,643.0,6893.26,18,0.1791,0
CR-101967,2023-05-05,37,Comercio,14,6.0,5933.85,0.0,0,716.0,40475.91,18,0.1421,0
CR-102403,2023-03-06,30,Agro,10,4.6,7039.26,14820.13,1,504.0,11859.27,18,0.2474,0
CR-101399,2024-10-11,22,Manufactura,0,8.7,5771.67,7805.64,1,,15221.94,12,0.2096,0
CR-104508,2024-11-16,28,Comercio,4,9.1,3687.09,3607.12,1,582.0,18767.51,12,0.1915,0
CR-104974,2023-11-06,33,Servicios,13,5.8,10383.03,4609.23,1,,61344.88,48,0.1808,0
CR-104954,2025-03-09,50,Comercio,32,14.4,5875.43,9479.64,3,529.0,40019.05,18,0.2219,0
CR-105097,2024-09-27,63,Manufactura,45,8.5,3004.44,3273.92,5,469.0,12360.76,12,0.223,0
CR-100718,2025-03-08,34,Agro,10,8.7,5463.42,0.0,0,753.0,38702.41,48,0.1493,0
CR-104927,2024-07-09,42,Comercio,23,0.3,5067.83,13.15,1,572.0,34434.94,48,0.2164,0
CR-102084,2025-04-08,49,Manufactura,27,9.3,6789.73,0.0,0,713.0,46143.63,6,0.1432,0
CR-105473,2024-03-05,34,Servicios,10,2.3,,0.0,0,671.0,31299.97,12,0.1675,0
CR-101650,2023-04-23,32,Servicios,9,4.7,7510.01,0.0,0,779.0,32650.45,36,0.1096,0
CR-101375,2023-10-18,42,Manufactura,23,6.3,4749.88,18461.02,3,307.0,13312.89,12,0.2529,1
CR-100611,2023-03-23,41,Comercio,21,5.0,6259.71,3351.14,2,630.0,22890.17,12,0.1856,0
CR-105355,2025-05-03,48,Manufactura,26,3.9,3525.47,1098.53,1,,5652.67,36,0.1918,0
CR-101768,2023-09-01,28,Servicios,4,3.6,2080.05,4356.56,1,419.0,4170.69,24,0.2472,0
CR-103372,2024-02-28,22,Servicios,1,10.2,1856.15,87.96,3,619.0,3814.23,24,0.1946,0
CR-103321,2024-12-06,35,Comercio,13,12.8,3500.66,60.0,1,622.0,21694.84,24,0.206,0
CR-101941,2024-02-11,39,Manufactura,15,7.5,2987.78,496.64,1,601.0,9462.76,6,0.1877,0
CR-100276,2024-10-12,30,Comercio,9,3.7,3550.21,5357.77,1,521.0,15532.41,18,0.2146,0
CR-100179,2024-10-14,41,Comercio,21,7.2,3081.72,8668.06,2,395.0,20056.43,36,0.2475,0
CR-103961,2023-11-13,53,Servicios,33,5.3,3451.74,0.0,0,676.0,8565.49,18,0.1773,0
CR-102615,2024-04-27,31,Agro,11,13.0,5445.68,7270.75,1,604.0,15936.2,18,0.1554,0
CR-100136,2024-01-27,41,Comercio,19,0.7,5725.74,10546.63,2,496.0,16280.06,12,0.2269,0
CR-104937,2023-07-22,20,Tecnología,2,6.4,4002.18,1140.42,1,551.0,16094.58,36,0.2319,0
CR-105055,2025-05-08,38,Construcción,14,6.1,2839.31,6598.83,2,414.0,19529.57,12,0.2644,0
CR-105009,2023-11-16,41,Construcción,19,7.9,1958.95,1866.36,2,524.0,3806.5,12,0.2069,0
CR-102241,2023-01-08,29,Servicios,11,7.5,2412.39,2244.56,1,554.0,8100.72,24,0.218,0
CR-103816,2025-03-21,37,Comercio,14,5.8,2645.24,0.0,0,703.0,18212.12,12,0.1289,0
CR-100250,2024-02-04,34,Comercio,11,12.8,2379.6,5745.08,2,474.0,8783.05,12,0.2545,1
CR-103619,2023-08-15,35,Agro,12,0.6,11122.22,0.0,0,806.0,31065.38,24,0.1321,0
CR-105963,2024-08-10,37,Manufactura,18,4.5,2044.9,792.5,1,579.0,12758.1,12,0.1975,0
CR-101710,2025-05-29,32,Servicios,12,33.7,4263.64,13711.73,1,461.0,10366.52,24,0.2371,1
CR-100354,2024-03-02,50,Servicios,27,5.4,5543.63,22168.98,2,,8363.09,36,0.2683,0
CR-104295,2023-07-27,43,Agro,22,3.4,3269.27,0.0,0,653.0,13284.44,12,0.1752,0
CR-103692,2023-10-30,18,Servicios,0,3.6,4933.65,11231.76,5,470.0,29863.81,36,0.2199,0
CR-102863,2023-06-22,72,Tecnología,48,5.9,3586.57,5409.17,1,501.0,14460.76,6,0.2342,0
CR-105309,2023-03-19,46,Servicios,26,9.6,2987.54,1824.62,1,634.0,15478.38,36,0.1811,0
CR-101456,2023-03-03,63,Comercio,45,11.8,6008.25,5866.72,1,530.0,15787.0,6,0.2121,0
CR-101793,2023-05-01,35,Manufactura,16,11.1,3404.22,0.0,0,567.0,13619.97,12,0.2159,0
CR-105784,2023-08-16,37,Agro,17,16.1,6412.63,0.0,0,817.0,19571.87,24,0.1347,0
CR-104301,2023-07-03,50,Comercio,30,11.8,2356.86,5152.68,1,504.0,12870.18,12,0.2183,0
CR-104987,2024-07-29,41,Comercio,20,4.0,7798.52,10053.88,2,619.0,39672.67,6,0.1586,0
CR-100444,2024-05-14,34,Tecnología,15,1.6,10825.88,0.0,0,729.0,68488.67,36,0.1482,0
CR-101946,2025-06-14,30,Comercio,6,12.7,,4605.74,2,537.0,19852.62,18,0.2326,0
CR-103169,2023-04-09,25,Agro,6,12.2,3994.5,0.0,0,710.0,26646.38,24,0.1668,0
CR-101396,2025-02-09,45,Servicios,27,5.1,5750.95,7782.37,1,492.0,44227.17,36,0.21,0
CR-100799,2024-05-13,38,Comercio,19,3.3,3725.24,0.0,0,564.0,17845.72,12,0.2125,0
CR-105424,2023-01-24,46,Manufactura,28,15.4,5528.28,13553.66,1,424.0,8300.35,12,0.2535,1
CR-100028,2024-07-11,43,Comercio,23,2.8,3478.76,279.42,2,545.0,15409.66,24,0.2175,0
CR-104038,2023-03-30,30,Manufactura,6,3.8,3567.87,7485.35,2,512.0,24452.81,36,0.2088,0
CR-103974,2024-06-01,31,Manufactura,13,10.6,2466.53,9115.77,4,338.0,19661.75,12,0.2665,0
CR-104762,2023-05-14,41,Comercio,23,1.1,3593.08,1495.81,1,538.0,25426.66,24,0.2174,0
CR-101387,2023-09-09,26,Construcción,2,10.2,3006.21,3246.98,1,567.0,5329.3,24,0.2174,0
CR-102441,2024-12-30,44,Servicios,26,9.1,1084.39,0.0,0,656.0,1876.54,36,0.1757,0
CR-105305,2024-04-29,58,Manufactura,36,11.4,2557.19,1609.21,2,611.0,11415.8,12,0.1851,0
CR-103573,2024-04-07,37,Manufactura,16,4.2,1621.68,4475.73,1,343.0,9166.36,6,0.2628,0
CR-104260,2025-04-21,41,Comercio,19,0.5,2487.02,3204.78,2,494.0,17369.53,6,0.215,1
CR-100784,2023-01-10,38,Agro,14,6.9,4688.46,9255.53,2,537.0,19405.54,18,0.1909,0
CR-104867,2024-06-12,34,Servicios,12,5.2,3626.18,3744.35,3,529.0,22896.78,24,0.2282,0
CR-104113,2025-02-01,44,Construcción,20,1.7,3184.11,5509.58,1,554.0,9130.0,48,0.1825,0
CR-102355,2023-08-13,18,Comercio,0,10.1,1486.08,3274.78,4,457.0,9587.63,6,0.2169,0
CR-105504,2025-05-04,39,Construcción,18,2.6,3918.49,4817.32,2,515.0,26175.54,6,0.2132,0
CR-103856,2023-04-13,25,Comercio,5,10.1,2838.45,1683.38,1,542.0,9628.1,18,0.2262,0
CR-102909,2024-04-27,44,Servicios,22,13.9,8089.91,26608.73,1,472.0,52561.1,6,0.2153,0
CR-104850,2024-10-21,34,Tecnología,14,2.2,3077.35,4677.63,1,481.0,6835.8,24,0.245,0
CR-102445,2024-09-21,67,Agro,44,24.5,8297.91,25294.53,3,407.0,17030.13,6,0.2489,0
CR-100368,2023-12-05,40,Comercio,22,3.4,4500.39,15538.41,1,300.0,16505.74,36,0.266,1
CR-101817,2024-06-10,48,Manufactura,27,6.5,1300.99,2889.99,4,420.0,5733.5,6,0.2367,0
CR-100496,2025-02-14,18,Agro,0,15.6,2250.85,3621.12,2,498.0,7096.0,48,0.2196,0
CR-103921,2025-06-11,35,Tecnología,17,6.4,7204.07,0.0,0,688.0,47640.19,6,0.1699,0
CR-103534,2025-03-10,43,Manufactura,21,2.8,5450.86,0.0,0,638.0,37609.4,24,0.1842,0
CR-105352,2024-06-18,49,Servicios,31,8.9,11237.71,26180.14,3,470.0,55797.22,12,0.21,0
CR-104397,2023-05-28,33,Manufactura,13,5.8,6541.02,0.0,0,782.0,41378.44,18,0.1324,0
CR-100314,2024-02-23,47,Manufactura,24,12.8,7431.75,16655.22,1,493.0,55538.39,36,0.1996,0
CR-102576,2025-03-03,29,Comercio,7,13.8,4312.73,642.36,1,717.0,15964.5,6,0.145,0
CR-102354,2024-10-03,25,Comercio,4,6.7,7992.5,13612.83,5,518.0,23725.87,12,0.2433,0
CR-104421,2023-07-31,46,Comercio,23,5.5,2145.94,1324.78,3,551.0,13640.9,12,0.1941,0
CR-104597,2023-12-23,42,Servicios,22,9.4,6211.26,0.0,0,654.0,14697.57,6,0.1924,0
CR-101321,2023-07-07,32,Comercio,9,5.4,4489.19,0.0,0,723.0,25936.89,12,0.1554,0
CR-100021,2023-02-14,31,Servicios,13,24.5,1452.18,263.62,2,587.0,6274.95,6,0.1822,0
CR-100200,2024-03-26,42,Servicios,21,10.1,2076.23,0.0,0,650.0,7200.03,24,0.1655,0
CR-104220,2025-02-03,56,Tecnología,33,7.1,5668.12,0.0,0,710.0,32190.54,12,0.1212,0
CR-105688,2025-05-23,45,Servicios,27,2.4,2238.27,0.0,0,570.0,10712.83,12,0.1794,0
CR-105758,2024-02-13,42,Tecnología,19,6.1,5776.81,157.95,2,710.0,41834.16,6,0.1273,0
CR-105977,2024-10-11,32,Tecnología,10,7.7,2356.23,2496.17,3,529.0,9714.48,18,0.2226,0
CR-101026,2024-08-07,18,Tecnología,0,15.3,3655.43,6417.35,1,418.0,23411.31,36,0.2534,0
CR-103376,2023-03-29,45,Servicios,25,6.3,7131.71,10421.38,1,566.0,41199.47,18,0.2152,0
CR-102399,2023-10-08,44,Servicios,24,9.5,3720.53,8918.74,1,401.0,10692.75,18,0.2306,1
CR-103773,2023-10-28,44,Servicios,24,21.3,3986.44,0.0,0,669.0,31792.49,12,0.1667,0
CR-101028,2024-09-13,38,Manufactura,19,15.2,5216.15,8584.57,1,470.0,8884.81,36,0.2368,0
CR-102332,2023-01-17,41,Construcción,20,1.4,1425.57,0.0,0,,10770.02,6,0.1927,0
CR-105070,2025-03-08,33,Tecnología,14,5.0,3627.81,2680.99,1,564.0,16800.99,48,0.195,0
CR-101723,2023-09-02,59,Tecnología,36,4.3,10513.76,25461.8,2,538.0,18126.61,18,0.2251,0
CR-104298,2023-03-27,56,Servicios,35,14.5,5805.85,15469.75,1,463.0,40017.16,6,0.2293,0
CR-103366,2024-02-25,38,Servicios,18,2.4,3917.61,12712.16,1,380.0,13695.51,18,0.2453,1
CR-100993,2024-01-10,52,Comercio,29,14.0,,49.45,1,751.0,55567.13,6,0.1375,0
CR-100119,2023-12-19,35,Construcción,16,4.2,4708.63,0.0,0,631.0,36573.22,6,0.1944,0
CR-104593,2024-06-03,35,Manufactura,15,9.6,9314.99,7926.77,1,615.0,23177.41,48,0.1805,0
CR-101850,2024-03-20,31,Construcción,13,5.9,6388.65,19554.16,6,413.0,27887.59,12,0.2475,1
CR-101687,2024-06-27,41,Comercio,23,0.9,3396.53,8111.63,1,391.0,17718.17,12,0.2438,0
CR-100044,2023-01-23,39,Servicios,16,4.2,1204.41,2608.95,1,423.0,2212.09,24,0.2551,0
CR-103999,2023-04-20,24,Comercio,2,9.5,1885.84,6304.1,2,309.0,6023.29,12,0.2697,1
CR-104680,2023-01-31,56,Servicios,34,20.3,1987.07,5656.37,1,441.0,8657.49,18,0.2525,1
CR-103745,2023-10-17,34,Servicios,12,0.7,3177.91,11730.11,1,344.0,22098.58,12,0.2386,1
CR-102856,2025-05-31,37,Tecnología,18,23.0,2638.65,0.0,0,675.0,20743.94,36,0.189,0
CR-100438,2023-07-30,31,Comercio,7,16.6,3155.03,5158.95,2,518.0,25037.52,24,0.2298,0
CR-104522,2025-01-06,36,Construcción,16,3.3,2695.32,0.0,0,658.0,11857.06,12,0.2097,0
CR-100929,2023-08-09,39,Construcción,21,9.3,4831.89,632.46,1,,35079.73,48,0.1935,0
CR-103724,2024-01-09,37,Tecnología,18,10.0,2160.42,2141.87,2,575.0,15801.85,24,0.2116,0
CR-104711,2023-03-18,32,Tecnología,14,22.1,2352.61,3028.75,2,523.0,18057.5,6,0.2061,0
CR-100555,2024-06-11,35,Manufactura,13,9.1,1914.57,0.0,0,644.0,4009.04,36,0.1741,0
CR-105181,2024-05-18,37,Servicios,18,4.6,4542.39,8294.53,1,570.0,17902.93,24,0.2003,0
CR-100004,2023-12-12,18,Construcción,0,14.3,7647.86,17928.6,2,504.0,50553.15,12,0.2203,1
CR-103144,2024-05-28,34,Agro,15,1.3,2229.92,0.0,0,592.0,8132.76,18,0.1755,0
CR-103631,2025-04-12,51,Comercio,33,2.5,3094.63,10730.31,3,315.0,18321.98,24,0.3012,1
CR-103854,2024-11-26,39,Tecnología,15,7.2,3973.81,9303.82,2,411.0,21544.16,18,0.218,1
CR-104970,2023-01-06,36,Comercio,17,5.0,1746.25,4548.88,1,406.0,11667.34,24,0.2467,0
CR-101634,2024-03-23,41,Servicios,18,14.5,1914.12,4030.3,1,409.0,13742.28,6,0.2394,0
CR-105597,2024-12-11,30,Comercio,7,10.8,8703.0,17928.31,2,527.0,38252.47,12,0.2282,0
CR-100687,2023-11-26,54,Servicios,36,16.9,4090.12,12768.24,3,384.0,24347.1,36,0.2467,0
CR-102582,2024-04-19,37,Manufactura,13,18.3,2237.56,1811.99,3,566.0,8962.63,48,0.1716,0
CR-105280,2024-07-22,21,Servicios,3,3.7,1566.06,4202.3,1,369.0,9880.91,6,0.2594,0
CR-105860,2025-03-27,51,Construcción,30,4.0,3377.82,0.0,0,673.0,16239.29,12,0.1688,0
CR-105107,2024-04-24,34,Comercio,15,4.4,1621.41,3028.51,4,,8342.94,12,0.2245,0
CR-101073,2025-02-12,20,Agro,0,6.1,1530.34,0.0,0,590.0,10815.7,24,0.198,0
CR-101403,2023-12-13,33,Comercio,14,5.4,4562.51,10589.26,1,438.0,24252.38,12,0.2554,1
CR-102437,2025-01-31,41,Manufactura,18,3.2,2178.11,0.0,0,636.0,7197.36,6,0.1656,0
CR-101837,2024-03-26,35,Servicios,17,1.9,5316.8,2719.08,3,561.0,17133.65,24,0.2076,0
CR-105482,2023-04-11,38,Manufactura,16,6.9,3941.68,0.0,0,679.0,20686.24,12,0.1756,0
CR-102246,2023-04-20,21,Manufactura,1,4.6,3059.3,6915.75,1,403.0,6862.66,24,0.2263,0
CR-105866,2025-05-08,35,Construcción,12,5.8,4592.62,18205.9,1,300.0,22842.32,24,0.2873,1
CR-105340,2024-02-17,40,Tecnología,20,8.7,17630.39,0.0,0,840.0,35593.59,12,0.1272,0
CR-105282,2023-03-18,27,Comercio,8,11.6,3043.18,9967.93,2,,15642.39,36,0.2496,0
CR-100386,2023-12-14,43,Tecnología,22,3.4,5645.14,0.0,0,641.0,18595.46,36,0.1839,0
CR-105190,2023-02-28,39,Tecnología,19,10.9,4662.16,7297.32,1,575.0,33704.59,24,0.1962,0
CR-102719,2023-11-21,26,Servicios,5,6.2,2578.81,7565.22,4,372.0,6628.77,18,0.2771,0
CR-103917,2023-09-12,31,Manufactura,8,10.4,6431.33,0.0,0,664.0,20869.08,24,0.1559,0
CR-100433,2023-12-07,18,Servicios,0,3.8,7593.51,0.0,0,721.0,24298.65,12,0.1556,0
CR-104870,2024-06-13,25,Tecnología,4,4.9,5361.34,17629.56,1,373.0,36701.45,24,0.2495,0
CR-102065,2024-10-11,36,Tecnología,12,8.9,5272.42,16121.34,5,355.0,13984.86,12,0.2612,1
CR-102169,2023-07-20,31,Tecnología,7,14.0,3676.93,11459.35,3,416.0,18175.26,24,0.241,0
CR-101304,2023-01-15,35,Manufactura,11,2.0,4872.88,3853.13,2,573.0,21630.97,18,0.1888,0
CR-103135,2024-02-10,26,Comercio,6,20.4,11839.16,27707.31,3,,28003.68,24,0.2115,0
CR-104402,2024-09-01,30,Construcción,10,9.3,1888.44,7459.29,3,300.0,11247.16,24,0.2704,0
CR-104577,2024-06-20,18,Manufactura,0,0.4,2811.52,9734.84,1,332.0,21518.56,24,0.2977,1
CR-103881,2024-12-03,53,Servicios,30,1.1,4514.33,8887.97,3,448.0,22187.19,36,0.2551,1
CR-104299,2024-02-08,36,Agro,14,11.2,5011.39,18571.52,2,339.0,15669.7,36,0.2869,0
CR-104731,2023-11-03,35,Comercio,15,9.5,4534.32,11921.3,2,446.0,17066.73,24,0.2413,0
CR-105740,2023-02-01,46,Servicios,27,11.1,3500.23,0.0,0,708.0,24998.76,12,0.1926,0
CR-103392,2024-09-10,29,Manufactura,9,4.4,4455.8,16015.74,2,300.0,9485.61,36,0.2763,0
CR-102285,2023-11-19,42,Comercio,24,6.7,2440.54,3934.44,2,508.0,13751.47,18,0.1934,0
CR-102505,2024-09-09,48,Servicios,28,1.0,5634.89,10752.65,2,481.0,18846.35,18,0.2037,0
CR-101385,2024-11-16,39,Servicios,17,6.1,4541.28,1178.32,2,638.0,8009.92,6,0.175,0
CR-102651,2024-01-04,18,Tecnología,0,4.7,5174.6,0.0,0,610.0,33973.71,18,0.1942,0
CR-105447,2024-08-24,38,Servicios,18,8.7,1952.03,7068.59,4,339.0,11479.93,6,0.2586,1
CR-105376,2023-02-16,38,Tecnología,16,9.8,3244.71,0.0,0,681.0,10443.43,12,0.1836,0
CR-105513,2023-06-07,31,Servicios,7,9.3,10329.67,25791.93,1,595.0,41805.29,18,0.1955,0
CR-100222,2023-07-22,40,Manufactura,16,5.8,3870.14,5397.25,1,519.0,25134.71,24,0.211,0
CR-104496,2024-11-17,33,Servicios,15,7.2,1074.3,2329.67,2,439.0,2819.54,24,0.2455,0
CR-101235,2024-01-25,29,Manufactura,5,12.2,3013.9,0.0,0,705.0,11209.79,6,0.1327,0
CR-104189,2023-01-09,61,Comercio,41,9.0,3085.73,7588.37,2,474.0,23808.22,24,0.2341,0
CR-102861,2025-01-24,45,Tecnología,21,8.6,5581.35,13362.8,1,453.0,12752.38,48,0.2223,0
CR-102538,2024-09-02,45,Manufactura,23,6.3,3143.95,0.0,0,667.0,15265.29,12,0.1768,0
CR-100233,2025-02-12,51,Manufactura,33,9.1,2963.76,5919.33,1,460.0,8421.84,24,0.2337,0
CR-103687,2023-04-15,43,Manufactura,21,6.0,2368.77,0.0,0,592.0,17142.32,36,0.1908,0
CR-105795,2024-02-22,42,Comercio,22,9.5,8201.42,11894.93,3,649.0,39263.27,18,0.1936,0
CR-102193,2023-01-13,38,Manufactura,18,17.2,3186.13,4963.77,1,428.0,23407.46,24,0.2423,0
CR-100931,2024-03-11,43,Comercio,20,5.1,3883.73,0.0,0,646.0,22656.35,36,0.2229,0
CR-101875,2023-11-25,18,Construcción,0,6.0,3965.06,0.0,0,658.0,18476.34,18,0.2,0
CR-101050,2024-07-05,24,Manufactura,6,4.1,6154.77,426.33,2,606.0,43905.63,48,0.1559,0
CR-104612,2023-07-01,33,Agro,11,7.1,4440.36,9864.83,1,435.0,14731.59,48,0.2336,0
CR-101847,2024-08-05,26,Agro,6,0.9,4794.85,4928.29,1,494.0,27857.79,18,0.246,0
CR-100968,2023-07-26,48,Comercio,28,2.1,6580.7,8123.58,3,542.0,42107.32,24,0.2304,0
CR-104079,2023-03-13,32,Servicios,12,20.9,4726.88,781.81,2,736.0,22105.43,48,0.1946,0
CR-101937,2024-06-27,25,Tecnología,4,1.0,1768.41,1094.42,2,571.0,8787.37,36,0.2089,0
CR-104900,2025-02-01,18,Servicios,0,5.1,11622.13,45746.76,2,332.0,81743.76,6,0.2446,1
CR-101899,2024-08-25,26,Construcción,4,9.9,2879.23,8150.16,1,405.0,16686.34,6,0.2645,0
CR-100927,2023-08-25,43,Agro,25,13.2,1288.3,0.0,0,604.0,8663.36,48,0.185,0
CR-101410,2024-11-23,33,Comercio,13,3.4,3296.48,0.0,0,527.0,9040.75,24,0.1953,0
CR-102457,2025-01-02,31,Comercio,8,9.2,1698.74,0.0,0,599.0,8034.7,6,0.158,0
CR-101750,2024-01-03,29,Agro,8,14.2,2706.07,5101.99,2,474.0,14588.85,36,0.2365,0
CR-100808,2025-04-20,34,Manufactura,10,9.2,1880.61,1896.5,1,520.0,14248.19,12,0.2125,0
CR-100846,2024-12-20,73,Servicios,51,3.5,3404.79,2327.09,1,512.0,6898.08,12,0.2299,0
CR-100116,2024-08-22,41,Comercio,20,3.6,1784.55,3383.73,2,514.0,4529.24,6,0.2106,0
CR-104274,2023-04-09,42,Manufactura,21,4.7,1489.66,5318.68,2,330.0,11118.61,24,0.2608,1
CR-101859,2024-04-25,23,Comercio,0,15.3,3771.84,14779.91,1,300.0,12690.73,12,0.273,1
CR-105557,2025-04-01,43,Comercio,23,5.3,9070.14,0.0,0,692.0,50434.11,6,0.1567,0
CR-102377,2024-05-15,30,Servicios,8,4.8,4796.56,0.0,0,665.0,30984.83,12,0.1744,0
CR-102694,2024-05-14,53,Tecnología,34,7.2,1927.38,4772.63,4,373.0,12498.61,12,0.2807,0
CR-104631,2025-02-23,21,Manufactura,0,6.2,6540.85,6165.06,1,546.0,42692.05,18,0.221,0
CR-100608,2023-09-14,19,Comercio,0,7.7,3642.27,0.0,0,590.0,24956.67,48,0.1791,0
CR-102947,2024-12-16,43,Construcción,20,2.2,1475.61,3808.33,2,404.0,9313.45,48,0.2473,1
CR-101576,2024-06-21,38,Manufactura,19,6.0,2696.19,6256.77,2,440.0,15464.66,6,0.2433,0
CR-104516,2024-10-11,47,Construcción,26,11.1,11978.2,22793.71,2,583.0,89818.56,12,0.2035,0
CR-103121,2023-05-14,40,Servicios,19,3.4,3770.03,0.0,0,612.0,8247.85,36,0.1878,0
CR-102838,2023-08-29,51,Comercio,33,6.1,2600.93,7856.18,2,336.0,10436.41,18,0.263,1
CR-103219,2025-03-18,49,Comercio,29,11.8,2788.19,10566.58,1,300.0,10441.53,48,0.255,1
CR-102162,2023-01-10,52,Comercio,29,8.8,4116.59,15302.61,2,346.0,19211.61,18,0.291,0
CR-102473,2024-01-26,44,Comercio,24,1.5,2030.86,6428.9,3,372.0,7682.82,48,0.2794,0
CR-100503,2024-11-09,21,Servicios,0,1.6,2933.25,6357.66,4,378.0,11025.63,18,0.2429,0
CR-101501,2025-04-11,31,Servicios,13,15.3,2517.14,8607.06,1,336.0,5461.86,48,0.2917,1
CR-101454,2025-05-11,54,Tecnología,34,13.8,3980.28,8812.04,2,442.0,31011.98,12,0.2274,0
CR-101936,2025-01-30,38,Servicios,20,9.9,2727.85,9021.58,1,392.0,5431.31,36,0.2516,0
CR-100871,2025-05-16,27,Manufactura,4,6.0,1623.03,5622.64,1,300.0,5908.13,6,0.2965,1
CR-100331,2024-10-18,45,Manufactura,26,5.5,1562.6,9.21,3,645.0,10700.13,12,0.1554,0
CR-105146,2023-08-03,55,Manufactura,37,10.8,6385.01,2298.77,3,639.0,38382.53,6,0.1471,0
CR-103382,2024-07-09,59,Comercio,40,12.2,3564.37,7861.28,1,487.0,7081.93,24,0.2132,0
CR-105569,2025-04-21,40,Construcción,20,10.4,1479.05,0.0,0,639.0,10733.42,6,0.1902,0
CR-105277,2023-06-25,33,Servicios,14,3.0,2008.1,5007.0,1,418.0,5068.13,24,0.2365,0
CR-101135,2024-08-17,52,Comercio,32,12.3,13316.17,49901.3,1,497.0,96141.32,24,0.2442,0
CR-100416,2024-11-06,50,Tecnología,30,2.0,8729.06,12430.42,1,566.0,19439.31,12,0.2021,0
CR-102978,2024-12-31,31,Servicios,11,3.7,1168.05,0.0,0,600.0,6034.19,24,0.2001,0
CR-104352,2023-09-13,39,Comercio,21,2.9,3818.24,0.0,0,638.0,25895.74,12,0.2027,0
CR-101373,2023-10-24,20,Comercio,0,10.4,2874.54,0.0,0,650.0,12526.83,6,0.1665,0
CR-105135,2023-08-21,34,Manufactura,11,4.1,1044.52,169.11,2,548.0,5280.6,36,0.1864,0
CR-100343,2023-05-21,43,Servicios,22,14.5,2141.89,0.0,0,685.0,11526.4,36,0.1686,0
CR-103211,2023-03-12,37,Servicios,14,5.5,6470.28,23642.58,1,312.0,48330.78,6,0.2768,1
CR-101081,2025-06-12,36,Servicios,16,23.5,2468.17,0.0,0,748.0,11941.1,24,0.1279,0
CR-100730,2025-01-17,43,Manufactura,20,1.8,2694.83,0.0,0,609.0,16374.69,48,0.1835,0
CR-100642,2025-05-20,61,Tecnología,41,11.5,5183.52,7050.26,1,525.0,12484.0,12,0.2213,0
CR-104564,2023-10-04,44,Servicios,23,16.5,5585.17,636.41,1,643.0,11451.36,24,0.2076,0
CR-104835,2023-03-17,30,Servicios,6,9.0,3421.98,8392.45,1,472.0,19765.82,48,0.226,0
CR-103779,2024-04-03,18,Servicios,0,10.4,12986.12,8853.19,5,629.0,27652.73,18,0.1979,0
CR-103991,2023-01-26,27,Manufactura,8,9.0,2820.02,1161.84,3,650.0,18148.12,6,0.1535,0
CR-105208,2024-11-18,34,Manufactura,11,9.4,918.83,1120.98,3,496.0,5936.67,18,0.2036,0
CR-102954,2023-11-09,18,Tecnología,0,3.5,3789.13,10559.53,3,446.0,20438.95,12,0.2363,0
CR-102989,2024-01-07,53,Comercio,33,5.2,4204.03,1123.78,1,668.0,28828.46,48,0.1894,0
CR-100473,2025-01-24,40,Comercio,16,15.9,1536.59,2006.25,1,539.0,9733.06,12,0.2262,0
CR-102198,2023-07-15,36,Servicios,18,4.5,2893.07,9692.8,3,300.0,6644.13,12,0.3072,1
CR-100644,2023-12-10,34,Comercio,10,6.8,2973.67,0.0,0,632.0,21191.36,18,0.1756,0
CR-105923,2024-01-04,25,Comercio,6,1.2,6321.5,0.0,0,697.0,29189.88,12,0.176,0
CR-103861,2025-06-09,46,Construcción,25,9.9,4388.27,9799.68,1,583.0,10945.04,24,0.1953,0
CR-100141,2025-03-10,27,Agro,8,5.4,2873.81,0.0,0,688.0,21622.31,18,0.1726,0
CR-104016,2024-11-16,55,Manufactura,34,14.7,2846.89,6396.06,1,472.0,9408.48,12,0.2192,0
CR-103501,2025-01-28,53,Construcción,31,4.1,2507.63,4340.2,3,479.0,14593.13,12,0.2244,0
CR-102253,2025-05-06,18,Comercio,0,6.2,2670.31,980.69,1,626.0,20346.54,24,0.2088,0
CR-103528,2024-06-21,21,Tecnología,2,11.0,4284.42,1687.68,1,636.0,11590.51,48,0.1865,0
CR-104560,2023-09-18,45,Comercio,25,3.0,3024.24,3786.75,2,566.0,21878.31,6,0.1918,1
CR-103585,2025-04-27,60,Tecnología,41,4.1,5401.06,13095.83,1,474.0,16408.28,12,0.2491,0
CR-101123,2024-01-06,35,Tecnología,16,4.4,1833.27,5416.38,1,323.0,12672.65,18,0.2684,1
CR-101532,2024-05-31,49,Construcción,30,3.2,5343.99,0.0,0,677.0,26726.37,24,0.1703,0
CR-101169,2023-10-10,34,Construcción,12,9.3,1414.11,3038.23,2,349.0,7936.83,12,0.2686,1
CR-100758,2024-02-23,45,Agro,27,11.7,5121.45,0.0,0,682.0,10248.97,24,0.173,0
CR-101681,2023-01-12,27,Servicios,5,6.0,,0.0,0,666.0,14849.66,24,0.1725,0
CR-103769,2024-01-10,46,Manufactura,24,7.2,4163.07,1260.13,1,686.0,10881.9,12,0.1619,0
CR-101897,2025-04-07,43,Comercio,20,9.8,2000.86,6814.47,1,417.0,6361.8,24,0.2301,1
CR-102032,2023-10-03,45,Comercio,25,2.6,3193.4,0.0,0,694.0,7886.24,12,0.1483,0
CR-101596,2023-07-29,42,Construcción,22,8.4,6744.54,19675.0,1,466.0,30091.57,6,0.2312,0
CR-105150,2023-08-26,56,Tecnología,35,3.4,3674.3,3875.56,1,545.0,19430.93,48,0.2095,0
CR-103934,2025-02-23,42,Construcción,18,4.9,3542.66,0.0,0,684.0,14789.44,18,0.1538,0
CR-105445,2023-02-13,30,Comercio,10,15.6,1316.74,1212.61,2,533.0,5495.26,18,0.2143,0
CR-104302,2024-08-29,30,Comercio,6,12.4,4280.54,0.0,0,731.0,11397.96,12,0.1744,0
CR-100366,2023-02-11,30,Servicios,11,1.9,3419.92,8362.78,1,558.0,10787.29,12,0.2108,0
CR-104614,2023-04-19,32,Construcción,8,18.8,2629.25,0.0,0,708.0,9443.06,12,0.1573,0
CR-104924,2023-03-24,22,Construcción,4,2.0,5105.0,7200.43,2,620.0,25751.93,24,0.1889,0
CR-103847,2025-05-15,68,Agro,50,4.1,3794.26,13462.95,1,342.0,25636.56,24,0.2783,1
CR-105608,2024-08-23,41,Manufactura,20,23.3,4826.61,0.0,0,705.0,13920.95,18,0.1482,0
CR-105214,2023-09-13,44,Comercio,21,22.2,767.35,0.0,0,613.0,3207.47,12,0.1823,0
CR-103450,2024-08-04,21,Manufactura,0,8.8,2869.27,2163.67,1,574.0,8450.1,18,0.2062,0
CR-104852,2025-03-04,60,Construcción,37,2.1,2408.75,6496.74,2,418.0,16700.3,6,0.237,0
CR-103004,2023-03-13,35,Manufactura,15,3.4,4057.57,13907.0,2,322.0,7323.39,6,0.2778,1
CR-102963,2023-07-12,30,Comercio,6,1.0,3783.21,0.0,0,646.0,16082.04,24,0.1702,0
CR-104521,2024-04-08,42,Manufactura,19,8.0,3282.71,0.0,0,687.0,6217.75,6,0.1746,0
CR-105898,2024-07-08,43,Servicios,25,2.8,14235.93,37472.68,3,660.0,40020.52,24,0.1821,0
CR-102271,2024-09-15,26,Servicios,3,23.9,4309.73,5604.15,1,608.0,13292.7,48,0.1904,0
CR-102233,2024-01-31,55,Agro,32,1.9,4194.38,9938.98,2,467.0,27046.75,24,0.2536,0
CR-104273,2023-04-01,58,Comercio,36,6.3,10970.93,1417.41,2,761.0,60544.2,48,0.1297,0
CR-102544,2023-05-02,37,Servicios,19,10.7,3894.9,375.52,3,649.0,21897.18,6,0.1779,0
CR-105319,2024-06-26,41,Comercio,18,9.5,1963.86,3014.07,3,488.0,8403.85,36,0.2487,0
CR-101998,2023-04-27,32,Construcción,9,0.8,2367.62,4387.75,1,477.0,18294.5,18,0.2165,0
CR-102093,2023-05-17,47,Construcción,28,1.9,2711.93,0.0,0,641.0,8221.79,24,0.1948,0
CR-103686,2023-01-15,25,Tecnología,2,13.6,5031.02,13292.99,1,426.0,35767.93,18,0.2363,0
CR-102855,2023-08-10,55,Agro,37,23.9,2262.31,0.0,0,671.0,11952.53,24,0.1855,0
CR-102922,2023-04-25,24,Tecnología,2,4.1,6262.25,6694.72,1,622.0,30552.82,12,0.1874,0
CR-102247,2023-06-16,30,Comercio,6,2.9,2253.12,1559.24,2,563.0,6915.97,24,0.1949,0
CR-101463,2023-08-12,43,Agro,25,10.3,4483.57,0.0,0,640.0,13694.5,24,0.1689,0
CR-102992,2024-11-29,37,Comercio,14,7.7,3369.82,0.0,0,650.0,7283.31,24,0.1933,0
CR-100552,2024-12-25,41,Agro,19,10.1,2155.12,3095.46,2,420.0,4585.66,18,0.2457,0
CR-104100,2024-03-29,44,Comercio,25,3.4,4234.22,9184.78,4,525.0,28618.94,6,0.2367,0
CR-101759,2023-08-21,39,Manufactura,21,2.7,8387.48,24775.54,2,465.0,66590.32,12,0.2262,1
CR-103941,2024-08-31,35,Tecnología,11,1.6,2150.72,3624.72,1,540.0,8695.05,48,0.197,0
CR-100407,2023-05-31,47,Servicios,26,14.7,3985.14,15594.51,1,317.0,19620.21,12,0.2515,1
CR-100714,2024-07-20,36,Tecnología,17,14.1,1709.02,6069.0,1,433.0,12976.98,36,0.2459,0
CR-104925,2023-02-10,50,Servicios,27,9.6,6403.7,2126.78,3,633.0,28890.37,12,0.1949,0
CR-100126,2023-07-23,54,Tecnología,30,1.5,5946.93,0.0,0,594.0,10592.03,18,0.2043,0
CR-101534,2023-04-22,60,Manufactura,38,7.9,3447.81,13683.88,1,384.0,9147.66,18,0.2571,0
CR-105826,2025-03-10,49,Servicios,30,3.7,6916.03,27465.71,1,387.0,35962.46,24,0.2296,1
CR-101814,2024-10-30,40,Comercio,19,5.9,1596.49,0.0,0,555.0,10124.53,6,0.1987,0
CR-104836,2024-11-14,18,Tecnología,0,3.4,6277.15,18658.23,2,311.0,48630.36,36,0.2913,1
CR-100181,2024-10-02,40,Manufactura,22,13.0,2252.54,6221.34,1,402.0,14253.57,18,0.2372,0
CR-103835,2023-05-07,41,Comercio,20,4.3,1271.9,442.53,1,640.0,4907.0,12,0.18,0
CR-101628,2024-11-08,42,Servicios,23,4.7,2455.41,2011.18,2,534.0,12387.8,24,0.2034,0
CR-105788,2023-12-23,30,Comercio,10,8.0,5845.89,6741.36,2,515.0,16178.48,6,0.2215,0
CR-100219,2025-02-20,30,Manufactura,6,9.3,4593.87,1543.5,1,683.0,26225.07,24,0.1767,0
CR-101777,2023-08-06,40,Construcción,22,13.2,2730.28,1112.66,2,,18384.8,24,0.1759,0
CR-105161,2023-04-04,22,Agro,0,4.4,1408.07,0.0,0,644.0,6856.94,24,0.1827,0
CR-104893,2023-12-26,29,Manufactura,11,1.2,,0.0,0,663.0,26434.34,6,0.2005,0
CR-105455,2024-10-05,44,Comercio,26,9.8,3372.41,1315.71,2,686.0,8608.54,12,0.1847,0
CR-100115,2024-06-13,32,Servicios,11,1.1,2429.99,0.0,0,592.0,4877.91,18,0.1911,0
CR-102223,2024-02-22,29,Servicios,8,3.8,2881.0,0.0,0,541.0,16386.01,12,0.1726,0
CR-101038,2025-06-13,47,Comercio,23,5.6,3319.18,0.0,0,689.0,6424.23,18,0.1636,0
CR-104935,2024-12-18,31,Comercio,9,6.7,2947.4,4803.64,1,548.0,7389.48,24,0.1991,0
CR-100420,2023-01-01,39,Servicios,15,2.4,2069.89,7914.46,2,354.0,6668.65,48,0.2539,1
CR-100101,2024-01-26,52,Manufactura,32,5.6,9603.17,0.0,0,742.0,36997.62,6,0.1563,0
CR-101404,2025-01-29,32,Servicios,14,4.6,3479.4,13792.47,3,300.0,22510.25,36,0.2763,1
CR-102692,2023-08-28,37,Manufactura,16,2.3,3085.91,0.0,0,703.0,4888.97,18,0.1597,0
CR-104914,2023-12-25,51,Tecnología,32,7.8,2692.75,5055.17,2,522.0,6491.98,18,0.228,0
CR-103583,2023-01-08,37,Comercio,18,9.0,4905.4,0.0,0,641.0,22352.7,6,0.1767,0
CR-104459,2024-09-06,40,Manufactura,18,7.9,3029.28,6086.27,2,521.0,5442.55,24,0.2279,0
CR-105268,2025-05-02,46,Comercio,28,4.3,3106.57,9301.19,2,432.0,14369.15,24,0.2573,1
CR-101416,2025-03-28,63,Comercio,42,11.6,2355.62,8275.07,5,300.0,18074.3,6,0.292,1
CR-105663,2023-01-19,41,Agro,23,8.2,1505.14,4440.19,2,328.0,8550.36,36,0.2542,1
CR-105160,2024-10-05,37,Comercio,16,7.2,4697.01,9770.94,2,443.0,8146.21,36,0.2338,0
CR-100895,2023-09-26,50,Manufactura,29,9.7,2941.63,0.0,0,641.0,18106.02,24,0.1969,0
CR-104131,2023-04-02,30,Comercio,9,8.5,3188.26,9832.52,1,,18527.83,12,0.2917,1
CR-101812,2023-09-22,41,Tecnología,21,6.4,1995.01,365.86,2,576.0,10329.63,48,0.1919,0
CR-103229,2023-03-03,22,Manufactura,1,3.2,2727.17,9983.37,1,348.0,6650.36,12,0.2446,1
CR-104865,2023-06-29,39,Servicios,20,3.0,1384.43,4421.37,1,355.0,3066.62,48,0.2832,0
CR-102363,2023-03-25,43,Servicios,19,7.2,2354.43,8611.89,3,334.0,12751.48,6,0.2654,1
CR-105985,2023-08-16,44,Comercio,22,6.8,7557.39,11976.78,2,593.0,58890.92,48,0.176,0
CR-103641,2024-06-04,56,Servicios,33,0.8,4561.53,0.0,0,570.0,32836.04,24,0.1986,0
CR-105858,2023-11-19,51,Manufactura,32,9.9,7204.08,27083.05,1,373.0,38331.5,18,0.2695,1
CR-101233,2024-03-31,39,Agro,17,4.1,3237.95,0.0,0,645.0,17055.71,24,0.1842,0
CR-100311,2024-10-17,43,Comercio,24,7.5,2785.31,0.0,0,581.0,4584.53,12,0.1855,0
CR-100634,2024-12-30,35,Servicios,15,6.4,5164.32,3599.15,1,575.0,34961.34,24,0.2142,0
CR-103746,2023-11-15,20,Servicios,0,11.8,7654.71,0.0,0,670.0,59694.27,12,0.1852,0
CR-105721,2024-09-19,47,Tecnología,25,0.7,3410.73,2822.14,1,564.0,11449.27,12,0.1907,0
CR-103172,2023-03-10,49,Comercio,26,13.5,1895.45,0.0,0,711.0,8530.6,36,0.1553,0
CR-102159,2023-06-11,30,Comercio,8,7.3,1532.26,4388.2,1,396.0,9275.37,48,0.2517,1
CR-104371,2024-06-15,32,Servicios,13,2.6,4136.81,309.2,4,604.0,7283.44,18,0.1934,0
CR-103213,2024-02-06,27,Manufactura,8,3.1,1045.37,2791.79,1,404.0,3373.0,12,0.262,1
CR-104550,2023-02-01,49,Tecnología,30,8.8,7418.92,27481.77,1,449.0,36898.72,24,0.2482,1
CR-103498,2023-06-10,35,Servicios,11,8.9,5825.72,6694.95,2,652.0,29967.31,12,0.1551,0
CR-105894,2024-04-19,38,Comercio,18,20.1,3618.54,0.0,0,639.0,8747.81,18,0.1576,0
CR-105988,2025-06-02,40,Servicios,16,5.4,4428.68,2748.98,3,591.0,15439.8,24,0.2055,0
CR-103306,2023-01-05,43,Construcción,25,2.5,2622.73,3413.7,3,519.0,8250.88,12,0.242,0
CR-102708,2025-01-13,41,Servicios,20,7.8,2313.12,2197.31,4,619.0,10483.66,24,0.1734,0
CR-105467,2023-03-15,54,Tecnología,35,2.9,3523.1,2651.46,4,618.0,21630.5,24,0.1536,0
CR-100440,2024-09-03,36,Servicios,12,7.0,5899.37,0.0,0,777.0,43889.55,12,0.1064,0
CR-101579,2023-08-17,42,Servicios,20,12.3,2324.83,2134.56,1,541.0,14997.51,6,0.2149,0
CR-100694,2023-05-16,29,Manufactura,9,17.4,7054.14,0.0,0,758.0,19175.3,48,0.1317,0
CR-100867,2024-04-10,34,Construcción,10,12.6,1741.35,4231.4,2,404.0,9140.05,24,0.2462,0
CR-100255,2024-09-28,47,Servicios,25,11.2,5895.96,19084.17,3,390.0,18527.26,6,0.248,0
CR-104369,2025-04-15,46,Servicios,25,1.9,5495.05,17536.86,3,422.0,10790.89,24,0.2614,0
CR-103672,2023-06-20,44,Tecnología,25,12.1,4237.76,0.0,0,601.0,32322.73,48,0.1842,0
CR-104031,2023-07-27,33,Construcción,13,16.7,2402.72,5105.53,2,465.0,9336.84,36,0.2115,0
CR-104338,2024-01-18,38,Servicios,14,8.1,4028.69,8171.47,2,542.0,13932.44,6,0.1964,0
CR-100669,2024-07-17,18,Servicios,0,8.5,3864.24,0.0,0,709.0,9621.55,36,0.1536,0
CR-100259,2024-09-22,23,Tecnología,5,7.6,3660.94,11792.49,2,421.0,13472.27,6,0.2661,1
CR-105388,2024-03-21,28,Servicios,6,6.8,5863.2,14813.93,2,423.0,22734.43,24,0.2466,0
CR-104005,2025-03-05,35,Tecnología,16,12.3,1549.28,1669.0,3,557.0,12184.91,12,0.1836,0
CR-103349,2024-10-02,28,Construcción,7,2.7,9431.2,17469.47,1,486.0,23597.17,6,0.2174,0
CR-101198,2024-05-08,54,Tecnología,30,8.6,5636.64,0.0,0,602.0,8843.59,6,0.1942,0
CR-100943,2023-06-26,51,Comercio,31,6.9,1169.81,12.19,2,613.0,2911.24,6,0.1874,0
CR-104684,2023-05-09,31,Comercio,8,4.7,2823.93,4030.12,3,465.0,17116.36,12,0.268,0
CR-100689,2023-01-12,33,Agro,9,8.3,4719.48,6022.31,1,557.0,20616.51,12,0.211,0
CR-102577,2024-03-24,27,Manufactura,9,8.7,7481.47,0.0,0,664.0,46672.6,12,0.1598,0
CR-104527,2024-02-23,40,Tecnología,16,1.2,6631.42,21258.23,4,399.0,12382.69,24,0.2232,1
CR-101519,2023-08-29,18,Tecnología,0,5.9,3202.55,5948.67,1,468.0,5524.06,12,0.2207,0
CR-105127,2024-07-22,53,Manufactura,35,3.4,3732.58,8421.56,4,452.0,28688.33,18,0.2309,0
CR-103876,2025-05-15,26,Servicios,4,7.0,3062.08,0.0,0,602.0,15871.27,18,0.1752,0
CR-100081,2023-10-28,31,Servicios,8,0.9,3262.43,12137.68,2,322.0,16278.88,6,0.2474,0
CR-100033,2025-02-01,29,Comercio,8,5.6,3095.48,8307.91,3,518.0,5419.75,12,0.2224,0
CR-102098,2024-08-23,18,Servicios,0,3.1,5598.23,19444.51,1,329.0,18134.36,36,0.2695,0
CR-102722,2023-09-23,19,Servicios,0,4.4,3727.28,12458.97,2,356.0,12678.74,12,0.2423,1
CR-103435,2023-06-21,44,Manufactura,26,3.6,5483.67,14610.29,1,423.0,28318.16,18,0.2483,0
CR-100072,2023-11-28,28,Construcción,4,1.3,4751.27,11576.72,4,407.0,28154.49,6,0.2767,1
CR-101122,2024-03-13,30,Comercio,9,8.5,2306.24,17.33,2,726.0,15391.61,24,0.1428,0
CR-105338,2024-09-21,41,Comercio,19,14.7,1657.55,1246.88,1,,8828.61,24,0.1971,0
CR-102537,2024-09-11,20,Tecnología,0,11.5,9238.18,19097.51,1,534.0,69434.75,24,0.1993,0
CR-104824,2024-02-20,46,Servicios,22,3.3,3571.8,0.0,0,630.0,12157.3,24,0.1917,0
CR-100957,2023-06-30,63,Agro,43,14.4,4254.48,6156.24,2,565.0,12987.6,12,0.1843,0
CR-105015,2025-03-19,33,Tecnología,9,6.5,3454.42,8863.31,1,,9813.14,12,0.2425,0
CR-103444,2024-11-18,50,Construcción,26,3.7,5806.83,3878.22,1,613.0,20078.36,6,0.1583,0
CR-104905,2025-03-13,52,Comercio,30,6.4,2711.18,0.0,0,629.0,7209.97,12,0.1689,0
CR-102345,2024-09-22,27,Comercio,3,2.6,7589.04,30302.82,1,300.0,21247.37,18,0.2862,1
CR-103905,2023-01-31,65,Agro,44,4.4,3219.73,7371.19,1,472.0,24667.71,24,0.2231,0
CR-105042,2023-08-29,42,Comercio,22,14.8,4252.04,1197.49,1,643.0,28170.82,6,0.1806,0
CR-102584,2024-02-20,43,Manufactura,22,12.2,4581.95,13836.13,1,386.0,12800.21,18,0.267,0
CR-104062,2023-12-02,31,Servicios,9,15.7,2603.61,8814.88,1,390.0,14727.74,24,0.243,1
CR-105035,2023-02-12,22,Construcción,0,8.5,890.25,1732.19,1,405.0,5251.0,18,0.2671,0
CR-104853,2024-07-16,19,Manufactura,0,8.4,4223.99,6126.61,3,512.0,33669.83,18,0.2047,0
CR-103953,2024-11-26,34,Servicios,12,2.7,2458.84,2348.31,1,564.0,15997.73,12,0.2251,0
CR-103331,2024-08-17,38,Servicios,20,7.2,4377.91,9484.79,3,474.0,21639.88,36,0.2263,0
CR-102819,2024-07-17,47,Manufactura,25,11.6,2214.39,3001.66,3,495.0,16829.94,18,0.2229,0
CR-100724,2025-06-17,28,Construcción,9,1.0,3024.47,2.16,1,634.0,13311.64,24,0.1724,0
CR-103979,2025-03-01,47,Servicios,28,10.3,2641.05,10473.97,1,300.0,19944.3,18,0.2654,0
CR-100389,2023-08-29,22,Agro,0,4.1,,10290.01,1,307.0,17201.39,24,0.2738,1
CR-105211,2024-03-08,46,Agro,23,29.3,3020.63,2275.57,2,527.0,15918.26,12,0.2185,0
CR-101988,2023-05-08,29,Agro,6,4.4,3038.79,0.0,0,651.0,18602.38,24,0.1572,0
CR-103076,2023-06-12,38,Servicios,17,18.4,3698.41,14172.93,1,300.0,11360.66,18,0.271,1
CR-101078,2024-10-31,32,Manufactura,11,10.4,4537.89,1017.15,1,670.0,35658.25,24,0.1563,0
CR-103993,2023-03-10,30,Tecnología,11,9.8,1484.81,0.0,0,615.0,8996.56,36,0.196,0
CR-105317,2025-05-10,53,Servicios,34,14.8,8131.07,17226.47,2,518.0,28253.8,24,0.1884,0
CR-105118,2023-12-10,30,Servicios,10,4.4,2057.88,6527.34,2,328.0,9669.77,24,0.2742,1
CR-103669,2024-04-06,40,Comercio,19,13.4,5650.01,0.0,0,622.0,42600.26,36,0.1988,0
CR-101625,2024-05-02,50,Manufactura,29,2.8,1552.38,1043.56,1,590.0,3945.32,24,0.2059,0
CR-103865,2024-08-13,26,Comercio,7,2.5,19238.3,76760.29,2,452.0,72706.05,6,0.26,1
CR-102608,2024-05-08,47,Manufactura,27,2.2,7522.24,5932.6,5,701.0,47960.98,18,0.1607,0
CR-100186,2025-05-31,40,Manufactura,22,9.4,4531.3,0.0,0,663.0,19295.0,6,0.1698,0
CR-105912,2023-05-17,44,Manufactura,20,4.9,2580.06,0.0,0,567.0,4861.39,24,0.2152,0
CR-105038,2025-01-27,20,Construcción,0,2.4,4459.22,1131.09,2,648.0,24532.89,12,0.1675,0
CR-103889,2023-04-20,30,Comercio,12,14.6,1704.19,0.0,0,716.0,7855.82,36,0.1953,0
CR-104461,2025-06-03,37,Tecnología,15,4.5,2025.98,0.0,0,727.0,12489.25,12,0.1438,0
CR-103549,2023-01-25,44,Servicios,24,9.6,4324.79,8433.31,1,511.0,16054.84,24,0.2294,0
CR-103358,2023-02-27,27,Servicios,6,4.1,7039.34,12874.98,1,464.0,51070.4,6,0.2398,0
CR-102635,2025-06-10,51,Comercio,33,6.7,5526.65,0.0,0,620.0,21424.17,12,0.1501,0
CR-102815,2025-05-07,32,Servicios,12,7.4,1972.89,3744.67,1,425.0,13419.61,36,0.2715,0
CR-104942,2024-01-19,35,Manufactura,12,4.1,7600.72,0.0,0,687.0,33833.05,6,0.1498,0
CR-104532,2024-08-17,58,Manufactura,40,21.2,2650.2,6433.09,2,451.0,15926.45,18,0.2366,0
CR-100447,2023-05-26,34,Servicios,13,5.8,4899.74,17163.8,1,381.0,24615.93,18,0.2456,0
CR-102491,2024-01-10,30,Comercio,11,5.9,4761.33,17083.82,1,392.0,20064.06,12,0.2655,1
CR-101528,2025-04-06,18,Servicios,0,4.2,6452.22,0.0,0,763.0,13517.67,12,0.1456,0
CR-102588,2023-10-20,41,Agro,21,4.8,5620.14,904.92,1,722.0,12360.02,24,0.1624,0
CR-102929,2023-12-08,35,Servicios,11,16.3,5949.68,23510.71,1,300.0,11075.63,6,0.2906,1
CR-100325,2025-03-07,46,Comercio,23,6.9,2449.17,5098.79,3,441.0,7038.18,6,0.2491,0
CR-105924,2023-09-25,24,Comercio,3,9.3,4347.87,2813.4,1,630.0,30372.15,6,0.1822,0
CR-104167,2025-05-06,27,Comercio,3,6.8,1125.12,3244.18,1,343.0,8607.38,12,0.2728,1
CR-104323,2024-10-21,39,Tecnología,17,6.2,2230.59,7612.0,3,348.0,5300.83,6,0.2663,0
CR-104351,2023-05-12,25,Manufactura,7,8.4,5326.11,0.0,0,632.0,29153.14,36,0.1731,0
CR-102497,2023-01-28,18,Comercio,0,5.8,4377.52,2981.77,2,643.0,34963.32,36,0.1831,0
CR-104796,2024-06-26,42,Agro,18,12.7,3815.77,6698.36,1,508.0,7665.7,12,0.2185,0
CR-104234,2023-04-05,52,Tecnología,29,4.7,3440.95,5095.21,4,567.0,21133.41,18,0.1849,0
CR-100205,2023-07-15,37,Agro,13,5.7,1314.79,393.4,2,562.0,4467.96,12,0.2273,0
CR-100359,2023-08-09,36,Servicios,14,5.7,1481.14,5786.13,2,300.0,9911.4,48,0.285,1
CR-103423,2025-03-20,27,Construcción,8,7.4,4504.08,11291.88,4,482.0,16149.95,12,0.2523,0
CR-104702,2024-06-16,18,Comercio,0,15.0,5246.98,6390.72,1,613.0,18879.85,18,0.1897,0
CR-100486,2023-09-07,29,Comercio,5,3.1,2310.59,7935.47,2,310.0,5380.05,12,0.2977,0
CR-105759,2023-07-02,18,Comercio,0,4.9,10251.14,21574.91,1,453.0,31567.27,36,0.2239,0
CR-101624,2023-07-19,40,Comercio,16,22.5,4034.35,9172.5,1,485.0,6608.55,12,0.2392,0
CR-102097,2023-07-05,29,Manufactura,8,8.5,5013.89,15763.85,1,400.0,31976.79,6,0.2439,1
CR-100574,2024-11-06,40,Manufactura,20,0.9,3576.2,0.0,0,651.0,13014.82,18,0.1826,0
CR-105534,2024-10-21,42,Comercio,23,7.4,4001.08,0.0,0,648.0,22360.08,12,0.1745,0
CR-101691,2023-07-01,21,Comercio,3,4.6,8945.05,6561.48,1,667.0,44147.54,36,0.1898,0
CR-104324,2025-05-11,28,Agro,8,5.1,,0.0,0,788.0,57441.13,6,0.1646,0
CR-104582,2024-07-20,40,Comercio,21,2.2,4683.2,4547.89,1,589.0,17080.86,48,0.2217,0
CR-105465,2024-08-20,43,Tecnología,21,13.2,4016.89,0.0,0,587.0,31043.33,48,0.2334,0
CR-102407,2023-04-16,34,Servicios,15,3.6,3583.23,0.0,0,602.0,7618.48,24,0.1764,0
CR-105651,2023-03-04,22,Manufactura,0,7.0,2263.69,3233.34,3,443.0,7791.74,6,0.266,0
CR-105687,2025-04-07,53,Manufactura,35,11.9,3091.07,4677.13,1,642.0,15275.32,12,0.1841,0
CR-105284,2023-02-12,41,Manufactura,23,2.9,4183.88,7016.97,2,488.0,13254.88,36,0.2286,0
CR-100082,2025-03-04,34,Comercio,16,5.3,2914.44,6964.43,2,421.0,14125.56,12,0.2148,0
CR-104558,2023-04-13,47,Servicios,28,14.8,4913.75,1034.19,1,575.0,17471.21,12,0.1638,0
CR-105367,2024-11-05,58,Servicios,39,3.8,,37854.31,3,475.0,33462.32,36,0.2498,0
CR-105803,2023-03-31,50,Comercio,31,13.1,3479.98,13591.54,2,300.0,22103.93,18,0.2827,0
CR-102054,2024-06-22,42,Comercio,23,4.8,4250.7,9543.85,4,525.0,30006.24,12,0.2237,0
CR-100196,2023-06-17,45,Agro,26,0.1,3830.96,9297.41,2,441.0,9328.03,12,0.1988,0
CR-101299,2023-09-28,27,Agro,5,2.2,6355.3,0.0,0,715.0,36113.58,6,0.1606,0
CR-101540,2024-09-26,35,Comercio,12,5.6,2822.59,3930.03,3,476.0,8629.9,36,0.2477,0
CR-104943,2023-05-03,30,Servicios,9,18.0,4075.02,3647.7,1,657.0,14626.37,6,0.1842,0
CR-103074,2024-09-19,52,Comercio,31,4.4,2572.19,0.0,0,668.0,7794.53,36,0.1862,0
CR-102682,2025-03-26,49,Construcción,29,3.9,6641.47,16503.12,3,409.0,12877.57,24,0.2193,1
CR-102900,2025-02-14,32,Construcción,8,21.1,3038.24,5085.41,2,515.0,6016.51,12,0.2399,0
CR-105783,2023-09-12,32,Construcción,8,15.6,941.2,3647.69,2,300.0,5239.64,24,0.2876,1
CR-104972,2025-05-19,49,Construcción,29,10.8,3573.04,0.0,0,678.0,13806.04,12,0.1701,0
CR-102319,2023-05-03,35,Manufactura,14,10.0,6778.57,15015.08,1,550.0,53778.34,12,0.2067,1
CR-104507,2024-10-04,27,Tecnología,3,5.2,4571.69,13277.66,2,427.0,30164.04,18,0.2272,1
CR-103630,2024-07-22,46,Construcción,24,11.6,1886.85,3726.28,5,480.0,4047.87,12,0.2309,0
CR-102256,2024-06-25,42,Servicios,18,7.7,689.42,0.0,0,654.0,3245.38,24,0.1882,0
CR-100428,2023-05-18,23,Tecnología,0,7.3,18536.55,0.0,0,844.0,38177.44,48,0.1141,0
CR-100239,2024-08-03,32,Servicios,11,2.7,2754.02,0.0,0,669.0,14795.09,18,0.173,0
CR-102429,2023-08-04,58,Comercio,36,20.5,3840.36,10646.46,3,379.0,20436.36,24,0.2446,1
CR-102378,2024-05-28,38,Manufactura,17,6.9,2569.63,5624.25,2,439.0,9846.83,24,0.2362,0
CR-104326,2024-09-09,49,Comercio,27,13.7,1953.62,952.35,2,606.0,14341.35,36,0.1703,0
CR-101016,2023-09-07,39,Servicios,18,9.3,3324.21,6641.54,1,402.0,6714.26,6,0.2496,0
CR-101232,2025-02-14,25,Comercio,6,19.9,2809.27,1480.87,2,589.0,10352.77,12,0.1965,0
CR-103601,2023-09-26,65,Comercio,46,1.2,4609.14,0.0,0,746.0,16153.49,6,0.1539,0
CR-102294,2024-05-08,51,Comercio,33,18.1,4704.06,6982.06,6,465.0,27338.45,12,0.2525,0
CR-103258,2023-04-17,28,Servicios,8,12.0,2313.1,8020.38,2,418.0,12472.01,24,0.2487,1
CR-101179,2024-06-06,43,Servicios,25,9.1,2445.32,2954.28,3,506.0,16647.85,12,0.2073,0
CR-101060,2025-03-03,36,Servicios,18,12.4,2578.85,5251.2,1,449.0,11579.59,6,0.236,1
CR-103239,2024-07-10,25,Comercio,3,8.3,2158.28,879.7,5,,10744.06,24,0.2076,0
CR-103447,2024-11-16,49,Comercio,27,15.4,2549.25,2397.1,3,588.0,8597.28,36,0.1847,0
CR-100342,2025-02-23,39,Comercio,21,2.9,3297.09,6151.07,2,491.0,11149.77,6,0.2222,0
CR-104916,2025-05-30,19,Construcción,0,4.4,1956.21,0.0,0,618.0,7849.99,12,0.1891,0
CR-101159,2025-05-14,22,Servicios,2,6.7,2760.68,8331.4,1,437.0,11581.84,12,0.2559,0
CR-102470,2023-10-25,33,Manufactura,12,2.4,4694.73,0.0,0,638.0,37409.67,12,0.1915,0
CR-104756,2023-07-24,40,Comercio,19,2.2,3525.45,13884.79,1,300.0,16297.51,6,0.2882,1
CR-104585,2023-03-03,43,Construcción,20,5.1,8580.01,0.0,0,649.0,56380.72,24,0.2176,0
CR-101117,2025-02-24,34,Tecnología,16,4.8,3277.96,7786.36,1,434.0,6129.01,36,0.2361,1
CR-104789,2024-04-24,44,Construcción,25,18.8,3193.38,0.0,0,698.0,22265.89,24,0.1876,0
CR-101666,2024-08-25,40,Comercio,17,7.8,6637.83,25469.73,1,316.0,28762.09,6,0.2638,0
CR-100582,2023-01-09,35,Comercio,17,9.7,5161.18,12489.22,1,515.0,15968.44,12,0.1992,0
CR-102157,2023-04-04,29,Servicios,11,12.8,2965.41,4681.4,1,571.0,20157.09,12,0.1885,0
CR-102541,2025-02-13,42,Comercio,19,4.6,3195.42,9262.01,5,406.0,12549.99,48,0.2593,0
CR-103350,2024-08-08,39,Comercio,17,1.4,1138.84,2524.41,1,396.0,1878.51,24,0.267,1
CR-102653,2024-12-30,29,Servicios,6,13.1,2354.56,7243.6,2,366.0,16149.93,12,0.2583,1
CR-104257,2024-09-19,50,Comercio,27,7.0,6934.17,767.83,1,679.0,30713.16,36,0.1641,0
CR-103792,2023-08-14,34,Comercio,16,5.9,10690.17,0.0,0,762.0,65843.06,6,0.1507,0
CR-104751,2023-04-19,41,Servicios,19,6.2,3716.02,190.8,2,615.0,17713.09,12,0.2081,0
CR-103422,2024-04-16,50,Servicios,30,9.7,3965.28,5184.12,1,539.0,24521.0,48,0.2075,0
CR-104344,2024-10-06,32,Manufactura,14,25.8,6553.68,7412.71,1,627.0,32052.47,24,0.1638,0
CR-101651,2024-03-13,52,Tecnología,29,4.9,5284.28,0.0,0,656.0,19582.89,24,0.1699,0
CR-104183,2024-10-08,64,Manufactura,40,10.3,1149.4,1159.91,1,497.0,8230.06,24,0.2411,0
CR-101447,2024-01-10,55,Servicios,33,5.0,2677.43,7514.15,6,379.0,10520.68,18,0.2379,1
CR-102878,2024-02-02,29,Comercio,9,1.3,4349.87,2594.92,2,624.0,14663.71,18,0.1852,0
CR-101743,2025-05-30,24,Servicios,4,4.5,4635.22,2496.24,1,574.0,12074.43,6,0.2068,0
CR-100870,2023-07-04,41,Servicios,21,5.1,4409.74,7054.52,1,501.0,13628.11,6,0.2102,0
CR-105408,2025-02-02,26,Comercio,7,1.8,3371.06,0.0,0,646.0,10681.43,6,0.1846,0
CR-100881,2023-12-01,48,Agro,29,4.0,4639.37,16197.09,3,403.0,8487.9,12,0.2363,0
CR-102155,2023-05-25,45,Agro,24,5.4,2831.37,0.0,0,586.0,19537.93,12,0.2058,0
CR-101370,2023-02-28,21,Manufactura,0,4.2,2990.44,6005.28,1,358.0,12701.44,24,0.2563,0
CR-104203,2023-09-16,61,Manufactura,42,5.4,4733.31,16004.95,5,379.0,35412.57,24,0.2427,1
CR-103216,2023-06-11,24,Comercio,2,9.0,2680.43,0.0,0,657.0,5996.38,36,0.182,0
CR-103037,2024-12-22,37,Tecnología,13,6.0,4380.94,14962.83,1,302.0,17949.3,18,0.2969,0
CR-103427,2024-12-18,44,Agro,21,6.6,4145.61,6257.67,1,587.0,15064.2,18,0.1627,1
CR-104119,2024-06-11,30,Tecnología,10,3.8,3096.64,4404.57,2,506.0,18555.75,18,0.2008,0
CR-101206,2025-01-22,30,Tecnología,7,6.1,6098.42,8190.02,3,563.0,13112.54,36,0.211,0
CR-104205,2023-10-18,35,Manufactura,17,2.3,4785.34,15202.1,1,400.0,19311.67,6,0.2134,0
CR-101197,2025-06-11,28,Manufactura,10,5.1,3478.69,0.0,0,656.0,6199.41,18,0.1937,0
CR-103255,2023-11-15,42,Manufactura,24,9.6,1805.03,4490.48,2,466.0,5611.91,24,0.2241,0
CR-104281,2024-09-14,18,Manufactura,0,1.4,,21482.61,1,434.0,40343.81,12,0.251,0
CR-104691,2023-08-13,41,Servicios,22,7.6,3574.6,0.0,0,563.0,27547.89,18,0.2077,0
CR-104346,2023-08-12,28,Construcción,5,3.0,2699.7,7933.97,1,433.0,11664.67,12,0.2424,0
CR-102718,2024-11-26,49,Agro,25,10.3,2903.62,6062.78,2,477.0,20816.04,36,0.2355,0
CR-101079,2024-12-24,54,Comercio,35,6.5,5485.5,4645.64,1,617.0,32126.81,24,0.1841,0
CR-103472,2024-05-31,50,Manufactura,29,2.3,3595.78,9630.08,1,406.0,16709.95,6,0.2315,0
CR-101242,2023-04-15,57,Servicios,39,12.4,3251.45,2331.69,2,629.0,15607.38,24,0.1851,0
CR-103929,2023-09-12,30,Servicios,8,9.8,1552.94,5845.5,2,300.0,10959.63,18,0.2914,1
CR-101163,2024-04-18,21,Manufactura,3,9.3,2991.54,3395.17,2,602.0,19687.51,24,0.1819,0
CR-103878,2024-06-09,24,Servicios,1,6.5,2659.69,6781.23,1,471.0,21043.53,6,0.2534,0
CR-104441,2023-11-27,18,Comercio,0,9.6,1268.88,428.08,1,487.0,8780.18,24,0.2133,0
CR-104839,2023-11-18,42,Servicios,22,2.8,6659.17,17317.18,2,481.0,19602.79,48,0.2156,0
CR-101891,2024-04-19,29,Manufactura,8,3.8,2634.58,6346.98,1,352.0,20303.93,36,0.2845,0
CR-102689,2025-03-24,18,Servicios,0,6.4,7213.42,0.0,0,736.0,35706.4,24,0.1558,0
CR-101961,2023-12-21,31,Tecnología,7,5.1,6645.33,23025.31,1,300.0,34615.64,6,0.2604,0
CR-105044,2024-05-19,18,Servicios,0,6.1,3406.31,12719.68,3,300.0,17938.85,24,0.2704,1
CR-102707,2023-04-02,18,Comercio,0,15.8,10560.3,14043.21,1,733.0,77306.69,6,0.13,0
CR-104297,2024-07-19,31,Comercio,13,2.5,4500.78,12320.02,3,346.0,35136.82,24,0.2861,0
CR-103761,2024-11-08,46,Construcción,25,4.2,3910.66,13128.33,1,360.0,25251.49,18,0.2346,0
CR-103904,2023-08-17,20,Comercio,0,2.6,2665.1,910.1,2,559.0,16061.2,6,0.2184,0
CR-102361,2023-05-09,27,Servicios,7,10.5,,14614.22,2,409.0,14707.74,12,0.2603,0
CR-102420,2023-01-16,18,Agro,0,3.9,1929.33,1910.14,2,525.0,10294.18,18,0.2097,0
CR-102089,2024-11-18,43,Comercio,21,4.2,10497.24,33585.62,3,484.0,37049.5,48,0.2199,0
CR-102257,2025-01-08,41,Servicios,22,7.4,2612.28,0.0,0,581.0,17535.01,18,0.2172,0
CR-104951,2024-08-19,29,Comercio,5,2.4,6647.67,3495.77,2,627.0,47731.26,24,0.1369,0
CR-100792,2023-12-22,44,Agro,25,21.4,3336.97,3514.9,1,584.0,20920.12,12,0.2046,0
CR-103958,2024-04-25,31,Agro,7,6.6,2617.79,7305.68,2,339.0,15810.48,12,0.2779,1
CR-102784,2024-08-14,42,Servicios,22,4.6,1268.77,999.72,2,610.0,5402.81,24,0.1673,0
CR-103696,2024-03-20,30,Manufactura,10,4.0,5064.7,538.29,3,658.0,14999.84,36,0.1882,0
CR-103662,2023-10-09,33,Comercio,10,4.0,3300.79,3505.32,1,581.0,19162.35,18,0.2129,0
CR-105079,2025-04-01,30,Agro,11,8.6,4417.74,6946.55,1,530.0,32063.56,18,0.2063,0
CR-104467,2023-12-24,35,Comercio,15,5.9,1470.5,5096.71,1,320.0,10514.33,36,0.2694,1
CR-101564,2024-11-10,28,Servicios,7,11.8,11629.98,41602.65,2,519.0,56003.94,24,0.2331,0
CR-100763,2023-06-04,45,Comercio,25,7.1,6162.52,0.0,0,656.0,19645.38,36,0.1817,0
CR-105960,2024-10-04,33,Manufactura,12,4.5,1623.0,3683.03,1,439.0,11951.84,24,0.2374,0
CR-101655,2023-12-21,21,Manufactura,2,7.5,3764.69,0.0,0,613.0,12371.82,6,0.1989,0
CR-102498,2025-03-02,32,Agro,8,19.9,2902.54,6648.98,1,445.0,22961.56,48,0.2539,0
CR-103016,2024-05-04,31,Manufactura,7,9.0,2324.03,0.0,0,698.0,16844.33,12,0.1267,0
CR-104804,2023-11-07,33,Manufactura,9,10.1,6530.68,7793.78,3,533.0,46216.51,18,0.2129,0
CR-100592,2023-02-03,58,Servicios,36,9.3,3486.19,5051.91,3,507.0,27581.67,24,0.2101,0
CR-105511,2025-04-04,38,Servicios,19,5.6,2413.57,8093.47,1,325.0,11440.17,12,0.2645,0
CR-102961,2023-05-10,38,Comercio,20,11.8,3153.23,1481.42,1,644.0,20507.75,24,0.1564,0
CR-104223,2024-06-08,25,Comercio,2,7.9,2784.69,364.28,1,631.0,4605.43,18,0.2059,0
CR-100206,2024-04-02,29,Manufactura,9,9.6,4848.42,5685.27,1,638.0,12000.05,6,0.1709,0
CR-104408,2024-03-08,37,Comercio,19,24.4,4493.62,0.0,0,741.0,9290.94,18,0.1376,0
CR-102762,2023-04-08,32,Comercio,10,5.9,5259.79,4928.51,3,573.0,18880.11,6,0.2198,0
CR-102600,2025-02-07,32,Servicios,9,2.5,2228.93,5378.37,1,339.0,6942.84,18,0.2913,1
CR-100941,2025-04-17,48,Manufactura,30,8.1,1358.29,398.57,3,667.0,7653.43,6,0.1847,0
CR-105750,2024-04-09,42,Comercio,21,0.8,4165.61,0.0,0,,25854.22,36,0.1516,0
CR-102226,2023-07-05,40,Comercio,16,18.1,3392.67,9777.04,2,387.0,7935.19,18,0.2282,0
CR-104517,2024-04-14,36,Manufactura,13,6.4,2411.54,0.0,0,612.0,17680.94,24,0.1692,0
CR-105832,2024-08-02,40,Agro,19,4.3,6085.95,4997.56,1,624.0,20200.34,12,0.179,0
CR-102555,2023-09-26,34,Comercio,15,7.4,4800.4,16070.35,2,413.0,29672.76,6,0.237,1
CR-101056,2023-07-25,40,Servicios,19,3.2,4599.77,13564.43,3,388.0,32819.58,18,0.2566,1
CR-100102,2023-02-18,34,Comercio,13,9.1,1651.88,2074.66,2,606.0,3338.42,12,0.1945,0
CR-104226,2023-06-02,42,Tecnología,20,6.9,2470.34,6244.66,1,468.0,14532.39,18,0.2285,0
CR-103817,2024-05-25,40,Comercio,18,5.8,5361.16,0.0,0,606.0,22767.5,36,0.2014,0
CR-104538,2023-06-26,26,Manufactura,6,8.1,3186.24,6632.29,2,401.0,16493.47,18,0.2218,0
CR-104623,2025-03-16,47,Agro,23,4.0,5964.49,22450.43,1,387.0,40223.18,12,0.2378,1
CR-100589,2023-01-20,56,Comercio,34,9.1,5174.59,0.0,0,735.0,8564.3,12,0.1448,0
CR-104294,2023-02-07,39,Agro,21,6.5,1802.25,0.0,0,635.0,6298.16,24,0.1507,0
CR-100997,2025-05-04,39,Construcción,19,8.9,5190.68,7606.01,3,531.0,22261.64,18,0.2098,0
CR-104705,2024-01-19,44,Manufactura,20,10.3,2492.75,0.0,0,686.0,15873.64,18,0.1503,0
CR-100313,2025-03-31,43,Construcción,22,8.3,3335.71,13257.03,1,364.0,19222.0,6,0.2466,1
CR-103378,2024-02-08,27,Comercio,7,10.4,7123.9,19466.09,1,476.0,37017.65,6,0.235,1
CR-101740,2023-08-16,34,Construcción,11,26.3,3173.66,3832.14,1,514.0,19608.66,6,0.2576,0
CR-103066,2025-05-25,41,Manufactura,22,15.6,,0.0,0,632.0,10644.63,12,0.1823,0
CR-103652,2023-08-09,47,Manufactura,28,10.9,2595.66,653.99,2,658.0,17789.48,12,0.1683,0
CR-105885,2024-05-26,55,Manufactura,32,4.0,2669.09,8569.83,2,,15289.73,36,0.2651,1
CR-104640,2025-03-12,55,Comercio,33,6.5,2816.18,464.83,5,581.0,5381.88,6,0.2337,0
CR-104817,2023-04-07,36,Tecnología,14,6.4,3452.88,2364.94,2,685.0,6990.29,12,0.1772,0
CR-105727,2023-10-08,32,Servicios,10,2.7,3387.83,10192.71,1,336.0,19757.17,24,0.2737,1
CR-101573,2023-03-26,38,Comercio,15,5.8,6640.93,0.0,0,715.0,45283.73,24,0.151,0
CR-102901,2024-10-06,23,Comercio,0,1.4,3428.95,6646.22,2,474.0,21528.94,12,0.2276,0
CR-101155,2023-07-21,39,Comercio,19,9.8,2189.99,5806.24,2,457.0,11994.74,12,0.2142,0
CR-104219,2023-05-24,34,Comercio,12,11.1,3678.87,11565.06,2,463.0,9836.75,36,0.2103,1
CR-103069,2024-10-02,29,Servicios,5,9.9,1697.2,0.0,0,589.0,7237.66,12,0.1884,0
CR-101074,2024-06-17,28,Manufactura,7,7.8,1437.27,3188.01,2,362.0,8816.31,24,0.2591,1
CR-102346,2025-01-09,36,Construcción,18,10.0,3163.03,0.0,0,705.0,10402.27,18,0.1847,0
CR-104563,2023-11-10,35,Manufactura,12,1.9,2964.58,10094.81,2,357.0,17551.44,6,0.2546,1
CR-104411,2023-05-27,37,Agro,13,2.2,3643.55,10621.74,2,406.0,27280.39,6,0.238,1
CR-102842,2025-05-09,44,Construcción,20,19.3,4870.99,13148.61,2,491.0,21082.79,18,0.2249,0
CR-104677,2023-09-18,47,Servicios,26,7.9,941.13,0.0,0,640.0,6746.32,48,0.1793,0
CR-102270,2025-06-15,43,Comercio,24,19.6,,14082.01,4,319.0,23107.66,48,0.28,1
CR-104358,2024-01-24,33,Manufactura,12,12.4,2979.79,0.0,0,660.0,21868.72,18,0.1961,0
CR-103926,2024-06-16,47,Construcción,28,5.0,2396.93,0.0,0,582.0,5491.32,18,0.2126,0
CR-103753,2025-02-26,46,Manufactura,27,9.6,3263.66,10934.92,3,402.0,23958.6,36,0.2364,0
CR-104060,2023-05-27,41,Construcción,17,7.5,5124.98,3634.09,1,586.0,26690.89,12,0.1942,0
CR-102216,2024-02-09,38,Manufactura,18,8.1,2208.84,6882.88,1,331.0,5988.66,48,0.2604,1
CR-105343,2024-09-17,18,Comercio,0,7.4,4243.96,0.0,0,566.0,10728.35,12,0.2007,0
CR-100067,2023-02-10,33,Tecnología,13,5.1,1968.48,0.0,0,646.0,14344.52,36,0.201,0
CR-102657,2024-10-05,28,Manufactura,7,2.5,6440.23,22855.39,3,447.0,21263.77,24,0.2721,0
CR-102064,2024-11-17,35,Manufactura,11,4.7,3202.17,1033.98,2,600.0,11630.04,12,0.2016,0
CR-101642,2024-04-13,18,Comercio,0,1.6,7345.64,21967.7,1,447.0,33780.47,24,0.2578,0
CR-100192,2025-04-29,34,Comercio,16,10.5,2680.18,9905.79,1,334.0,12391.52,24,0.238,0
CR-103194,2024-01-26,37,Tecnología,15,8.9,3727.19,11665.59,2,361.0,17664.78,12,0.2452,1
CR-103708,2023-06-07,36,Servicios,14,4.0,5493.47,18246.71,1,396.0,8339.3,24,0.2437,0
CR-102611,2024-12-28,47,Servicios,28,17.2,4363.25,0.0,0,721.0,8391.74,18,0.1517,0
CR-103277,2025-05-27,18,Manufactura,0,3.7,2575.84,911.27,3,621.0,17460.75,24,0.1859,0
CR-101139,2023-05-27,38,Manufactura,16,11.0,1389.76,0.0,0,582.0,5059.49,36,0.1885,0
CR-105620,2024-03-04,66,Servicios,43,13.7,12357.18,27799.9,2,464.0,68188.61,18,0.2362,1
CR-102450,2025-05-11,32,Construcción,11,6.9,1709.62,2565.45,1,496.0,7534.9,6,0.2328,0
CR-105850,2023-08-03,49,Agro,27,6.6,6245.15,0.0,0,643.0,48941.01,18,0.1877,0
CR-100958,2023-03-14,38,Comercio,16,7.0,2581.81,3884.02,1,444.0,12954.86,36,0.2427,0
CR-103913,2024-10-30,23,Comercio,4,10.8,5544.21,16202.4,2,390.0,19849.45,36,0.2629,1
CR-102684,2023-04-02,22,Comercio,0,10.6,2872.07,5856.45,1,469.0,4437.36,18,0.25,0
CR-100695,2023-11-03,29,Comercio,6,22.6,10183.53,33846.52,3,442.0,48655.52,48,0.2566,0
CR-100238,2024-02-17,26,Comercio,3,0.9,4072.2,8145.22,1,472.0,30271.54,24,0.2493,1
CR-101993,2023-05-15,49,Comercio,27,13.2,2901.35,5658.09,2,399.0,16291.75,24,0.2747,0
CR-101034,2024-03-22,32,Servicios,12,2.2,3019.99,7334.26,3,385.0,11047.23,6,0.2678,0
CR-100058,2023-03-29,28,Construcción,5,17.8,,5152.56,1,532.0,20178.65,24,0.2088,0
CR-102738,2024-03-15,65,Comercio,44,14.0,9856.55,38330.63,2,404.0,27745.76,24,0.2611,1
CR-104548,2024-02-11,40,Comercio,22,0.3,4342.67,0.0,0,653.0,13689.82,36,0.1614,0
CR-102619,2023-01-05,56,Manufactura,32,12.0,4731.99,18870.55,2,367.0,29188.19,24,0.2581,1
CR-102779,2023-01-05,27,Comercio,7,10.0,3786.35,8444.04,4,532.0,14600.66,12,0.1898,0
CR-104544,2024-01-21,44,Construcción,20,9.9,2306.3,0.0,0,644.0,8159.29,18,0.1745,0
CR-102534,2025-04-25,36,Manufactura,13,4.5,1988.77,6073.76,2,348.0,8252.92,24,0.277,0
CR-105610,2023-03-15,48,Comercio,29,7.2,4739.6,10697.17,1,423.0,18759.38,18,0.2595,0
CR-101271,2023-07-03,54,Manufactura,34,6.6,2342.2,3793.55,5,421.0,11258.42,12,0.2339,0
CR-101326,2024-01-19,41,Comercio,19,6.7,1685.71,6149.88,1,324.0,3482.47,24,0.2942,0
CR-105657,2024-07-13,34,Tecnología,16,4.0,5768.29,19779.13,1,457.0,30487.34,6,0.2443,1
CR-103725,2025-02-08,53,Tecnología,30,9.4,3171.02,0.0,0,660.0,14449.47,6,0.1417,0
CR-101256,2024-12-01,47,Servicios,23,12.5,,10836.26,3,300.0,6009.41,12,0.2575,1
CR-104195,2024-02-08,29,Servicios,5,5.4,3606.96,10164.57,1,325.0,21665.77,6,0.2795,0
CR-101987,2023-06-11,30,Comercio,8,6.3,4234.83,16183.86,1,300.0,23758.19,12,0.2859,1
CR-104124,2023-09-11,46,Construcción,24,13.0,3226.32,3368.85,1,564.0,17071.48,18,0.2109,0
CR-100783,2023-09-17,48,Comercio,30,9.1,3461.59,13401.42,1,300.0,25817.85,6,0.2754,1
CR-105176,2023-12-30,61,Manufactura,38,13.7,8149.36,22718.34,1,479.0,49196.82,24,0.2502,0
CR-100392,2024-10-20,33,Comercio,9,12.3,5369.92,0.0,0,697.0,37443.01,6,0.1782,0
CR-104354,2024-09-06,27,Construcción,3,4.1,4461.62,0.0,0,711.0,10793.33,6,0.1436,0
CR-104629,2023-02-01,27,Manufactura,6,15.1,3489.48,3553.34,2,541.0,13716.14,36,0.2527,0
CR-104604,2025-03-04,37,Manufactura,15,11.6,2882.92,160.24,1,571.0,15698.69,18,0.2034,0
CR-102977,2024-03-08,37,Tecnología,15,3.6,3497.59,5316.25,2,604.0,25782.32,12,0.1856,0
CR-102820,2024-09-09,21,Comercio,0,8.0,5968.65,7095.59,1,595.0,26551.35,18,0.2134,0
CR-104986,2024-01-24,42,Comercio,24,8.3,2263.95,4845.95,1,428.0,17573.78,36,0.2715,0
CR-100280,2024-01-17,43,Manufactura,24,9.9,1674.68,1415.76,1,545.0,6674.55,24,0.1988,0
CR-105437,2024-03-29,37,Comercio,15,8.9,11632.0,0.0,0,834.0,87682.4,12,0.1484,0
CR-100557,2024-07-08,27,Servicios,4,2.9,3612.47,7657.41,3,449.0,21212.82,36,0.2456,0
CR-102943,2024-02-15,35,Comercio,15,10.6,1666.1,511.84,2,634.0,11498.71,18,0.1665,0
CR-100645,2023-02-23,36,Servicios,13,8.5,7587.78,28709.69,1,344.0,19574.47,24,0.2576,1
CR-105178,2024-05-14,19,Agro,0,2.3,6841.4,6132.06,3,544.0,11255.57,18,0.2189,0
CR-100231,2023-01-25,32,Servicios,8,13.4,4712.48,4672.29,1,624.0,12494.06,48,0.2136,0
CR-104701,2024-12-19,33,Tecnología,12,2.0,10516.48,2097.69,1,765.0,78896.23,24,0.154,0
CR-105304,2024-07-26,55,Construcción,33,14.4,3861.88,8435.82,2,463.0,25962.15,6,0.2291,0
CR-101877,2024-05-28,58,Servicios,39,2.6,2680.73,9951.5,2,300.0,9491.06,6,0.2822,1
CR-101351,2024-02-15,44,Servicios,22,5.9,3975.68,0.0,0,555.0,11811.61,36,0.2115,0
CR-102273,2023-12-17,48,Comercio,30,4.7,5530.14,0.0,0,674.0,29218.52,12,0.1614,0
CR-105409,2024-08-22,44,Manufactura,20,12.8,4557.97,0.0,0,601.0,33768.91,24,0.1978,0
CR-103987,2023-10-16,43,Comercio,20,12.5,688.55,1445.72,1,415.0,5388.58,18,0.2499,1
CR-102774,2025-03-25,33,Servicios,14,13.8,4966.75,13550.44,2,405.0,19674.24,6,0.2258,0
CR-105535,2024-10-17,25,Comercio,3,9.1,,30697.81,1,569.0,77800.33,12,0.1947,0
CR-100457,2024-03-29,29,Manufactura,7,7.3,15888.12,31545.6,2,579.0,47163.79,18,0.2061,0
CR-105692,2025-03-30,35,Comercio,11,10.1,2604.4,7220.63,1,303.0,8829.86,24,0.286,1
CR-101495,2023-02-16,26,Comercio,8,5.5,7016.15,18122.3,1,479.0,44107.04,12,0.224,0
CR-105023,2023-01-02,27,Comercio,8,11.7,2266.79,0.0,0,693.0,4688.72,12,0.152,0
CR-100984,2023-02-21,42,Manufactura,18,10.0,2756.58,8853.77,1,390.0,11488.52,36,0.275,0
CR-100988,2023-12-24,35,Manufactura,17,6.6,2170.99,0.0,0,594.0,8097.32,24,0.2116,0
CR-101915,2024-07-29,18,Comercio,0,3.1,7372.55,26491.55,2,348.0,52717.28,18,0.2843,1
CR-101453,2023-04-06,34,Construcción,13,13.4,3800.61,6835.34,4,508.0,24206.5,12,0.2345,0
CR-100779,2025-05-25,24,Manufactura,3,1.3,3230.18,1828.31,2,621.0,12928.79,12,0.1828,0
CR-102851,2025-05-06,54,Agro,32,4.5,4359.99,1193.89,1,653.0,7464.04,18,0.1582,0
CR-102659,2024-10-04,43,Construcción,23,2.7,2284.44,0.0,0,564.0,17639.57,12,0.1875,0
CR-103568,2025-05-14,43,Servicios,24,15.5,6632.78,25749.75,4,380.0,24349.7,24,0.271,0
CR-105368,2024-12-10,38,Servicios,15,6.9,5629.38,1566.23,1,611.0,38867.07,36,0.196,0
CR-101272,2024-01-10,34,Comercio,16,9.1,3179.55,11518.63,2,307.0,22204.24,12,0.2797,1
CR-102107,2023-02-05,26,Servicios,4,13.9,4322.96,10079.91,1,508.0,32373.47,24,0.2162,0
CR-103127,2025-05-26,43,Construcción,23,6.0,1935.93,0.0,0,641.0,5357.46,24,0.1912,0
CR-100214,2025-05-20,34,Servicios,13,9.0,3806.78,10034.86,1,,25229.29,12,0.2836,0
CR-101929,2025-04-13,46,Tecnología,27,2.2,7003.24,2254.0,1,790.0,23630.22,6,0.1548,0
CR-103416,2025-05-01,39,Construcción,15,17.5,1896.6,7470.01,1,307.0,14079.5,18,0.2607,1
CR-103928,2024-10-16,22,Comercio,2,4.6,1129.55,2256.84,2,403.0,6200.22,12,0.2674,0
CR-103665,2023-05-29,21,Comercio,0,3.8,18178.66,45122.9,1,632.0,78796.43,6,0.2067,0
CR-101513,2025-04-08,18,Manufactura,0,6.6,2444.85,413.1,2,656.0,13418.51,12,0.1669,0
CR-104580,2023-12-13,34,Servicios,12,11.4,1830.02,5018.47,1,345.0,5174.3,12,0.2652,1
CR-101331,2025-02-06,26,Comercio,7,9.9,3140.18,10184.05,1,321.0,18836.08,6,0.2765,1
CR-101328,2025-03-27,37,Manufactura,14,5.8,3530.77,0.0,0,596.0,23737.54,24,0.1902,0
CR-102809,2023-04-24,23,Comercio,5,3.3,4414.67,15793.3,1,374.0,23126.52,36,0.2392,1
CR-102623,2024-03-05,40,Manufactura,17,5.3,2841.19,10557.9,2,325.0,6831.91,12,0.2486,0
CR-101990,2024-06-30,42,Manufactura,20,3.9,9666.86,28665.97,1,457.0,74595.6,36,0.2416,1
CR-102090,2023-09-04,40,Construcción,20,6.9,5831.15,9544.49,1,503.0,27778.36,6,0.2311,0
CR-101422,2023-02-25,42,Tecnología,19,0.4,1043.46,0.0,0,556.0,3517.0,18,0.1907,0
CR-105270,2024-07-23,48,Servicios,28,6.8,1619.37,0.0,0,608.0,6652.08,18,0.2057,0
CR-103837,2023-01-05,36,Servicios,13,14.7,3254.75,12426.44,3,300.0,11725.96,24,0.3021,1
CR-104357,2025-05-10,34,Comercio,10,8.6,1846.62,5633.73,1,435.0,3343.84,12,0.2169,1
CR-103721,2024-03-31,46,Comercio,24,13.6,3208.37,0.0,0,649.0,17070.15,24,0.1599,0
CR-101916,2024-05-09,31,Comercio,8,9.4,6456.06,0.0,0,638.0,47291.69,48,0.1653,0
CR-105464,2023-09-19,27,Comercio,9,14.1,2141.51,0.0,0,585.0,6315.53,36,0.1589,0
CR-101669,2023-02-15,30,Comercio,8,9.3,2981.22,0.0,0,605.0,18109.63,36,0.1401,0
CR-104046,2023-08-31,36,Comercio,12,5.7,4064.66,3449.98,2,517.0,19586.87,24,0.223,0
CR-104130,2023-03-30,49,Servicios,27,6.2,2351.67,0.0,0,669.0,15486.88,18,0.1875,0
CR-103203,2024-06-29,50,Servicios,29,10.9,5020.61,3137.89,1,651.0,18640.48,24,0.1904,0
CR-102353,2023-01-07,40,Manufactura,22,14.7,4909.99,0.0,0,636.0,32697.8,36,0.1695,0
CR-101807,2023-01-23,38,Manufactura,17,5.5,3293.31,4085.59,1,576.0,16180.11,6,0.1863,1
CR-103140,2023-12-30,36,Comercio,13,12.7,5604.06,0.0,0,741.0,34232.87,6,0.1428,0
CR-104446,2024-05-08,43,Construcción,22,9.5,4056.16,782.05,2,653.0,24031.84,12,0.1749,0
CR-104621,2024-04-22,38,Servicios,20,5.2,2869.6,5717.56,1,499.0,8636.73,6,0.2606,0
CR-100501,2024-11-10,48,Comercio,25,4.8,2366.95,5832.88,4,377.0,11285.57,12,0.2609,1
CR-104724,2024-04-04,41,Servicios,19,12.3,3348.97,1126.2,2,559.0,5336.5,48,0.2216,0
CR-104007,2025-03-10,43,Manufactura,20,4.4,3141.17,0.0,0,644.0,23700.58,12,0.1958,0
CR-103159,2025-05-21,30,Comercio,7,16.4,,7416.61,1,430.0,6155.94,18,0.2382,0
CR-104732,2024-02-27,63,Manufactura,44,3.5,2949.19,0.0,0,671.0,14062.07,18,0.1914,0
CR-102670,2024-10-23,46,Agro,25,6.8,2588.32,9692.85,1,300.0,20258.03,18,0.2736,1
CR-101921,2023-11-21,49,Agro,31,2.9,,0.0,0,704.0,25474.82,36,0.1515,0
CR-103908,2023-05-04,27,Construcción,8,12.3,4009.44,5887.78,2,588.0,14891.31,24,0.2095,0
CR-103523,2025-03-20,21,Construcción,0,8.6,5164.43,579.26,1,581.0,14580.96,12,0.1896,0
CR-101437,2024-01-30,18,Comercio,0,15.7,2409.23,5378.52,3,444.0,12934.99,6,0.2183,0
CR-104127,2024-02-02,35,Construcción,13,13.4,5296.87,18903.03,1,358.0,36420.14,12,0.2945,0
CR-102520,2025-05-24,36,Manufactura,13,3.7,7102.0,1.77,1,695.0,10851.51,24,0.18,0
CR-105999,2025-01-24,23,Construcción,5,2.0,3329.84,0.0,0,610.0,8804.43,48,0.1841,0
CR-100367,2023-03-29,29,Comercio,9,16.2,2167.49,0.0,0,740.0,12677.08,18,0.1439,0
CR-103480,2023-02-15,33,Comercio,11,12.3,1955.08,0.0,0,522.0,14860.06,6,0.2038,0
CR-103522,2025-03-05,35,Manufactura,15,2.2,1952.32,6943.77,2,300.0,9215.6,6,0.2763,1
CR-104980,2023-03-28,44,Tecnología,26,5.2,2170.68,2295.92,2,528.0,16488.47,12,0.2307,0
CR-102560,2024-08-02,42,Comercio,21,6.9,,3048.37,4,675.0,32079.58,6,0.1796,0
CR-104429,2024-09-28,22,Servicios,3,5.7,,7162.86,1,456.0,22710.51,12,0.2442,0
CR-100566,2024-05-18,36,Servicios,18,9.5,1198.22,3906.07,1,329.0,4672.69,18,0.2786,1
CR-105857,2025-06-09,38,Comercio,16,1.2,,1505.02,2,644.0,17109.07,12,0.1682,0
CR-102796,2024-02-27,44,Manufactura,25,9.0,2625.56,4949.28,1,545.0,5898.2,36,0.2107,0
CR-105137,2023-12-23,43,Comercio,20,4.3,4314.26,0.0,0,629.0,19273.92,6,0.1732,0
CR-105870,2025-02-05,40,Tecnología,17,11.2,2921.62,0.0,0,693.0,9093.2,18,0.189,0
CR-104089,2023-06-08,46,Manufactura,23,2.5,12815.18,6869.72,1,786.0,49893.55,36,0.1561,0
CR-100507,2025-03-13,43,Comercio,22,13.0,1655.45,4093.53,3,402.0,5954.14,36,0.2353,1
CR-102839,2024-07-15,39,Tecnología,19,9.9,2653.49,7365.83,1,397.0,17278.58,6,0.2544,0
CR-104359,2024-10-25,60,Agro,36,12.6,6592.99,4621.26,1,672.0,52470.98,12,0.1708,0
CR-104230,2024-09-20,51,Manufactura,30,2.3,3814.26,0.0,0,648.0,30305.53,24,0.1736,0
CR-100098,2025-02-23,42,Construcción,19,6.8,7985.55,30861.37,1,345.0,53006.81,6,0.2585,1
CR-103359,2025-01-30,40,Manufactura,16,8.8,3615.61,8508.15,2,328.0,13358.21,18,0.2973,1
CR-103650,2024-03-21,54,Comercio,34,9.8,4685.08,0.0,0,638.0,24668.51,36,0.1775,0
CR-104319,2024-12-19,71,Tecnología,48,30.6,4727.42,2595.36,1,657.0,16492.03,24,0.1811,0
CR-100667,2023-11-17,43,Servicios,24,2.5,5225.4,10954.09,4,480.0,23500.75,24,0.2362,0
CR-100858,2023-11-25,18,Comercio,0,13.6,1334.7,2279.49,3,504.0,5544.44,48,0.2148,0
CR-101729,2025-03-03,38,Agro,17,12.8,948.61,3380.93,4,300.0,6486.57,12,0.3046,1
CR-105996,2024-09-30,40,Agro,22,7.2,9706.22,22373.45,1,443.0,36943.59,48,0.2607,0
CR-103001,2024-12-21,46,Manufactura,27,6.9,1389.78,853.81,3,587.0,9742.93,18,0.1964,0
CR-102529,2025-04-17,32,Comercio,13,6.1,1553.11,2082.28,3,566.0,4338.91,12,0.2041,0
CR-105353,2023-02-06,29,Manufactura,9,9.2,3282.8,0.0,0,765.0,14490.08,36,0.1294,0
CR-100299,2025-02-23,42,Comercio,24,6.0,1079.5,0.0,0,733.0,1838.73,6,0.145,0
CR-104168,2025-06-12,37,Construcción,16,3.0,3226.79,0.0,0,643.0,6851.72,36,0.1791,0
CR-101909,2023-07-21,43,Manufactura,25,6.9,2316.31,2469.45,1,560.0,5694.29,36,0.2065,0
CR-102379,2023-01-14,37,Comercio,17,9.1,4011.65,892.16,3,641.0,8362.45,48,0.1639,0
CR-101882,2025-02-27,33,Comercio,14,5.3,2201.85,1085.01,1,657.0,12607.15,6,0.1843,0
CR-102487,2023-04-01,47,Servicios,29,11.2,2286.29,426.89,2,645.0,6924.53,18,0.1877,0
CR-105741,2023-09-13,50,Comercio,27,2.0,1446.21,0.0,0,618.0,11512.08,36,0.1928,0
CR-102968,2023-04-03,60,Manufactura,40,10.9,13087.41,7065.77,1,667.0,91599.9,18,0.168,0
CR-101748,2023-07-20,33,Comercio,15,7.1,3654.16,12442.06,3,366.0,9762.15,6,0.2743,0
CR-104686,2024-06-02,24,Comercio,4,4.7,2605.73,7799.44,2,383.0,11871.69,12,0.2519,0
CR-105802,2024-11-02,46,Manufactura,25,27.8,12157.49,24839.67,2,674.0,23189.83,24,0.1844,0
CR-105929,2024-06-28,40,Manufactura,20,4.3,3529.82,0.0,0,579.0,11075.95,36,0.1865,0
CR-101131,2023-06-17,35,Servicios,16,15.7,5318.7,20219.62,2,341.0,37656.0,18,0.27,1
CR-105132,2024-08-17,38,Comercio,17,3.5,4315.4,4574.01,2,601.0,33711.32,12,0.19,0
CR-103118,2024-06-19,29,Comercio,11,1.6,15307.4,0.0,0,806.0,73272.96,12,0.1421,0
CR-102406,2024-01-24,41,Servicios,20,9.7,2244.54,4141.81,1,438.0,15631.16,48,0.255,0
CR-100556,2024-09-09,30,Agro,10,12.4,5436.87,552.51,1,751.0,23260.83,24,0.1593,0
CR-101554,2023-09-29,23,Construcción,1,4.1,7798.59,12999.24,2,569.0,15523.02,24,0.2095,0
CR-102768,2024-09-08,47,Tecnología,23,8.5,1988.38,4973.31,1,444.0,5107.8,36,0.2637,0
CR-102385,2024-12-10,31,Agro,10,1.9,13444.36,14107.46,2,670.0,63911.14,12,0.1728,0
CR-103786,2023-04-13,34,Tecnología,10,7.0,1297.66,2020.11,3,483.0,8884.2,18,0.1999,0
CR-104897,2024-05-28,52,Servicios,31,2.9,3236.88,0.0,0,678.0,23802.32,24,0.172,0
CR-101953,2024-06-22,31,Servicios,13,6.2,1421.38,5015.74,5,309.0,6616.32,12,0.3004,1
CR-101144,2023-12-26,38,Tecnología,18,17.2,4519.02,5985.21,1,600.0,31240.4,24,0.181,0
CR-100538,2023-07-05,18,Manufactura,0,2.6,3994.87,0.0,0,676.0,10829.69,18,0.1726,0
CR-103871,2023-12-28,27,Tecnología,8,7.7,1769.33,0.0,0,661.0,11483.17,24,0.1621,0
CR-101394,2024-12-07,18,Comercio,0,0.8,2403.63,0.0,0,646.0,6106.5,18,0.1903,0
CR-104661,2024-03-27,34,Servicios,15,5.7,3875.66,0.0,0,671.0,29256.8,12,0.1803,0
CR-101247,2023-04-26,18,Construcción,0,3.0,3441.64,2729.99,1,557.0,24460.25,48,0.2103,0
CR-102418,2023-03-14,45,Servicios,27,10.0,2158.04,3548.83,4,497.0,10392.17,6,0.2411,0
CR-105847,2024-05-16,54,Servicios,32,4.4,2186.88,8706.7,1,300.0,16089.85,24,0.2891,1
CR-105655,2023-06-02,36,Servicios,13,1.3,9770.2,0.0,0,726.0,39712.44,36,0.1838,0
CR-105851,2023-08-16,50,Agro,31,5.1,6209.43,17636.89,2,429.0,25387.45,18,0.2537,1
CR-105500,2025-06-03,33,Agro,12,6.7,3379.4,0.0,0,675.0,6569.28,24,0.184,0
CR-102372,2025-04-15,37,Servicios,19,22.1,2971.01,122.32,1,660.0,22599.14,6,0.172,0
CR-102045,2025-06-09,27,Servicios,8,5.1,3697.21,13820.2,2,317.0,29046.35,36,0.2768,1
CR-104164,2024-05-08,36,Tecnología,17,8.6,2662.04,9030.65,2,390.0,10114.31,12,0.2654,1
CR-101745,2023-05-12,29,Servicios,11,7.9,3496.98,331.71,1,693.0,9996.45,6,0.1637,0
CR-102037,2025-04-02,49,Comercio,26,11.5,996.67,0.0,0,690.0,7657.08,36,0.1626,0
CR-101064,2023-06-29,31,Servicios,7,9.5,6758.86,0.0,0,738.0,22294.79,6,0.1521,0
CR-103727,2024-05-16,45,Agro,22,8.8,3982.99,0.0,0,664.0,7970.29,6,0.1715,0
CR-101230,2024-10-12,32,Construcción,8,4.2,5739.79,20537.83,1,300.0,39084.52,24,0.2641,1
CR-100976,2024-11-17,50,Servicios,28,4.3,2942.11,6936.14,3,399.0,21758.85,12,0.2711,0
CR-101240,2024-05-27,52,Servicios,29,10.5,6599.91,18270.37,1,474.0,41424.22,18,0.2323,0
CR-103754,2024-01-27,35,Tecnología,16,13.5,6055.28,6114.58,2,662.0,36609.45,24,0.1734,0
CR-105690,2023-01-26,58,Tecnología,39,4.0,3869.78,6104.51,1,523.0,23686.42,24,0.1892,0
CR-101662,2023-07-21,37,Servicios,15,7.2,4293.76,6529.88,2,505.0,10004.42,12,0.2224,0
CR-100850,2024-03-18,34,Construcción,14,3.0,10271.52,25161.86,1,601.0,78206.77,12,0.1917,0
CR-103660,2024-02-26,38,Servicios,16,5.8,3328.15,12630.44,2,300.0,16188.0,24,0.2682,1
CR-101023,2023-07-21,45,Comercio,23,22.2,14098.34,7678.27,1,836.0,83428.52,18,0.1415,0
CR-100524,2024-02-06,53,Manufactura,35,6.1,3005.33,0.0,0,665.0,24010.4,18,0.1917,0
CR-104921,2024-11-25,47,Manufactura,27,5.5,3851.25,3751.58,1,641.0,27933.32,24,0.1547,0
CR-102459,2023-07-21,18,Manufactura,0,2.0,2249.77,6886.78,2,387.0,12929.42,24,0.2401,0
CR-103039,2023-01-02,37,Servicios,18,0.8,6647.19,1211.36,2,608.0,18763.43,18,0.1789,0
CR-102025,2024-10-04,22,Comercio,0,8.3,3782.44,8875.18,2,416.0,23301.21,24,0.2342,0
CR-104847,2023-07-05,45,Tecnología,23,6.8,2352.92,743.38,1,619.0,9605.88,12,0.1966,0
CR-105673,2025-02-17,35,Agro,14,13.6,6318.35,4752.83,2,534.0,33560.0,48,0.2023,0
CR-104187,2023-08-15,34,Agro,12,6.2,4570.28,922.54,2,684.0,32416.32,48,0.177,0
CR-104381,2024-08-14,41,Comercio,19,4.1,1297.47,979.1,2,449.0,3171.97,18,0.2404,0
CR-104097,2024-01-03,47,Servicios,23,11.1,2897.01,5548.9,1,469.0,14900.49,18,0.2262,0
CR-102890,2023-09-18,29,Comercio,11,5.8,3125.07,11270.0,4,389.0,22913.16,36,0.2665,1
CR-101238,2024-08-11,45,Servicios,23,7.1,2847.32,11249.48,1,308.0,4273.94,18,0.2771,1
CR-103244,2023-04-05,43,Manufactura,25,22.2,7542.85,14014.3,5,575.0,38402.09,18,0.2045,0
CR-100005,2024-05-23,24,Manufactura,4,1.2,1908.92,5066.02,3,354.0,10691.21,48,0.2552,1
CR-100705,2024-12-13,27,Tecnología,6,1.1,4868.82,13311.49,1,318.0,28490.84,12,0.2624,1
CR-101297,2023-02-06,31,Servicios,9,13.4,3803.36,0.0,0,698.0,27700.41,12,0.1576,0
CR-101751,2023-01-05,31,Manufactura,7,3.0,5321.18,18931.74,1,400.0,12977.97,6,0.2668,0
CR-102262,2023-07-02,40,Servicios,22,9.5,3544.87,0.0,0,649.0,10330.04,12,0.1726,0
CR-105919,2024-12-02,35,Servicios,12,1.5,5363.41,15587.74,3,477.0,17504.15,24,0.2129,0
CR-101684,2024-04-08,31,Manufactura,8,12.0,8525.88,6525.38,4,652.0,49826.85,6,0.1954,0
CR-103388,2024-03-12,21,Tecnología,1,6.2,3666.56,0.0,0,535.0,13970.03,18,0.2053,0
CR-105112,2024-01-04,38,Agro,19,14.0,3161.67,0.0,0,691.0,15210.02,36,0.1629,0
CR-100544,2025-05-25,35,Comercio,15,5.2,14998.61,48620.69,1,578.0,88351.07,18,0.2158,0
CR-105648,2025-02-24,20,Construcción,0,19.4,4245.88,9442.78,2,486.0,22266.38,12,0.2339,0
CR-100616,2024-12-05,46,Servicios,25,3.1,5061.91,0.0,0,579.0,12155.11,6,0.2059,0
CR-100575,2024-04-29,22,Manufactura,4,23.6,6691.52,0.0,0,751.0,44834.76,12,0.1446,0
CR-101620,2024-05-28,44,Comercio,26,1.2,3043.06,1408.77,1,560.0,10217.7,18,0.1745,0
CR-104251,2023-04-08,33,Tecnología,12,14.0,2729.6,737.49,2,647.0,18896.17,24,0.1811,0
CR-100548,2023-04-20,46,Construcción,24,14.1,3556.57,13166.84,2,300.0,26358.21,18,0.2932,1
CR-100639,2023-01-07,44,Comercio,23,7.8,2803.06,10301.18,1,315.0,9971.77,12,0.2468,0
CR-105827,2025-02-07,66,Tecnología,48,7.4,1614.86,1160.47,3,483.0,4414.17,6,0.2297,0
CR-105776,2023-12-16,39,Construcción,21,6.7,,0.0,0,621.0,25029.4,18,0.2337,0
CR-103192,2025-04-08,39,Servicios,16,4.7,9497.58,32059.39,1,360.0,41926.06,12,0.2623,1
CR-102408,2024-01-10,18,Servicios,0,11.8,1711.83,0.0,0,648.0,6571.76,24,0.1962,0
CR-102440,2023-07-09,39,Tecnología,20,16.4,2986.64,9909.76,2,401.0,6598.52,12,0.262,0
CR-104718,2024-05-12,41,Manufactura,21,5.9,2721.99,0.0,0,610.0,5687.31,18,0.2078,0
CR-101652,2023-07-02,44,Comercio,20,21.1,2290.15,4669.7,3,504.0,3687.17,24,0.2113,0
CR-103867,2024-11-05,56,Construcción,32,2.7,7609.1,25109.82,3,398.0,22771.28,36,0.263,0
CR-104965,2025-02-08,39,Comercio,15,16.8,4303.08,8258.07,1,496.0,10393.29,24,0.2242,1
CR-104088,2024-10-11,33,Tecnología,13,16.3,2391.59,3383.66,2,530.0,18080.81,6,0.2295,0
CR-100513,2023-03-26,37,Tecnología,18,10.2,2669.36,0.0,0,611.0,13241.96,12,0.2009,0
CR-104807,2024-10-22,31,Servicios,8,2.9,5267.52,3118.29,3,556.0,36095.57,24,0.2182,0
CR-101621,2024-10-09,39,Comercio,18,4.8,2189.43,6738.32,1,461.0,16336.58,12,0.2235,1
CR-102150,2023-07-23,37,Servicios,18,1.2,4247.68,4787.9,2,561.0,8707.84,12,0.1845,0
CR-100987,2023-05-09,42,Manufactura,19,4.9,,30176.44,1,583.0,55247.79,12,0.1946,0
CR-100432,2025-05-16,37,Servicios,19,0.9,5528.19,0.0,0,753.0,25481.01,18,0.1515,0
CR-103060,2023-11-25,51,Servicios,33,3.2,2887.08,3807.7,2,552.0,5428.72,12,0.1982,0
CR-100588,2024-08-09,41,Construcción,22,5.0,4697.28,7429.41,2,517.0,14975.2,18,0.204,0
CR-104715,2024-11-14,56,Comercio,37,6.1,4405.3,6087.76,1,522.0,29074.92,6,0.2407,0
CR-102185,2023-11-25,38,Tecnología,16,1.3,4162.23,0.0,0,619.0,8360.98,24,0.155,0
CR-101287,2023-09-22,38,Servicios,15,10.1,3655.96,4315.2,2,572.0,18931.15,48,0.211,0
CR-104049,2023-05-14,39,Comercio,19,1.6,3289.14,0.0,0,614.0,7649.75,18,0.187,0
CR-100847,2023-03-13,47,Manufactura,25,5.9,3241.58,243.28,2,644.0,11014.4,18,0.1928,0
CR-101626,2024-01-04,18,Servicios,0,2.7,2661.39,8348.15,2,333.0,9023.1,6,0.2824,1
CR-101236,2024-06-11,38,Construcción,14,8.6,3508.51,4428.13,1,448.0,19773.69,12,0.245,0
CR-100062,2023-09-15,40,Manufactura,19,1.2,1475.88,4780.44,2,344.0,4895.66,12,0.2851,0
CR-105748,2023-10-21,30,Manufactura,6,2.5,4171.92,12583.48,2,365.0,7897.0,12,0.2794,1
CR-101840,2025-01-23,32,Manufactura,14,3.0,3984.54,8751.27,1,464.0,14398.43,12,0.2418,0
CR-102451,2024-01-24,34,Comercio,14,22.9,2168.18,8120.72,2,314.0,11999.72,6,0.2451,1
CR-102347,2025-01-29,30,Comercio,9,13.7,2936.52,4446.81,2,529.0,7625.23,6,0.2036,0
CR-102728,2025-06-08,58,Comercio,40,5.6,2930.5,6393.47,2,445.0,16881.94,6,0.2282,0
CR-100108,2024-08-25,47,Comercio,23,11.7,1930.5,0.0,0,,9718.13,12,0.2052,0
CR-100517,2024-01-10,30,Manufactura,9,10.7,3108.37,0.0,0,612.0,14003.26,48,0.1733,0
CR-100684,2024-08-19,33,Agro,15,20.1,1699.79,2963.4,1,525.0,10992.2,12,0.2041,0
CR-102328,2024-08-25,40,Servicios,21,9.8,4122.3,6175.44,1,534.0,19495.35,24,0.1774,0
CR-105936,2024-05-04,26,Manufactura,3,4.0,1274.07,66.92,1,535.0,2151.17,18,0.2148,0
CR-102019,2023-06-02,43,Construcción,20,8.6,6789.23,18318.23,2,519.0,40380.83,12,0.2189,0
CR-102514,2024-01-04,39,Comercio,20,8.2,1215.15,3488.31,1,411.0,8415.97,24,0.2458,1
CR-102139,2023-06-06,52,Manufactura,29,6.9,8504.62,5054.33,3,702.0,61646.16,18,0.18,0
CR-102823,2024-02-10,27,Servicios,7,11.5,1885.52,6516.03,1,300.0,2874.34,24,0.2946,1
CR-100045,2023-10-27,40,Construcción,19,1.2,2621.89,5109.26,3,472.0,5122.63,48,0.2017,0
CR-102265,2025-04-09,47,Servicios,25,6.3,3840.7,6317.71,2,541.0,29931.51,36,0.218,0
CR-104009,2023-01-28,51,Servicios,33,4.6,3240.62,0.0,0,650.0,19278.04,18,0.1829,0
CR-104278,2024-03-06,34,Servicios,12,8.3,5845.53,13405.89,2,492.0,11077.35,6,0.206,0
CR-102781,2024-09-25,31,Manufactura,7,6.6,2704.46,0.0,0,655.0,12829.86,18,0.18,0
CR-104541,2025-04-28,41,Tecnología,18,11.4,2282.84,7380.15,2,397.0,3974.62,24,0.2549,0
CR-104172,2025-03-17,39,Servicios,18,5.7,4032.37,3598.21,3,616.0,25252.33,6,0.2091,0
CR-101714,2024-02-23,27,Comercio,6,9.2,3771.55,4442.36,2,588.0,8090.78,12,0.2033,0
CR-104682,2024-12-01,31,Manufactura,10,11.2,1771.33,1098.22,3,608.0,9524.57,6,0.2328,0
CR-101584,2023-04-05,37,Manufactura,13,13.4,1900.78,4330.0,1,355.0,4170.0,18,0.2478,0
CR-102174,2024-06-26,42,Comercio,19,1.6,5612.63,11924.76,4,452.0,36869.03,12,0.2429,1
CR-105662,2023-12-07,35,Comercio,17,3.4,8926.57,22397.17,1,517.0,19959.31,18,0.2399,0
CR-105294,2025-04-23,39,Agro,20,7.5,6609.65,8000.45,3,547.0,20664.25,24,0.2077,0
CR-101508,2025-02-03,60,Servicios,39,4.6,1409.6,3648.99,1,424.0,5133.3,18,0.2453,0
CR-104282,2023-04-09,47,Manufactura,28,12.0,6526.06,0.0,0,807.0,25945.74,48,0.1306,0
CR-104425,2024-05-16,46,Manufactura,28,6.9,3179.42,8634.59,2,427.0,23795.76,12,0.2397,1
CR-101549,2023-10-07,42,Comercio,20,7.8,2360.69,1857.6,2,507.0,6363.73,24,0.2537,0
CR-103869,2023-11-23,44,Servicios,20,16.4,3660.04,3146.64,1,653.0,5716.68,24,0.1804,0
CR-100348,2023-07-05,21,Servicios,0,5.9,4866.36,18805.87,1,300.0,29954.14,18,0.3163,1
CR-104133,2024-05-24,37,Comercio,13,9.9,3516.35,5392.73,5,483.0,11249.28,24,0.212,0
CR-101377,2024-01-07,40,Manufactura,16,10.4,2540.9,9435.9,1,,11224.59,18,0.2751,1
CR-104917,2024-01-07,37,Construcción,13,3.7,4683.11,4718.95,2,580.0,16109.32,12,0.1961,0
CR-100701,2023-03-24,35,Servicios,17,4.9,3634.56,10371.81,1,352.0,10461.08,48,0.2442,1
CR-103003,2025-05-24,21,Comercio,3,10.7,5886.01,0.0,0,653.0,45852.09,24,0.1701,0
CR-102911,2023-03-18,59,Manufactura,35,7.6,2875.05,4081.38,4,559.0,10976.17,12,0.1975,0
CR-101971,2024-02-24,35,Manufactura,14,13.7,2313.56,0.0,0,628.0,3821.67,24,0.1877,0
CR-100686,2023-12-02,47,Servicios,26,22.3,2686.85,0.0,0,745.0,9780.58,24,0.1415,0
CR-102746,2023-07-10,50,Comercio,26,15.2,4079.11,12789.97,1,430.0,7672.09,18,0.2336,1
CR-102987,2025-01-06,55,Agro,33,4.9,2219.11,6862.28,4,414.0,4931.33,18,0.2285,1
CR-105487,2023-12-25,30,Comercio,7,3.3,5301.1,15652.77,2,396.0,28702.75,18,0.2756,1
CR-103964,2024-08-17,35,Comercio,12,4.2,3280.42,7060.46,3,475.0,15419.62,12,0.2367,1
CR-104117,2024-12-12,49,Servicios,27,12.7,,2890.07,2,551.0,15778.22,12,0.1938,0
CR-102390,2023-04-13,18,Tecnología,0,1.3,4069.17,7588.41,3,563.0,6907.67,12,0.2086,0
CR-100643,2025-01-15,40,Servicios,21,7.9,8499.61,29200.71,1,367.0,26125.9,18,0.2883,0
CR-104145,2023-03-19,18,Tecnología,0,2.0,3993.79,5638.09,1,584.0,25445.73,24,0.2114,0
CR-103105,2023-05-10,38,Agro,15,4.7,4192.75,0.0,0,621.0,18999.78,12,0.1896,0
CR-102800,2024-09-23,35,Manufactura,11,4.9,,0.0,0,687.0,12792.98,12,0.2045,0
CR-102112,2023-01-18,48,Servicios,28,6.3,3631.86,2425.66,2,633.0,25778.03,24,0.1663,0
CR-101019,2025-05-12,45,Servicios,24,6.3,6386.64,0.0,0,684.0,27549.02,12,0.1899,0
CR-105993,2024-12-03,35,Comercio,11,7.9,3060.84,0.0,0,716.0,10193.84,18,0.1703,0
CR-101578,2023-11-04,18,Comercio,0,5.1,4791.32,6186.72,3,545.0,17424.35,12,0.226,0
CR-104819,2025-03-01,23,Comercio,0,6.5,7237.96,0.0,0,684.0,21046.53,12,0.1729,0
CR-105892,2024-05-18,60,Servicios,42,1.8,2593.33,6366.53,1,400.0,10514.89,12,0.2699,1
CR-104143,2023-03-24,34,Tecnología,11,4.3,3099.21,10035.54,3,392.0,7088.9,6,0.2397,0
CR-105072,2023-04-29,59,Manufactura,39,9.5,,6521.74,1,391.0,16626.74,36,0.2593,1
CR-102161,2023-05-14,28,Tecnología,10,5.8,4132.77,5114.23,5,521.0,24725.21,18,0.2228,0
CR-100054,2025-05-25,33,Servicios,12,10.1,2104.38,8410.95,1,300.0,14766.07,18,0.2857,1
CR-101132,2023-02-18,30,Manufactura,8,7.4,2402.2,9278.09,1,300.0,4002.51,6,0.2818,0
CR-100094,2025-02-08,19,Manufactura,0,7.5,,3669.55,2,529.0,10236.28,12,0.2046,0
CR-105033,2023-11-19,37,Manufactura,18,10.6,2661.27,2964.1,3,430.0,16223.7,12,0.2347,0
CR-102981,2023-07-28,55,Comercio,37,12.8,3840.46,0.0,0,644.0,13307.73,6,0.1673,0
CR-103017,2023-01-14,50,Manufactura,32,21.1,4882.48,13691.82,1,431.0,22536.34,48,0.2748,0
CR-102416,2024-02-10,30,Manufactura,8,4.1,3108.77,0.0,0,599.0,18935.9,48,0.197,0
CR-104553,2025-02-23,42,Comercio,19,4.0,7138.52,0.0,0,787.0,31086.29,24,0.1449,0
CR-104017,2023-09-23,49,Agro,25,4.0,2891.6,11415.98,1,300.0,7952.24,12,0.2655,1
CR-103484,2023-08-13,48,Agro,28,9.6,3564.46,0.0,0,624.0,21781.89,24,0.1909,0
CR-102949,2024-05-14,51,Servicios,28,5.8,11906.13,19947.43,3,686.0,77325.96,18,0.1587,0
CR-103988,2023-03-23,51,Comercio,31,5.2,2087.05,7307.24,2,300.0,6642.72,36,0.2849,0
CR-105185,2024-08-10,41,Manufactura,21,2.4,,0.0,0,692.0,13983.62,36,0.1487,0
CR-104881,2023-01-02,41,Servicios,21,7.6,2195.73,8133.72,2,300.0,6579.49,12,0.2871,1
CR-101520,2024-04-22,24,Comercio,2,6.9,3188.94,0.0,0,630.0,20828.71,48,0.1973,0
CR-105964,2024-02-11,59,Agro,39,6.2,2081.88,0.0,0,522.0,3950.93,36,0.2227,0
CR-104171,2023-01-05,45,Comercio,26,6.5,8908.32,13079.96,2,551.0,22504.14,18,0.1867,0
CR-105962,2024-09-10,56,Manufactura,34,4.3,4324.65,705.5,3,602.0,9978.68,12,0.2169,0
CR-102776,2025-01-21,44,Servicios,22,9.1,3473.53,5094.21,1,561.0,27298.78,6,0.221,0
CR-104222,2025-05-19,74,Servicios,53,3.5,6670.29,0.0,0,,48501.01,48,0.1946,0
CR-103737,2025-01-31,55,Manufactura,35,7.2,,39019.24,2,631.0,71394.15,18,0.1699,0
CR-105411,2024-04-14,52,Agro,32,6.6,8452.43,9068.67,2,599.0,43414.56,18,0.1994,0
CR-100349,2024-03-15,54,Comercio,32,10.4,1369.61,3174.21,4,498.0,3817.97,24,0.1959,0
CR-101831,2023-03-28,39,Servicios,20,0.7,2786.69,0.0,0,607.0,16260.43,12,0.216,0
CR-103883,2023-03-03,52,Agro,28,6.2,2541.39,2109.79,3,631.0,19062.75,24,0.1527,0
CR-102752,2025-05-13,20,Construcción,0,15.4,2671.24,5615.7,1,451.0,7683.04,24,0.2665,0
CR-100244,2023-08-08,61,Manufactura,42,3.5,2978.37,2515.62,2,472.0,8282.74,24,0.2395,0
CR-100959,2023-11-03,42,Servicios,24,14.8,3798.38,0.0,0,628.0,23547.29,12,0.2016,0
CR-100434,2024-08-09,48,Servicios,24,2.7,,6494.77,1,424.0,4896.34,6,0.2276,1
CR-104341,2025-05-06,50,Manufactura,29,19.5,3106.88,0.0,0,707.0,7199.88,18,0.1423,0
CR-101560,2023-08-19,34,Servicios,15,1.4,5029.77,5428.12,3,524.0,13496.32,36,0.2155,0
CR-104044,2023-11-15,27,Comercio,6,7.6,2208.77,3518.35,4,425.0,7727.85,48,0.2407,0
CR-101550,2024-05-20,21,Tecnología,0,15.7,2137.31,5870.49,3,329.0,8800.7,24,0.2498,0
CR-103231,2025-03-22,55,Servicios,35,6.4,2588.48,5438.05,2,416.0,12983.1,36,0.2715,0
CR-102142,2024-08-02,68,Manufactura,44,9.6,13787.48,23001.86,1,617.0,76704.37,18,0.2057,0
CR-103448,2024-10-08,32,Servicios,10,3.9,3992.81,14044.57,1,334.0,16776.32,6,0.2791,0
CR-101352,2023-03-16,24,Manufactura,0,20.5,7375.94,23538.75,1,425.0,42607.68,24,0.2375,1
CR-100711,2023-03-14,46,Tecnología,22,11.9,1955.14,1865.9,1,491.0,2988.5,24,0.2328,0
CR-102133,2024-01-06,42,Comercio,19,3.7,2146.49,1007.64,2,546.0,5647.12,36,0.2364,0
CR-102336,2023-11-05,68,Construcción,45,4.8,5273.85,0.0,0,750.0,37126.43,18,0.1613,0
CR-100495,2024-06-02,48,Manufactura,28,4.7,1782.93,0.0,0,640.0,11622.57,12,0.1743,0
CR-100600,2023-12-13,44,Comercio,26,5.0,3306.63,11292.88,3,358.0,24237.69,24,0.2825,1
CR-102868,2023-02-10,39,Comercio,16,10.7,2542.82,0.0,0,717.0,8201.49,24,0.1859,0
CR-102751,2023-03-17,34,Construcción,16,13.5,,0.0,0,667.0,5909.32,18,0.1648,0
CR-100840,2025-04-28,59,Comercio,35,7.5,3231.16,8697.57,1,417.0,10219.63,18,0.2223,0
CR-101289,2024-01-11,47,Manufactura,24,3.9,3540.78,8809.19,2,419.0,21476.64,6,0.2517,0
CR-104668,2023-06-06,58,Manufactura,35,2.1,4926.21,2984.82,1,667.0,16244.98,18,0.1686,0
CR-103646,2025-03-23,54,Comercio,31,4.0,3267.74,0.0,0,619.0,14828.33,24,0.1488,0
CR-103198,2023-12-19,49,Servicios,30,6.8,4083.76,10537.87,1,409.0,21081.4,18,0.2633,0
CR-100906,2023-08-10,36,Comercio,16,5.9,3200.21,2982.65,1,608.0,10558.56,18,0.1937,0
CR-104152,2023-01-01,42,Manufactura,18,9.2,2350.7,0.0,0,589.0,11422.22,6,0.193,0
CR-102726,2024-03-18,28,Construcción,5,2.9,2062.71,4690.88,1,403.0,11723.77,12,0.255,0
CR-101448,2023-10-19,35,Servicios,13,24.4,10667.64,17639.67,4,626.0,75937.38,6,0.208,0
CR-101424,2025-06-01,40,Servicios,21,3.5,6407.67,22206.25,3,300.0,27657.3,6,0.2699,1
CR-105596,2023-11-30,36,Tecnología,17,2.0,5953.13,4470.48,1,664.0,16730.8,6,0.1798,0
CR-105604,2023-12-22,37,Tecnología,13,9.9,10468.88,0.0,0,749.0,45287.35,12,0.1192,0
CR-100563,2023-04-03,30,Comercio,12,7.7,10077.86,0.0,0,709.0,37722.59,36,0.1482,0
CR-104744,2024-09-11,36,Servicios,17,35.6,3847.25,11661.33,1,436.0,16188.15,6,0.2609,0
CR-103335,2023-11-20,35,Tecnología,13,7.9,3844.72,4112.19,1,503.0,22365.05,18,0.2171,0
CR-105711,2023-09-25,18,Manufactura,0,21.9,4384.72,13707.11,3,349.0,28426.59,36,0.2583,1
CR-103419,2025-02-12,52,Tecnología,33,6.2,4310.8,11377.29,1,397.0,25478.42,12,0.2389,1
CR-103295,2025-04-07,45,Comercio,26,2.9,2407.5,3257.72,1,550.0,8711.36,36,0.2043,0
CR-100596,2023-09-04,32,Agro,9,14.4,4138.11,2559.08,3,668.0,31077.05,36,0.1858,0
CR-100940,2024-11-02,40,Comercio,17,4.0,5733.26,12329.04,1,534.0,32397.53,18,0.2127,1
CR-103285,2023-06-13,49,Manufactura,26,1.6,2030.46,6661.52,1,320.0,6144.96,24,0.2846,0
CR-105491,2023-11-25,18,Servicios,0,6.0,,2233.43,1,442.0,7541.54,12,0.238,0
CR-102040,2023-06-24,48,Manufactura,30,14.6,9068.56,18009.35,4,586.0,31592.83,12,0.1954,0
CR-101217,2025-02-03,18,Servicios,0,9.4,6380.75,18032.64,2,389.0,26386.56,24,0.2593,0
CR-100839,2025-01-22,34,Comercio,13,15.8,4849.84,8775.35,1,510.0,32054.9,6,0.208,0
CR-100344,2025-03-15,56,Tecnología,36,11.7,1439.08,5463.15,2,323.0,7299.73,24,0.2791,0
CR-104307,2024-07-22,61,Manufactura,43,10.6,1762.73,1458.45,1,637.0,12926.82,48,0.1937,0
CR-102300,2024-12-17,33,Comercio,11,1.0,2980.09,5139.15,2,461.0,13889.65,6,0.2242,0
CR-100778,2024-07-02,39,Servicios,18,2.1,1845.78,6990.82,1,300.0,6207.47,24,0.3107,0
CR-104793,2024-11-30,37,Comercio,19,14.8,3963.35,0.0,0,768.0,8027.23,36,0.1424,0
CR-102438,2024-11-27,49,Servicios,29,4.2,1767.54,0.0,0,687.0,9450.89,24,0.1726,0
CR-105221,2024-12-26,18,Manufactura,0,12.5,10687.65,0.0,0,709.0,30452.8,24,0.1719,0
CR-100857,2024-01-17,43,Comercio,21,7.0,5457.75,14486.84,4,398.0,14538.25,12,0.2583,1
CR-104387,2024-10-11,45,Tecnología,25,11.3,10525.46,29443.52,1,474.0,46107.25,12,0.2263,0
CR-105323,2023-09-14,29,Manufactura,11,12.6,2813.97,2754.47,4,570.0,19517.44,18,0.2111,0
CR-105510,2024-10-17,42,Agro,24,4.9,4792.54,17897.35,1,326.0,10891.79,12,0.2862,0
CR-101958,2025-04-12,35,Servicios,16,2.6,3933.52,6670.89,2,450.0,22627.84,18,0.234,0
CR-105401,2024-12-30,46,Agro,24,8.1,2595.62,7477.69,1,461.0,14470.96,24,0.2403,0
CR-105702,2023-11-26,45,Tecnología,27,7.8,2140.41,101.38,3,723.0,9916.88,12,0.1467,0
CR-100726,2023-07-26,41,Manufactura,19,17.8,3562.99,4519.25,1,544.0,13556.75,12,0.203,0
CR-101790,2025-02-27,20,Servicios,2,7.6,2330.35,522.03,1,650.0,11126.99,18,0.1581,0
CR-105478,2023-06-17,48,Servicios,29,14.8,5758.6,14127.81,3,539.0,11423.41,36,0.2053,0
CR-105635,2024-12-12,18,Agro,0,16.3,5923.68,16104.5,1,388.0,39270.92,18,0.2519,1
CR-102512,2023-01-05,40,Manufactura,20,11.2,5369.82,9576.83,6,485.0,29263.16,12,0.2532,1
CR-102274,2025-04-06,39,Agro,16,15.2,5542.64,0.0,0,692.0,28106.81,36,0.1774,0
CR-100275,2024-03-25,42,Servicios,22,0.6,,9096.01,2,364.0,20073.73,18,0.2585,0
CR-104675,2025-01-30,53,Servicios,30,8.6,4061.07,561.26,5,699.0,14015.37,48,0.1486,0
CR-102970,2023-03-30,49,Tecnología,28,26.0,,3883.29,4,646.0,24114.02,24,0.1725,0
CR-102204,2025-01-11,50,Comercio,32,5.0,11763.63,0.0,0,761.0,57163.31,36,0.1266,0
CR-101766,2024-10-26,25,Comercio,3,11.4,,3990.45,2,473.0,11168.74,24,0.2203,0
CR-104292,2024-04-18,28,Servicios,4,2.9,1324.81,2725.22,4,407.0,7041.84,24,0.2576,0
CR-101966,2025-04-27,41,Servicios,18,4.7,3255.02,5646.61,3,,20410.81,6,0.2286,0
CR-102358,2025-04-23,51,Comercio,28,2.9,1883.58,0.0,0,655.0,13918.62,36,0.1926,0
CR-101102,2024-06-15,45,Servicios,22,9.1,2043.04,6254.06,2,300.0,7887.11,12,0.2725,0
CR-100329,2025-01-10,32,Tecnología,10,4.7,1675.3,828.28,2,619.0,5592.3,12,0.2056,0
CR-103316,2025-06-08,36,Servicios,14,14.2,5233.2,14411.93,1,450.0,26406.4,18,0.2453,1
CR-103371,2023-04-22,21,Tecnología,0,24.4,9244.73,0.0,0,772.0,22662.68,12,0.1672,0
CR-102761,2025-05-21,20,Agro,1,3.1,2348.64,1379.72,2,489.0,9525.94,18,0.2196,0
CR-102398,2025-02-06,31,Manufactura,11,7.3,5940.17,0.0,0,612.0,46847.56,6,0.1772,0
CR-102578,2024-05-20,52,Servicios,28,11.7,2728.62,1481.06,3,557.0,20478.69,6,0.206,0
CR-102973,2024-05-21,32,Comercio,10,11.1,,2969.41,3,447.0,9167.78,18,0.2474,0
CR-103935,2023-08-28,40,Tecnología,16,6.6,1595.06,5917.05,1,373.0,7333.19,36,0.25,1
CR-105808,2024-12-17,32,Comercio,10,2.0,4557.55,3594.03,1,659.0,33682.98,36,0.1887,0
CR-100996,2024-01-20,46,Manufactura,23,6.8,1562.73,2107.74,2,495.0,10195.11,12,0.2095,0
CR-103355,2024-05-29,18,Servicios,0,2.4,10061.05,32691.09,5,465.0,25820.9,24,0.2471,0
CR-104953,2023-11-22,18,Tecnología,0,10.5,547.56,279.85,1,632.0,4136.77,24,0.1968,0
CR-100796,2024-07-19,49,Manufactura,26,7.9,2296.55,6249.14,1,331.0,3548.65,6,0.2709,0
CR-100123,2023-09-24,53,Tecnología,33,8.2,2429.65,1020.23,2,519.0,17068.7,48,0.2074,0
CR-102932,2023-11-26,51,Comercio,33,11.0,6424.13,14847.79,1,530.0,10100.37,18,0.2261,0
CR-105431,2023-08-31,41,Tecnología,22,0.7,1674.26,1946.28,2,455.0,11631.01,24,0.2469,0
CR-104128,2023-02-24,36,Tecnología,16,2.3,3250.59,7498.82,3,374.0,5982.16,36,0.2726,1
CR-104382,2025-03-26,43,Manufactura,23,6.8,,7338.13,4,555.0,26504.47,12,0.2068,0
CR-104537,2024-06-03,41,Agro,21,13.1,2856.83,848.76,1,674.0,19176.2,12,0.1907,0
CR-104708,2023-12-28,29,Comercio,9,1.6,3308.66,13166.8,2,300.0,20595.83,6,0.2905,1
CR-105781,2023-11-25,21,Agro,1,14.3,3672.95,0.0,0,666.0,20436.27,12,0.1662,0
CR-103414,2024-08-30,26,Tecnología,7,7.5,2854.54,10458.45,4,316.0,9431.92,6,0.3106,1
CR-103670,2024-12-02,43,Construcción,21,12.2,3023.46,0.0,0,643.0,7048.82,12,0.1686,0
CR-105914,2023-01-12,44,Manufactura,25,7.9,2990.41,0.0,0,653.0,9412.56,24,0.191,0
CR-103626,2024-02-22,39,Tecnología,19,11.3,2880.87,876.07,2,720.0,15995.16,24,0.1323,0
CR-105682,2023-10-09,34,Comercio,13,7.8,1637.32,5169.61,2,300.0,9349.7,18,0.2906,1
CR-101051,2024-06-01,36,Servicios,16,5.1,6020.15,9105.35,3,524.0,19618.95,18,0.2172,0
CR-103833,2025-01-21,29,Tecnología,10,7.3,12027.95,4929.39,2,676.0,61387.74,18,0.17,0
CR-103391,2023-11-08,19,Manufactura,0,6.8,2313.81,6045.96,2,481.0,5414.8,18,0.2087,0
CR-103740,2023-08-19,21,Manufactura,0,3.9,2824.16,3047.21,4,461.0,18770.38,24,0.2412,0
CR-105505,2023-05-30,28,Comercio,8,2.3,1465.33,1217.5,2,508.0,2498.92,12,0.1989,0
CR-103456,2023-09-18,41,Manufactura,18,5.1,1324.93,5017.46,1,327.0,6371.51,48,0.2773,1
CR-104936,2024-02-20,41,Servicios,17,7.1,2845.6,0.0,0,641.0,7256.48,6,0.1729,0
CR-100610,2024-01-10,27,Comercio,9,6.3,2678.61,8448.22,4,307.0,19219.27,36,0.2808,1
CR-105110,2025-05-17,36,Construcción,16,16.4,,0.0,0,648.0,5275.96,18,0.1652,0
CR-105381,2024-06-20,31,Servicios,13,3.1,8865.55,31947.04,2,303.0,32151.36,12,0.2976,1
CR-104103,2024-06-20,58,Tecnología,36,3.2,2321.87,8651.02,1,322.0,6385.89,12,0.2614,0
CR-100560,2024-02-12,37,Comercio,13,15.3,1441.11,2164.69,2,466.0,7107.86,18,0.2429,0
CR-101991,2024-12-06,44,Comercio,24,2.7,5153.98,9367.97,3,486.0,13494.14,12,0.2415,0
CR-105165,2024-06-16,30,Manufactura,10,15.7,1606.68,0.0,0,654.0,6912.93,48,0.1694,0
CR-100717,2025-04-27,46,Agro,22,6.0,8871.32,0.0,0,754.0,23240.03,18,0.1381,0
CR-104748,2023-02-28,26,Comercio,8,3.7,1435.5,4643.85,3,332.0,8591.06,24,0.2694,1
CR-103706,2024-09-04,36,Servicios,17,4.0,3150.73,0.0,0,667.0,19006.17,36,0.1456,0
CR-102023,2024-11-25,37,Manufactura,14,5.5,3741.94,549.69,1,566.0,10890.63,36,0.2097,0
CR-102126,2023-01-30,62,Manufactura,38,6.7,2015.46,7197.66,1,300.0,7329.79,6,0.2735,1
CR-102596,2023-08-13,52,Comercio,29,7.9,4487.44,17834.44,1,300.0,22712.12,24,0.2795,1
CR-105723,2024-08-18,73,Agro,55,4.8,3156.87,12147.95,2,351.0,9679.95,36,0.2578,1
CR-103599,2025-04-18,53,Comercio,31,14.1,3831.97,14805.58,2,300.0,21877.32,12,0.2875,1
CR-101794,2025-05-01,18,Servicios,0,8.7,1962.45,0.0,0,565.0,4087.57,6,0.2219,0
CR-104390,2024-07-06,40,Comercio,19,12.6,3412.5,5468.64,1,586.0,11459.88,48,0.2023,0
CR-102461,2023-01-23,24,Comercio,5,10.0,3832.45,6992.43,2,502.0,5888.29,12,0.2194,0
CR-103158,2024-05-20,22,Servicios,0,5.4,2684.17,1169.2,2,612.0,12941.71,24,0.1904,0
CR-102756,2024-03-24,45,Manufactura,21,9.7,,10151.49,2,658.0,14040.46,36,0.1702,1
CR-101653,2023-03-03,34,Construcción,14,13.8,2077.41,475.97,3,657.0,8075.51,18,0.1499,0
CR-104607,2023-08-11,52,Comercio,34,9.4,4384.98,6549.97,1,600.0,23411.41,48,0.1974,0
CR-102894,2023-04-28,31,Manufactura,7,3.0,4376.63,1495.7,2,572.0,26776.43,6,0.175,0
CR-100100,2024-07-12,34,Comercio,16,5.2,5543.37,0.0,0,697.0,28994.05,12,0.169,0
CR-103361,2024-05-12,18,Servicios,0,3.3,1416.63,2730.72,2,417.0,4778.86,18,0.2294,0
CR-105255,2023-01-15,24,Servicios,2,9.2,3212.17,2619.17,4,,17098.48,36,0.1952,0
CR-105098,2023-09-10,28,Construcción,10,6.5,1599.86,2607.74,3,459.0,2808.49,24,0.2444,0
CR-105793,2023-07-19,50,Comercio,32,5.7,7850.77,0.0,0,747.0,23992.18,24,0.1713,0
CR-101162,2024-03-23,35,Comercio,15,10.4,6530.72,0.0,0,723.0,40404.51,48,0.1453,0
CR-102402,2024-09-21,41,Tecnología,23,3.2,2124.13,5864.53,2,327.0,6726.12,24,0.2807,0
CR-101577,2023-11-28,49,Servicios,27,6.5,4778.79,6936.23,2,517.0,33322.25,24,0.1963,0
CR-104845,2023-11-28,48,Construcción,27,13.8,10251.7,16664.97,4,619.0,80264.2,6,0.1865,0
CR-101657,2023-08-12,19,Servicios,0,1.1,4779.45,14398.93,1,325.0,29401.26,6,0.2983,0
CR-103639,2025-04-14,23,Servicios,4,2.3,1880.25,0.0,0,668.0,9988.02,12,0.162,0
CR-100210,2023-05-13,48,Servicios,29,12.6,6606.11,0.0,0,697.0,30389.6,48,0.1746,0
CR-105600,2024-04-22,57,Construcción,36,8.6,,26393.19,3,422.0,34526.33,12,0.2614,1
CR-103530,2024-07-18,55,Servicios,31,2.3,4929.41,1635.03,2,653.0,15836.75,6,0.1752,0
CR-103279,2024-11-24,34,Comercio,14,1.8,3885.17,0.0,0,717.0,12927.51,24,0.1516,0
CR-104778,2024-08-08,37,Servicios,19,12.3,4299.7,11220.94,1,519.0,23002.58,48,0.2218,0
CR-103684,2023-10-16,26,Servicios,4,10.9,4048.94,1691.14,1,570.0,19202.81,12,0.1874,0
CR-101703,2023-02-04,18,Comercio,0,9.7,9649.43,0.0,0,724.0,34709.83,6,0.1609,0
CR-103271,2024-01-26,34,Construcción,11,10.8,7394.3,0.0,0,756.0,14795.16,24,0.1293,0
CR-103589,2025-01-13,32,Tecnología,10,6.9,5633.88,10870.98,1,517.0,17180.17,12,0.2053,0
CR-101005,2024-09-05,42,Construcción,24,15.8,1635.4,5323.65,3,313.0,12304.21,48,0.2522,1
CR-102687,2023-11-05,35,Comercio,16,6.5,3461.88,12230.7,2,323.0,25765.92,6,0.2884,1
CR-102243,2025-02-19,48,Manufactura,28,10.9,5149.14,3928.41,2,633.0,18910.55,6,0.1593,0
CR-103998,2024-08-27,31,Manufactura,8,13.6,3583.0,3293.2,2,565.0,16087.07,48,0.2159,0
CR-102397,2024-02-21,36,Construcción,18,3.7,1505.0,0.0,0,657.0,6344.9,12,0.2092,0
CR-101783,2024-02-07,27,Comercio,9,1.0,4685.44,7665.52,1,583.0,34996.73,18,0.1775,0
CR-105872,2023-10-31,40,Tecnología,18,7.9,1891.98,4655.89,3,372.0,8094.58,36,0.2788,0
CR-102088,2024-01-22,31,Construcción,10,4.7,2253.32,2210.39,1,521.0,13133.13,48,0.2406,0
CR-103041,2023-04-09,37,Comercio,16,4.3,2323.33,6472.9,3,408.0,11230.47,48,0.2728,1
CR-104141,2023-12-23,75,Agro,57,5.0,7854.34,22744.97,3,521.0,56230.12,24,0.2171,1
CR-105698,2024-03-09,31,Comercio,13,5.7,4392.98,0.0,0,721.0,22655.65,6,0.1445,0
CR-100372,2024-08-30,47,Tecnología,29,7.3,3390.59,6087.51,5,585.0,6249.7,18,0.1753,0
CR-104948,2023-08-04,38,Comercio,14,6.4,3082.63,3366.26,1,626.0,19499.92,36,0.1654,0
CR-103857,2024-05-21,38,Servicios,17,12.4,2361.61,4630.66,1,386.0,13005.62,48,0.2452,1
CR-105391,2023-02-27,22,Agro,3,11.3,5878.47,5030.95,2,650.0,40103.48,18,0.196,0
CR-103259,2023-09-09,34,Servicios,12,5.0,5667.89,6516.82,2,625.0,29888.27,12,0.1776,0
CR-105419,2023-12-31,25,Manufactura,4,4.3,2765.8,2716.42,2,,5544.51,48,0.2459,0
CR-102060,2023-09-12,22,Comercio,4,17.0,4897.41,0.0,0,677.0,25054.5,6,0.1929,0
CR-103204,2024-10-02,43,Servicios,19,4.5,3240.38,0.0,0,617.0,19332.4,36,0.166,0
CR-100834,2024-12-22,30,Manufactura,12,8.9,4569.44,0.0,0,658.0,13329.0,24,0.1719,0
CR-104706,2024-05-14,43,Servicios,25,7.3,2502.93,0.0,0,642.0,13510.32,24,0.1875,0
CR-104768,2025-04-24,22,Agro,0,8.0,7570.49,11303.5,1,560.0,46356.99,24,0.1962,0
CR-102331,2025-03-07,21,Agro,1,12.1,5740.39,17843.37,3,360.0,41837.91,6,0.2898,1
CR-105144,2024-01-12,20,Servicios,0,2.9,1143.97,3012.88,1,456.0,7534.14,18,0.2299,0
CR-104721,2025-06-09,28,Servicios,9,13.3,3595.79,0.0,0,742.0,9547.01,18,0.1409,0
CR-104272,2023-09-22,42,Manufactura,24,10.0,7237.93,0.0,0,759.0,30399.96,6,0.1629,0
CR-103831,2023-03-28,62,Comercio,40,17.9,4368.99,1436.75,1,569.0,33715.56,12,0.2127,0
CR-104229,2023-07-10,48,Tecnología,27,25.9,4077.47,4287.25,2,,22600.56,12,0.1987,0
CR-100205,2023-07-15,37,Agro,13,5.7,1314.79,393.4,2,562.0,4467.96,12,0.2273,0
CR-101006,2023-10-17,45,Agro,21,19.9,4978.71,400.81,1,691.0,32855.85,18,0.1643,0
CR-105177,2023-01-31,53,Tecnología,32,2.5,5040.91,2815.43,1,615.0,33755.28,6,0.1896,0
CR-103274,2024-12-22,18,Tecnología,0,4.5,,9008.04,2,300.0,6361.69,18,0.2792,1
CR-105296,2024-10-17,30,Construcción,9,19.1,2987.34,4356.49,2,616.0,23795.82,6,0.1811,0
CR-105301,2023-09-16,29,Comercio,7,5.2,4892.71,115.57,2,668.0,33815.11,48,0.1769,0
CR-103243,2025-06-15,41,Servicios,18,6.8,1864.52,2917.73,3,517.0,8830.25,48,0.2406,0
CR-105315,2023-09-28,50,Servicios,32,8.0,1361.36,0.0,0,586.0,2819.95,24,0.1904,1
CR-100951,2025-05-10,43,Construcción,20,2.1,1541.27,1637.95,2,543.0,2998.79,12,0.2173,0
CR-105350,2024-01-31,32,Manufactura,14,11.0,2741.8,463.98,1,716.0,7149.42,24,0.1572,0
CR-102116,2024-05-04,39,Comercio,18,7.4,1683.31,3589.26,4,392.0,8693.98,12,0.2553,0
CR-103922,2024-10-28,26,Comercio,3,9.3,5414.18,10734.56,2,531.0,22992.6,48,0.1843,0
CR-102893,2023-08-10,31,Construcción,7,4.7,2759.28,6622.05,2,431.0,10725.23,24,0.2285,1
CR-105732,2023-04-03,53,Manufactura,30,3.9,1400.01,0.0,0,626.0,7450.87,12,0.1921,0
CR-104481,2023-12-08,38,Tecnología,18,3.3,2375.43,3350.17,1,519.0,15036.97,6,0.1865,0
CR-103679,2024-12-06,39,Comercio,16,1.5,3465.53,0.0,0,560.0,12673.49,12,0.2351,0
CR-102472,2023-11-04,42,Manufactura,20,13.0,1462.75,0.0,0,678.0,9869.61,12,0.1874,0
CR-102351,2024-04-11,45,Comercio,27,2.1,1969.28,5571.51,3,300.0,6214.92,24,0.2944,1
CR-103078,2023-01-05,24,Comercio,1,1.9,3241.12,0.0,0,595.0,7851.3,12,0.1657,0
CR-105231,2023-08-17,21,Servicios,0,2.5,3009.91,0.0,0,663.0,22370.4,18,0.1834,0
CR-100057,2024-06-19,54,Servicios,34,8.0,817.13,1118.44,2,426.0,2336.01,24,0.2435,0
CR-104486,2024-03-05,57,Comercio,36,2.0,3635.34,0.0,0,623.0,15314.85,48,0.1884,0
CR-104958,2024-04-11,45,Agro,23,8.4,5142.94,7642.16,1,573.0,35597.33,36,0.1873,0
CR-105182,2024-12-30,37,Servicios,14,23.2,2690.45,5346.0,1,530.0,6406.63,18,0.2273,0
CR-103791,2025-03-31,55,Comercio,36,10.5,10176.72,13185.91,2,604.0,48705.93,18,0.1859,0
CR-104109,2023-12-26,38,Servicios,19,8.2,2508.32,0.0,0,586.0,7717.68,36,0.1747,0
CR-103644,2024-07-12,35,Manufactura,13,8.1,4929.35,12985.78,4,419.0,38533.02,18,0.2477,1
CR-105356,2024-12-21,18,Comercio,0,2.4,4210.71,15111.29,1,300.0,30648.46,6,0.2758,1
CR-100646,2023-02-10,45,Comercio,23,2.3,2050.19,2136.04,3,492.0,13823.08,12,0.2043,0
CR-104506,2024-07-18,46,Comercio,22,6.7,8289.8,24522.01,2,495.0,48103.79,24,0.2239,1
CR-105681,2024-09-06,59,Servicios,36,7.2,2859.7,0.0,0,627.0,12818.32,24,0.1823,0
CR-101851,2023-10-27,41,Agro,19,7.9,902.0,1151.93,3,471.0,5957.41,6,0.2063,0
CR-102043,2024-12-04,30,Comercio,7,7.5,3748.51,0.0,0,631.0,23526.89,24,0.187,0
CR-105198,2023-05-13,31,Tecnología,7,1.9,2687.58,1675.62,2,587.0,5036.57,12,0.2136,0
CR-105041,2024-08-27,29,Comercio,7,2.8,1243.43,1806.89,1,502.0,3846.1,6,0.1844,0
CR-104681,2025-02-27,39,Servicios,16,15.5,5697.44,0.0,0,695.0,27141.94,24,0.1624,0
CR-104659,2023-04-25,28,Servicios,9,5.9,10855.44,26017.88,1,585.0,29925.23,12,0.1725,0
CR-102667,2023-04-26,35,Agro,15,14.1,3610.23,12054.06,2,366.0,16809.38,12,0.2644,1
CR-104981,2023-03-04,40,Tecnología,19,2.7,2608.84,0.0,0,666.0,17127.01,6,0.1769,0
CR-103920,2023-08-30,42,Manufactura,21,5.2,4545.97,4984.56,1,530.0,7142.88,18,0.2202,0
CR-104246,2023-05-12,40,Comercio,18,2.8,2364.46,5126.41,1,374.0,14683.44,18,0.2444,1
CR-102362,2024-05-08,34,Servicios,15,9.0,3184.0,9835.93,3,412.0,19054.91,48,0.2335,0
CR-102213,2024-01-07,58,Servicios,37,15.8,3853.37,4535.79,3,562.0,16912.04,24,0.2095,0
CR-101296,2024-05-15,21,Comercio,0,2.9,7790.91,29365.93,1,375.0,59221.73,24,0.261,1
CR-104252,2023-03-01,43,Comercio,23,1.3,3861.56,0.0,0,641.0,20488.26,6,0.1695,0
CR-100203,2025-06-08,45,Comercio,21,9.1,3439.74,3483.93,3,569.0,24641.69,12,0.217,0
CR-101989,2024-06-23,23,Manufactura,4,3.7,2116.54,447.65,2,564.0,7086.08,24,0.1985,0
CR-100518,2023-08-06,48,Servicios,29,6.9,11437.38,19089.36,1,628.0,24336.52,48,0.1737,0
CR-103801,2024-07-03,30,Construcción,11,7.8,1542.61,3466.05,1,428.0,3415.42,36,0.2767,0
CR-102742,2024-06-13,29,Servicios,11,5.9,3735.72,10709.64,4,402.0,27967.5,24,0.2583,1
CR-102698,2023-02-27,42,Tecnología,24,2.2,1648.01,0.0,0,,9221.03,18,0.2094,0
CR-103943,2024-04-07,46,Manufactura,24,2.3,7353.89,0.0,0,735.0,43948.78,24,0.1552,0
CR-102263,2024-05-10,36,Servicios,16,6.9,2624.24,10434.84,3,300.0,4191.63,24,0.2721,0
CR-101734,2025-03-26,32,Tecnología,10,4.3,10013.17,25109.12,2,490.0,62092.17,6,0.2105,0
CR-101077,2023-10-24,69,Manufactura,46,3.3,3273.82,1872.3,1,589.0,14800.9,6,0.1939,0
CR-104115,2023-07-06,31,Construcción,12,6.0,5574.25,0.0,0,682.0,30424.33,48,0.1532,0
CR-103916,2024-08-11,35,Servicios,17,1.8,3098.54,6170.66,1,473.0,16940.45,24,0.2207,0
CR-104395,2025-03-15,41,Servicios,19,6.9,2040.33,5864.01,1,300.0,4807.89,24,0.2966,1
CR-102902,2025-02-22,49,Comercio,27,8.7,1501.89,948.78,3,659.0,7210.37,12,0.155,0
CR-101379,2023-06-29,54,Agro,34,12.5,6767.23,0.0,0,682.0,14989.37,24,0.1622,0
CR-101822,2025-04-01,51,Comercio,31,3.7,5296.64,20867.29,1,300.0,19585.65,48,0.2834,1
CR-103803,2023-07-26,41,Comercio,18,6.0,2436.44,5802.13,2,503.0,17185.83,12,0.2075,0
CR-101913,2025-02-05,18,Tecnología,0,19.8,4310.68,8238.42,2,585.0,31463.53,6,0.1808,0
CR-105525,2023-11-23,22,Comercio,0,4.7,3904.62,10109.81,6,464.0,30937.78,36,0.2607,0
CR-103715,2023-05-10,29,Servicios,10,4.5,3901.47,0.0,0,650.0,18978.89,24,0.1611,0
CR-101833,2024-07-21,43,Construcción,25,11.8,6039.0,4246.43,1,620.0,21846.86,24,0.1875,0
CR-101854,2024-08-08,43,Servicios,21,6.8,3039.42,0.0,0,582.0,22040.59,36,0.2011,0
CR-102821,2023-04-17,41,Agro,17,15.5,3466.57,0.0,0,634.0,11181.84,12,0.1944,0
CR-100016,2024-01-16,42,Comercio,18,11.2,7435.84,6656.97,2,624.0,58145.05,6,0.215,0
CR-103777,2024-12-12,43,Construcción,23,1.4,2464.41,7816.76,3,300.0,10772.79,12,0.2961,1
CR-104524,2025-03-18,49,Agro,29,2.4,3828.45,1547.55,5,570.0,26713.25,18,0.2253,0
CR-102031,2023-04-16,33,Servicios,11,11.5,5817.15,8875.99,4,528.0,16980.08,24,0.2103,0
CR-100761,2025-03-02,45,Manufactura,21,7.8,4532.24,15024.93,1,400.0,14835.53,12,0.2701,0
CR-102366,2023-10-06,50,Comercio,32,2.0,5649.1,6921.92,5,602.0,38358.43,18,0.2048,0
CR-101061,2025-02-08,54,Manufactura,36,2.4,8875.57,11634.31,2,589.0,43125.52,6,0.189,0
CR-101483,2023-03-23,42,Servicios,22,1.2,,7138.9,2,335.0,12470.77,12,0.2651,1
CR-105761,2023-11-28,44,Comercio,23,2.3,2350.38,1154.9,1,554.0,14775.56,18,0.2239,0
CR-105461,2024-07-07,36,Comercio,16,4.5,2026.15,2315.83,1,563.0,4341.66,24,0.1452,0
CR-103253,2024-06-15,49,Manufactura,31,7.7,2075.54,0.0,0,592.0,9050.56,12,0.2031,0
CR-100190,2024-01-05,57,Manufactura,33,15.9,,0.0,0,682.0,16521.23,36,0.1643,0
CR-104184,2024-03-07,38,Tecnología,18,2.8,2276.72,8601.61,3,385.0,12429.49,48,0.2585,1
CR-100462,2025-02-22,21,Tecnología,1,12.7,14953.84,30511.47,3,629.0,55360.06,18,0.1664,0
CR-100484,2024-09-26,37,Construcción,18,6.6,5381.22,0.0,0,615.0,23342.37,18,0.1862,0
CR-101264,2024-03-29,37,Tecnología,19,13.3,3533.04,10527.11,3,404.0,20917.45,24,0.2505,1
CR-101125,2023-04-17,35,Construcción,14,3.4,4517.81,0.0,0,561.0,8501.71,18,0.2072,0
CR-104941,2024-01-18,32,Comercio,10,2.3,2592.79,9417.46,1,340.0,13932.25,24,0.2568,1
CR-102873,2024-05-01,18,Manufactura,0,13.6,1573.95,4075.08,1,364.0,5165.13,24,0.2634,0
CR-101999,2024-08-20,62,Manufactura,39,7.0,1625.18,973.79,1,582.0,11604.61,36,0.1992,0
CR-102606,2023-11-19,27,Agro,5,2.3,9934.23,4143.52,2,702.0,36296.0,24,0.1921,0
CR-102543,2023-11-19,47,Servicios,28,10.8,4248.57,2985.02,2,553.0,23910.81,24,0.2124,0
CR-104687,2024-01-14,21,Construcción,0,5.6,4669.59,16975.81,1,300.0,24254.1,6,0.2823,1
CR-101497,2024-02-12,25,Comercio,6,5.0,3642.5,9618.31,5,418.0,22821.06,6,0.2457,0
CR-100110,2024-07-06,43,Construcción,25,1.0,3841.59,3496.58,1,551.0,19803.77,48,0.1931,0
CR-101499,2023-06-24,25,Servicios,6,5.0,2517.32,0.0,0,614.0,8127.07,6,0.1628,0
CR-101791,2023-05-08,38,Construcción,16,7.1,2865.99,4303.96,2,543.0,7239.06,6,0.2086,0
CR-103553,2023-12-13,19,Tecnología,0,8.9,1821.71,4441.25,1,433.0,10816.61,18,0.229,1
CR-103663,2024-10-26,41,Manufactura,18,4.9,2324.35,7424.66,1,300.0,4079.52,48,0.2814,0
CR-101172,2023-07-16,37,Manufactura,16,10.2,3979.53,9389.58,2,474.0,31063.99,24,0.2352,0
CR-104726,2025-04-08,34,Comercio,15,17.0,3617.65,11157.01,2,367.0,16174.2,12,0.2531,1
CR-101381,2024-05-09,18,Servicios,0,6.8,2291.79,0.0,0,659.0,12579.52,18,0.2102,0
CR-100232,2025-05-18,41,Agro,20,3.6,2247.33,4206.38,2,470.0,9155.54,12,0.2182,1
CR-101248,2025-02-19,36,Comercio,17,8.2,6558.65,20497.67,1,470.0,14950.68,24,0.2241,0
CR-102573,2025-03-25,40,Manufactura,18,9.0,5617.53,0.0,0,637.0,28950.53,18,0.1576,0
CR-105798,2023-01-08,29,Comercio,11,15.3,13667.97,50192.68,5,540.0,70202.19,36,0.2091,0
CR-104018,2025-05-16,34,Comercio,15,2.2,2386.0,3416.98,3,533.0,15270.54,6,0.2024,0
CR-102197,2024-08-18,38,Manufactura,15,0.8,1563.82,4237.63,2,362.0,9051.42,36,0.2608,0
CR-104210,2023-03-23,38,Comercio,17,6.3,2176.56,0.0,0,629.0,4364.66,36,0.166,0
CR-104566,2024-05-06,18,Comercio,0,6.1,3007.26,11031.04,4,331.0,21930.33,18,0.2484,1
CR-103738,2024-08-14,31,Construcción,12,9.8,4338.33,10837.26,3,450.0,19901.17,24,0.2401,1
CR-103765,2025-05-06,51,Agro,28,9.2,2969.48,9758.68,1,352.0,11868.72,6,0.2744,1
CR-100933,2024-09-24,56,Servicios,37,9.4,7349.55,3352.85,1,640.0,21741.55,18,0.1927,0
CR-101045,2023-09-02,29,Comercio,8,9.7,2055.75,3694.83,1,479.0,13436.02,6,0.218,0
CR-102589,2024-10-25,45,Agro,21,11.6,2352.39,0.0,0,703.0,12491.95,18,0.1803,0
CR-100448,2024-02-29,50,Comercio,32,3.9,4231.65,0.0,0,712.0,6372.7,18,0.1644,0
CR-100453,2024-11-20,61,Manufactura,43,12.2,2486.0,0.0,0,666.0,15206.96,48,0.1925,0
CR-101457,2025-01-13,39,Agro,19,5.2,3266.32,342.45,2,604.0,22093.25,12,0.1561,0
CR-100012,2023-02-21,39,Comercio,19,10.0,1069.17,0.0,0,598.0,5886.36,24,0.1929,1
CR-103705,2025-02-16,35,Servicios,14,16.7,2897.53,0.0,0,686.0,21419.25,18,0.1374,0
CR-101683,2023-07-10,52,Manufactura,30,3.5,2191.1,7067.51,2,424.0,12172.98,6,0.2776,0
CR-101857,2025-01-01,49,Tecnología,28,9.4,1416.49,0.0,0,612.0,8266.95,36,0.2081,0
CR-104300,2023-11-14,33,Agro,10,6.4,4926.78,0.0,0,669.0,34432.14,18,0.1962,0
CR-103539,2024-07-10,29,Construcción,5,3.8,5575.39,17458.43,3,330.0,11004.93,24,0.2736,0
CR-105010,2023-10-18,47,Servicios,27,3.9,1781.8,1959.79,1,550.0,7093.03,36,0.2255,0
CR-103671,2024-10-13,44,Comercio,24,3.2,4016.11,0.0,0,643.0,18407.54,36,0.1999,0
CR-101021,2023-08-09,41,Comercio,21,4.4,,29594.38,2,482.0,44195.6,18,0.2437,0
CR-100836,2024-02-10,34,Agro,13,16.1,6780.21,0.0,0,717.0,23407.39,12,0.1487,0
CR-101537,2024-06-16,19,Tecnología,0,2.7,4849.58,0.0,0,702.0,31820.17,12,0.1662,0
CR-104410,2024-04-08,54,Construcción,32,4.7,1821.88,929.53,1,590.0,7138.22,6,0.2219,0
CR-101893,2025-06-06,18,Construcción,0,11.4,2281.67,7204.92,1,395.0,7770.46,24,0.2637,0
CR-105346,2023-11-24,25,Servicios,6,16.5,9497.95,30931.03,1,490.0,29641.63,18,0.2382,0
CR-103716,2023-06-02,46,Servicios,26,2.0,3540.87,4907.79,1,474.0,6935.93,24,0.23,0
CR-105607,2024-04-23,39,Manufactura,18,16.1,2503.42,4375.08,2,514.0,16814.15,12,0.2495,0
CR-105089,2024-12-19,60,Comercio,37,2.7,3463.66,7275.18,1,556.0,25337.16,24,0.2043,0
CR-101216,2024-08-06,18,Comercio,0,14.1,2470.03,2934.77,1,646.0,19283.7,24,0.1872,0
CR-104671,2024-04-20,33,Tecnología,15,1.6,3285.02,12051.99,3,300.0,11890.69,24,0.2976,1
CR-102442,2023-12-05,27,Manufactura,3,6.3,2584.26,0.0,0,661.0,19692.79,6,0.1656,0
CR-105149,2024-10-07,24,Construcción,6,3.3,6162.0,0.0,0,732.0,15972.01,36,0.1567,0
CR-100863,2023-11-28,39,Tecnología,18,9.4,3681.26,4614.84,4,613.0,13680.48,36,0.1785,0
CR-100104,2023-10-10,28,Tecnología,6,5.8,2110.79,1787.86,1,533.0,14332.57,12,0.2273,1
CR-101344,2025-04-01,27,Tecnología,5,1.8,730.3,2820.3,3,300.0,4998.54,24,0.2836,1
CR-104834,2025-05-16,20,Comercio,0,9.3,6386.41,0.0,0,692.0,27753.78,18,0.1807,0
CR-105873,2025-04-27,38,Servicios,18,5.4,5501.01,7437.93,1,590.0,18475.87,36,0.2042,0
CR-101268,2023-06-09,45,Manufactura,24,1.6,2684.63,0.0,0,591.0,13613.17,36,0.195,0
CR-103509,2024-10-18,27,Tecnología,7,9.7,5308.35,5235.56,3,585.0,29378.32,12,0.2053,0
CR-101470,2024-07-12,39,Manufactura,15,26.5,2910.92,7557.01,3,472.0,18124.71,36,0.2445,0
CR-100516,2024-04-29,45,Servicios,27,9.7,4689.9,8967.16,1,476.0,20808.61,24,0.222,0
CR-102038,2024-09-16,27,Comercio,9,8.9,6416.26,0.0,0,722.0,35843.6,24,0.1606,0
CR-105774,2025-04-18,66,Tecnología,45,11.6,2192.5,3579.49,1,521.0,7939.79,12,0.2334,0
CR-104077,2023-06-24,33,Comercio,15,7.7,4295.32,5419.7,2,562.0,19493.07,12,0.2214,0
CR-103963,2023-02-28,33,Comercio,13,15.1,2913.41,0.0,0,710.0,6621.42,6,0.1624,0
CR-103581,2025-02-09,61,Servicios,41,17.6,5690.03,11685.42,1,513.0,18288.47,12,0.2192,0
CR-104848,2025-02-04,30,Construcción,11,8.4,3144.56,2132.69,5,616.0,24890.05,18,0.1963,0
CR-105542,2024-04-28,45,Manufactura,23,19.0,,13516.77,1,450.0,28777.41,24,0.236,1
CR-102165,2023-07-08,52,Servicios,32,6.2,8365.45,1094.24,2,688.0,12914.76,18,0.1164,0
CR-105102,2024-10-03,49,Manufactura,30,11.0,1640.67,3600.02,2,436.0,11472.52,24,0.2521,0
CR-101938,2024-12-14,31,Manufactura,8,0.9,3233.8,0.0,0,691.0,19233.46,48,0.1771,0
CR-102967,2024-09-07,31,Comercio,13,0.6,3850.31,2260.23,2,636.0,8620.59,12,0.1734,0
CR-103232,2023-03-13,26,Comercio,3,29.8,3658.64,0.0,0,704.0,26202.87,24,0.1412,0
CR-105016,2024-06-22,28,Manufactura,8,6.1,6976.01,21946.48,1,385.0,36252.75,18,0.2536,0
CR-100159,2024-03-19,25,Construcción,4,1.4,1362.85,3032.48,2,354.0,3930.66,24,0.2793,1
CR-102706,2023-04-10,42,Comercio,21,14.0,4598.08,13424.45,3,457.0,34605.72,12,0.2098,0
CR-103768,2023-12-25,48,Comercio,24,17.1,3470.98,6787.97,1,542.0,9849.31,6,0.2214,0
CR-102918,2025-02-10,27,Tecnología,6,3.6,2218.6,3942.31,1,,13815.43,24,0.2519,0
CR-101134,2024-09-05,36,Construcción,12,5.1,3960.97,8969.22,2,430.0,18441.1,12,0.2447,0
CR-105402,2025-04-01,23,Servicios,1,7.6,4265.44,1763.67,1,646.0,10486.87,18,0.1817,0
CR-100678,2023-10-08,42,Comercio,24,3.8,5593.19,7703.2,3,601.0,25826.77,6,0.2034,0
CR-101828,2025-02-23,28,Agro,8,21.2,4440.87,0.0,0,651.0,13300.93,12,0.1404,0
CR-103406,2024-08-25,46,Servicios,25,0.1,2432.73,2755.3,1,535.0,18440.05,6,0.2085,0
CR-101246,2024-03-17,33,Agro,12,15.2,2765.89,0.0,0,726.0,7812.1,36,0.15,0
CR-100165,2023-03-04,28,Servicios,8,16.7,3547.03,0.0,0,726.0,27062.89,18,0.1211,0
CR-102739,2025-01-05,53,Comercio,30,4.7,7896.1,950.51,2,722.0,33954.21,12,0.1421,0
CR-102349,2023-10-05,46,Servicios,26,3.0,2125.38,1815.34,1,558.0,13738.58,12,0.1979,0
CR-100394,2024-05-28,46,Agro,28,5.2,1307.34,35.05,2,620.0,7871.48,36,0.176,0
CR-103676,2025-05-06,26,Comercio,6,7.8,,4449.47,1,584.0,10571.55,12,0.2151,0
CR-104296,2024-01-14,35,Servicios,12,3.2,4078.02,10205.77,1,466.0,6402.81,6,0.2548,1
CR-102579,2024-09-06,53,Tecnología,35,3.4,4039.08,0.0,0,687.0,6877.37,36,0.1619,0
CR-101600,2023-10-13,37,Construcción,14,18.1,3921.14,9679.68,2,,19856.44,12,0.2079,0
CR-103085,2025-03-30,46,Comercio,24,6.9,1964.03,7837.85,1,300.0,12781.05,18,0.264,1
CR-102217,2024-05-21,37,Construcción,15,4.1,6573.28,0.0,0,731.0,52032.24,12,0.1836,0
CR-101546,2023-03-05,18,Servicios,0,1.5,4239.09,9801.16,3,463.0,11218.65,24,0.2319,0
CR-100995,2024-08-29,42,Manufactura,23,7.2,3906.74,0.0,0,695.0,24510.14,24,0.1576,0
CR-102661,2025-01-22,30,Manufactura,9,8.0,1986.91,5665.01,1,356.0,6371.63,24,0.263,1
CR-101145,2025-02-04,46,Comercio,23,6.9,3921.83,7151.65,1,468.0,28304.1,24,0.2342,0
CR-101475,2024-11-11,36,Comercio,16,3.1,4298.07,0.0,0,706.0,11458.6,24,0.126,0
CR-102874,2023-03-19,39,Manufactura,18,7.2,5249.4,10241.93,3,530.0,20729.75,24,0.2112,0
CR-103518,2024-10-12,38,Servicios,17,7.1,3296.41,9889.97,3,314.0,18069.05,24,0.2728,1
CR-101435,2023-02-24,37,Construcción,19,6.3,3608.96,13013.38,1,300.0,18946.99,12,0.2836,0
CR-103272,2024-09-09,36,Manufactura,17,9.2,3187.61,2997.63,3,567.0,10275.63,36,0.1929,0
CR-104087,2023-01-27,19,Manufactura,0,9.6,4976.02,15228.46,2,389.0,15702.38,18,0.2535,0
CR-103733,2024-11-28,34,Servicios,11,3.6,2087.14,0.0,0,726.0,8633.66,24,0.1808,0
CR-101963,2024-04-24,35,Comercio,15,4.6,3156.85,9864.53,1,303.0,6992.76,24,0.2919,1
CR-105930,2025-05-05,44,Servicios,22,17.5,2677.5,8129.49,1,398.0,5219.88,6,0.2704,0
CR-100037,2025-02-21,29,Servicios,8,9.2,1751.27,4561.34,3,386.0,7285.35,36,0.247,0
CR-101300,2023-10-02,39,Comercio,20,2.5,4216.39,8186.91,1,492.0,20993.69,24,0.1984,0
CR-102334,2024-06-14,33,Agro,15,15.6,1037.08,0.0,0,574.0,7489.15,6,0.1906,0
CR-104815,2023-07-05,18,Agro,0,7.0,7743.5,0.0,0,757.0,36116.78,12,0.1083,0
CR-104957,2023-09-06,18,Servicios,0,14.5,6270.42,24989.57,1,359.0,38342.5,18,0.2685,1
CR-103384,2024-11-27,37,Manufactura,18,5.9,2148.99,0.0,0,580.0,4400.1,6,0.2054,0
CR-104029,2025-03-17,40,Tecnología,20,2.3,1559.69,4550.69,1,441.0,5845.56,6,0.2126,0
CR-102147,2024-12-23,48,Comercio,29,2.4,5490.64,7063.33,2,562.0,43700.36,18,0.2104,0
CR-102338,2023-04-22,50,Comercio,30,17.2,2508.53,8612.71,4,367.0,14634.2,18,0.2392,1
CR-101185,2024-10-13,23,Servicios,1,8.1,4576.95,2552.95,2,540.0,14120.3,12,0.2271,0
CR-103513,2025-04-07,50,Comercio,28,7.1,3971.3,6501.36,1,585.0,13126.74,6,0.2256,0
CR-100322,2025-05-10,51,Manufactura,33,4.2,3516.41,13391.92,1,327.0,11420.17,12,0.2535,0
CR-100011,2023-04-30,47,Manufactura,24,6.8,9543.24,1310.89,2,698.0,15166.03,24,0.1779,0
CR-102652,2023-11-11,52,Servicios,28,8.0,1400.87,0.0,0,597.0,7635.1,6,0.1989,0
CR-100017,2023-03-09,27,Agro,8,11.3,6153.79,14672.56,1,547.0,22253.16,6,0.2225,0
CR-102343,2024-05-13,36,Comercio,12,14.8,5634.11,5586.76,1,639.0,31330.76,12,0.1992,0
CR-102523,2023-05-01,18,Servicios,0,11.6,7922.09,3105.27,2,677.0,54947.76,12,0.1758,0
CR-105846,2024-11-01,49,Comercio,27,10.6,1469.93,4123.3,3,534.0,10423.69,12,0.2043,0
CR-105862,2025-03-07,27,Servicios,7,1.0,994.24,240.25,1,597.0,3489.91,6,0.2061,0
CR-102006,2025-04-16,37,Construcción,17,11.3,1249.47,0.0,0,591.0,4200.95,24,0.1587,0
CR-103503,2024-09-13,25,Tecnología,3,9.9,2669.42,980.94,3,617.0,18526.49,18,0.1959,0
CR-104523,2023-08-23,39,Servicios,20,5.5,5002.37,7916.22,1,545.0,19601.39,6,0.1903,0
CR-103181,2025-02-07,22,Servicios,2,11.8,2381.01,518.61,1,587.0,17940.01,36,0.1876,0
CR-101310,2024-06-22,25,Construcción,4,4.3,6921.43,1650.76,3,605.0,38074.49,6,0.2029,0
CR-101228,2025-04-28,44,Comercio,20,1.9,3535.76,10602.95,1,382.0,20732.5,12,0.262,1
CR-100579,2023-12-27,42,Agro,20,4.3,3099.36,3959.79,1,523.0,16734.66,24,0.242,0
CR-100019,2025-04-08,37,Comercio,17,8.7,5851.42,7981.88,1,496.0,21596.93,6,0.2372,0
CR-100800,2025-01-18,29,Servicios,11,4.7,3382.73,9942.91,3,486.0,16556.97,6,0.2221,0
CR-101395,2023-11-01,58,Comercio,35,1.0,3317.18,0.0,0,649.0,10998.76,6,0.2045,0
CR-103113,2025-05-17,47,Construcción,26,4.6,4781.07,17155.27,1,300.0,32183.17,24,0.3064,1
CR-104253,2023-10-28,18,Comercio,0,7.7,5257.32,0.0,0,625.0,21032.3,18,0.2016,0
CR-103351,2023-10-08,43,Manufactura,21,11.7,4480.18,3594.48,2,610.0,19493.66,12,0.1779,0
CR-101924,2023-01-08,37,Construcción,13,4.0,1945.9,0.0,0,620.0,14910.73,36,0.1836,0
CR-103728,2024-12-28,41,Servicios,22,5.0,3129.25,10428.73,3,368.0,23223.16,48,0.2562,1
CR-105053,2024-12-03,30,Comercio,10,4.6,2057.89,363.72,2,608.0,8698.15,6,0.2059,0
CR-105493,2023-06-18,32,Comercio,10,2.0,2420.05,0.0,0,581.0,15274.13,6,0.1899,0
CR-104776,2024-03-07,29,Comercio,5,7.2,1750.46,5005.22,2,300.0,3761.98,36,0.2998,1
CR-104177,2024-09-27,42,Manufactura,20,2.0,5865.02,3492.62,1,624.0,42069.91,12,0.1654,0
CR-103137,2023-07-28,50,Construcción,31,10.6,1112.95,3317.24,1,372.0,5766.87,24,0.257,1
CR-105446,2024-07-23,20,Servicios,0,2.9,3250.92,12243.78,3,300.0,16152.78,18,0.281,1
CR-100494,2024-11-03,35,Servicios,11,10.1,1923.7,5703.32,1,406.0,3538.04,6,0.236,0
CR-103901,2023-05-27,45,Manufactura,21,4.3,3536.29,3469.24,1,559.0,10802.11,48,0.1853,0
CR-103485,2025-04-27,50,Servicios,31,4.5,4016.71,3352.88,2,641.0,12076.59,36,0.1732,0
CR-102313,2024-09-08,39,Comercio,17,7.4,1847.93,350.28,1,553.0,14647.46,6,0.2191,0
CR-102209,2025-04-09,33,Servicios,11,7.5,,7749.75,1,723.0,47048.72,12,0.1588,0
CR-103100,2023-05-21,27,Manufactura,7,7.9,1157.53,0.0,0,669.0,8591.56,12,0.16,0
CR-105554,2025-05-09,36,Tecnología,17,12.8,2697.82,7935.24,1,364.0,14949.46,48,0.291,0
CR-101832,2023-06-29,26,Comercio,2,13.9,,12305.29,1,450.0,34666.22,6,0.2227,0
CR-102196,2023-02-23,36,Servicios,14,10.8,1462.98,938.57,2,608.0,11040.59,24,0.1741,0
CR-105712,2024-03-19,42,Manufactura,23,0.5,3161.48,0.0,0,678.0,17372.12,12,0.1528,0
CR-100946,2023-01-09,42,Comercio,18,7.1,11291.34,0.0,0,770.0,36830.51,6,0.1294,0
CR-105258,2023-03-10,22,Comercio,4,4.3,6257.2,0.0,0,633.0,13029.67,12,0.1809,0
CR-102227,2025-04-02,44,Comercio,22,5.9,,54193.17,2,724.0,93185.76,6,0.1607,0
CR-105707,2023-09-01,43,Construcción,19,5.2,4366.7,10937.76,1,349.0,16743.68,12,0.2677,0
CR-105699,2024-02-22,18,Manufactura,0,1.3,4615.62,13560.83,1,344.0,16941.6,12,0.253,1
CR-102984,2023-06-06,23,Manufactura,0,2.6,2365.55,7728.01,1,334.0,18386.48,24,0.276,0
CR-105509,2025-01-30,43,Tecnología,24,9.0,7620.87,1405.22,1,686.0,29134.72,48,0.1616,0
CR-101225,2025-02-27,44,Tecnología,20,5.8,5955.16,0.0,0,702.0,9551.63,36,0.1763,0
CR-100324,2023-12-23,58,Servicios,37,2.2,1500.43,0.0,0,661.0,10704.61,24,0.1511,0
CR-102360,2024-04-27,55,Servicios,34,2.1,7474.45,20078.64,1,493.0,51954.23,12,0.2485,1
CR-100086,2024-03-27,33,Servicios,11,6.7,4566.64,7814.89,1,489.0,8161.34,6,0.2045,0
CR-102948,2025-05-08,46,Manufactura,22,8.9,6859.4,0.0,0,739.0,51757.53,18,0.1487,0
CR-100090,2024-10-12,45,Comercio,27,9.0,6857.72,4766.76,1,644.0,46977.16,18,0.1593,0
CR-102140,2024-08-03,37,Manufactura,13,5.1,,0.0,0,713.0,9598.59,6,0.1876,0
CR-103353,2024-03-19,29,Servicios,7,26.9,996.47,0.0,0,684.0,3253.01,12,0.1525,0
CR-103704,2023-01-07,44,Servicios,23,12.0,,2055.48,2,507.0,2058.02,18,0.2186,0
CR-100480,2024-04-28,40,Manufactura,21,12.0,11181.1,33007.97,2,480.0,74147.83,24,0.1872,0
CR-103466,2023-09-09,53,Servicios,35,5.6,7200.08,24703.28,1,356.0,24467.6,12,0.2781,1
CR-100157,2024-06-16,49,Tecnología,30,1.9,4028.03,15330.75,3,300.0,12900.72,6,0.3101,1
CR-101735,2025-04-23,48,Comercio,30,3.4,6682.27,0.0,0,736.0,45117.59,6,0.141,0
CR-103032,2025-06-07,24,Servicios,5,4.8,5204.85,19085.37,2,350.0,37549.8,48,0.2754,1
CR-105787,2024-06-18,28,Servicios,8,2.6,5854.74,14757.46,5,471.0,34557.58,6,0.2355,0
CR-104401,2025-02-04,33,Manufactura,12,19.6,1181.77,3504.6,3,375.0,6080.86,48,0.2535,0
CR-102921,2023-06-04,40,Comercio,16,4.0,3658.11,843.35,1,672.0,15880.74,48,0.1714,0
CR-104329,2023-12-15,19,Tecnología,0,6.0,3975.6,4763.45,2,576.0,18527.84,18,0.1756,0
CR-101044,2024-05-24,30,Servicios,6,4.6,3599.65,9341.2,1,370.0,16721.2,36,0.2433,1
CR-101718,2024-03-02,45,Comercio,27,6.3,2962.8,3864.58,1,548.0,22045.14,48,0.2189,0
CR-104169,2025-03-15,44,Servicios,22,13.0,3698.64,13456.11,2,357.0,22637.48,6,0.2628,0
CR-105541,2024-02-28,42,Comercio,23,2.8,5989.29,17928.47,1,369.0,20885.73,24,0.2776,1
CR-105801,2023-12-29,23,Servicios,5,4.4,2347.98,8244.88,1,310.0,10123.28,12,0.3031,1
CR-101884,2025-04-27,18,Servicios,0,5.2,6511.86,0.0,0,683.0,26715.93,24,0.1363,0
CR-102711,2025-05-29,46,Servicios,25,2.9,4756.77,5289.0,2,502.0,17843.16,24,0.226,0
CR-103563,2023-11-05,36,Manufactura,17,5.7,2990.53,10416.85,2,300.0,20582.18,36,0.3135,1
CR-104053,2025-01-24,32,Construcción,10,12.5,4013.2,12511.52,1,332.0,21291.57,36,0.2562,0
CR-105438,2023-05-05,42,Agro,24,7.3,4353.95,0.0,0,727.0,9956.44,24,0.1533,0
CR-100913,2024-10-04,31,Comercio,13,5.5,3283.44,8543.08,1,379.0,10615.9,18,0.2601,0
CR-101262,2024-12-13,47,Comercio,24,6.2,5877.77,1969.4,3,634.0,42126.74,18,0.1923,0
CR-100769,2025-04-19,56,Comercio,38,2.7,3576.52,0.0,0,627.0,18770.21,6,0.1743,0
CR-100003,2023-11-15,48,Servicios,25,5.2,7655.97,9095.16,2,615.0,25960.63,18,0.1847,0
CR-100230,2024-01-01,22,Comercio,4,16.5,9077.28,0.0,0,779.0,29456.17,6,0.135,0
CR-101488,2023-10-28,42,Servicios,21,3.8,1977.71,3287.58,2,531.0,4114.77,24,0.2118,0
CR-101419,2025-03-26,38,Construcción,20,7.9,2710.65,1952.21,2,521.0,19954.08,12,0.2107,0
CR-102340,2024-08-13,54,Manufactura,32,7.8,3406.44,0.0,0,651.0,9418.68,12,0.1847,0
CR-104498,2024-11-26,41,Tecnología,21,10.7,2644.05,9559.47,2,300.0,19602.59,6,0.2688,1
CR-101004,2024-01-12,38,Tecnología,18,3.8,3263.67,0.0,0,625.0,21400.03,6,0.19,0
CR-105377,2025-05-01,35,Comercio,14,3.0,,5548.95,4,439.0,12148.35,36,0.2462,0
CR-103747,2023-02-18,48,Comercio,28,2.8,2963.17,9862.5,1,307.0,19812.75,36,0.2679,1
CR-100965,2024-01-22,23,Comercio,1,5.6,2691.78,0.0,0,649.0,8717.32,18,0.1754,0
CR-105312,2025-03-18,43,Servicios,19,1.7,2061.88,1513.93,2,559.0,11592.87,48,0.2014,0
CR-103942,2025-05-31,29,Comercio,10,3.1,2278.05,4573.21,1,483.0,6027.3,24,0.255,0
CR-101113,2023-12-04,35,Agro,13,14.2,1324.48,833.56,1,585.0,8109.46,6,0.1948,0
CR-105430,2025-04-20,21,Manufactura,0,5.4,2836.23,7788.51,4,387.0,7885.03,36,0.2673,1
CR-103766,2023-04-09,48,Agro,28,13.1,6393.09,16191.17,1,497.0,19886.45,36,0.2027,1
CR-104045,2023-07-17,36,Tecnología,12,12.2,2005.52,2358.41,1,433.0,11987.87,12,0.2595,0
CR-103179,2024-03-03,42,Construcción,19,6.3,2791.32,6835.77,1,406.0,9425.78,18,0.2579,1
CR-105720,2024-06-07,40,Servicios,17,8.4,3263.35,0.0,0,645.0,23477.95,36,0.1372,0
CR-101412,2023-10-21,21,Manufactura,0,2.6,2129.23,8274.56,1,300.0,9914.29,6,0.2996,1
CR-103946,2025-01-26,52,Manufactura,33,5.9,3081.91,8422.85,1,366.0,21368.6,18,0.264,1
CR-104591,2024-05-21,55,Comercio,32,0.5,991.6,0.0,0,627.0,3328.19,18,0.1615,0
CR-100921,2024-04-11,28,Comercio,10,3.8,3009.53,9209.87,2,371.0,5281.18,48,0.2562,0
CR-101552,2024-09-06,32,Tecnología,13,2.9,3876.46,0.0,0,614.0,9179.81,12,0.2153,0
CR-104468,2024-12-22,65,Comercio,45,3.0,4603.15,18109.67,1,308.0,33550.64,12,0.2813,1
CR-103068,2024-10-26,61,Servicios,40,1.9,1840.12,1336.6,2,558.0,11462.29,48,0.1911,0
CR-104036,2024-01-01,62,Construcción,42,7.4,3439.68,896.38,2,604.0,9696.37,6,0.1924,0
CR-102430,2023-04-28,21,Servicios,0,5.0,1616.41,3828.15,1,411.0,10077.35,36,0.2735,1
CR-100960,2024-11-28,56,Comercio,37,8.5,5086.61,13468.91,1,455.0,17837.14,12,0.2332,1
CR-104966,2024-03-26,33,Comercio,14,0.9,7485.35,19388.54,2,481.0,32391.4,12,0.2415,0
CR-102618,2023-05-30,30,Manufactura,7,16.9,3064.73,10730.44,3,355.0,10915.69,6,0.284,0
CR-101039,2023-04-09,45,Manufactura,26,6.8,1122.28,4182.34,1,300.0,5712.91,6,0.2992,1
CR-104455,2024-01-11,65,Servicios,46,10.9,2309.17,0.0,0,685.0,9931.55,18,0.1758,0
CR-104144,2023-07-13,54,Comercio,35,1.3,,23038.53,1,419.0,62443.61,18,0.2418,0
CR-102036,2024-04-07,33,Servicios,13,2.8,2488.14,2673.08,1,607.0,18886.57,12,0.2069,1
CR-102290,2023-12-29,43,Agro,24,1.6,11993.65,40938.76,3,362.0,79162.88,24,0.2545,0
CR-103612,2023-11-02,32,Manufactura,10,4.9,2315.07,8616.54,1,300.0,9361.74,12,0.2678,1
CR-100393,2023-07-14,43,Construcción,19,8.5,4429.75,6347.58,2,591.0,21296.14,18,0.1784,0
CR-104084,2024-06-18,49,Comercio,27,7.6,3810.08,9775.03,3,407.0,10044.96,12,0.25,1
CR-102685,2025-06-07,40,Servicios,22,5.4,3777.13,6304.05,1,571.0,16984.73,36,0.2224,0
CR-102705,2024-02-11,36,Manufactura,15,3.4,3946.23,139.01,2,619.0,27269.16,48,0.1935,0
CR-100551,2023-01-22,44,Tecnología,24,7.0,4873.33,16819.28,1,300.0,17977.45,48,0.2794,1
CR-103092,2023-09-15,48,Manufactura,30,2.7,3002.83,9772.76,2,318.0,15337.64,24,0.2808,1
CR-103552,2023-10-08,49,Tecnología,27,17.9,6077.16,7969.79,1,592.0,33031.6,6,0.1896,0
CR-104474,2025-02-18,31,Tecnología,12,23.1,3538.12,5340.21,1,520.0,28116.42,18,0.2475,0
CR-101753,2023-12-08,32,Agro,8,5.3,2823.87,10044.39,1,300.0,7823.77,24,0.258,1
CR-103263,2024-05-07,56,Tecnología,37,5.6,2871.22,6067.61,1,478.0,12223.06,12,0.2344,0
CR-103309,2024-08-30,33,Comercio,14,12.2,2273.89,8377.42,1,401.0,9954.71,24,0.2317,0
CR-103264,2023-04-22,33,Servicios,13,12.4,3815.95,3531.01,1,545.0,29917.01,18,0.2001,0
CR-103147,2025-03-06,37,Construcción,14,9.0,2535.16,1731.97,1,528.0,5408.29,6,0.1902,0
CR-102305,2023-08-17,33,Comercio,15,9.2,3942.66,4062.01,1,531.0,25089.7,48,0.195,0
CR-104431,2023-09-21,20,Manufactura,1,16.7,3836.78,0.0,0,766.0,23178.17,6,0.1485,0
CR-100703,2023-04-04,37,Manufactura,16,8.1,2742.48,0.0,0,730.0,12402.1,18,0.1394,0
CR-100823,2025-02-04,18,Comercio,0,1.6,9467.77,32108.12,3,437.0,28551.69,18,0.2626,0
CR-101926,2025-06-14,32,Tecnología,13,9.7,4075.95,12433.99,1,374.0,15737.73,6,0.264,0
CR-105972,2024-07-01,36,Construcción,18,2.2,9525.28,19950.21,3,,43682.7,18,0.2062,0
CR-101676,2023-06-13,49,Comercio,29,3.4,3168.19,0.0,0,646.0,24165.87,18,0.1639,0
CR-104860,2023-12-04,20,Comercio,1,2.7,4930.25,6374.29,2,491.0,27132.71,18,0.2242,0
CR-103290,2024-04-12,36,Manufactura,16,4.3,3402.51,622.85,1,597.0,22815.56,18,0.2092,0
CR-105937,2025-04-12,46,Servicios,25,6.5,5744.36,0.0,0,648.0,37193.22,18,0.1904,0
CR-101918,2023-11-06,35,Manufactura,12,17.2,3495.98,5275.88,3,486.0,24228.65,24,0.21,0
CR-100901,2025-03-07,39,Servicios,19,11.9,1684.83,4558.4,2,318.0,7108.7,24,0.2766,0
CR-103408,2023-10-20,43,Construcción,25,9.1,5640.03,19520.21,2,390.0,9514.68,12,0.2595,0
CR-101335,2024-08-02,58,Servicios,38,9.3,5156.76,12323.6,5,522.0,33240.36,18,0.1967,0
CR-101561,2023-01-07,40,Comercio,21,10.7,2767.04,5451.64,2,556.0,7124.9,24,0.1895,0
CR-104265,2023-08-22,33,Construcción,10,14.2,,0.0,0,618.0,12471.04,6,0.2037,0
CR-102837,2023-01-26,41,Tecnología,20,6.1,6504.93,0.0,0,708.0,46200.8,36,0.1864,0
CR-100194,2023-09-22,26,Agro,6,6.1,5050.98,14317.52,2,461.0,30621.64,18,0.2326,0
CR-104784,2024-12-15,39,Tecnología,20,8.1,5293.0,17184.26,1,460.0,29739.39,12,0.2376,0
CR-104393,2024-11-09,28,Comercio,7,1.2,2535.12,2116.2,2,460.0,5296.99,36,0.2273,0
CR-101406,2024-11-19,41,Servicios,19,11.7,,14532.28,2,470.0,27501.7,18,0.2169,0
CR-103458,2023-01-29,35,Servicios,14,2.7,2381.51,6207.3,1,372.0,8692.89,12,0.2488,0
CR-100659,2024-07-08,34,Servicios,16,2.8,3582.77,4621.09,2,560.0,28107.97,24,0.1864,0
CR-105131,2024-03-18,38,Manufactura,15,3.9,7004.73,23757.16,2,390.0,11839.48,18,0.2246,1
CR-102242,2023-09-18,23,Comercio,0,4.8,3750.42,10687.83,2,300.0,26045.64,6,0.275,1
CR-104451,2025-01-13,35,Tecnología,15,3.8,4921.5,5261.32,3,603.0,8174.0,24,0.1757,0
CR-100994,2024-08-31,37,Tecnología,15,12.2,3641.9,9947.19,2,319.0,21789.18,36,0.2577,1
CR-104175,2024-06-02,32,Agro,8,3.5,5312.7,12521.46,1,380.0,16427.75,36,0.2372,0
CR-103071,2023-07-23,40,Agro,16,20.9,2399.99,1465.58,1,,17175.98,12,0.2071,0
CR-102969,2023-09-10,38,Manufactura,15,6.3,4338.82,5790.38,2,478.0,25929.09,6,0.2357,0
CR-103496,2023-04-11,49,Manufactura,27,8.4,2259.33,8065.99,1,361.0,4384.2,18,0.2732,0
CR-104734,2025-04-13,34,Comercio,11,6.5,8906.8,26006.02,3,495.0,35289.73,12,0.2471,0
CR-103500,2023-01-24,35,Comercio,12,1.6,5005.07,19652.18,1,300.0,28097.33,48,0.3129,1
CR-101126,2023-04-05,57,Construcción,35,5.5,4398.33,9835.34,2,449.0,25624.56,18,0.212,0
CR-104096,2024-06-01,44,Servicios,22,8.1,5822.83,0.0,0,670.0,43937.5,18,0.1713,0
CR-101951,2023-05-24,41,Manufactura,21,10.3,3199.31,7351.53,1,416.0,10358.55,12,0.2638,0
CR-100218,2023-01-20,36,Servicios,16,3.1,2007.29,0.0,0,622.0,7544.47,12,0.1601,0
CR-105174,2023-06-07,61,Manufactura,39,3.8,3030.36,433.97,2,607.0,13660.82,18,0.1719,0
CR-101413,2024-03-10,52,Comercio,32,7.6,2785.73,10053.21,1,333.0,18150.84,18,0.2942,1
CR-104716,2023-05-29,48,Comercio,24,6.0,7777.97,2022.15,1,713.0,58477.62,24,0.1406,0
CR-100771,2023-12-01,53,Comercio,34,1.8,4203.6,10218.39,1,473.0,27238.17,12,0.2143,0
CR-104573,2025-05-12,43,Comercio,25,2.8,3048.88,5755.89,3,487.0,23678.48,18,0.2242,0
CR-100013,2023-09-28,50,Tecnología,27,6.3,2973.73,10334.08,1,300.0,7418.9,18,0.2946,1
CR-105147,2023-06-10,30,Comercio,9,7.1,2115.86,5283.7,2,409.0,11594.39,24,0.2444,0
CR-104609,2024-12-25,33,Comercio,10,3.4,5222.85,9978.84,4,524.0,38750.01,18,0.2339,0
CR-101160,2024-09-25,25,Agro,7,8.5,5582.41,10850.72,2,554.0,24794.57,6,0.2108,0
CR-105030,2025-05-06,51,Comercio,31,13.7,4597.93,0.0,0,671.0,26595.42,48,0.1789,0
CR-102011,2025-01-19,58,Manufactura,37,6.0,6299.84,21738.18,1,351.0,9600.7,36,0.2666,1
CR-103597,2025-02-07,32,Manufactura,11,2.5,4369.93,13482.07,1,317.0,14748.42,36,0.2449,0
CR-100133,2024-04-18,36,Manufactura,13,17.0,8367.31,30506.83,1,445.0,15756.56,24,0.255,0
CR-102478,2023-12-31,46,Comercio,25,16.0,2676.88,0.0,0,668.0,6429.27,12,0.1715,0
CR-104494,2024-04-09,42,Servicios,22,4.2,9324.8,13469.66,1,715.0,52087.18,36,0.1429,0
CR-100827,2024-12-21,37,Manufactura,13,14.4,668.07,2480.85,2,300.0,1446.78,12,0.2759,0
CR-104075,2023-11-25,29,Manufactura,8,29.1,2226.75,6510.56,2,386.0,10233.94,36,0.2647,0
CR-103084,2024-01-26,33,Comercio,13,9.4,3535.18,9928.54,1,457.0,17328.36,36,0.2178,1
CR-103770,2024-07-11,33,Tecnología,15,6.7,,0.0,0,621.0,10537.04,24,0.1752,0
CR-102938,2024-11-24,34,Tecnología,15,17.4,9010.57,20605.92,2,559.0,57337.62,6,0.2099,0
CR-102236,2024-06-16,38,Manufactura,19,2.2,6638.43,7614.12,2,601.0,17357.46,24,0.1947,0
CR-103373,2023-03-19,32,Agro,10,5.1,,12052.34,2,302.0,15707.82,18,0.2908,0
CR-102435,2024-08-01,27,Comercio,3,6.6,,0.0,0,633.0,3027.94,12,0.1764,0
CR-101298,2024-02-17,25,Comercio,6,4.9,5694.83,19834.75,2,401.0,22136.83,12,0.2498,0
CR-102188,2024-05-19,60,Comercio,40,3.3,3074.55,0.0,0,647.0,14697.86,48,0.1742,0
CR-102702,2023-05-12,47,Comercio,23,0.8,3395.9,0.0,0,680.0,24292.38,6,0.16,0
CR-105555,2023-10-26,40,Comercio,22,7.4,8605.21,0.0,0,654.0,67567.85,36,0.1643,0
CR-105958,2024-01-13,22,Manufactura,3,3.1,2827.32,7421.56,1,420.0,14250.17,48,0.2335,0
CR-104158,2024-06-14,50,Agro,31,12.2,6470.55,0.0,0,692.0,39926.94,6,0.1718,0
CR-103983,2024-01-26,23,Comercio,2,1.2,6918.3,0.0,0,680.0,15162.35,18,0.1728,0
CR-103230,2024-06-23,33,Tecnología,10,15.3,1984.34,2173.03,1,496.0,13708.81,18,0.2488,0
CR-103177,2024-05-26,40,Tecnología,21,14.5,1905.71,964.95,2,705.0,6732.09,12,0.1525,0
CR-101094,2024-03-24,31,Comercio,12,11.6,2458.99,0.0,0,683.0,19624.63,48,0.1694,0
CR-104638,2024-04-03,33,Servicios,14,3.4,1274.17,4109.02,1,324.0,4423.8,6,0.2928,0
CR-105689,2023-08-21,28,Construcción,8,19.7,5392.98,9055.44,2,534.0,13862.52,18,0.1934,0
CR-105928,2025-04-10,45,Servicios,21,5.1,3702.43,3619.14,2,630.0,6899.5,6,0.1993,0
CR-100622,2024-10-21,41,Comercio,18,3.8,2501.84,9447.44,1,300.0,15906.97,36,0.2917,1
CR-103067,2023-05-05,43,Comercio,19,10.8,3763.59,0.0,0,690.0,8436.35,24,0.178,0
CR-104502,2025-01-10,24,Servicios,2,0.3,4221.12,0.0,0,619.0,24110.81,6,0.173,0
CR-103275,2025-06-10,26,Comercio,5,10.4,2179.97,0.0,0,628.0,9635.17,6,0.186,0
CR-100804,2023-05-29,52,Servicios,34,1.8,2774.0,10065.39,2,363.0,21572.36,12,0.2718,1
CR-101030,2024-10-24,51,Construcción,31,5.0,3470.27,1537.99,3,586.0,22772.79,18,0.2002,0
CR-100587,2023-10-22,29,Tecnología,6,9.4,2971.23,9663.61,3,374.0,18383.3,24,0.2622,1
CR-104657,2023-11-22,39,Comercio,21,10.2,3715.97,1912.98,1,620.0,14042.33,12,0.1747,0
CR-102229,2023-11-30,41,Tecnología,23,6.7,6911.0,0.0,0,678.0,44098.8,12,0.1846,0
CR-103293,2025-01-29,44,Agro,23,10.0,2921.36,3005.77,2,572.0,8937.49,18,0.206,0
CR-102320,2025-01-04,43,Construcción,20,8.0,4366.48,8910.57,2,464.0,23518.18,12,0.2245,0
CR-105628,2024-06-17,45,Servicios,23,4.7,1352.92,3179.66,1,444.0,3160.89,6,0.2182,0
CR-100593,2023-03-15,20,Comercio,0,5.2,2759.14,5420.34,3,408.0,17608.99,48,0.2338,1
CR-105223,2025-02-13,42,Servicios,23,12.3,3431.91,3555.4,1,532.0,12637.95,18,0.2309,0
CR-102905,2023-05-14,38,Comercio,16,8.6,3111.28,1328.99,2,625.0,16553.86,24,0.189,0
CR-103206,2025-04-07,43,Comercio,25,4.6,5037.7,579.26,3,704.0,28157.84,18,0.1564,0
CR-102971,2023-04-29,37,Comercio,16,2.2,4994.5,19566.14,3,324.0,39042.52,18,0.2715,1
CR-102030,2023-09-19,52,Servicios,28,6.6,8711.03,14958.88,1,546.0,32837.38,36,0.2176,0
CR-102712,2023-11-26,37,Servicios,16,5.1,3695.27,7572.33,2,539.0,12831.11,18,0.2258,0
CR-100756,2023-08-03,28,Manufactura,4,1.9,5006.55,15401.72,2,380.0,25883.56,36,0.2658,1
CR-102489,2023-01-13,38,Agro,19,15.0,1727.93,1808.85,2,539.0,12466.01,6,0.1783,0
CR-100757,2025-03-25,47,Manufactura,28,6.1,6459.43,0.0,0,711.0,17678.04,36,0.1599,0
CR-104746,2023-08-03,46,Comercio,22,7.1,7043.47,2781.1,1,621.0,29348.04,18,0.1854,0
CR-100599,2024-02-06,18,Servicios,0,4.1,1199.57,3122.6,1,423.0,6220.06,18,0.2267,0
CR-101384,2024-09-03,19,Tecnología,0,4.3,5262.52,3497.53,2,569.0,18198.01,12,0.2137,0
CR-100443,2023-08-27,53,Comercio,32,8.4,3308.29,4536.1,3,540.0,10742.95,6,0.2189,0
CR-103986,2025-03-11,26,Comercio,5,9.0,2537.0,0.0,0,598.0,18190.07,36,0.1993,0
CR-100358,2024-02-21,29,Tecnología,7,11.8,1442.98,2187.16,2,439.0,4587.24,24,0.2446,0
CR-105249,2024-02-18,28,Comercio,10,14.3,4397.33,1385.83,1,532.0,22660.6,24,0.1903,0
CR-105549,2025-01-01,27,Comercio,4,5.6,2214.38,4889.54,2,408.0,10615.32,12,0.2808,0
CR-105595,2023-07-21,42,Comercio,24,6.9,5034.95,12860.55,3,506.0,24020.3,36,0.212,0
CR-100998,2025-05-15,39,Tecnología,16,2.9,,7746.51,1,388.0,14169.88,18,0.2661,1
CR-105700,2025-04-02,35,Agro,12,9.4,4984.88,11600.96,1,390.0,32448.07,48,0.2548,1
CR-105077,2024-09-25,39,Servicios,15,5.8,3679.18,0.0,0,717.0,24449.53,12,0.1749,0
CR-104679,2024-10-29,26,Tecnología,3,5.6,2931.18,0.0,0,,22977.28,18,0.1559,0
CR-102490,2025-04-26,47,Manufactura,23,6.7,4213.02,6924.24,3,532.0,9950.78,48,0.2195,0
CR-103283,2023-08-12,52,Manufactura,30,1.8,3545.76,6382.04,2,440.0,9416.49,12,0.2457,0
CR-104514,2023-01-18,39,Comercio,17,0.5,4191.54,0.0,0,653.0,18678.81,12,0.1797,0
CR-100661,2023-05-13,38,Comercio,20,5.6,3478.89,2150.28,2,599.0,8280.81,12,0.1689,0
CR-104737,2024-12-28,48,Manufactura,24,9.0,4891.45,7942.65,1,531.0,7431.88,6,0.1998,0
CR-104610,2025-01-14,39,Agro,15,11.6,4264.21,11321.99,1,465.0,18188.66,24,0.214,0
CR-103227,2025-06-13,37,Manufactura,17,1.6,3919.4,2017.54,1,624.0,25857.94,48,0.1793,0
CR-100191,2025-03-08,36,Manufactura,14,12.8,4560.06,0.0,0,651.0,30542.87,12,0.1877,0
CR-100893,2025-03-09,38,Comercio,16,1.5,3398.86,0.0,0,567.0,15744.92,12,0.2169,0
CR-105187,2023-10-04,38,Comercio,15,4.5,4986.97,19524.22,1,300.0,38318.38,18,0.2696,1
CR-102641,2023-07-22,37,Comercio,19,14.7,4072.35,14701.6,3,389.0,15663.48,12,0.26,1
CR-102704,2024-01-25,40,Construcción,17,4.8,5397.2,6181.83,1,507.0,28608.34,24,0.2276,0
CR-100321,2023-10-28,36,Tecnología,18,8.0,1819.94,508.12,1,565.0,7867.35,12,0.1979,0
CR-101055,2024-12-30,54,Construcción,33,17.7,7748.07,13345.39,2,545.0,46884.54,48,0.2097,0
CR-100197,2023-03-07,34,Comercio,11,4.5,2326.91,3506.99,1,530.0,9450.06,6,0.2268,0
CR-105590,2025-03-26,39,Servicios,17,25.0,3429.76,6285.24,1,507.0,20655.93,12,0.2387,0
CR-103882,2024-07-28,42,Servicios,18,19.3,4187.17,15593.19,3,339.0,12993.66,18,0.2512,1
CR-102594,2023-02-12,20,Servicios,0,3.6,2786.18,9500.28,4,329.0,5773.67,6,0.2845,1
CR-101796,2024-11-27,34,Agro,13,3.4,1148.04,2670.45,1,381.0,4129.58,6,0.2614,1
CR-100256,2023-02-28,43,Construcción,20,6.0,2699.29,2016.79,4,562.0,11422.38,24,0.2029,0
CR-101764,2023-11-17,26,Comercio,8,7.1,5500.94,0.0,0,660.0,12709.32,6,0.1733,0
CR-105243,2023-05-20,47,Comercio,24,19.5,3384.29,1492.4,2,637.0,7905.76,18,0.1694,0
CR-105518,2025-03-23,47,Comercio,27,3.0,3921.11,0.0,0,560.0,11308.34,18,0.2003,0
CR-102881,2024-05-12,48,Servicios,28,1.6,3508.01,8254.27,2,408.0,26936.54,6,0.2476,1
CR-105791,2024-06-04,38,Construcción,20,8.7,2894.51,6839.37,2,421.0,12355.13,18,0.237,0
CR-102389,2024-06-21,38,Manufactura,14,7.3,9635.24,0.0,0,699.0,64601.39,18,0.1662,0
CR-104291,2024-03-20,21,Servicios,0,8.4,2574.21,7131.44,1,385.0,13339.15,6,0.2799,0
CR-100246,2024-12-17,26,Servicios,5,19.4,1454.98,2077.83,1,,4418.74,12,0.1949,0
CR-101213,2023-02-27,30,Construcción,11,3.2,15367.27,13188.4,1,682.0,76864.0,36,0.1671,0
CR-105854,2024-12-18,29,Manufactura,7,4.2,8765.66,28189.28,2,407.0,62503.21,12,0.2449,1
CR-101865,2024-07-28,40,Manufactura,16,2.1,6768.75,26405.4,1,355.0,31503.82,24,0.2685,1
CR-101037,2025-05-31,32,Servicios,9,3.2,6608.96,4940.54,2,577.0,34665.3,18,0.2067,0
CR-100471,2023-03-07,34,Servicios,12,7.2,1347.82,3310.22,2,337.0,6268.24,6,0.3011,0
CR-102748,2024-06-09,36,Comercio,14,11.2,1809.62,6109.14,3,333.0,5450.91,6,0.2885,1
CR-100759,2024-12-30,43,Comercio,23,3.4,13707.3,46274.41,1,483.0,50466.98,18,0.2524,1
CR-104771,2024-09-12,18,Comercio,0,8.1,11585.94,37202.52,1,439.0,88681.38,24,0.2342,1
CR-101042,2023-05-11,46,Manufactura,23,5.2,3390.22,0.0,0,572.0,25526.3,18,0.1867,0
CR-105845,2023-12-08,46,Construcción,24,7.1,,0.0,0,629.0,17700.53,24,0.1805,0
CR-104385,2024-11-29,34,Tecnología,16,9.7,3031.6,0.0,0,616.0,14223.12,24,0.1589,0
CR-101784,2023-08-16,46,Construcción,23,11.3,2185.41,0.0,0,725.0,7316.81,24,0.1723,0
CR-100851,2025-05-11,33,Construcción,11,4.9,3977.2,13405.26,2,410.0,29365.35,36,0.2359,1
CR-104964,2023-01-10,31,Tecnología,9,6.0,2312.33,5140.17,1,417.0,11376.88,12,0.2396,0
CR-102621,2024-07-02,30,Servicios,9,7.8,1764.72,0.0,0,603.0,11894.94,36,0.1956,0
CR-103019,2024-06-15,18,Manufactura,0,6.9,3280.75,0.0,0,699.0,22653.41,24,0.1726,0
CR-105472,2024-04-06,43,Tecnología,24,4.7,4728.8,0.0,0,686.0,13525.73,24,0.1556,0
CR-101364,2023-08-01,34,Construcción,12,7.7,2336.83,0.0,0,592.0,13650.17,36,0.2019,0
CR-102733,2025-04-01,33,Comercio,12,9.2,3081.49,4706.51,1,539.0,7474.42,24,0.2066,0
CR-102914,2025-02-12,42,Tecnología,24,8.8,4227.92,7160.5,2,537.0,15576.19,12,0.2096,0
CR-100891,2024-08-11,32,Comercio,13,6.9,19645.44,62235.79,1,563.0,102791.95,18,0.2095,0
CR-100273,2024-02-13,61,Comercio,42,0.5,6839.05,26609.46,1,346.0,36264.89,12,0.2525,1
CR-104314,2023-07-18,38,Tecnología,14,15.0,3383.04,10535.63,2,376.0,9233.39,18,0.2345,0
CR-101715,2024-08-20,39,Comercio,17,0.4,1448.05,2060.56,1,459.0,8331.67,6,0.2181,0
CR-103698,2023-07-08,26,Tecnología,5,3.3,2234.98,3205.27,5,576.0,17294.48,24,0.2259,0
CR-103207,2024-04-23,42,Manufactura,22,5.4,3889.75,2701.92,4,531.0,8141.28,6,0.2125,0
CR-104589,2024-05-31,33,Servicios,14,9.3,8774.3,0.0,0,745.0,42670.32,12,0.1365,0
CR-102501,2025-01-08,41,Comercio,17,3.8,7237.83,14298.44,2,487.0,16137.72,18,0.2013,1
CR-101414,2024-08-19,53,Servicios,31,7.3,9641.31,0.0,0,717.0,43103.48,12,0.1393,0
CR-100099,2023-02-27,28,Comercio,10,6.4,6956.87,0.0,0,734.0,53803.6,12,0.1667,0
CR-104248,2023-02-24,31,Comercio,8,2.8,2464.59,0.0,0,567.0,8957.34,12,0.1957,0
CR-104535,2024-02-22,42,Agro,20,15.3,1630.16,1272.41,2,589.0,10827.83,6,0.2017,0
CR-100335,2024-08-06,25,Manufactura,1,4.9,3564.16,13505.84,2,387.0,19381.0,24,0.2594,1
CR-102527,2024-09-07,34,Servicios,12,9.2,6884.26,0.0,0,725.0,51608.55,24,0.1432,0
CR-101121,2024-02-25,38,Comercio,17,12.0,3681.16,415.68,1,630.0,19633.78,18,0.1683,0
CR-105226,2023-02-27,39,Manufactura,20,2.2,3234.9,10827.95,3,302.0,12924.92,36,0.2974,0
CR-100040,2024-07-20,46,Manufactura,23,9.8,1968.55,6210.63,4,401.0,11661.77,48,0.2696,0
CR-103142,2024-04-16,35,Manufactura,17,9.1,7893.49,2555.69,1,700.0,35427.08,24,0.1692,0
CR-103473,2024-01-27,44,Servicios,26,13.6,4074.5,0.0,0,705.0,14351.94,18,0.1582,0
CR-103042,2023-08-19,28,Manufactura,5,2.4,3363.17,5177.77,3,483.0,14281.97,12,0.2129,0
CR-105452,2024-04-20,57,Comercio,38,4.2,6843.39,15708.78,2,495.0,50685.63,12,0.221,0
CR-104859,2024-07-09,36,Comercio,12,15.0,5440.46,6479.9,2,625.0,12810.76,12,0.1953,0
CR-102605,2024-01-16,28,Comercio,8,2.1,8252.58,0.0,0,679.0,40590.76,48,0.1669,0
CR-100919,2023-05-22,18,Agro,0,6.6,,5186.96,3,601.0,14291.52,12,0.1797,0
CR-105490,2024-09-27,35,Comercio,15,8.2,2503.97,9299.09,2,306.0,11644.49,36,0.3178,1
CR-104926,2023-09-08,51,Servicios,29,3.8,4343.88,6157.3,1,612.0,31163.38,6,0.197,0
CR-102128,2023-02-03,43,Construcción,23,4.1,19272.05,38099.22,1,693.0,97587.61,36,0.1709,0
CR-100955,2024-08-17,53,Agro,35,3.9,2411.58,9635.08,3,300.0,17317.5,48,0.2583,1
CR-101827,2024-04-22,55,Comercio,33,3.3,3879.84,8730.22,2,431.0,15225.34,6,0.2578,1
CR-105048,2023-11-15,38,Comercio,19,2.1,4197.51,6343.09,2,615.0,32711.49,6,0.2049,0
CR-102872,2024-02-14,26,Construcción,4,4.4,4087.56,5263.27,3,539.0,26193.45,24,0.2018,0
CR-105262,2024-05-17,43,Agro,22,1.8,3759.51,2008.68,1,527.0,14262.61,6,0.2226,0
CR-100306,2023-10-26,34,Comercio,11,5.9,2418.16,0.0,0,548.0,16081.46,18,0.2205,0
CR-101548,2024-06-04,44,Manufactura,22,9.5,3413.19,8872.74,2,346.0,9096.8,6,0.2663,0
CR-101736,2023-06-16,23,Comercio,3,0.2,2496.87,5191.1,1,420.0,9425.72,6,0.2457,0
CR-101249,2023-10-21,21,Comercio,1,2.3,4370.8,0.0,0,677.0,32338.8,24,0.1914,0
CR-105586,2023-05-11,32,Construcción,10,10.4,11913.27,29019.26,1,621.0,21917.9,12,0.1523,0
CR-103347,2024-03-27,40,Construcción,16,1.3,4378.72,14274.34,2,339.0,16407.36,12,0.2859,0
CR-101907,2024-09-20,40,Comercio,21,7.8,3200.17,2855.77,3,646.0,7257.43,24,0.1702,0
CR-102388,2024-01-19,50,Construcción,28,13.0,4101.98,13877.62,1,384.0,6649.94,24,0.2559,0
CR-104923,2023-12-19,24,Comercio,5,8.8,1748.03,3709.06,1,428.0,4346.46,6,0.2512,0
CR-101731,2023-06-26,38,Comercio,20,5.5,3687.16,10682.31,1,418.0,29418.26,18,0.2413,1
CR-100553,2023-08-09,60,Manufactura,39,6.0,2149.28,6089.32,1,339.0,11974.56,24,0.2724,0
CR-104504,2024-12-11,30,Agro,7,2.6,4446.64,17531.49,1,300.0,16615.96,12,0.2736,1
CR-103984,2023-05-17,29,Construcción,11,2.0,3314.18,502.67,3,630.0,18297.22,6,0.1659,0
CR-104862,2024-12-19,45,Manufactura,23,10.8,6300.52,22679.0,1,388.0,40424.76,12,0.2756,1
CR-102940,2024-08-07,56,Servicios,32,15.6,5887.97,0.0,0,671.0,33310.36,12,0.1532,0
CR-101253,2025-03-29,41,Tecnología,19,5.1,1881.03,1723.54,3,549.0,12893.31,12,0.2186,0
CR-101041,2023-06-03,49,Agro,26,2.4,2399.73,8660.84,1,337.0,12133.11,12,0.2649,1
CR-101697,2025-06-01,64,Servicios,43,5.9,1633.06,0.0,0,634.0,5485.62,12,0.2159,0
CR-100188,2025-05-26,23,Servicios,2,2.7,2550.52,0.0,0,615.0,7077.26,12,0.1946,0
CR-105106,2024-07-22,48,Agro,27,3.6,2773.59,1607.21,1,581.0,13115.97,18,0.1742,0
CR-103880,2025-05-07,33,Tecnología,12,7.5,4541.52,0.0,0,694.0,15534.99,12,0.1811,0
CR-102237,2024-03-10,37,Servicios,19,5.8,2665.36,1640.9,2,630.0,6447.55,18,0.1772,0
CR-102696,2023-03-30,43,Manufactura,25,8.9,2517.88,0.0,0,597.0,10316.51,48,0.2314,0
CR-103645,2023-09-03,22,Agro,0,8.7,5901.63,2961.06,1,728.0,39469.53,24,0.1692,0
CR-101518,2023-10-22,35,Servicios,17,1.5,4224.49,16827.34,2,338.0,18396.67,18,0.2805,1
CR-105994,2025-06-07,27,Manufactura,5,1.0,4795.24,0.0,0,685.0,13010.76,24,0.1629,0
CR-100685,2023-07-16,33,Comercio,11,7.6,4313.28,2810.03,2,631.0,19096.11,6,0.1689,0
CR-105661,2025-03-02,41,Manufactura,23,8.6,2357.83,6046.29,1,442.0,10000.42,48,0.242,0
CR-104766,2024-04-10,27,Manufactura,3,3.2,1662.69,6233.15,1,300.0,7014.06,24,0.2705,1
CR-100789,2023-11-24,36,Manufactura,13,7.8,5685.53,0.0,0,677.0,16335.82,24,0.1729,0
CR-105563,2023-02-15,23,Manufactura,0,27.5,2141.8,0.0,0,722.0,9068.51,24,0.1423,0
CR-103643,2023-10-20,31,Construcción,10,5.5,3135.18,6320.55,2,487.0,16285.43,18,0.2437,0
CR-101012,2023-10-26,32,Manufactura,10,4.9,1126.67,695.03,2,549.0,8348.59,18,0.204,0
CR-105128,2023-06-29,41,Servicios,22,0.4,7427.91,21508.45,1,428.0,51416.82,36,0.2392,0
CR-101825,2024-06-14,45,Agro,27,9.8,3796.47,0.0,0,642.0,19387.41,12,0.1863,0
CR-105325,2023-07-21,56,Manufactura,33,3.8,2313.64,1495.3,1,610.0,11771.02,12,0.2006,0
CR-105292,2023-12-01,42,Servicios,23,14.5,2938.42,0.0,0,657.0,8288.68,24,0.1694,0
CR-101785,2023-08-14,51,Tecnología,28,3.2,4470.18,8134.22,1,557.0,9442.04,12,0.2044,0
CR-103625,2024-10-12,60,Servicios,41,4.8,2533.21,0.0,0,615.0,8267.01,24,0.1877,0
CR-102039,2024-04-30,41,Servicios,17,7.4,,0.0,0,709.0,49927.8,24,0.1606,0
CR-102617,2023-09-10,48,Agro,26,5.0,3250.28,12630.52,5,315.0,17331.68,48,0.2721,1
CR-105834,2023-05-25,36,Agro,15,11.2,2374.28,943.06,2,602.0,10015.98,12,0.1792,0
CR-102103,2023-07-12,46,Tecnología,28,2.2,1839.5,606.36,3,656.0,8927.19,48,0.1385,0
CR-101587,2024-08-12,48,Comercio,30,8.2,7648.0,25924.51,2,373.0,21723.54,18,0.2846,0
CR-102743,2024-06-01,18,Agro,0,12.0,3947.55,5944.36,1,498.0,20254.97,12,0.2109,0
CR-101441,2025-03-10,42,Servicios,22,19.0,,0.0,0,685.0,15210.56,6,0.1679,0
CR-101613,2023-12-15,39,Comercio,15,3.0,5440.58,15954.41,1,362.0,11551.48,12,0.2589,0
CR-105895,2025-02-22,36,Tecnología,18,3.9,,0.0,0,684.0,13887.87,24,0.1716,0
CR-102105,2024-12-20,32,Comercio,8,1.3,3645.89,12561.48,2,324.0,17968.0,12,0.2856,1
CR-102010,2024-08-15,24,Comercio,5,1.9,1672.11,2338.37,2,480.0,2790.99,36,0.2063,0
CR-102663,2025-01-02,22,Tecnología,1,12.9,1807.25,6947.28,2,361.0,7706.83,18,0.2756,1
CR-104821,2025-04-10,31,Comercio,12,10.6,429.11,0.0,0,592.0,2557.87,6,0.1876,0
CR-104874,2023-05-09,27,Tecnología,7,6.8,3261.39,10837.9,4,386.0,6867.35,12,0.2629,1
CR-100316,2023-06-07,39,Tecnología,17,1.6,7121.89,14033.95,1,521.0,56370.34,24,0.1967,0
CR-101355,2023-04-08,43,Comercio,22,3.0,2937.47,10822.45,2,354.0,21724.86,24,0.2483,0
CR-102567,2024-01-28,43,Comercio,21,11.5,4752.02,807.91,2,617.0,24525.14,24,0.1682,0
CR-103778,2023-05-06,37,Manufactura,16,10.3,3226.91,0.0,0,658.0,22099.93,18,0.1852,0
CR-104379,2025-06-01,23,Servicios,4,4.1,3490.39,0.0,0,610.0,27286.64,12,0.1788,0
CR-105100,2025-04-22,28,Tecnología,6,5.3,4905.69,14953.7,1,321.0,15477.96,36,0.2572,0
CR-101177,2024-03-31,40,Agro,17,5.3,2012.43,6334.57,1,335.0,15803.12,24,0.2673,0
CR-101630,2024-09-09,25,Servicios,5,6.4,,2119.46,4,429.0,7320.25,6,0.2525,0
CR-101922,2023-10-02,18,Tecnología,0,2.8,3886.23,0.0,0,635.0,18869.3,6,0.1939,0
CR-104200,2025-03-28,29,Servicios,9,0.3,6648.85,8175.87,1,570.0,43231.75,18,0.2184,0
CR-103532,2023-12-12,52,Servicios,33,3.6,2525.67,0.0,0,552.0,18028.33,6,0.2059,0
CR-103015,2023-11-26,32,Tecnología,11,30.5,5030.23,1306.26,1,701.0,14719.6,18,0.1541,0
CR-100330,2024-08-29,55,Comercio,31,3.7,13275.7,24522.29,1,648.0,28610.02,24,0.1779,0
CR-102181,2025-06-05,41,Servicios,18,7.4,4193.92,10316.46,2,376.0,24953.48,18,0.2334,0
CR-101673,2024-03-08,43,Construcción,19,14.6,7856.87,9112.52,1,673.0,20376.99,48,0.1523,0
CR-102997,2023-11-26,64,Tecnología,42,8.7,2496.3,7139.1,3,415.0,3964.75,36,0.2314,0
CR-104464,2023-10-31,49,Comercio,30,4.4,1219.39,0.0,0,594.0,7042.91,6,0.1976,0
CR-101498,2025-01-31,46,Construcción,27,9.5,6382.32,25460.14,2,388.0,44482.99,18,0.2458,1
CR-100032,2023-12-27,32,Servicios,14,3.3,3027.65,9954.51,1,402.0,15840.64,18,0.2477,0
CR-101885,2023-02-17,41,Comercio,22,1.1,2924.3,6089.77,4,455.0,18296.46,12,0.2336,0
CR-101724,2025-02-16,50,Comercio,32,8.9,4800.52,8486.67,4,457.0,17953.03,12,0.2455,0
CR-103251,2024-08-07,38,Manufactura,20,5.9,5110.16,10694.48,1,470.0,35309.68,6,0.2345,1
CR-105780,2025-01-01,35,Comercio,17,4.7,7647.87,9010.2,1,594.0,14385.25,6,0.1814,0
CR-103819,2023-05-14,35,Comercio,11,0.8,3040.9,0.0,0,619.0,6830.11,48,0.2144,0
CR-102753,2025-06-15,39,Tecnología,19,12.3,4263.51,14684.48,2,398.0,17517.41,6,0.2368,1
CR-105336,2025-01-20,47,Servicios,29,5.4,6528.38,0.0,0,657.0,41249.69,12,0.1926,0
CR-104673,2024-05-11,40,Comercio,21,2.0,,5991.06,3,555.0,36442.2,12,0.2126,0
CR-105900,2023-12-24,39,Servicios,16,8.5,8729.18,881.35,3,697.0,22616.73,24,0.1635,0
CR-101438,2024-06-11,24,Servicios,3,5.0,1713.38,2316.67,1,502.0,4003.9,48,0.219,0
CR-104245,2024-06-12,38,Servicios,19,1.0,2098.1,5317.47,4,342.0,16185.9,36,0.259,1
CR-101398,2023-01-30,44,Manufactura,25,5.0,3163.83,0.0,0,600.0,12199.11,12,0.1888,0
CR-101476,2023-03-28,61,Comercio,43,4.5,2711.84,9797.59,2,389.0,18273.72,6,0.2142,0
CR-103933,2025-06-16,50,Tecnología,31,11.6,4544.78,0.0,0,647.0,20987.86,24,0.2012,0
CR-100663,2024-12-23,34,Manufactura,11,2.6,2853.61,1664.13,3,569.0,10735.46,36,0.1888,0
CR-105130,2024-08-17,28,Tecnología,6,3.6,3687.93,0.0,0,618.0,18556.02,48,0.2252,0
CR-101010,2025-04-23,24,Servicios,1,7.9,4254.93,9611.14,1,516.0,10235.73,36,0.1927,0
CR-104898,2023-05-14,41,Tecnología,22,4.1,9961.25,11037.24,1,625.0,30591.8,18,0.1535,0
CR-100221,2025-06-12,41,Servicios,17,16.8,4066.15,0.0,0,664.0,32065.62,48,0.1723,0
CR-101386,2025-03-30,52,Comercio,32,6.6,3570.88,703.16,2,635.0,16110.27,18,0.1734,0
CR-103385,2024-07-23,43,Servicios,20,20.6,7039.26,1539.96,2,743.0,28709.05,24,0.1834,0
CR-101141,2023-11-20,18,Comercio,0,19.0,915.06,1467.51,3,536.0,6390.67,6,0.1955,0
CR-103541,2025-06-13,42,Agro,18,17.8,3302.96,0.0,0,666.0,23087.74,18,0.1889,0
CR-102991,2024-06-11,56,Tecnología,38,8.4,13788.3,24532.72,1,629.0,46726.67,12,0.1329,0
CR-103381,2025-06-13,42,Servicios,22,4.8,3673.34,5846.14,1,515.0,23092.5,12,0.211,0
CR-104305,2024-05-01,38,Servicios,19,8.5,1683.43,5422.69,3,331.0,7163.35,24,0.285,1
CR-105772,2024-05-24,37,Servicios,16,6.4,5302.8,4081.61,3,602.0,23855.02,18,0.1708,0
CR-105362,2023-08-05,59,Manufactura,41,3.3,2722.0,1362.51,4,575.0,12647.95,18,0.2017,0
CR-101380,2025-02-23,51,Comercio,27,20.8,2095.01,7594.53,1,317.0,3301.14,18,0.2861,0
CR-104267,2024-10-30,42,Construcción,18,0.5,2208.38,2891.34,1,436.0,14417.83,18,0.2755,0
CR-101720,2024-06-06,50,Comercio,27,17.6,5750.38,18934.04,1,353.0,34806.05,48,0.2552,1
CR-103604,2023-07-30,39,Manufactura,21,6.6,4801.79,5014.99,1,561.0,14920.38,6,0.21,0
CR-103767,2025-05-03,43,Comercio,19,5.7,5366.06,19814.78,2,396.0,37836.99,24,0.2758,1
CR-104832,2024-12-29,26,Servicios,5,7.0,4776.86,649.75,1,615.0,29625.07,24,0.1619,0
CR-100932,2024-02-23,51,Agro,31,10.8,1227.27,3139.69,2,351.0,2802.66,18,0.283,1
CR-104567,2023-08-21,40,Comercio,16,18.0,6390.98,22284.26,1,393.0,29238.25,12,0.2734,0
CR-103234,2023-09-08,33,Tecnología,10,3.1,2363.56,4986.85,1,501.0,17284.4,36,0.2411,0
CR-103343,2025-04-13,47,Servicios,26,3.0,2191.52,0.0,0,642.0,14812.67,48,0.1897,0
CR-101608,2025-01-16,36,Manufactura,13,13.1,3425.38,1867.63,2,625.0,7318.95,24,0.1806,0
CR-105940,2023-02-20,18,Servicios,0,10.0,4370.9,433.96,1,718.0,34480.76,12,0.1382,0
CR-104424,2025-06-06,27,Comercio,4,1.3,4032.49,0.0,0,617.0,19645.32,36,0.1517,0
CR-103709,2023-07-08,35,Servicios,11,8.3,3228.2,618.6,1,622.0,7448.89,36,0.1866,0
CR-105022,2023-09-18,34,Tecnología,15,7.7,3190.49,10514.5,2,403.0,7090.19,18,0.2355,0
CR-105775,2024-01-26,41,Manufactura,21,7.6,3043.57,5899.91,3,477.0,8428.12,36,0.2062,0
CR-104733,2025-01-28,18,Construcción,0,7.6,1263.16,4904.45,1,300.0,7417.15,12,0.3133,1
CR-101140,2023-05-25,57,Comercio,37,17.7,1963.95,5805.54,1,371.0,9172.56,24,0.2726,0
CR-105233,2025-05-28,60,Comercio,42,8.6,3025.84,1204.18,1,614.0,9946.48,48,0.1918,0
CR-104882,2023-06-27,31,Servicios,10,7.2,1948.86,2439.25,1,546.0,9776.1,6,0.2124,1
CR-100710,2024-08-22,38,Servicios,16,9.3,5592.86,4797.76,2,597.0,41654.46,6,0.2126,0
CR-103866,2023-04-03,43,Manufactura,22,2.0,8209.07,22702.36,1,477.0,31805.49,6,0.2397,0
CR-103132,2023-04-08,39,Comercio,19,0.4,1556.47,0.0,0,670.0,5205.76,12,0.1366,0
CR-103691,2024-11-14,37,Servicios,16,2.5,3825.69,3646.83,4,530.0,23796.95,24,0.2225,0
CR-102228,2024-09-24,62,Tecnología,42,6.7,2200.97,1135.47,1,567.0,9050.28,24,0.2074,0
CR-103635,2023-11-27,24,Manufactura,2,2.1,3137.27,1250.23,1,657.0,17727.89,12,0.1859,0
CR-104004,2024-01-29,54,Construcción,30,4.1,5892.18,10353.41,1,511.0,31318.31,36,0.2236,0
CR-101686,2023-12-21,32,Servicios,14,6.4,2645.67,9325.6,3,360.0,12661.65,18,0.2757,1
CR-100772,2023-10-27,41,Comercio,21,8.3,4428.32,15059.84,3,359.0,19229.96,12,0.2536,1
CR-101606,2024-01-23,44,Tecnología,20,6.0,4165.3,16149.66,1,323.0,23081.64,18,0.2735,1
CR-102479,2023-04-07,35,Manufactura,17,14.9,2250.76,7732.78,1,423.0,4910.03,18,0.2235,1
CR-100900,2023-08-16,42,Manufactura,19,5.9,2873.61,10579.16,2,323.0,11774.8,18,0.2922,0
CR-101533,2023-05-15,25,Manufactura,3,16.8,4271.55,4032.06,1,619.0,8565.85,6,0.2101,0
CR-101427,2024-06-20,48,Manufactura,29,2.6,2343.11,4329.27,3,484.0,6790.91,12,0.2182,0
CR-102458,2023-01-27,18,Manufactura,0,4.9,2605.69,997.54,3,588.0,8264.88,18,0.2004,0
CR-100854,2024-05-06,41,Comercio,17,8.1,6320.8,17.92,1,728.0,47027.98,12,0.1485,0
CR-104214,2024-05-24,37,Agro,14,2.5,,2857.18,3,567.0,6305.34,18,0.217,0
CR-103095,2024-01-04,26,Comercio,6,11.6,2723.67,5654.65,3,498.0,12494.78,18,0.2185,0
CR-101392,2024-11-29,32,Agro,11,0.9,7462.91,0.0,0,694.0,49970.26,12,0.1519,0
CR-105976,2024-02-22,34,Comercio,16,19.3,4101.27,11515.78,1,396.0,17409.89,24,0.2452,0
CR-100874,2023-02-07,18,Tecnología,0,7.1,4125.98,7680.47,2,601.0,23675.72,12,0.1841,0
CR-102634,2023-06-23,51,Comercio,28,10.9,4090.55,7080.86,1,528.0,32379.85,24,0.2115,1
CR-100770,2025-04-27,57,Manufactura,37,12.9,4906.63,15379.74,2,392.0,33888.93,36,0.2383,1
CR-100894,2023-09-11,35,Servicios,15,7.6,1663.95,462.8,2,573.0,12135.68,12,0.2027,0
CR-102295,2023-04-26,48,Comercio,25,6.0,1583.17,0.0,0,,3168.23,24,0.1822,0
CR-101603,2023-10-12,22,Servicios,0,2.8,3335.71,9292.99,3,415.0,21579.43,18,0.2468,0
CR-103107,2024-07-21,39,Comercio,21,3.7,4987.38,0.0,0,633.0,12307.19,18,0.1791,0
CR-100749,2024-09-21,28,Construcción,8,8.0,6832.85,0.0,0,642.0,49137.42,6,0.1898,0
CR-103287,2023-04-18,50,Comercio,29,5.2,6549.32,7849.26,2,614.0,48848.81,12,0.1786,0
CR-103411,2025-01-01,18,Comercio,0,8.3,6000.19,3993.72,1,601.0,9352.39,12,0.1826,0
CR-102292,2024-03-24,51,Servicios,32,9.3,4674.73,1252.03,2,579.0,26361.15,24,0.2039,0
CR-100083,2024-06-29,34,Servicios,11,6.7,,13973.89,1,300.0,18849.08,24,0.2734,0
CR-105036,2024-05-27,46,Comercio,26,4.4,2090.7,0.0,0,600.0,7199.85,12,0.2096,0
CR-102565,2023-09-19,28,Manufactura,9,8.3,3600.28,10394.51,3,351.0,13698.35,36,0.2784,0
CR-100128,2023-07-31,31,Manufactura,12,2.5,4608.57,4144.14,1,593.0,28648.57,24,0.1967,0
CR-102075,2024-01-01,24,Agro,2,1.6,4326.21,6554.49,1,435.0,31149.14,24,0.2621,0
CR-103289,2023-12-03,27,Comercio,8,6.2,2603.47,1204.92,2,682.0,16120.76,6,0.1788,0
CR-100885,2025-04-28,41,Agro,17,6.5,2017.9,3895.7,2,533.0,4369.93,12,0.2055,0
CR-101431,2025-03-02,28,Construcción,9,10.5,9184.24,0.0,0,794.0,28975.57,12,0.1295,0
CR-100134,2024-03-28,22,Agro,2,19.4,1454.42,0.0,0,640.0,10682.31,12,0.1804,0
CR-101852,2025-01-05,35,Servicios,12,18.4,2921.47,11482.99,1,300.0,16398.49,12,0.267,1
CR-104086,2023-12-20,29,Manufactura,8,2.0,2319.02,7744.58,2,309.0,4045.25,48,0.2779,0
CR-103201,2025-05-14,51,Manufactura,29,6.0,2357.17,7713.87,2,,14568.4,36,0.2495,1
CR-104984,2024-11-28,22,Servicios,0,4.9,5659.82,3191.55,3,714.0,26412.1,18,0.1599,0
CR-102164,2023-05-20,45,Manufactura,26,4.8,10013.26,39911.41,1,413.0,60334.67,12,0.2491,1
CR-105237,2024-10-21,42,Comercio,20,14.2,4720.27,9979.84,1,419.0,21947.55,24,0.2501,0
CR-105584,2024-09-26,32,Comercio,8,6.2,1887.64,4918.78,2,401.0,10092.98,48,0.2366,1
CR-103690,2023-08-19,46,Manufactura,27,2.1,9353.58,17274.95,1,536.0,47979.03,24,0.2382,0
CR-100522,2024-09-13,53,Comercio,31,3.6,2885.74,0.0,0,644.0,16444.41,12,0.1595,0
CR-101020,2023-09-05,42,Servicios,18,8.2,792.42,234.62,3,624.0,2546.83,12,0.1948,0
CR-101545,2024-11-17,35,Comercio,13,2.7,6198.68,12769.8,1,514.0,15241.34,18,0.1916,0
CR-104479,2023-02-01,42,Manufactura,23,9.2,2401.49,7972.76,1,,13063.31,18,0.269,1
CR-103052,2023-02-24,28,Comercio,9,6.4,4307.19,10333.52,1,527.0,24623.01,24,0.2325,0
CR-104888,2024-05-05,36,Tecnología,12,6.2,2577.77,0.0,0,698.0,4998.81,18,0.1803,0
CR-104773,2024-02-14,45,Tecnología,27,3.9,4395.43,2205.77,1,577.0,12169.92,24,0.2039,0
CR-101301,2024-10-07,18,Comercio,0,5.9,2326.29,8830.08,2,344.0,5104.2,12,0.2629,1
CR-103802,2024-06-16,36,Comercio,14,8.7,10641.1,19627.89,1,527.0,83738.21,36,0.203,0
CR-100111,2023-06-16,41,Manufactura,20,3.9,3286.24,0.0,0,559.0,16500.39,48,0.1985,0
CR-100478,2024-05-18,38,Comercio,16,5.3,2637.27,0.0,0,482.0,8624.21,6,0.2224,0
CR-102990,2023-11-17,45,Manufactura,27,1.2,3322.87,0.0,0,668.0,7357.57,24,0.1672,0
CR-103225,2023-12-13,31,Comercio,13,6.9,5563.05,11061.69,3,481.0,28692.77,12,0.2407,0
CR-104786,2025-02-22,23,Comercio,0,4.0,2717.24,3026.07,1,526.0,19880.35,18,0.2353,0
CR-102252,2024-08-19,45,Servicios,23,1.7,4931.48,3192.08,1,,25334.44,48,0.1717,0
CR-102721,2023-01-24,52,Servicios,29,2.4,4207.89,0.0,0,624.0,17379.87,12,0.2076,0
CR-102654,2023-03-30,38,Agro,18,11.3,7817.65,4878.65,2,619.0,23556.1,12,0.1681,0
CR-104857,2024-12-11,31,Servicios,11,2.7,4320.07,7070.28,1,518.0,24146.37,6,0.2058,0
CR-100657,2024-08-20,40,Manufactura,19,9.0,2469.04,1779.07,1,588.0,4418.32,18,0.1846,0
CR-102983,2025-03-26,41,Servicios,20,0.2,3473.64,5680.48,4,410.0,24440.79,18,0.262,0
CR-104520,2023-10-20,26,Comercio,2,5.2,1612.87,5828.86,1,300.0,12237.37,12,0.2599,1
CR-105778,2023-05-17,52,Manufactura,32,1.8,3646.32,12614.9,3,324.0,25948.26,18,0.2747,1
CR-103128,2025-05-17,30,Servicios,10,11.0,7000.79,3978.46,1,622.0,45054.76,6,0.195,0
CR-101273,2023-01-31,42,Tecnología,22,23.9,8977.7,19704.47,1,541.0,16739.69,24,0.2327,0
CR-101333,2024-09-03,41,Manufactura,21,6.4,4642.26,4127.96,1,672.0,20580.4,48,0.1804,0
CR-105001,2025-02-23,35,Construcción,15,7.6,8549.12,14036.76,3,632.0,45300.55,24,0.1586,0
CR-104904,2025-06-09,61,Servicios,38,2.6,3110.13,7751.66,1,426.0,10490.46,18,0.2547,0
CR-102632,2023-02-23,37,Tecnología,18,9.7,4038.99,10459.3,1,449.0,13442.99,18,0.2303,0
CR-101098,2025-01-20,49,Manufactura,29,10.8,4929.73,3835.85,4,675.0,28777.35,18,0.1941,0
CR-102192,2023-08-18,27,Comercio,9,9.4,2283.14,5465.11,3,417.0,4167.13,24,0.2322,0
CR-105556,2023-08-22,41,Comercio,23,1.7,1629.06,199.58,1,595.0,6194.42,12,0.2104,0
CR-100787,2024-10-31,36,Agro,15,12.2,2316.95,1051.48,2,580.0,5032.37,36,0.2107,0
CR-103697,2023-07-11,36,Servicios,12,1.2,10169.12,24753.29,1,488.0,60711.84,24,0.2263,1
CR-104008,2025-01-24,29,Comercio,5,6.3,3470.41,0.0,0,703.0,27583.8,24,0.1378,0
CR-101558,2024-11-26,47,Servicios,26,32.5,1926.64,3079.62,1,481.0,15228.11,24,0.2157,0
CR-103879,2023-09-17,41,Agro,23,24.4,3803.86,12882.68,3,383.0,7146.36,18,0.2389,1
CR-101147,2023-02-05,34,Comercio,12,3.2,3227.25,5816.89,1,453.0,14167.12,36,0.2466,1
CR-101432,2025-04-09,28,Tecnología,5,5.1,3729.16,5852.12,4,506.0,13218.45,12,0.2187,0
CR-100748,2024-07-21,34,Agro,14,8.6,3688.89,11167.98,1,392.0,22190.69,24,0.2506,1
CR-104120,2025-01-12,31,Servicios,7,6.4,2637.19,7078.07,1,402.0,11673.39,24,0.2478,0
CR-104241,2025-05-16,29,Servicios,5,15.7,2089.26,4771.24,4,504.0,11934.7,6,0.2055,0
CR-100910,2023-05-20,30,Manufactura,9,6.5,2483.08,5449.39,2,424.0,18998.05,12,0.2801,0
CR-105164,2025-04-17,28,Agro,6,2.0,2677.09,10471.51,2,300.0,20402.22,12,0.2735,1
CR-100304,2024-11-10,37,Manufactura,13,8.7,3325.1,0.0,0,645.0,10283.09,12,0.1498,0
CR-105624,2024-12-26,33,Construcción,10,0.9,3074.11,3531.54,2,563.0,13442.46,24,0.1788,0
CR-104536,2024-05-14,28,Servicios,6,3.4,3905.34,0.0,0,626.0,30501.08,24,0.1929,0
CR-104193,2023-11-13,27,Construcción,3,15.3,2978.73,6118.7,2,441.0,11159.57,12,0.2346,0
CR-105148,2024-05-26,38,Servicios,14,4.1,4886.3,7502.0,1,542.0,18071.26,24,0.2091,0
CR-102680,2023-07-22,52,Comercio,34,9.3,4603.86,0.0,0,741.0,16147.81,24,0.1361,0
CR-105982,2024-12-21,36,Servicios,18,6.5,2829.72,4959.9,1,510.0,22264.84,36,0.2214,0
CR-101919,2025-03-25,22,Manufactura,3,23.9,3154.89,5068.25,1,,23718.83,24,0.2027,0
CR-104107,2024-08-04,52,Comercio,31,4.8,7396.63,27900.22,3,371.0,35498.04,18,0.2512,1
CR-102076,2023-08-16,38,Tecnología,18,5.2,4582.32,17243.04,1,343.0,13895.91,6,0.2468,1
CR-104236,2025-02-14,40,Servicios,20,8.3,6345.34,16930.59,1,426.0,16820.86,12,0.225,0
CR-103582,2024-10-21,39,Tecnología,21,9.9,3224.91,5780.55,2,567.0,15404.63,6,0.1863,0
CR-103426,2024-06-12,42,Agro,19,5.7,4028.64,0.0,0,689.0,26595.89,6,0.1743,0
CR-100107,2025-02-09,34,Comercio,13,4.0,7174.38,28391.44,2,423.0,18685.72,24,0.2575,1
CR-101914,2024-05-17,51,Manufactura,28,4.2,4070.81,0.0,0,692.0,16069.33,18,0.1883,0
CR-103516,2024-07-21,43,Servicios,23,1.8,2252.92,5740.15,1,428.0,8986.9,36,0.2406,0
CR-103282,2025-01-10,32,Comercio,11,4.1,,0.0,0,650.0,9946.89,48,0.1851,0
CR-102156,2023-05-23,42,Comercio,19,3.3,2905.01,0.0,0,718.0,17801.65,36,0.1501,0
CR-100120,2024-03-04,27,Tecnología,4,7.4,4668.59,1992.67,2,670.0,11504.34,18,0.1665,0
CR-104950,2025-03-06,50,Manufactura,32,7.2,4079.3,0.0,0,610.0,20863.11,12,0.1947,0
CR-103602,2024-10-30,23,Servicios,0,3.2,2691.72,0.0,0,670.0,5434.45,12,0.1573,0
CR-104090,2023-08-17,63,Comercio,44,9.4,,1417.41,1,521.0,12585.68,24,0.2175,0
CR-100364,2024-02-18,37,Comercio,14,1.4,2195.15,5091.91,4,367.0,13290.49,6,0.2411,0
CR-104696,2023-01-07,46,Comercio,28,28.7,2426.84,7269.91,1,397.0,13870.35,12,0.2536,1
CR-104331,2023-09-27,25,Manufactura,1,7.0,1939.1,3255.67,1,414.0,11189.59,12,0.2673,0
CR-101156,2025-04-03,38,Comercio,20,9.1,1803.26,5572.63,2,350.0,7592.56,24,0.2802,0
CR-103610,2024-09-09,45,Servicios,21,2.2,9164.1,0.0,0,795.0,35301.08,18,0.1268,0
CR-105983,2023-06-17,46,Construcción,25,13.5,4258.07,14753.34,2,390.0,21721.72,24,0.2476,0
CR-101277,2025-04-05,56,Agro,38,14.1,1481.55,5275.89,2,314.0,9063.58,12,0.2841,1
CR-103152,2024-05-04,43,Servicios,22,11.4,5441.78,7295.26,2,577.0,29440.36,12,0.1888,0
CR-100872,2025-01-30,46,Agro,22,4.6,2948.52,7455.83,1,445.0,8174.57,12,0.2538,0
CR-100898,2025-03-28,43,Servicios,19,11.2,2843.19,3598.84,1,545.0,10208.16,36,0.2052,0
CR-105235,2024-12-16,35,Construcción,16,11.7,2046.87,0.0,0,633.0,15211.1,12,0.1857,0
CR-104242,2024-04-18,26,Comercio,4,12.2,3876.25,8500.97,1,446.0,9964.96,12,0.2793,0
CR-104154,2025-04-20,30,Tecnología,10,8.5,1502.04,2800.8,1,401.0,4269.87,18,0.2184,0
CR-102575,2024-09-17,42,Servicios,19,18.6,5437.0,20320.85,2,314.0,38130.56,24,0.27,1
CR-105587,2024-09-19,47,Servicios,26,5.5,2068.88,4520.4,2,389.0,11805.8,18,0.2462,0
CR-103950,2024-09-18,30,Servicios,10,7.3,4696.77,0.0,0,611.0,36803.2,18,0.1801,0
CR-105984,2025-04-26,18,Servicios,0,8.1,1769.48,2864.68,2,453.0,4273.54,48,0.2384,0
CR-103223,2023-04-08,18,Agro,0,3.8,2434.35,3390.31,1,,3813.16,36,0.2531,0
CR-103163,2024-10-22,45,Manufactura,27,5.4,3823.4,6370.17,4,571.0,5918.12,18,0.2092,0
CR-105140,2024-01-18,36,Comercio,14,0.9,2161.98,0.0,0,546.0,13713.95,18,0.1879,0
CR-103544,2023-05-20,35,Servicios,14,4.7,5785.6,15044.43,1,443.0,32685.09,24,0.2291,0
CR-105228,2023-12-14,42,Manufactura,23,4.7,4719.88,13000.98,2,419.0,27416.72,24,0.2464,0
CR-101165,2023-04-04,29,Comercio,10,5.7,2669.19,1536.4,1,592.0,11507.99,48,0.1961,0
CR-104290,2023-08-23,33,Comercio,9,4.6,7461.61,12244.07,2,579.0,13078.99,36,0.1714,0
CR-105051,2023-08-12,40,Manufactura,22,0.9,1826.95,0.0,0,580.0,8641.73,24,0.1858,0
CR-105188,2023-07-18,39,Construcción,16,15.1,4319.49,4288.46,5,600.0,13278.35,12,0.1871,0
CR-100791,2024-12-19,24,Manufactura,0,8.0,1384.1,0.0,0,547.0,8991.6,24,0.1972,0
CR-103315,2024-08-08,47,Comercio,27,5.6,2389.61,0.0,0,645.0,16004.23,24,0.1987,0
CR-103448,2024-10-08,32,Servicios,10,3.9,3992.81,14044.57,1,334.0,16776.32,6,0.2791,0
CR-102068,2023-01-26,44,Tecnología,22,2.1,4225.73,15432.43,1,300.0,13019.44,12,0.2623,1
CR-100700,2024-09-10,50,Comercio,32,5.9,4871.6,8093.87,1,392.0,23496.19,12,0.291,0
CR-105263,2024-08-26,44,Servicios,23,5.2,4543.44,5428.32,2,557.0,16649.55,24,0.2113,0
CR-105733,2023-12-10,38,Servicios,16,8.3,,9165.86,1,465.0,26859.2,12,0.2201,0
CR-103560,2023-10-18,46,Servicios,28,15.6,2632.7,0.0,0,667.0,13744.51,12,0.1991,0
CR-103551,2024-10-07,25,Comercio,3,5.1,3218.89,52.81,1,607.0,19591.03,24,0.1746,0
CR-104261,2024-04-19,50,Agro,30,21.9,1853.22,6206.16,2,309.0,12441.14,12,0.2798,1
CR-101524,2023-02-21,33,Servicios,10,7.7,6435.83,0.0,0,688.0,46110.23,24,0.1782,0
CR-103339,2024-10-01,20,Manufactura,0,3.8,7332.35,1665.13,3,692.0,27609.43,48,0.1575,0
CR-103593,2025-02-06,43,Tecnología,23,3.1,4190.53,7549.17,1,480.0,20983.72,12,0.2117,0
CR-101960,2025-02-14,40,Manufactura,16,7.0,3658.77,2696.87,2,526.0,6869.94,24,0.1927,0
CR-102027,2024-04-15,18,Comercio,0,6.1,3287.79,1037.63,1,664.0,19402.79,12,0.1668,0
CR-104207,2024-06-12,48,Comercio,28,14.7,9749.17,1001.43,3,770.0,64563.13,24,0.1364,0
CR-104269,2025-03-12,36,Tecnología,16,6.0,,1345.13,2,632.0,8327.15,18,0.17,0
CR-104542,2023-01-15,18,Tecnología,0,5.8,3025.69,8852.61,6,344.0,21672.97,24,0.2805,0
CR-105517,2023-05-18,54,Servicios,34,10.2,2551.92,0.0,0,681.0,17047.89,12,0.1763,0
CR-104588,2023-04-28,19,Construcción,0,4.0,,6121.27,1,,25714.88,24,0.2297,0
CR-105650,2024-09-05,42,Manufactura,21,6.3,4464.87,7564.33,3,504.0,14770.49,36,0.1892,0
CR-100055,2024-05-12,31,Servicios,11,11.3,1991.44,6889.89,3,326.0,13879.62,24,0.2478,1
CR-103446,2023-02-08,33,Comercio,10,7.3,3253.46,0.0,0,531.0,14987.89,6,0.2084,0
CR-104268,2024-01-17,51,Comercio,28,9.1,2946.41,0.0,0,615.0,6633.81,48,0.183,0
CR-105218,2024-03-24,48,Tecnología,28,6.0,2289.41,4793.31,1,430.0,8702.14,12,0.235,0
CR-102772,2023-09-25,35,Agro,12,1.7,2305.54,0.0,0,640.0,6255.97,18,0.1733,0
CR-101727,2023-03-25,32,Manufactura,14,3.2,1795.39,4765.32,1,388.0,5415.84,6,0.2735,0
CR-101325,2023-07-18,49,Comercio,25,3.9,2410.88,6676.7,2,327.0,16156.96,6,0.2802,1
CR-104092,2024-06-02,30,Manufactura,6,7.1,2118.81,1506.68,1,548.0,6631.83,24,0.2347,1
CR-104224,2024-11-26,30,Tecnología,8,15.4,3814.8,9449.18,1,427.0,11120.89,18,0.2566,1
CR-102018,2024-10-28,44,Servicios,20,4.6,6945.22,5023.94,2,572.0,18844.82,12,0.2256,1
CR-100482,2023-02-28,39,Tecnología,18,11.6,3268.41,0.0,0,684.0,21306.4,24,0.1627,0
CR-102897,2024-01-25,39,Comercio,16,1.2,1087.73,488.37,3,534.0,6453.52,36,0.2299,0
CR-103751,2023-08-19,31,Manufactura,12,8.7,1522.95,4175.45,1,,9270.8,24,0.2491,0
CR-105794,2023-03-05,27,Manufactura,5,4.1,,0.0,0,613.0,15613.85,12,0.2002,0
CR-102854,2025-04-25,29,Tecnología,7,16.8,4832.98,12966.3,2,513.0,22536.81,24,0.2298,0
CR-101810,2025-03-21,18,Comercio,0,7.6,3025.15,7817.78,2,343.0,8996.37,36,0.2802,0
CR-104082,2025-06-11,39,Manufactura,15,4.5,3721.45,0.0,0,644.0,20523.59,36,0.173,0
CR-100671,2023-05-06,41,Comercio,18,14.0,5443.5,4324.04,1,645.0,18650.25,24,0.1958,0
CR-103468,2023-06-03,54,Manufactura,33,1.0,1491.9,0.0,0,584.0,9881.12,18,0.2039,0
CR-103814,2024-02-19,51,Comercio,27,8.2,3001.12,0.0,0,642.0,12092.46,12,0.1763,0
CR-103495,2024-09-26,38,Comercio,20,2.6,3211.95,5065.12,4,469.0,23811.17,24,0.2421,0
CR-100187,2024-04-10,25,Manufactura,2,13.2,1231.3,2379.06,1,397.0,3492.55,18,0.2588,0
CR-105440,2024-07-14,38,Comercio,17,5.5,4693.72,18632.44,1,300.0,28600.48,18,0.2871,1
CR-105881,2023-09-29,34,Servicios,16,11.8,2712.3,1456.96,1,565.0,6157.15,12,0.2019,0
CR-101477,2025-02-27,22,Servicios,0,7.9,3918.81,0.0,0,627.0,18054.07,48,0.2088,0
CR-102287,2024-08-13,63,Construcción,41,1.6,7139.09,0.0,0,708.0,27554.43,24,0.1723,0
CR-101802,2025-03-14,35,Servicios,16,6.1,3953.86,6848.91,1,431.0,18244.09,18,0.2505,0
CR-101512,2023-12-31,48,Servicios,25,6.7,3252.82,6594.26,4,459.0,8408.24,18,0.2407,0
CR-105821,2024-09-07,23,Manufactura,0,12.9,1821.06,4387.18,1,464.0,4981.18,48,0.2095,1
CR-102656,2024-06-13,41,Construcción,18,13.8,7023.95,9602.77,1,614.0,12892.73,24,0.2012,0
CR-105395,2023-08-29,45,Servicios,26,9.9,3416.86,0.0,0,614.0,14727.46,36,0.1845,0
CR-102644,2023-12-09,54,Tecnología,36,1.9,3656.65,0.0,0,605.0,17848.0,48,0.2057,0
CR-100236,2024-06-28,18,Servicios,0,4.4,2034.65,3542.63,2,398.0,3548.34,36,0.2487,0
CR-102849,2023-03-05,49,Tecnología,25,4.8,4122.05,11364.39,1,479.0,27851.01,24,0.2372,1
CR-103682,2025-06-13,40,Comercio,17,7.8,8888.4,32041.07,1,329.0,39174.23,48,0.2549,0
CR-104487,2025-03-20,26,Construcción,5,15.4,1769.37,0.0,0,597.0,4922.35,24,0.2125,0
CR-104091,2023-11-18,39,Construcción,17,9.6,1911.78,0.0,0,669.0,4417.79,24,0.1671,0
CR-104147,2023-07-11,60,Servicios,40,1.4,3139.98,4493.2,1,557.0,12938.79,12,0.2159,0
CR-103249,2024-04-10,40,Servicios,18,3.6,3112.93,5618.96,1,526.0,22138.62,12,0.2128,0
CR-104443,2025-05-01,27,Comercio,9,5.9,6538.11,9079.2,1,587.0,31231.25,12,0.1915,0
CR-102535,2023-08-31,50,Tecnología,32,4.3,2196.25,4452.32,1,496.0,16467.7,12,0.1914,0
CR-101444,2023-10-30,36,Servicios,14,0.9,,6813.22,2,574.0,35418.92,12,0.1882,0
CR-101928,2023-02-18,48,Comercio,27,8.9,2500.39,9932.1,1,317.0,16335.89,12,0.2862,1
CR-103836,2023-08-19,44,Tecnología,22,1.3,6902.65,9977.58,2,542.0,47890.43,18,0.2264,0
CR-104417,2025-01-13,41,Comercio,22,8.4,2429.01,8828.89,3,300.0,17857.35,18,0.2796,1
CR-103160,2024-05-30,37,Comercio,13,10.9,4508.27,2322.81,1,639.0,34026.85,48,0.1825,0
CR-102740,2025-04-23,29,Servicios,6,9.4,3377.33,2970.74,1,538.0,6950.96,12,0.187,0
CR-104050,2023-07-17,48,Comercio,25,4.0,3760.46,0.0,0,559.0,6232.28,12,0.1985,0
CR-100418,2025-05-07,37,Comercio,14,1.6,2949.85,7826.47,1,400.0,18190.6,24,0.2394,0
CR-101702,2025-02-22,40,Manufactura,16,2.7,2090.85,5193.76,2,397.0,11845.51,24,0.254,0
CR-105603,2024-06-26,42,Comercio,24,5.3,5381.59,5012.66,1,620.0,29188.46,18,0.203,0
CR-102463,2024-11-13,25,Construcción,7,3.0,2780.02,5839.36,3,457.0,5427.73,36,0.216,0
CR-103782,2023-04-14,28,Manufactura,5,8.6,2221.3,4267.44,2,452.0,4523.9,36,0.236,0
CR-103842,2023-04-03,41,Comercio,23,2.4,2626.28,10142.09,3,300.0,11852.17,48,0.2729,1
CR-103977,2023-04-12,35,Comercio,12,7.5,3178.33,8391.37,1,463.0,6794.38,48,0.2271,0
CR-105907,2024-07-13,28,Servicios,7,5.8,3682.63,2058.06,1,668.0,18083.12,48,0.1647,0
CR-102146,2023-01-31,28,Comercio,4,4.6,4703.07,17201.09,1,314.0,22908.21,6,0.2674,1
CR-100437,2023-02-27,26,Comercio,8,7.8,3280.61,12810.4,3,300.0,25613.8,18,0.2622,1
CR-105738,2023-09-12,18,Tecnología,0,6.2,2198.38,1600.23,2,559.0,12443.5,48,0.2048,0
CR-101436,2024-11-06,33,Servicios,15,11.7,4537.66,0.0,0,578.0,22690.6,6,0.2105,0
CR-103689,2023-02-21,53,Servicios,29,5.8,1436.78,4435.08,2,316.0,9242.4,6,0.275,1
CR-105799,2025-01-17,43,Agro,23,4.3,9036.01,1089.03,3,733.0,16184.11,18,0.1594,0
CR-102805,2024-01-07,39,Servicios,21,3.3,4175.04,1010.93,2,570.0,8624.33,12,0.1995,0
CR-100534,2024-12-07,21,Servicios,0,7.1,2407.36,7864.1,1,393.0,9753.7,18,0.2549,1
CR-100821,2025-05-15,54,Manufactura,34,6.9,9271.05,22407.23,1,541.0,26591.56,24,0.2063,0
CR-101848,2024-02-11,34,Servicios,16,6.1,7999.41,0.0,0,646.0,58848.96,24,0.169,0
CR-101571,2025-04-10,36,Manufactura,17,10.5,5423.45,20107.19,1,379.0,12628.51,12,0.2245,1
CR-105025,2023-11-16,18,Manufactura,0,7.9,3301.77,0.0,0,684.0,9820.51,18,0.1653,0
CR-103571,2024-04-15,47,Servicios,27,2.9,2577.67,1871.43,1,557.0,3915.39,18,0.228,0
CR-101417,2024-07-05,49,Tecnología,29,7.8,1331.76,1174.72,1,566.0,4315.77,6,0.2234,0
CR-101563,2024-09-23,25,Agro,6,6.0,3309.82,2033.95,2,578.0,23052.93,48,0.2102,0
CR-100175,2024-03-22,40,Servicios,17,8.7,3412.96,9766.64,1,418.0,19310.05,6,0.2245,1
CR-102934,2023-02-23,30,Comercio,12,11.6,4171.11,1844.78,3,615.0,31808.06,18,0.1833,0
CR-101995,2023-07-06,42,Servicios,19,3.9,3986.2,3990.17,2,601.0,11139.33,18,0.2077,0
CR-105013,2025-01-19,56,Comercio,32,3.5,1653.06,431.21,4,605.0,11815.94,12,0.2057,0
CR-104206,2024-08-02,38,Construcción,17,9.3,1816.29,0.0,0,,4820.45,12,0.1958,0
CR-105432,2024-05-17,26,Manufactura,3,6.3,3110.81,3409.04,3,633.0,8838.88,18,0.1878,0
CR-101542,2025-01-16,41,Manufactura,17,2.8,,5696.54,3,339.0,13204.92,18,0.2586,1
CR-105660,2023-08-04,42,Manufactura,19,3.0,4109.29,4397.78,3,659.0,30842.92,24,0.1794,0
CR-101433,2024-02-15,20,Tecnología,0,3.6,3402.51,2797.65,1,506.0,11875.51,24,0.1923,0
CR-105069,2025-05-29,51,Construcción,29,9.2,4019.08,5577.77,1,623.0,27596.38,36,0.1775,0
CR-103632,2023-09-28,31,Agro,11,25.9,1647.92,6354.18,4,300.0,7735.45,24,0.278,1
CR-101646,2024-06-17,37,Construcción,16,6.4,5011.54,0.0,0,671.0,36477.46,12,0.1582,0
CR-100630,2023-02-03,56,Servicios,32,7.4,1826.01,1686.94,1,542.0,10206.87,18,0.2316,0
CR-100909,2023-08-08,26,Servicios,6,1.6,4899.33,6068.52,2,491.0,26373.66,24,0.2242,0
CR-103327,2023-04-06,39,Construcción,15,9.6,3690.22,5054.56,1,515.0,17821.64,48,0.2458,0
CR-101925,2024-02-06,25,Construcción,4,13.0,4417.73,13166.96,1,367.0,9253.88,48,0.2562,1
CR-105477,2023-03-17,45,Servicios,27,11.5,7046.63,0.0,0,687.0,37366.95,12,0.1584,0
CR-104150,2024-10-18,34,Agro,10,14.1,1583.42,3973.22,2,457.0,5512.5,12,0.2097,0
CR-104735,2023-10-20,38,Agro,17,9.9,2044.67,1070.49,1,513.0,9552.36,12,0.2004,0
CR-102723,2024-12-21,40,Comercio,16,5.4,4068.69,4275.87,1,510.0,15861.61,24,0.2298,0
CR-105061,2024-06-08,47,Agro,24,4.5,4814.46,12126.27,1,474.0,13494.01,12,0.2217,0
CR-103939,2025-01-17,54,Comercio,36,11.1,4233.7,6224.52,2,498.0,25419.61,12,0.201,0
CR-102610,2025-06-09,20,Manufactura,0,4.6,4945.85,1407.2,3,636.0,37137.48,12,0.1835,0
CR-102941,2023-06-14,52,Agro,29,16.7,8499.08,0.0,0,774.0,28314.01,12,0.1424,0
CR-100619,2024-12-10,54,Construcción,32,7.6,2818.27,9172.58,1,300.0,4970.88,12,0.3123,1
CR-102666,2024-02-28,34,Construcción,14,10.7,3848.63,5560.93,1,553.0,17811.81,12,0.1884,0
CR-104779,2024-11-18,38,Agro,15,8.8,10519.22,0.0,0,794.0,37134.51,24,0.1581,0
CR-100216,2024-03-24,44,Comercio,24,10.1,3837.95,0.0,0,675.0,15899.86,6,0.1495,0
CR-105642,2023-05-21,46,Comercio,22,12.4,4348.66,0.0,0,594.0,27985.92,12,0.2084,0
CR-105153,2024-01-18,53,Tecnología,32,1.3,2895.34,10913.7,1,305.0,20673.65,48,0.3075,1
CR-105359,2024-03-13,37,Agro,13,10.1,7079.11,0.0,0,658.0,22816.22,18,0.2028,0
CR-104781,2024-12-15,52,Manufactura,33,8.6,2775.3,1544.78,2,562.0,10043.95,24,0.2156,0
CR-105170,2023-04-30,46,Servicios,28,6.7,2125.37,2347.43,2,534.0,13206.82,6,0.2211,0
CR-105236,2024-12-26,28,Tecnología,9,3.0,8011.08,30871.68,1,365.0,23510.3,12,0.2787,0
CR-104649,2023-02-16,35,Comercio,15,4.8,4163.22,2694.45,1,607.0,31335.51,24,0.2035,0
CR-102132,2023-05-11,34,Construcción,10,8.0,2739.71,0.0,0,676.0,4919.16,12,0.1825,0
CR-103044,2023-04-25,40,Tecnología,19,5.4,1362.95,5105.92,3,300.0,10668.23,12,0.2732,1
CR-102414,2023-12-08,50,Comercio,28,5.8,4892.49,5106.83,2,660.0,8018.58,12,0.1804,0
CR-100460,2025-01-19,41,Construcción,19,3.8,2265.46,6457.92,2,443.0,9846.1,36,0.2404,1
CR-104919,2024-06-16,49,Tecnología,27,24.3,3130.59,0.0,0,690.0,19401.29,12,0.1542,0
CR-102007,2024-01-07,26,Servicios,3,7.5,12718.36,31800.82,2,560.0,52802.76,18,0.1813,0
CR-104825,2023-06-10,31,Construcción,8,8.7,5091.76,13240.15,1,483.0,9898.31,24,0.235,0
CR-100267,2023-03-30,42,Servicios,19,10.1,2146.9,8326.33,1,300.0,14137.82,18,0.2806,1
CR-104312,2024-02-21,38,Tecnología,19,5.2,4124.89,5042.4,3,582.0,6277.55,6,0.2015,0
CR-101521,2024-04-26,18,Tecnología,0,4.8,2746.77,8595.02,1,395.0,21194.0,6,0.2584,0
CR-103729,2023-01-22,41,Comercio,19,1.1,8512.37,11857.39,1,560.0,17056.67,12,0.1833,0
CR-100817,2024-11-11,41,Servicios,23,7.5,8395.88,12806.27,2,606.0,23386.89,12,0.1773,0
CR-104106,2023-01-17,18,Servicios,0,8.2,9787.89,0.0,0,715.0,63423.62,24,0.1491,0
CR-102513,2025-05-22,47,Servicios,28,8.7,2442.64,4220.73,1,496.0,8299.66,48,0.2026,0
CR-102950,2023-09-30,25,Servicios,4,1.8,7365.36,12082.91,3,522.0,33966.4,12,0.2116,0
CR-103265,2023-02-26,42,Manufactura,18,5.9,1589.26,392.48,3,622.0,10217.62,36,0.2023,0
CR-104477,2023-01-27,32,Comercio,12,2.7,3169.34,6387.98,3,443.0,6112.17,24,0.2231,0
CR-105654,2024-11-10,32,Manufactura,8,8.4,3286.05,4111.17,2,595.0,20002.99,36,0.1852,0
CR-101291,2024-09-20,33,Construcción,13,7.4,4624.34,3291.5,2,572.0,8043.86,24,0.2391,0
CR-100001,2024-02-10,27,Servicios,5,3.3,6501.93,17595.26,1,463.0,51740.17,12,0.2194,0
CR-103162,2023-03-10,44,Manufactura,20,1.9,2370.65,4326.29,3,486.0,12816.56,6,0.2126,1
CR-101752,2023-12-01,31,Manufactura,10,3.3,1635.01,0.0,0,598.0,6286.43,12,0.1887,0
CR-103196,2023-08-25,24,Comercio,2,11.6,3229.72,9307.61,1,411.0,5400.13,6,0.2562,0
CR-103469,2023-04-01,48,Comercio,24,3.2,5086.82,0.0,0,651.0,36787.27,36,0.1991,0
CR-105420,2024-12-28,48,Manufactura,26,3.5,2022.51,0.0,0,570.0,14793.12,6,0.1955,0
CR-101103,2025-02-25,44,Comercio,24,2.8,2472.52,0.0,0,574.0,16130.75,18,0.198,0
CR-100561,2023-09-19,42,Manufactura,24,6.5,5331.29,146.47,1,647.0,8593.35,12,0.1722,0
CR-104308,2024-11-19,42,Comercio,24,16.5,2436.72,3869.17,1,583.0,8203.24,12,0.1958,0
CR-103398,2025-02-01,18,Manufactura,0,7.5,4034.2,307.36,3,710.0,28613.01,18,0.1644,0
CR-100880,2023-03-05,40,Tecnología,17,5.8,,9703.02,1,484.0,16108.25,12,0.185,0
CR-101787,2023-04-10,20,Construcción,0,6.9,6872.81,3948.62,2,673.0,24308.29,6,0.178,0
CR-101008,2023-10-11,46,Agro,27,16.5,1757.51,4509.72,1,443.0,12644.89,24,0.229,1
CR-105911,2024-04-09,40,Tecnología,20,3.9,3774.74,9540.0,1,467.0,12452.94,6,0.2399,0
CR-105601,2023-01-20,53,Comercio,31,6.4,2519.47,485.29,1,559.0,8057.36,36,0.1969,0
CR-101426,2024-12-07,47,Servicios,25,3.9,1284.41,4478.59,1,380.0,8021.77,24,0.2483,1
CR-101120,2023-01-04,43,Comercio,19,2.7,6323.41,0.0,0,694.0,46054.19,18,0.1767,0
CR-102166,2024-04-26,69,Servicios,46,8.6,6021.3,16227.18,2,494.0,39235.34,48,0.22,0
CR-104485,2024-08-23,31,Agro,9,17.7,2783.59,9120.57,2,428.0,13217.73,6,0.2477,0
CR-101195,2023-10-18,60,Comercio,42,13.0,7779.9,8916.37,2,534.0,23035.17,24,0.2068,0
CR-102506,2023-03-09,55,Manufactura,33,7.8,4719.94,892.64,1,681.0,9915.61,36,0.1695,0
CR-104098,2025-04-10,43,Construcción,20,3.0,5215.45,0.0,0,696.0,9499.2,24,0.1374,0
CR-104552,2024-05-27,30,Comercio,12,10.7,2217.97,127.16,2,591.0,6063.8,48,0.212,0
CR-101330,2025-02-26,18,Tecnología,0,11.1,4608.8,16774.29,4,329.0,34142.03,6,0.2821,1
CR-104140,2023-09-27,36,Comercio,18,14.6,2630.9,2650.84,1,490.0,10288.64,24,0.2436,0
CR-104632,2023-01-04,28,Manufactura,7,6.5,4297.62,10369.78,1,438.0,7152.3,12,0.2431,0
CR-105664,2023-03-20,49,Manufactura,30,7.2,4498.35,274.17,3,642.0,16754.67,48,0.1678,0
CR-105606,2025-04-01,36,Tecnología,16,4.3,4948.66,11381.54,1,456.0,38103.81,36,0.2233,0
CR-101420,2023-05-10,36,Comercio,18,4.0,2569.51,0.0,0,602.0,14919.89,36,0.2039,0
CR-104816,2023-08-20,59,Servicios,38,6.7,4270.87,10411.47,1,458.0,29358.74,12,0.2431,0
CR-102179,2023-04-22,34,Servicios,12,2.6,2271.82,2387.12,1,572.0,13801.58,24,0.2043,0
CR-105790,2023-03-11,50,Manufactura,26,1.3,3165.87,0.0,0,667.0,12114.65,12,0.1693,0
CR-101721,2023-07-15,23,Servicios,2,6.0,7850.68,27802.37,2,382.0,27115.15,24,0.2682,0
CR-101231,2024-01-10,26,Manufactura,8,7.0,2143.93,4256.93,2,391.0,15109.01,6,0.2522,0
CR-102206,2023-08-22,33,Manufactura,10,7.5,2974.26,6301.75,1,446.0,8301.35,12,0.2082,0
CR-100396,2024-06-24,46,Construcción,26,2.7,2691.7,3335.98,2,600.0,4549.56,18,0.2142,0
CR-105000,2023-07-01,35,Comercio,11,10.8,3393.05,6027.11,1,488.0,10964.37,24,0.2059,0
CR-102517,2023-06-25,54,Servicios,33,0.6,2264.7,1878.91,1,482.0,14458.49,24,0.203,0
CR-105324,2024-11-17,38,Servicios,20,20.8,8883.88,24553.02,1,585.0,46898.15,24,0.2197,0
CR-103215,2023-08-02,43,Agro,19,6.9,2912.0,0.0,0,683.0,20003.97,18,0.1641,0
CR-101535,2023-08-27,27,Manufactura,5,9.5,3157.91,9231.28,1,522.0,19957.4,6,0.1951,0
CR-104770,2024-08-23,40,Servicios,18,16.6,,10407.61,2,300.0,16422.06,24,0.2681,0
CR-102275,2025-02-13,18,Manufactura,0,6.4,6223.45,0.0,0,,33062.66,6,0.1924,0
CR-101959,2024-08-18,32,Comercio,12,14.5,12332.31,23863.0,2,559.0,88371.04,6,0.2275,0
CR-100613,2024-12-04,43,Comercio,24,9.1,1471.75,3027.28,2,456.0,9505.36,12,0.2266,0
CR-100290,2024-07-25,35,Manufactura,14,17.9,3201.37,1804.09,5,597.0,24459.68,18,0.1738,0
CR-103886,2025-04-21,27,Construcción,5,3.3,,1801.45,4,553.0,5628.46,12,0.2031,0
CR-100990,2025-01-22,48,Agro,26,8.1,5878.31,10071.5,1,510.0,39484.93,12,0.2224,0
CR-103990,2023-01-28,41,Servicios,22,5.4,2642.73,1818.67,4,549.0,19529.55,24,0.1992,0
CR-104806,2025-03-25,60,Manufactura,36,7.9,2587.12,8114.61,2,397.0,9264.65,24,0.2525,0
CR-102289,2024-10-27,21,Comercio,2,4.4,1234.42,2377.69,1,489.0,6080.01,48,0.2608,1
CR-103707,2023-05-13,45,Comercio,26,6.0,2016.41,1226.14,1,502.0,10199.67,12,0.2195,0
CR-100650,2023-03-13,58,Servicios,35,18.9,4989.15,4578.66,2,611.0,19038.56,48,0.1947,0
CR-101559,2025-03-03,36,Manufactura,16,3.6,3287.84,12336.88,1,300.0,9311.82,12,0.2871,1
CR-100487,2023-04-26,43,Manufactura,19,4.2,3043.6,2588.23,2,642.0,11634.41,6,0.1656,0
CR-104457,2023-11-27,35,Manufactura,15,15.5,4838.23,0.0,0,695.0,14345.81,12,0.169,0
CR-101772,2025-04-03,24,Comercio,2,3.4,1124.61,2711.55,1,347.0,6751.92,12,0.2797,0
CR-101678,2024-06-14,30,Servicios,6,2.1,7607.23,23477.36,1,420.0,24781.43,6,0.2609,1
CR-100345,2024-08-15,18,Construcción,0,2.6,3312.11,0.0,0,647.0,19326.45,36,0.1649,0
CR-101313,2024-11-28,42,Servicios,20,1.7,3485.19,0.0,0,621.0,19599.57,18,0.1995,0
CR-103488,2024-03-11,39,Agro,18,3.2,3832.8,0.0,0,670.0,10757.72,12,0.1668,0
CR-103756,2024-06-06,36,Agro,18,16.7,3690.13,9411.96,3,454.0,10608.73,24,0.2403,0
CR-100852,2024-01-01,48,Agro,30,6.3,4138.48,11803.87,1,369.0,16018.92,18,0.2507,1
CR-103057,2023-04-16,33,Comercio,13,7.9,1960.05,842.27,1,555.0,7620.28,12,0.212,0
CR-100092,2024-02-01,33,Comercio,14,15.6,4860.21,4425.2,4,563.0,14637.71,12,0.2286,0
CR-103789,2023-10-29,33,Servicios,10,3.5,5317.96,13042.21,1,503.0,29133.1,36,0.2289,1
CR-105931,2025-01-18,30,Manufactura,6,5.0,5545.24,8931.22,1,568.0,15089.34,36,0.2106,0
CR-104370,2025-04-27,21,Servicios,1,4.9,2068.24,7022.09,1,363.0,7687.39,18,0.2488,0
CR-100794,2023-11-18,18,Servicios,0,9.0,1817.49,3380.1,1,479.0,7698.26,6,0.2553,1
CR-105683,2024-09-18,28,Comercio,9,5.0,7653.74,7571.46,1,543.0,41012.73,18,0.2077,0
CR-104072,2023-01-16,36,Tecnología,12,7.0,5284.97,497.72,1,733.0,31246.99,18,0.1617,0
CR-104912,2024-06-05,42,Agro,19,7.8,5668.92,3684.11,3,,21956.47,12,0.1897,0
CR-105703,2023-07-31,38,Servicios,15,9.1,5710.18,22150.12,2,,29382.55,24,0.2447,0
CR-102886,2023-09-30,44,Manufactura,21,4.0,2806.08,1164.89,1,604.0,17772.62,18,0.1905,0
CR-104613,2023-10-23,31,Comercio,13,19.0,2907.16,9831.5,3,303.0,17293.2,24,0.283,1
CR-100702,2024-11-30,27,Tecnología,5,4.3,2367.77,4786.15,2,382.0,6789.02,18,0.2529,0
CR-101774,2023-10-19,50,Manufactura,31,17.0,4921.26,3760.92,1,660.0,12974.94,6,0.1548,0
CR-103334,2024-10-24,39,Comercio,17,5.9,6360.07,13078.79,1,542.0,14697.94,18,0.2089,0
CR-105425,2024-06-22,31,Construcción,7,9.2,12075.56,0.0,0,836.0,64583.29,24,0.1282,0
CR-102427,2023-02-26,32,Agro,13,5.2,4863.05,1843.0,1,714.0,22195.49,12,0.1269,0
CR-103594,2023-06-04,34,Comercio,16,2.3,4682.74,0.0,0,612.0,8699.0,12,0.1977,0
CR-104325,2023-07-24,33,Servicios,11,7.0,4871.69,12850.9,1,436.0,12907.49,6,0.2585,0
CR-102764,2023-11-09,32,Agro,10,5.0,4110.07,0.0,0,641.0,20168.18,18,0.1648,0
CR-104232,2025-05-14,27,Servicios,9,4.3,3154.61,5984.06,1,411.0,8385.7,18,0.2651,0
CR-101525,2024-02-01,50,Comercio,27,5.2,7592.98,7184.17,2,737.0,28925.37,12,0.144,0
CR-102864,2023-07-18,26,Tecnología,4,6.3,3077.57,0.0,0,568.0,11108.38,36,0.2112,0
CR-102586,2024-09-03,39,Comercio,21,6.0,3620.93,11583.93,2,361.0,12128.7,12,0.2583,0
CR-104426,2023-12-26,40,Agro,20,1.1,12358.46,622.67,1,763.0,59646.74,12,0.1773,0
CR-105785,2025-03-01,57,Servicios,36,2.9,4949.05,7727.98,1,546.0,33982.52,12,0.2115,0
CR-100430,2024-02-25,27,Agro,6,8.6,1167.04,743.16,1,534.0,2325.04,24,0.2033,0
CR-105572,2025-01-23,21,Comercio,0,12.8,4699.99,5802.97,1,538.0,18883.81,48,0.1915,0
CR-103202,2023-09-27,35,Agro,17,12.7,3863.8,15315.66,1,300.0,17812.07,6,0.2775,0
CR-102249,2023-04-18,51,Construcción,31,1.9,3092.04,0.0,0,565.0,17987.16,18,0.2028,0
CR-102688,2023-09-28,52,Comercio,34,4.5,1762.5,5826.71,1,333.0,9826.6,24,0.2826,0
CR-102318,2023-04-16,63,Tecnología,43,11.5,4877.51,12081.75,2,455.0,25590.07,18,0.2373,0
CR-104437,2023-10-15,47,Comercio,27,14.3,8195.01,4425.92,1,652.0,60862.95,6,0.1683,0
CR-104035,2024-05-22,40,Manufactura,21,2.5,1504.44,0.0,0,608.0,11556.19,12,0.2124,0
CR-104795,2023-08-31,28,Manufactura,8,1.2,3701.32,726.78,3,535.0,28288.55,18,0.1993,0
CR-105706,2024-11-19,49,Comercio,31,1.2,9607.82,1632.3,1,713.0,18152.64,48,0.1614,0
CR-101739,2023-09-12,39,Comercio,20,6.9,5365.51,15764.62,2,428.0,22342.72,18,0.241,0
CR-101128,2023-07-15,35,Tecnología,14,3.7,,3914.96,1,300.0,8186.39,6,0.2541,1
CR-104071,2025-03-19,36,Servicios,17,16.5,6365.8,20637.39,1,377.0,38292.83,36,0.256,1
CR-103493,2024-12-02,41,Comercio,17,15.9,4370.01,4896.95,1,609.0,26442.0,24,0.2001,0
CR-103420,2023-06-12,38,Comercio,15,9.4,2823.26,0.0,0,624.0,12683.5,12,0.2056,0
CR-102316,2023-03-30,35,Servicios,11,6.8,2940.1,1727.83,2,646.0,7826.01,6,0.1667,0
CR-104028,2024-07-22,36,Comercio,17,15.1,4307.63,0.0,0,657.0,25917.65,36,0.1491,0
CR-105050,2023-04-01,43,Agro,25,2.0,13389.1,2317.38,3,747.0,35941.61,12,0.1523,0
CR-100632,2025-02-21,34,Comercio,15,8.1,1152.75,3928.26,3,403.0,8021.04,48,0.2587,0
CR-100577,2024-10-07,52,Servicios,28,13.8,2035.44,0.0,0,614.0,5635.0,12,0.1641,0
CR-103451,2025-03-29,46,Comercio,28,16.4,5064.17,0.0,0,665.0,33845.92,24,0.1698,0
CR-101080,2024-04-15,41,Manufactura,21,7.3,2327.09,903.22,4,568.0,15823.7,18,0.2037,0
CR-104034,2025-05-07,30,Servicios,11,2.8,4573.35,8989.52,2,459.0,31719.16,24,0.1988,0
CR-103521,2023-09-18,38,Servicios,19,8.8,2127.44,3512.87,1,528.0,4891.53,12,0.2229,0
CR-104406,2024-11-30,32,Comercio,13,14.3,2782.07,0.0,0,620.0,9191.87,24,0.1895,0
CR-102583,2023-07-04,42,Comercio,24,5.0,4997.79,0.0,0,625.0,34419.31,36,0.1581,0
CR-105300,2024-10-20,30,Comercio,10,4.7,2320.55,0.0,0,,8136.45,12,0.2214,0
CR-102488,2023-11-08,53,Servicios,32,6.8,8443.43,30222.52,1,440.0,25929.53,36,0.246,0
CR-101855,2024-12-17,30,Manufactura,10,4.3,3825.58,4445.66,1,502.0,18287.74,12,0.2352,0
CR-101917,2024-04-07,49,Tecnología,31,4.1,13608.01,901.38,3,813.0,80384.26,24,0.1173,0
CR-102720,2024-01-11,40,Comercio,18,11.7,2399.34,8294.14,2,325.0,17494.49,18,0.2669,1
CR-100983,2024-12-31,46,Manufactura,28,6.8,4206.19,6190.5,1,528.0,31130.57,48,0.222,0
CR-102423,2023-12-13,33,Manufactura,11,12.6,2749.84,6194.01,1,399.0,11854.07,36,0.2453,0
CR-101675,2023-11-20,20,Comercio,1,3.7,3427.17,0.0,0,640.0,11933.51,6,0.1447,0
CR-100785,2025-03-20,41,Comercio,19,10.9,3746.62,11268.64,3,398.0,15985.03,36,0.2644,0
CR-105320,2025-05-19,46,Agro,27,11.9,4127.5,6993.05,2,458.0,9312.01,18,0.2485,0
CR-101973,2024-07-23,57,Comercio,35,4.6,3789.87,5154.09,3,636.0,12293.57,6,0.2105,0
CR-100500,2023-02-26,53,Comercio,35,7.5,5337.72,10964.73,2,424.0,37183.45,48,0.2548,1
CR-105328,2024-12-19,44,Servicios,20,3.7,3047.93,0.0,0,665.0,19863.62,6,0.1765,0
CR-103600,2023-06-24,49,Comercio,31,2.2,6585.28,0.0,0,692.0,31960.73,6,0.1785,0
CR-102117,2023-04-07,39,Construcción,15,4.7,2672.38,0.0,0,601.0,6726.24,36,0.1819,0
CR-104076,2025-05-15,18,Tecnología,0,2.1,4060.65,0.0,0,745.0,26219.63,6,0.1724,0
CR-101361,2023-06-07,48,Servicios,27,5.0,5020.19,6420.11,1,650.0,31898.15,12,0.1522,0
CR-100292,2023-11-15,54,Servicios,30,6.6,1866.32,5213.43,3,310.0,12232.1,18,0.3074,1
CR-102382,2023-07-01,21,Comercio,2,19.1,,0.0,0,735.0,4633.87,36,0.1629,0
CR-103432,2025-01-15,34,Comercio,10,17.6,1794.06,182.39,4,619.0,10731.16,18,0.1911,0
CR-101682,2024-06-26,32,Tecnología,13,9.4,1835.51,5965.66,1,383.0,3711.91,48,0.2715,0
CR-100093,2023-11-05,37,Manufactura,19,17.9,2446.37,7235.28,2,390.0,17613.05,12,0.2494,1
CR-103012,2025-03-10,33,Comercio,10,3.7,8510.73,9854.39,1,673.0,25504.25,6,0.1988,0
CR-105201,2023-09-07,33,Construcción,13,12.5,3670.31,0.0,0,613.0,28114.57,12,0.2247,0
CR-105613,2024-10-18,54,Servicios,33,1.0,4077.88,11675.88,1,336.0,23319.02,12,0.2817,0
CR-105806,2023-12-04,27,Servicios,6,13.5,4356.66,13180.42,1,399.0,15865.77,12,0.241,1
CR-102078,2025-04-01,18,Comercio,0,6.0,2271.75,0.0,0,611.0,14041.91,12,0.1796,0
CR-100859,2023-06-10,45,Servicios,24,1.5,1362.71,1696.84,1,523.0,8693.18,6,0.2247,0
CR-103296,2024-09-06,43,Servicios,20,3.4,2905.53,4761.64,2,476.0,19580.62,48,0.2582,0
CR-100279,2025-06-07,41,Comercio,18,10.5,7052.34,27927.5,2,379.0,53706.64,18,0.2348,0
CR-105109,2024-10-07,45,Construcción,27,3.7,2336.48,5881.32,1,375.0,6631.7,36,0.2516,0
CR-102754,2025-05-31,50,Comercio,32,3.9,10238.57,0.0,0,800.0,70127.56,24,0.1279,0
CR-101939,2024-11-14,29,Comercio,6,22.7,5775.25,0.0,0,710.0,9911.32,36,0.1288,0
CR-103657,2024-09-26,59,Servicios,41,7.8,5793.32,552.68,1,687.0,27965.81,24,0.151,0
CR-105714,2024-10-04,21,Agro,3,4.8,5543.41,13846.23,4,498.0,32431.54,24,0.2323,0
CR-101956,2023-09-10,48,Servicios,26,4.3,2952.39,1662.8,1,592.0,18723.54,6,0.1935,0
CR-103286,2024-12-30,23,Comercio,1,8.6,3816.81,0.0,0,690.0,22707.3,18,0.1533,0
CR-100861,2024-09-05,22,Comercio,0,9.4,,11665.35,3,,9275.37,12,0.2238,0
CR-103731,2023-10-12,46,Servicios,22,13.2,12445.36,0.0,0,799.0,98467.95,18,0.1531,0
CR-100938,2025-05-20,48,Manufactura,29,8.4,5291.63,10974.21,3,,11146.76,18,0.2158,0
CR-103176,2024-12-24,47,Servicios,25,10.1,7361.88,4878.81,2,645.0,38865.75,18,0.1701,0
CR-103787,2024-10-22,38,Comercio,20,13.1,1957.21,1435.65,2,552.0,5389.07,36,0.1998,0
CR-100006,2024-11-14,39,Tecnología,16,3.9,909.78,2587.36,1,447.0,4267.95,18,0.2282,1
CR-101063,2023-01-16,50,Manufactura,29,8.1,3815.73,6891.9,3,478.0,10369.11,12,0.2258,0
CR-102717,2024-05-17,40,Construcción,19,3.5,4848.13,0.0,0,750.0,22861.54,24,0.1519,0
CR-105363,2024-10-12,34,Servicios,11,3.5,1462.12,1180.69,4,621.0,11590.04,12,0.1716,0
CR-104911,2023-07-18,44,Construcción,23,11.1,6085.89,18294.75,2,,10277.84,6,0.2514,0
CR-100224,2024-12-29,39,Agro,16,7.9,2582.7,5247.08,1,467.0,14366.25,12,0.253,0
CR-101523,2024-02-08,36,Comercio,13,24.3,4177.36,0.0,0,726.0,30668.86,24,0.1758,0
CR-100436,2024-05-18,32,Servicios,11,8.5,5474.6,0.0,0,663.0,21191.13,24,0.1856,0
CR-105450,2025-03-05,36,Servicios,13,9.7,1165.54,2540.21,1,442.0,6960.65,6,0.2488,0
CR-101043,2024-04-19,39,Comercio,16,4.2,2517.19,6617.51,2,452.0,5277.73,24,0.219,0
CR-101358,2023-05-30,33,Comercio,10,2.6,6299.57,17522.07,3,475.0,36528.85,12,0.2508,0
CR-105901,2023-11-20,34,Tecnología,12,3.9,7826.26,6172.89,2,548.0,52337.41,24,0.1955,0
CR-103190,2023-10-25,22,Servicios,1,5.6,3130.43,8007.29,1,304.0,16607.89,36,0.2572,0
CR-100602,2024-05-20,52,Manufactura,33,7.0,3413.89,0.0,0,781.0,11928.78,24,0.1367,0
CR-104652,2023-02-26,43,Construcción,24,5.2,2633.79,735.25,1,634.0,20399.43,18,0.1768,0
CR-103021,2025-01-01,55,Comercio,32,24.6,1606.34,3634.39,1,550.0,12622.77,6,0.2072,0
CR-105644,2025-02-01,50,Construcción,30,2.4,3330.58,0.0,0,649.0,14150.38,24,0.202,0
CR-101338,2023-02-06,68,Manufactura,45,5.6,2716.91,3061.59,2,514.0,16961.86,24,0.2193,0
CR-104909,2023-01-25,37,Agro,17,4.1,1771.23,0.0,0,661.0,11946.71,18,0.1753,0
CR-103900,2023-02-01,45,Tecnología,27,5.1,2491.04,7442.93,1,401.0,6051.1,18,0.2448,1
CR-101853,2023-01-16,45,Tecnología,26,6.2,10019.45,25244.72,2,531.0,48326.73,24,0.188,1
CR-102998,2025-04-21,47,Tecnología,24,25.6,2664.12,4352.11,1,525.0,18267.29,18,0.2146,0
CR-100768,2024-05-24,24,Servicios,5,5.4,5045.37,14128.16,4,389.0,19454.73,6,0.2591,0
CR-101308,2024-08-14,18,Construcción,0,15.3,3410.79,0.0,0,658.0,11144.65,24,0.1589,0
CR-102079,2023-04-13,28,Tecnología,10,18.4,2650.19,9747.97,3,319.0,20922.2,12,0.2756,1
CR-104699,2023-06-30,38,Servicios,16,16.2,2194.54,1636.58,1,548.0,15664.13,12,0.2376,0
CR-105272,2025-05-29,31,Manufactura,11,6.0,4405.13,0.0,0,603.0,9127.52,12,0.1879,0
CR-104892,2023-05-03,26,Tecnología,4,7.3,2271.58,7933.22,1,428.0,11744.14,12,0.2436,1
CR-102104,2023-10-17,35,Agro,15,5.7,3408.43,6812.05,1,482.0,20624.65,24,0.2223,0
CR-101931,2023-08-18,34,Manufactura,10,7.8,1976.95,1533.49,2,616.0,2990.18,6,0.1911,0
CR-102394,2024-05-16,28,Agro,6,7.6,3809.3,6558.63,4,463.0,9579.24,18,0.2353,0
CR-105767,2024-12-22,56,Comercio,38,2.0,4927.0,19311.6,1,300.0,36350.34,6,0.2679,1
CR-100464,2025-05-31,26,Comercio,4,2.8,2445.17,6530.33,1,406.0,17037.71,6,0.2575,0
CR-100568,2024-12-06,44,Servicios,20,8.9,1859.96,4989.19,2,318.0,13747.76,48,0.2748,1
CR-100725,2024-03-15,54,Comercio,36,7.9,7200.3,25098.66,1,418.0,28047.35,12,0.2584,0
CR-105267,2024-01-02,18,Manufactura,0,7.6,2508.05,2077.68,1,550.0,6744.48,36,0.1847,0
CR-101818,2023-06-17,43,Agro,25,21.8,3516.78,299.08,4,636.0,5816.77,24,0.1732,0
CR-101526,2025-01-19,51,Construcción,28,9.5,4686.49,14012.23,1,408.0,18086.68,6,0.2309,0
CR-105592,2024-02-25,48,Comercio,30,2.6,,6164.27,1,596.0,47549.49,18,0.2282,0
CR-100395,2023-05-10,40,Manufactura,16,12.1,3968.79,5637.42,3,567.0,6269.47,24,0.2067,0
CR-102279,2024-12-17,18,Construcción,0,9.0,3084.56,0.0,0,687.0,17670.35,24,0.1539,0
CR-104933,2024-04-12,44,Tecnología,21,12.4,1482.11,3490.92,1,394.0,7122.08,12,0.2538,0
CR-104078,2023-05-26,34,Construcción,13,3.7,1752.44,0.0,0,616.0,4194.95,48,0.192,0
CR-100813,2025-06-04,32,Manufactura,13,3.5,2340.78,7631.95,3,300.0,4876.59,12,0.2962,1
CR-102101,2024-11-20,19,Agro,0,9.9,8005.62,5016.86,1,609.0,35546.27,12,0.2065,0
CR-101143,2024-01-31,32,Tecnología,9,7.9,8434.3,0.0,0,749.0,31836.39,6,0.1442,0
CR-101035,2023-03-11,38,Manufactura,20,9.4,6440.9,3261.97,3,659.0,23995.83,18,0.1833,0
CR-102951,2024-11-23,46,Manufactura,26,3.8,6614.62,7398.17,2,538.0,19296.42,12,0.2204,0
CR-100025,2025-05-12,34,Comercio,16,2.7,1795.7,2529.4,1,538.0,10718.52,36,0.1894,0
CR-101823,2025-03-10,45,Agro,22,9.6,6627.15,0.0,0,626.0,38238.71,12,0.1836,0
CR-105939,2025-01-23,45,Agro,24,4.8,2118.83,8260.21,2,300.0,8458.86,6,0.269,1
CR-105943,2025-04-05,18,Comercio,0,9.5,2788.76,0.0,0,627.0,12213.41,12,0.1834,0
CR-105389,2025-04-06,35,Manufactura,13,5.0,2769.59,10317.75,2,300.0,7735.05,18,0.2551,1
CR-103655,2024-10-29,42,Tecnología,21,13.0,7609.96,12953.79,1,558.0,50000.88,18,0.2044,0
CR-101815,2024-07-14,33,Servicios,13,9.6,,8024.75,2,533.0,33787.77,12,0.2035,0
CR-105471,2024-12-24,33,Manufactura,10,7.7,3352.34,5471.24,3,427.0,17685.2,36,0.2379,0
CR-101962,2025-03-13,35,Tecnología,11,7.8,2620.19,838.15,4,609.0,4960.65,24,0.2071,0
CR-104774,2023-04-08,35,Servicios,11,7.4,6536.1,20638.64,2,374.0,44465.5,24,0.2406,0
CR-100773,2025-02-06,53,Comercio,29,3.4,3249.38,1504.99,1,628.0,11261.4,12,0.1654,0
CR-102908,2025-02-23,25,Construcción,5,12.3,2319.75,4699.34,1,461.0,11471.82,12,0.2374,0
CR-104822,2025-04-02,54,Comercio,34,10.3,4638.27,11905.96,1,442.0,7797.08,24,0.2337,0
CR-104908,2024-07-30,32,Manufactura,14,13.8,1154.65,787.96,1,603.0,5024.26,18,0.1934,0
CR-105212,2024-12-23,32,Servicios,11,13.2,3976.67,9576.62,1,498.0,26839.26,48,0.2367,1
CR-103772,2024-03-06,43,Manufactura,21,8.3,11353.36,39299.71,3,504.0,82347.66,24,0.2379,0
CR-103832,2025-01-11,36,Servicios,17,7.6,4682.52,9215.05,1,524.0,24458.21,12,0.2225,0
CR-100201,2024-03-30,53,Comercio,35,9.2,3301.27,0.0,0,672.0,18212.77,6,0.178,0
CR-104747,2023-04-09,24,Construcción,3,1.5,5468.58,3527.42,1,517.0,24857.76,24,0.2249,0
CR-102070,2023-11-11,34,Tecnología,13,7.8,4102.33,5895.95,2,458.0,30030.31,18,0.2586,0
CR-101986,2025-01-15,40,Comercio,21,3.7,5449.75,10846.52,4,460.0,29977.81,24,0.2322,0
CR-103014,2023-11-20,49,Servicios,29,5.4,2548.98,7829.31,3,,3995.77,18,0.2596,1
CR-104364,2025-04-24,18,Manufactura,0,15.3,5854.47,12936.55,2,500.0,43582.05,12,0.2326,0
CR-105757,2024-10-20,36,Manufactura,15,4.1,3246.91,429.12,2,715.0,16657.61,18,0.1518,0
CR-105639,2024-10-28,44,Servicios,24,7.6,1816.05,3628.14,2,370.0,2789.93,12,0.2707,0
CR-104590,2025-02-08,47,Servicios,24,17.1,2832.97,0.0,0,615.0,12661.0,6,0.1903,0
CR-100790,2023-05-12,30,Comercio,11,11.7,2709.73,7112.53,1,,13237.43,12,0.2155,0
CR-102346,2025-01-09,36,Construcción,18,10.0,3163.03,0.0,0,705.0,10402.27,18,0.1847,0
CR-100139,2023-03-06,70,Servicios,51,5.8,6521.71,6205.15,1,593.0,26948.0,18,0.1723,0
CR-101886,2023-05-29,26,Manufactura,8,4.8,4153.97,4833.47,1,520.0,30865.45,6,0.1977,0
CR-100338,2025-05-20,51,Comercio,33,3.6,2290.84,0.0,0,678.0,17628.49,18,0.169,0
CR-100260,2024-02-13,35,Servicios,15,11.8,1306.51,2359.52,1,454.0,6870.29,36,0.2291,0
CR-100036,2025-05-27,37,Comercio,18,21.9,4348.0,6539.21,2,484.0,16203.98,18,0.2238,0
CR-100719,2024-03-05,27,Tecnología,4,8.0,5376.78,9618.2,1,560.0,19772.09,18,0.205,0
CR-105814,2025-05-04,46,Comercio,28,10.9,8536.01,5886.95,2,713.0,57594.96,12,0.1488,0
CR-104512,2023-04-11,52,Agro,30,5.0,4078.21,12063.91,2,439.0,10389.2,24,0.2444,0
CR-100376,2023-12-25,36,Tecnología,15,7.8,3793.79,6227.17,1,497.0,17688.44,48,0.2108,0
CR-103499,2023-05-26,45,Tecnología,25,1.4,1854.79,1244.71,2,526.0,5354.78,36,0.2024,0
CR-104021,2024-01-17,42,Comercio,18,14.9,1991.69,7488.16,2,308.0,8137.65,6,0.3065,1
CR-103973,2024-11-18,57,Manufactura,33,8.0,5425.11,12238.5,2,469.0,19502.79,48,0.2283,0
CR-100302,2023-09-17,48,Servicios,28,6.3,5702.26,15660.94,2,433.0,9618.33,36,0.2557,0
CR-101075,2023-11-13,40,Construcción,18,8.4,5559.86,2671.58,2,683.0,31217.98,12,0.1816,0
CR-105133,2023-11-30,23,Construcción,5,7.7,2972.09,10200.49,2,300.0,8247.23,6,0.2574,1
CR-104690,2023-04-19,50,Construcción,30,8.3,5811.64,6867.33,1,588.0,35844.88,24,0.2124,0
CR-103079,2025-04-16,50,Agro,32,1.6,845.27,2533.51,2,352.0,6125.43,18,0.2783,0
CR-104032,2023-09-24,44,Tecnología,23,12.3,5828.47,0.0,0,696.0,40324.92,18,0.1529,0
CR-100362,2023-01-19,49,Manufactura,26,5.3,3634.43,10979.88,1,348.0,15714.63,12,0.2792,0
CR-105193,2023-09-22,44,Agro,22,1.1,4910.1,10634.26,2,442.0,9582.48,24,0.2569,0
CR-101565,2023-01-10,31,Servicios,7,2.3,1327.79,1330.37,1,479.0,4841.49,12,0.2207,0
CR-102545,2024-10-16,33,Comercio,9,7.5,16673.17,3106.6,1,770.0,36343.61,18,0.1523,0
CR-103155,2023-08-12,29,Manufactura,11,0.7,1507.07,5468.11,1,300.0,5733.89,12,0.2793,0
CR-103739,2024-04-07,33,Servicios,15,2.5,4700.09,18252.36,1,,25957.33,24,0.2417,1
CR-100953,2024-08-12,25,Comercio,6,8.5,8015.97,0.0,0,682.0,41258.56,24,0.1653,0
CR-100481,2023-11-10,54,Servicios,30,13.3,2098.76,4282.02,1,468.0,5019.74,18,0.248,1
CR-104069,2025-03-24,18,Manufactura,0,6.3,2670.89,7521.3,1,352.0,15885.79,12,0.2717,0
CR-105917,2025-04-20,40,Tecnología,17,7.0,5668.48,3201.38,1,634.0,42822.98,36,0.1847,0
CR-102471,2025-03-18,33,Comercio,13,13.6,3491.2,7148.84,1,613.0,18147.64,12,0.1827,1
CR-102925,2025-03-21,48,Tecnología,30,5.3,4075.83,6949.62,1,546.0,16516.83,6,0.1836,0
CR-103185,2023-04-24,23,Comercio,2,5.8,4265.86,13515.89,1,329.0,19136.91,36,0.2332,1
CR-105410,2025-04-20,47,Tecnología,28,3.7,2844.81,0.0,0,701.0,19470.81,36,0.1383,0
CR-100709,2025-03-23,45,Comercio,23,10.2,4806.77,0.0,0,634.0,23596.24,6,0.1824,0
CR-103077,2024-12-16,19,Servicios,0,13.3,4281.75,12253.92,2,495.0,21748.6,12,0.2489,0
CR-104500,2024-12-06,22,Servicios,4,8.1,4557.39,3892.01,2,643.0,36018.4,6,0.1867,0
CR-102899,2023-12-20,47,Construcción,25,3.1,3444.94,2345.65,1,511.0,24763.9,18,0.2112,0
CR-103492,2023-09-10,35,Manufactura,14,9.5,2033.03,6512.88,1,393.0,10280.43,18,0.2581,0
CR-100130,2024-02-08,34,Servicios,13,5.7,,828.47,1,605.0,5664.62,24,0.1877,0
CR-104798,2023-01-26,33,Servicios,10,9.0,1115.53,0.0,0,610.0,7568.41,24,0.2028,0
CR-104736,2024-07-17,29,Comercio,9,7.4,7789.44,0.0,0,733.0,41859.37,24,0.144,0
CR-103949,2024-04-13,38,Manufactura,15,9.2,3746.22,7635.19,1,450.0,20153.22,18,0.2276,0
CR-103595,2023-12-11,65,Manufactura,43,16.6,6516.54,0.0,0,667.0,19562.47,6,0.1842,0
CR-100490,2023-01-12,50,Tecnología,30,9.9,1914.9,4156.78,1,426.0,14421.63,12,0.2645,0
CR-100089,2023-08-27,43,Construcción,21,3.8,4634.89,18496.92,1,300.0,21117.69,24,0.2921,1
CR-101635,2025-02-18,50,Comercio,28,4.0,5266.11,0.0,0,663.0,18713.99,6,0.1616,0
CR-101992,2023-10-20,41,Comercio,21,7.9,4391.12,5878.92,1,530.0,34086.76,48,0.1908,0
CR-102787,2023-02-25,37,Manufactura,19,7.7,2913.9,5634.5,4,389.0,16714.06,12,0.2536,0
CR-100351,2024-11-15,47,Servicios,28,8.3,3975.25,529.99,1,695.0,17015.49,36,0.1523,0
CR-102234,2024-05-03,28,Comercio,4,4.7,3754.77,92.31,1,707.0,24747.15,36,0.1744,0
CR-105230,2023-09-06,48,Servicios,24,11.7,3373.38,3734.23,2,,5358.2,12,0.2066,0
CR-104376,2025-04-13,21,Comercio,0,1.2,5054.26,9421.29,4,392.0,14153.79,36,0.2706,1
CR-105718,2024-09-29,49,Manufactura,27,5.1,3308.53,9028.19,1,431.0,9941.48,24,0.2176,0
CR-104969,2024-03-27,42,Manufactura,18,4.1,1432.59,934.64,1,527.0,6083.37,24,0.2336,0
CR-101942,2025-03-01,24,Tecnología,2,3.3,2745.3,0.0,0,741.0,19549.81,18,0.1445,0
CR-100399,2025-05-31,30,Servicios,11,10.8,2809.86,9251.12,1,402.0,9580.44,18,0.261,1
CR-103405,2025-04-10,24,Comercio,4,12.3,7426.28,21149.77,1,432.0,45394.59,36,0.2474,1
CR-102874,2023-03-19,39,Manufactura,18,7.2,5249.4,10241.93,3,530.0,20729.75,24,0.2112,0
CR-105986,2023-01-21,36,Comercio,13,6.2,9275.34,0.0,0,733.0,73334.62,12,0.129,0
CR-101049,2024-01-11,43,Tecnología,20,4.3,3641.61,1978.87,1,556.0,25684.26,24,0.2088,0
CR-103570,2024-11-13,46,Comercio,23,0.7,3523.65,0.0,0,671.0,12717.32,18,0.1864,0
CR-101821,2023-07-07,46,Manufactura,26,14.6,2648.23,7830.27,1,425.0,20825.35,36,0.2489,1
CR-101100,2025-02-01,50,Manufactura,32,3.7,2413.12,9244.51,1,300.0,8593.41,18,0.2853,1
CR-103370,2024-08-30,35,Comercio,16,8.0,3918.35,1426.34,1,521.0,24993.6,24,0.2055,0
CR-103393,2023-04-25,26,Servicios,7,1.3,10515.26,22623.05,1,497.0,65834.69,18,0.2204,0
CR-102024,2024-02-08,23,Manufactura,0,2.4,3844.66,8201.99,2,472.0,18909.07,18,0.2203,0
CR-105327,2025-02-21,29,Manufactura,5,4.4,7309.77,11283.07,3,610.0,34196.82,12,0.208,0
CR-102993,2024-12-07,64,Tecnología,40,2.4,3122.6,8389.19,4,326.0,11562.36,18,0.2451,0
CR-100421,2023-04-24,29,Agro,8,10.4,2863.43,5887.59,1,436.0,20735.76,6,0.2526,0
CR-101401,2023-11-20,34,Servicios,16,7.7,2656.77,350.99,2,606.0,8766.58,12,0.1948,0
CR-102804,2025-06-18,29,Agro,10,1.9,9358.45,6230.49,3,663.0,59726.0,36,0.1556,0
CR-102083,2023-07-21,40,Servicios,21,6.4,3306.66,1503.03,2,640.0,16027.57,24,0.1968,0
CR-100963,2023-03-13,37,Agro,15,3.7,3559.18,0.0,0,649.0,12225.27,48,0.1525,0
CR-101101,2024-11-28,45,Tecnología,26,12.5,1494.16,0.0,0,602.0,8114.99,6,0.1651,0
CR-103205,2024-08-30,34,Agro,12,15.4,1206.4,4329.73,2,358.0,3932.11,36,0.2424,0
CR-104710,2024-02-25,43,Manufactura,19,5.1,2980.25,5806.24,1,463.0,13910.78,12,0.2163,0
CR-105156,2024-11-18,31,Manufactura,11,8.3,8082.02,0.0,0,673.0,18843.96,6,0.1839,0
CR-100435,2024-10-31,31,Tecnología,10,2.0,7357.11,0.0,0,747.0,25049.35,48,0.1322,0
CR-102303,2024-03-11,33,Comercio,11,1.6,2105.4,0.0,0,680.0,8945.25,18,0.1805,0
CR-102637,2024-06-13,36,Tecnología,12,4.3,4663.43,2636.1,1,590.0,31312.22,6,0.1998,0
CR-100829,2024-06-09,18,Construcción,0,9.7,6675.44,11512.32,2,512.0,23123.15,24,0.2072,0
CR-100788,2025-03-09,26,Manufactura,2,4.0,1179.71,0.0,0,645.0,6397.11,18,0.1597,0
CR-104462,2023-02-21,50,Comercio,31,6.4,1066.33,3230.47,2,331.0,2866.84,24,0.2722,1
CR-105347,2025-04-04,54,Servicios,31,5.2,5229.6,596.91,1,670.0,9001.13,12,0.1753,0
CR-100456,2023-11-09,50,Servicios,30,5.1,3073.15,4502.92,2,507.0,16806.97,18,0.2194,0
CR-104873,2024-04-24,25,Comercio,5,9.4,2701.09,2433.78,1,495.0,13645.04,24,0.2357,0
CR-102073,2024-09-02,35,Construcción,14,2.5,2833.45,8564.9,1,433.0,4742.48,24,0.233,1
CR-105321,2023-07-25,21,Tecnología,0,6.3,1662.0,3285.86,2,552.0,7799.63,18,0.2063,0
CR-105454,2025-05-22,30,Construcción,11,18.3,1694.84,4662.6,2,347.0,10192.09,36,0.248,0
CR-101105,2024-02-01,46,Servicios,28,25.8,,8744.25,1,511.0,10502.53,18,0.2274,0
CR-104211,2023-10-06,41,Agro,21,1.2,6584.24,0.0,0,678.0,20426.17,18,0.1827,0
CR-101770,2023-02-09,33,Tecnología,10,11.8,6776.07,18016.87,3,415.0,14961.77,6,0.2299,0
CR-100398,2023-10-23,44,Comercio,24,9.6,3964.53,4670.38,3,551.0,22328.98,48,0.186,0
CR-105439,2023-02-02,43,Comercio,25,3.8,2314.07,0.0,0,649.0,11541.68,48,0.1926,0
CR-100797,2023-09-01,50,Servicios,29,14.6,3819.43,4506.92,1,502.0,9391.71,36,0.2068,0
CR-102640,2023-07-18,44,Servicios,24,4.2,3114.67,4956.45,1,463.0,13568.39,18,0.249,0
CR-104875,2025-02-11,33,Construcción,12,6.0,5790.26,13945.75,1,406.0,44898.54,36,0.238,0
CR-105749,2024-04-24,37,Construcción,14,22.0,4737.45,16525.42,1,391.0,12783.68,36,0.258,0
CR-104976,2025-05-03,40,Comercio,16,5.8,4906.55,4374.53,3,552.0,33474.49,36,0.2228,0
CR-104240,2024-12-02,38,Servicios,16,16.1,10781.6,3594.7,1,722.0,40813.77,6,0.1587,0
CR-101458,2023-10-16,58,Agro,40,5.0,4943.43,0.0,0,722.0,9306.57,48,0.1562,0
CR-101664,2023-07-05,51,Agro,27,7.7,4645.59,15588.75,2,466.0,32579.17,48,0.2279,1
CR-101334,2023-05-27,43,Manufactura,25,7.1,2605.7,9504.49,3,312.0,8938.04,6,0.268,0
CR-100755,2023-03-09,50,Servicios,32,1.6,6993.81,0.0,0,682.0,34959.7,36,0.1744,0
CR-100065,2024-09-06,47,Agro,27,1.1,3849.38,14209.28,5,369.0,23832.39,6,0.2556,0
CR-100177,2024-11-23,40,Comercio,21,3.2,5751.64,11588.38,1,423.0,16853.64,12,0.2349,0
CR-105979,2024-05-20,23,Tecnología,5,2.2,6353.51,0.0,0,718.0,26512.53,24,0.1481,0
CR-103267,2023-03-12,38,Servicios,19,6.0,3729.27,14582.03,1,308.0,15963.52,18,0.2726,0
CR-102857,2024-03-10,39,Manufactura,19,1.4,1426.91,2115.36,1,459.0,5052.38,48,0.2358,0
CR-100026,2023-10-31,44,Servicios,25,10.2,3247.06,0.0,0,660.0,21707.57,36,0.1915,0
CR-100525,2024-08-11,33,Agro,14,1.9,8925.36,0.0,0,693.0,62075.41,48,0.17,0
CR-104622,2023-03-10,39,Agro,19,4.5,3700.42,2710.64,2,538.0,27893.6,12,0.2414,0
CR-103080,2024-12-17,33,Manufactura,11,10.2,1948.41,0.0,0,674.0,15178.4,48,0.1778,0
CR-102369,2024-12-08,47,Construcción,27,3.4,851.37,1677.41,1,449.0,2489.06,12,0.2357,0
CR-102645,2023-04-30,36,Comercio,17,12.4,3632.3,0.0,0,728.0,7717.64,6,0.1512,0
CR-100664,2025-01-09,37,Servicios,18,8.9,2808.45,0.0,0,589.0,16074.45,6,0.2201,0
CR-105488,2023-12-28,27,Manufactura,6,6.0,4023.46,6825.43,1,572.0,24914.93,12,0.1983,0
CR-102456,2025-04-07,49,Manufactura,31,15.1,3935.49,14377.34,2,314.0,31022.98,6,0.2799,1
CR-101221,2024-07-06,52,Comercio,34,11.3,6430.48,17167.3,1,418.0,28716.94,12,0.2401,1
CR-101742,2023-02-09,44,Comercio,23,14.0,3848.47,0.0,0,719.0,14266.24,12,0.1525,0
CR-104157,2024-06-02,53,Comercio,29,5.4,11024.93,6793.7,1,788.0,47886.11,24,0.145,0
CR-100332,2023-04-27,30,Manufactura,10,12.8,1192.68,3219.01,1,319.0,3940.72,48,0.2647,0
CR-102730,2024-11-10,25,Servicios,7,5.4,1733.92,3454.43,1,488.0,5523.52,18,0.2296,0
CR-100598,2025-05-11,41,Comercio,18,6.4,2068.85,0.0,0,581.0,12882.0,18,0.2163,0
CR-102903,2023-02-11,32,Comercio,12,14.8,4046.85,3920.03,3,545.0,14502.09,48,0.2237,0
CR-102434,2023-09-19,35,Tecnología,13,5.6,2763.92,5900.94,1,569.0,7709.84,24,0.2053,0
CR-105713,2024-02-03,66,Servicios,47,9.4,2873.13,4719.13,1,521.0,18633.85,6,0.2168,0
CR-101459,2025-02-28,42,Comercio,23,7.5,2476.62,0.0,0,691.0,14855.78,24,0.16,0
CR-103659,2023-05-19,38,Tecnología,15,6.8,2002.1,22.47,2,649.0,11113.32,36,0.1922,0
CR-104058,2025-03-31,44,Construcción,25,4.0,3943.14,5470.66,1,518.0,21643.35,24,0.2272,0
CR-100739,2024-04-15,18,Servicios,0,10.9,17931.97,0.0,0,850.0,37812.85,48,0.0923,0
CR-105293,2025-06-03,65,Servicios,42,7.0,7403.52,0.0,0,729.0,52377.4,24,0.154,0
CR-100228,2024-08-03,29,Comercio,7,1.4,7174.96,0.0,0,743.0,28243.7,24,0.1396,0
CR-105724,2023-03-15,40,Tecnología,16,15.3,1131.07,2197.03,1,463.0,3631.37,12,0.2402,0
CR-100498,2023-03-12,18,Tecnología,0,3.6,2899.11,3270.58,1,582.0,20378.93,18,0.2249,0
CR-100007,2023-07-04,35,Manufactura,11,13.0,3499.16,11350.74,2,331.0,19683.93,6,0.259,1
CR-101977,2023-07-15,40,Construcción,20,2.4,4466.57,0.0,0,671.0,9499.54,18,0.1767,0
CR-100902,2023-08-11,36,Comercio,13,7.5,2543.62,3483.86,2,556.0,15813.0,12,0.2087,0
CR-102939,2024-08-08,30,Tecnología,10,2.9,11042.97,35823.47,3,503.0,40497.16,12,0.2181,0
CR-103512,2023-07-17,31,Tecnología,9,2.1,2408.13,4509.54,2,435.0,10346.36,12,0.2538,0
CR-104198,2024-10-25,18,Servicios,0,1.1,5340.5,9347.78,1,567.0,16198.46,6,0.1876,0
CR-102365,2025-02-04,54,Manufactura,33,9.6,6788.23,11552.39,1,568.0,47758.66,24,0.2228,0
CR-102896,2023-04-30,49,Comercio,31,16.9,4725.45,10553.24,2,570.0,30588.83,18,0.2027,0
CR-101237,2024-06-09,44,Agro,22,3.8,,4276.38,2,537.0,20387.78,12,0.1824,0
CR-104960,2024-06-27,31,Tecnología,8,9.4,7326.22,19704.45,1,523.0,36286.82,12,0.2206,0
CR-101932,2024-12-10,29,Comercio,8,7.5,5411.3,475.82,2,661.0,26853.06,12,0.1505,0
CR-104814,2023-09-19,40,Manufactura,21,4.2,3607.29,5983.72,4,482.0,19762.87,36,0.2558,0
CR-103798,2024-11-08,47,Comercio,27,8.5,1604.05,5584.26,2,327.0,3343.47,24,0.2877,1
CR-100949,2023-05-05,18,Servicios,0,8.1,3223.1,1809.58,2,584.0,24516.67,12,0.1963,1
CR-101717,2024-06-17,32,Comercio,11,7.9,5751.63,0.0,0,684.0,14344.01,18,0.1526,0
CR-102183,2025-01-11,27,Tecnología,7,11.5,1672.39,3285.6,2,394.0,9389.96,24,0.2264,0
CR-102912,2023-10-07,38,Comercio,20,31.5,1978.69,5440.94,3,453.0,9537.02,12,0.2459,0
CR-103588,2024-05-28,29,Manufactura,11,7.4,1974.63,1984.97,2,460.0,4630.76,24,0.2446,1
CR-105745,2023-10-20,48,Tecnología,28,5.4,2077.2,7922.63,1,300.0,3383.39,24,0.2788,1
CR-100138,2023-05-17,60,Manufactura,36,5.1,4772.39,3626.05,3,547.0,17148.84,18,0.2039,0
CR-105199,2024-01-03,36,Comercio,15,2.6,8423.79,26468.0,2,394.0,25348.84,6,0.2747,0
CR-102017,2023-01-27,31,Comercio,9,12.0,3197.25,0.0,0,642.0,21224.72,18,0.1707,0
CR-100251,2024-02-07,42,Comercio,21,4.3,2231.88,0.0,0,552.0,9479.98,12,0.2107,0
CR-104872,2025-01-08,23,Tecnología,5,3.6,2485.74,157.52,1,579.0,3749.66,6,0.1933,0
CR-101090,2025-04-06,31,Servicios,9,6.5,7235.18,11216.5,1,538.0,18567.57,48,0.1931,0
CR-102016,2023-08-20,38,Comercio,15,7.4,5797.64,638.52,3,710.0,16351.61,18,0.1723,0
CR-104148,2024-06-12,37,Construcción,14,10.6,4193.85,0.0,0,694.0,8223.73,12,0.1649,0
CR-103257,2025-01-05,56,Servicios,32,3.5,4592.48,10042.9,2,456.0,25774.0,24,0.2309,0
CR-103256,2023-05-19,31,Comercio,9,10.7,7464.28,0.0,0,666.0,55930.77,6,0.1794,0
CR-100912,2025-01-22,44,Servicios,21,7.5,7510.38,3209.63,1,626.0,39194.73,36,0.1534,0
CR-102415,2023-05-31,53,Tecnología,29,13.5,3241.23,0.0,0,694.0,15723.05,24,0.1713,0
CR-103529,2023-09-08,37,Comercio,17,3.4,15937.13,52878.68,1,551.0,69181.81,18,0.206,0
CR-101281,2025-03-08,18,Tecnología,0,1.1,2794.21,0.0,0,559.0,19298.18,24,0.2384,0
CR-104670,2023-12-27,18,Manufactura,0,7.2,3461.53,6238.8,1,461.0,16171.25,18,0.2427,0
CR-102307,2023-08-17,38,Manufactura,14,5.3,1708.88,6635.65,1,363.0,4798.79,24,0.274,1
CR-102118,2024-07-06,40,Agro,16,5.8,3989.06,435.27,1,673.0,15813.83,24,0.1635,0
CR-100911,2024-08-02,42,Servicios,24,15.3,5491.29,4893.44,2,570.0,34742.17,24,0.1988,0
CR-105189,2024-02-01,27,Construcción,5,4.2,3255.76,2182.63,5,661.0,11834.0,24,0.1607,0
CR-102158,2023-11-23,45,Servicios,24,4.8,3513.12,5788.61,3,429.0,11336.37,12,0.2514,0
CR-105629,2024-11-08,59,Comercio,37,13.7,2981.98,0.0,0,656.0,19783.49,24,0.183,0
CR-101089,2024-01-03,35,Manufactura,14,7.2,,3279.75,2,495.0,11588.31,12,0.2224,0
CR-105406,2024-05-19,21,Servicios,0,4.8,5868.57,5877.99,1,530.0,9613.1,18,0.2028,0
CR-103577,2024-04-30,40,Manufactura,21,5.8,4868.67,10516.26,2,416.0,8755.19,12,0.2429,0
CR-103755,2023-05-09,33,Servicios,9,2.3,2320.17,6931.7,2,373.0,16997.78,18,0.2625,0
CR-100936,2023-01-07,25,Comercio,6,8.3,2360.74,8588.84,1,300.0,10680.33,24,0.3121,0
CR-104363,2023-02-17,31,Comercio,9,8.3,1242.36,3028.47,1,342.0,9836.11,6,0.2473,1
CR-101829,2024-07-30,36,Servicios,16,6.7,1752.33,5178.12,2,358.0,10501.89,24,0.2954,0
CR-101250,2024-02-22,49,Servicios,31,9.8,,3968.07,1,520.0,14847.3,12,0.2167,0
CR-105435,2024-01-10,31,Comercio,8,8.7,,0.0,0,704.0,13340.0,48,0.1719,0
CR-104288,2023-12-25,37,Construcción,14,9.6,5486.05,12376.85,3,520.0,25691.75,36,0.2255,0
CR-105697,2024-08-30,34,Tecnología,14,5.1,4725.47,8898.23,1,567.0,21557.52,24,0.1785,0
CR-104067,2025-04-03,37,Manufactura,16,3.7,3900.19,2317.03,2,586.0,24053.52,18,0.2095,0
CR-105245,2023-09-23,40,Servicios,16,2.0,4842.48,13811.39,1,419.0,34436.18,36,0.2147,1
CR-102907,2023-05-05,38,Construcción,18,1.8,6572.97,609.77,1,686.0,35789.96,48,0.1661,0
CR-103818,2023-06-07,55,Construcción,32,19.2,3245.76,11236.57,1,342.0,21229.39,6,0.2381,1
CR-104315,2023-09-15,37,Construcción,18,7.7,7121.23,0.0,0,842.0,11270.53,6,0.1179,0
CR-103771,2024-02-18,23,Comercio,1,30.9,8896.75,25510.34,1,618.0,39861.88,12,0.1852,0
CR-104837,2023-09-28,27,Comercio,8,6.6,4006.72,250.91,2,645.0,7582.68,48,0.1918,0
CR-104633,2025-01-13,25,Agro,3,3.7,3724.86,14260.28,2,332.0,10859.1,18,0.2642,0
CR-101792,2024-04-04,41,Agro,23,5.7,4040.83,3520.06,2,574.0,10598.11,48,0.1997,0
CR-103126,2024-06-28,38,Servicios,16,5.3,4933.01,628.78,2,689.0,17642.0,12,0.1725,0
CR-104740,2025-05-15,35,Comercio,17,9.2,11767.55,27352.68,1,489.0,84454.5,6,0.2192,0
CR-103680,2024-12-15,31,Manufactura,8,8.9,5927.65,0.0,0,689.0,17941.01,24,0.1686,0
CR-104949,2024-12-03,47,Tecnología,24,8.9,1658.49,6331.02,1,300.0,3945.46,12,0.2937,1
CR-102646,2023-03-04,56,Manufactura,32,12.3,2202.35,1601.86,2,649.0,7513.03,12,0.1677,0
CR-103438,2025-03-17,35,Construcción,17,5.2,4884.75,1860.32,1,571.0,30318.24,18,0.2052,0
CR-103332,2024-12-26,18,Agro,0,0.9,3106.31,5669.22,3,528.0,14336.17,12,0.2293,0
CR-104985,2023-09-13,43,Manufactura,23,1.9,2699.22,0.0,0,568.0,11495.02,24,0.1902,0
CR-105704,2024-05-03,27,Agro,7,8.6,5236.31,0.0,0,616.0,39763.26,12,0.1861,0
CR-102475,2024-05-26,38,Comercio,14,14.9,3812.87,4180.78,1,564.0,15744.26,6,0.2112,0
CR-105141,2025-04-12,18,Construcción,0,8.8,3034.61,4621.6,1,509.0,5235.9,18,0.2019,0
CR-103224,2023-11-06,41,Construcción,20,16.2,1957.39,2952.98,2,441.0,11471.76,18,0.227,1
CR-105908,2023-02-21,46,Tecnología,27,7.1,,3437.07,1,449.0,8310.29,24,0.2388,0
CR-104499,2023-09-08,32,Comercio,14,6.5,5966.97,4688.83,3,574.0,40033.34,18,0.2039,0
CR-100892,2023-05-19,34,Manufactura,11,15.2,1736.82,0.0,0,592.0,11992.93,6,0.1827,0
CR-105904,2024-12-27,57,Comercio,39,15.5,2193.57,6808.87,1,395.0,13050.77,6,0.2403,0
CR-104445,2023-09-29,26,Comercio,3,8.9,15461.07,18370.1,4,758.0,43376.8,36,0.1481,0
CR-104378,2025-03-01,33,Comercio,14,0.4,1907.95,2376.57,1,455.0,15230.85,24,0.2405,0
CR-101725,2023-05-30,39,Servicios,21,3.0,4299.34,2198.12,1,642.0,7851.46,24,0.1788,0
CR-103228,2025-03-31,45,Comercio,24,10.4,2641.21,6851.58,2,458.0,18554.42,48,0.1995,0
CR-102051,2024-07-29,25,Servicios,4,9.3,10006.42,11623.57,1,539.0,19919.11,12,0.2373,0
CR-105416,2024-06-02,45,Comercio,22,13.4,2707.17,8880.66,3,300.0,6669.46,12,0.284,1
CR-100242,2024-11-27,19,Tecnología,0,1.8,3519.25,1265.13,2,635.0,12229.96,12,0.1746,0
CR-104799,2024-05-20,33,Servicios,13,4.1,7248.49,16284.1,1,555.0,55814.21,36,0.1981,0
CR-102852,2025-04-01,53,Manufactura,35,4.8,1408.79,3341.58,1,468.0,8715.14,12,0.2334,0
CR-102046,2024-06-08,45,Comercio,24,0.9,5124.89,11298.96,3,483.0,8754.12,12,0.2426,0
CR-102812,2024-11-23,33,Tecnología,12,5.0,1557.66,0.0,0,592.0,6796.3,36,0.1847,0
CR-100403,2024-07-31,34,Agro,10,9.9,2245.08,5895.2,2,472.0,8519.93,12,0.2074,0
CR-105570,2024-04-01,48,Agro,24,7.8,2122.07,0.0,0,690.0,11902.71,18,0.1583,0
CR-100050,2023-05-22,41,Manufactura,19,3.1,4454.22,6080.72,2,527.0,10654.93,24,0.2308,0
CR-102879,2023-05-09,42,Manufactura,21,3.8,17258.68,0.0,0,831.0,30025.05,48,0.09,0
CR-103338,2023-06-05,26,Manufactura,3,5.6,1326.31,3617.04,3,406.0,5579.51,12,0.2409,0
CR-103023,2023-12-24,30,Comercio,7,29.6,2822.78,1738.44,1,633.0,12306.99,36,0.1674,0
CR-104546,2025-01-17,18,Construcción,0,1.7,3268.06,572.24,2,591.0,20788.44,36,0.1868,0
CR-100558,2024-03-17,24,Comercio,5,1.6,1332.28,0.0,0,574.0,9856.78,6,0.2134,0
CR-104057,2025-04-05,46,Comercio,25,2.7,8376.23,0.0,0,762.0,27360.08,18,0.1368,0
CR-104750,2024-02-10,48,Agro,27,1.4,3299.41,0.0,0,635.0,5401.35,18,0.1817,0
CR-102889,2024-03-15,34,Comercio,13,5.8,7621.44,0.0,0,758.0,22868.05,24,0.1529,0
CR-101151,2025-03-08,49,Construcción,29,5.7,,4361.04,1,379.0,5670.54,24,0.2608,1
CR-100009,2024-02-01,29,Tecnología,6,10.0,8735.88,0.0,0,801.0,49002.74,18,0.1589,0
CR-101707,2025-01-28,41,Construcción,17,10.9,7256.92,26198.79,1,324.0,33171.61,24,0.2635,1
CR-102593,2023-11-29,46,Servicios,23,5.4,4478.94,5423.15,1,566.0,28765.07,12,0.2155,0
CR-103611,2024-08-06,30,Comercio,8,4.0,3091.23,6963.92,1,470.0,15013.53,18,0.2077,0
CR-101614,2024-12-19,31,Servicios,11,12.7,2053.59,3261.47,2,505.0,13733.69,36,0.1891,1
CR-101071,2023-02-10,26,Comercio,4,1.6,3774.71,10053.06,2,343.0,6627.2,12,0.2626,0
CR-105913,2024-09-11,36,Comercio,15,4.6,3143.67,3045.56,2,632.0,24539.85,36,0.1907,0
CR-104627,2023-10-15,47,Tecnología,25,2.5,4075.68,11838.41,2,449.0,8581.13,6,0.2136,0
CR-105717,2024-05-25,33,Servicios,15,8.3,2324.76,7015.74,1,320.0,6092.28,18,0.2647,1
CR-100716,2023-03-13,21,Servicios,0,6.7,8859.98,4813.8,2,791.0,44719.45,6,0.12,0
CR-101896,2024-01-12,21,Comercio,0,11.1,2799.28,7537.52,3,391.0,17804.2,18,0.2334,0
CR-105449,2024-12-10,40,Construcción,18,1.8,4257.45,0.0,0,616.0,17102.74,18,0.1897,0
CR-105512,2024-11-12,21,Construcción,1,3.4,2303.93,2761.8,2,544.0,11433.61,12,0.2307,0
CR-102123,2024-07-16,39,Comercio,18,6.2,5540.39,0.0,0,678.0,37205.68,36,0.1745,0
CR-100318,2023-04-09,49,Servicios,29,12.3,5148.08,782.3,5,647.0,16694.64,12,0.1633,0
CR-102927,2024-03-29,41,Servicios,21,4.8,4516.58,3861.15,2,608.0,17087.0,36,0.1767,0
CR-101672,2024-01-07,39,Agro,21,16.8,6218.1,0.0,0,669.0,14616.91,12,0.1892,0
CR-103834,2025-06-03,54,Agro,35,4.9,4242.91,0.0,0,671.0,7331.97,12,0.1874,0
CR-100427,2024-09-11,57,Construcción,36,2.5,2662.99,0.0,0,621.0,18114.19,12,0.1728,0
CR-103053,2024-12-15,37,Servicios,18,7.7,1788.12,3415.8,1,449.0,5901.26,18,0.226,0
CR-103404,2024-04-04,21,Manufactura,0,10.2,2935.58,10896.88,2,333.0,10816.83,18,0.2536,1
CR-103735,2023-05-08,33,Tecnología,11,0.7,3174.81,5823.96,3,482.0,8083.55,12,0.2527,0
CR-103808,2023-02-18,37,Comercio,16,4.8,7871.67,1859.63,3,728.0,46531.13,24,0.1579,0
CR-100546,2023-08-31,40,Manufactura,22,6.0,3147.61,8160.1,3,369.0,8592.97,12,0.2385,1
CR-100262,2025-01-31,41,Comercio,19,22.3,1693.15,546.22,1,682.0,5412.66,12,0.1855,0
CR-100254,2024-07-01,35,Construcción,13,5.1,3140.95,0.0,0,575.0,18567.75,24,0.1872,0
CR-104886,2024-06-05,40,Servicios,18,10.1,7623.4,9495.31,1,533.0,22546.43,18,0.2046,0
CR-105980,2025-04-04,30,Servicios,10,3.0,4368.89,2402.48,1,648.0,25954.75,12,0.1994,0
CR-100666,2025-03-03,20,Manufactura,0,7.7,3557.12,5957.24,1,565.0,17903.0,36,0.204,0
CR-105612,2023-05-11,30,Manufactura,12,3.6,5632.31,0.0,0,708.0,34863.15,6,0.1561,0
CR-100171,2025-06-06,43,Comercio,19,8.8,4588.3,8419.77,2,457.0,22673.45,12,0.2093,0
CR-101176,2024-03-04,30,Comercio,11,4.3,12928.9,48569.98,2,425.0,57511.04,18,0.2383,1
CR-105028,2025-06-09,47,Servicios,24,3.5,9937.46,4302.79,2,737.0,60120.91,24,0.1308,0
CR-101482,2024-10-08,39,Comercio,15,10.6,1415.46,2636.48,2,423.0,4404.11,48,0.2284,0
CR-101906,2024-10-05,38,Agro,20,9.2,2829.34,11087.53,1,335.0,6351.66,24,0.2818,1
CR-103868,2023-04-01,41,Comercio,19,12.7,2512.33,0.0,0,620.0,6487.35,12,0.2027,0
CR-104884,2023-02-24,43,Servicios,24,11.8,4547.62,6259.26,1,517.0,34609.55,18,0.2312,0
CR-101900,2024-05-30,32,Comercio,14,13.4,956.0,458.63,1,593.0,7250.69,12,0.2098,0
CR-100693,2024-04-14,18,Servicios,0,1.0,4042.01,0.0,0,661.0,28057.53,18,0.1597,0
CR-103260,2023-02-07,39,Comercio,15,1.1,12491.94,36501.68,1,434.0,74247.47,12,0.2326,0
CR-105229,2025-06-05,35,Servicios,16,9.4,4267.33,7623.06,3,516.0,17840.86,24,0.2377,0
CR-103590,2024-05-18,37,Construcción,13,11.0,3134.73,0.0,0,632.0,16760.33,18,0.1664,0
CR-103268,2023-12-08,35,Servicios,14,6.5,9793.25,0.0,0,767.0,44084.14,12,0.1631,0
CR-102115,2023-11-17,35,Manufactura,17,7.7,4228.35,7794.65,4,527.0,10492.25,36,0.2386,0
CR-102096,2025-01-18,48,Comercio,30,6.4,2193.35,7483.04,1,300.0,8341.86,18,0.2678,0
CR-105975,2024-08-15,38,Agro,18,3.5,6148.24,6483.64,2,556.0,32750.29,6,0.1903,0
CR-100781,2023-10-05,37,Servicios,18,8.8,5777.16,9213.8,3,511.0,24791.21,24,0.2112,0
CR-103578,2025-04-20,44,Tecnología,25,7.8,2262.74,1305.62,1,607.0,12809.14,12,0.203,0
CR-105399,2025-03-31,51,Servicios,28,1.4,5081.4,797.09,1,616.0,13705.05,12,0.2175,0
CR-105540,2025-01-13,39,Servicios,15,1.6,7117.09,9206.77,3,578.0,42461.99,6,0.204,0
CR-100541,2025-01-24,29,Agro,10,8.1,3141.77,0.0,0,667.0,22679.95,12,0.2046,0
CR-104475,2024-02-01,44,Manufactura,26,3.8,5724.27,0.0,0,664.0,34997.21,24,0.1578,0
CR-104423,2023-04-10,30,Servicios,8,4.8,1872.8,0.0,0,595.0,12143.18,6,0.2045,0
CR-103218,2023-06-13,63,Manufactura,39,2.8,3394.91,1943.62,5,542.0,15360.09,48,0.1915,0
CR-102678,2023-01-21,18,Manufactura,0,8.6,10105.48,4494.23,2,672.0,71894.0,24,0.1645,0
CR-105083,2025-03-15,36,Servicios,13,4.3,3428.66,10229.28,1,316.0,11693.7,12,0.2909,1
CR-105849,2024-09-14,38,Comercio,18,2.2,2412.16,7514.22,3,370.0,17320.46,36,0.2471,1
CR-100882,2023-10-02,26,Comercio,5,4.7,5071.77,8450.2,1,528.0,36932.4,18,0.2467,0
CR-103344,2023-10-22,22,Tecnología,2,9.5,7499.84,0.0,0,708.0,31564.71,18,0.1729,0
CR-105400,2025-01-04,35,Comercio,17,11.4,1181.26,0.0,0,696.0,7393.11,24,0.174,0
CR-105297,2023-11-22,38,Servicios,15,11.6,2297.47,7220.36,2,332.0,18364.58,12,0.2785,1
CR-105944,2024-12-16,51,Servicios,33,7.9,5438.69,13772.38,1,459.0,20244.75,24,0.2332,0
CR-105081,2024-03-23,31,Manufactura,13,12.9,6174.79,13009.35,1,499.0,21732.92,12,0.2086,0
CR-101171,2025-02-14,18,Tecnología,0,1.9,1276.76,1212.34,2,488.0,2365.18,12,0.2153,0
CR-104703,2023-12-15,41,Manufactura,22,17.7,6481.14,20299.86,1,420.0,51031.5,12,0.2413,0
CR-102636,2024-03-16,34,Comercio,12,5.7,3558.08,0.0,0,592.0,23559.62,48,0.1807,0
CR-101329,2023-07-12,46,Agro,23,26.7,1659.19,0.0,0,696.0,7230.56,12,0.1353,0
CR-105843,2025-01-31,43,Servicios,23,8.9,6168.6,19230.08,2,353.0,14626.56,12,0.2779,1
CR-105811,2023-10-05,43,Comercio,25,14.4,4931.34,0.0,0,650.0,32627.66,48,0.1869,0
CR-100075,2023-06-11,46,Construcción,23,14.4,1441.65,4594.58,1,348.0,10179.5,48,0.2563,0
CR-103636,2025-05-04,35,Servicios,11,6.3,4158.63,0.0,0,647.0,30918.25,18,0.1797,0
CR-103276,2024-06-15,49,Agro,25,5.8,1333.79,3113.52,3,394.0,7206.3,36,0.2513,0
CR-104586,2024-12-06,44,Servicios,24,21.4,3326.5,9644.99,2,516.0,13841.65,6,0.2436,0
CR-105306,2023-09-09,39,Comercio,19,1.0,2778.45,0.0,0,594.0,21974.57,12,0.2131,1
CR-102194,2024-02-28,40,Agro,19,8.4,4708.96,17167.52,1,348.0,32886.01,18,0.2822,0
CR-103504,2023-09-06,40,Tecnología,21,11.8,2665.48,0.0,0,590.0,5231.13,24,0.1952,0
CR-101466,2023-02-08,24,Comercio,1,8.8,,1674.18,1,546.0,5318.62,12,0.2,0
CR-102665,2025-05-24,39,Comercio,20,8.5,3527.77,0.0,0,704.0,7403.52,18,0.1683,0
CR-102387,2024-06-24,45,Servicios,27,6.0,1837.26,7001.89,3,300.0,4701.37,12,0.2732,1
CR-103936,2023-08-31,51,Tecnología,32,3.1,3650.31,6417.29,3,573.0,12648.5,18,0.1813,0
CR-105577,2025-02-16,33,Servicios,9,24.3,2394.68,684.46,2,603.0,16594.44,18,0.1763,0
CR-103506,2024-07-22,36,Comercio,13,10.5,1677.4,1717.12,1,585.0,9014.42,12,0.1865,0
CR-104192,2025-01-09,44,Construcción,26,13.5,3945.96,0.0,0,763.0,11087.68,18,0.1634,0
CR-100945,2023-08-16,34,Servicios,11,1.1,8345.21,1548.21,5,816.0,26038.12,24,0.1466,0
CR-103701,2023-07-20,28,Comercio,8,6.4,2869.02,6382.89,1,438.0,19423.3,36,0.2624,1
CR-105882,2025-04-19,37,Tecnología,16,4.3,4559.69,0.0,0,638.0,11179.58,18,0.1845,0
CR-100842,2024-08-25,57,Comercio,34,3.6,1937.22,3835.17,1,507.0,14399.87,24,0.1923,0
CR-103954,2024-06-28,38,Servicios,14,6.9,7936.28,0.0,0,695.0,43861.8,6,0.1778,0
CR-103951,2024-07-03,64,Agro,44,3.2,2265.29,3292.83,2,537.0,11773.33,12,0.242,0
CR-103273,2024-05-22,34,Comercio,14,2.9,3313.51,9764.88,2,351.0,6543.21,12,0.2768,0
CR-104531,2024-05-29,41,Servicios,19,1.7,5361.28,0.0,0,535.0,41786.02,24,0.222,0
CR-103467,2024-01-02,18,Servicios,0,5.4,5283.26,11600.03,5,,36646.76,18,0.2376,0
CR-103810,2024-11-16,41,Manufactura,17,6.6,3033.86,5551.6,3,529.0,17844.55,12,0.2012,0
CR-100225,2025-04-16,41,Comercio,23,8.6,7367.17,13169.15,2,548.0,40560.46,48,0.2066,0
CR-104722,2024-05-14,37,Manufactura,17,11.7,2055.11,7994.1,2,303.0,12144.78,24,0.2719,1
CR-101856,2024-07-29,36,Comercio,16,6.2,5539.04,3952.79,2,573.0,24122.41,6,0.1941,0
CR-102677,2024-05-27,44,Servicios,21,8.9,3092.86,6635.62,3,441.0,21579.93,6,0.25,0
CR-105398,2023-03-25,19,Construcción,0,21.6,3502.62,9473.48,1,420.0,16206.61,24,0.2292,0
CR-100845,2024-01-23,42,Manufactura,21,8.4,1330.8,0.0,0,636.0,9530.03,12,0.1515,0
CR-100572,2024-09-10,41,Tecnología,19,7.3,3112.66,768.33,1,663.0,11646.26,12,0.1632,0
CR-103527,2024-01-17,23,Comercio,2,15.3,2355.88,3819.91,1,441.0,8628.59,18,0.2237,1
CR-104478,2023-03-22,46,Manufactura,24,7.2,1314.57,0.0,0,638.0,4386.61,48,0.1813,0
CR-102803,2024-11-10,27,Tecnología,6,3.3,6623.61,0.0,0,709.0,49630.99,24,0.178,0
CR-102481,2024-11-10,28,Construcción,5,5.6,6310.44,23328.94,3,364.0,23205.93,36,0.2529,0
CR-100154,2023-08-07,37,Servicios,18,1.5,1425.95,4307.04,3,414.0,5700.89,6,0.2541,1
CR-100476,2024-06-14,50,Comercio,29,1.9,2057.55,1886.48,5,523.0,11259.0,12,0.2126,0
CR-103872,2024-02-28,33,Comercio,11,1.3,2633.78,7921.71,5,349.0,7927.36,12,0.2776,1
CR-104728,2023-01-07,42,Servicios,21,14.1,10095.45,18140.81,3,573.0,56718.64,18,0.1843,0
CR-101690,2023-05-17,32,Tecnología,8,10.6,1625.64,3543.56,3,390.0,10828.67,12,0.2385,0
CR-100278,2024-12-15,51,Servicios,27,0.8,5854.41,10827.15,3,529.0,14586.41,24,0.2119,0
CR-104102,2023-09-24,29,Construcción,6,7.7,,4228.54,2,385.0,4271.33,18,0.2671,1
CR-105273,2024-03-30,44,Comercio,25,10.2,1742.97,5765.6,3,300.0,12826.04,24,0.2804,1
CR-105968,2025-05-18,39,Construcción,20,2.3,6716.85,25861.79,3,379.0,47516.92,18,0.2563,1
CR-101087,2023-03-21,21,Comercio,0,8.0,4581.94,10491.1,1,519.0,26400.42,36,0.2125,0
CR-103005,2025-03-23,33,Servicios,13,4.8,,21892.95,4,483.0,37765.55,24,0.2208,0
CR-100382,2025-01-23,20,Agro,1,5.9,2718.6,1577.07,1,592.0,13623.31,18,0.1914,0
CR-101099,2024-08-21,52,Manufactura,31,18.3,11478.63,0.0,0,742.0,40013.28,18,0.1354,0
CR-103210,2023-09-25,38,Agro,17,1.9,1687.27,6595.42,1,303.0,6001.7,6,0.2828,1
CR-105104,2023-02-14,38,Comercio,17,3.0,3221.49,4828.16,1,539.0,24507.87,18,0.1853,0
CR-102530,2025-02-20,51,Manufactura,28,12.4,1365.51,2811.82,2,364.0,6192.94,24,0.2721,0
CR-103375,2025-02-13,31,Comercio,13,7.9,3931.24,14864.75,3,300.0,30206.04,12,0.2499,1
CR-104427,2024-06-26,23,Servicios,0,8.3,1425.9,0.0,0,625.0,4190.5,12,0.1908,0
CR-104444,2023-05-07,39,Tecnología,19,13.8,2534.41,9466.96,1,300.0,8112.08,12,0.2755,0
CR-100918,2024-06-16,53,Manufactura,30,4.4,2669.85,10388.64,4,322.0,11667.62,12,0.2673,0
CR-100207,2024-09-28,25,Comercio,3,5.3,6187.41,8323.43,1,587.0,31812.19,6,0.181,0
CR-105087,2025-01-10,30,Agro,12,5.8,4750.78,5306.07,2,622.0,27890.62,24,0.1988,0
CR-103793,2024-04-03,46,Comercio,26,3.4,3569.69,9423.47,2,375.0,26207.6,12,0.2667,1
CR-105234,2025-06-07,31,Manufactura,8,10.0,7166.62,2038.88,1,638.0,50865.76,6,0.1502,0
CR-103341,2023-11-29,46,Comercio,26,28.6,4090.17,12083.72,1,392.0,25314.46,24,0.2598,1
CR-100297,2024-05-28,34,Servicios,10,7.5,3890.88,13265.15,4,300.0,25867.62,24,0.2868,1
CR-104070,2023-11-15,36,Agro,13,14.7,5925.13,7227.24,1,594.0,34564.74,18,0.2088,0
CR-100527,2024-08-25,39,Comercio,17,6.1,4206.13,15213.54,3,358.0,14701.77,18,0.2804,1
CR-105253,2024-06-16,54,Agro,30,6.9,2581.0,0.0,0,670.0,10258.59,48,0.159,0
CR-100442,2023-05-17,42,Manufactura,20,4.4,2509.29,3973.59,1,541.0,16314.53,6,0.2219,0
CR-102120,2025-02-22,44,Comercio,20,5.5,7433.97,468.63,2,692.0,56382.77,36,0.1471,0
CR-101138,2025-05-22,37,Servicios,19,6.9,4435.38,16999.37,1,300.0,31002.97,24,0.275,1
CR-103402,2023-09-22,30,Tecnología,12,5.7,4171.44,777.02,2,616.0,19037.01,12,0.1709,0
CR-103455,2024-11-10,29,Tecnología,10,13.8,2469.98,2812.36,2,606.0,5357.15,48,0.2125,0
CR-102827,2023-05-24,59,Agro,36,7.0,2348.4,6515.09,3,450.0,10732.09,36,0.2364,1
CR-103730,2024-10-09,30,Comercio,10,2.2,3109.4,0.0,0,738.0,20707.21,18,0.1556,0
CR-102374,2024-05-03,34,Manufactura,13,4.7,1984.7,5777.29,1,367.0,13931.07,24,0.2638,0
CR-104384,2023-05-27,46,Agro,26,0.3,,3609.59,1,427.0,5661.63,6,0.2235,0
CR-104803,2023-08-21,49,Construcción,26,2.2,2215.68,2596.6,3,550.0,10789.4,36,0.2188,0
CR-103486,2023-09-06,46,Agro,27,9.0,1128.24,1985.21,1,494.0,3240.34,18,0.2312,0
CR-101836,2023-03-30,40,Comercio,21,6.9,5183.16,15974.27,3,390.0,12254.98,36,0.2561,1
CR-102453,2025-04-22,29,Servicios,6,30.3,2338.96,0.0,0,681.0,9137.95,12,0.1835,0
CR-105337,2025-02-02,48,Tecnología,24,2.8,3131.53,0.0,0,650.0,23609.06,18,0.1679,0
CR-102008,2025-04-06,51,Construcción,31,13.0,3202.89,5099.3,1,533.0,20875.18,36,0.2108,0
CR-104913,2025-06-17,26,Comercio,8,10.6,3086.46,2149.63,2,555.0,11812.07,12,0.216,0
CR-100047,2023-11-03,40,Comercio,20,7.2,4051.23,12629.55,1,387.0,26659.16,24,0.2507,1
CR-102201,2023-08-21,36,Tecnología,12,0.4,9097.17,0.0,0,690.0,38437.86,24,0.1869,0
CR-103896,2025-01-02,23,Servicios,0,6.0,1301.47,939.86,1,520.0,4438.87,18,0.2024,0
CR-100397,2023-05-04,41,Servicios,20,12.4,2323.5,6438.47,3,453.0,12587.79,24,0.2377,1
CR-101507,2025-03-05,38,Construcción,16,2.6,9352.43,8529.41,3,665.0,56946.56,24,0.175,0
CR-103242,2024-12-03,41,Tecnología,18,2.9,2697.58,7935.21,3,381.0,10050.41,18,0.2459,1
CR-102612,2024-02-16,31,Manufactura,9,14.8,4899.68,3393.94,2,631.0,9761.41,12,0.195,0
CR-103112,2023-11-27,56,Comercio,38,4.7,3297.46,11191.47,1,315.0,16767.79,18,0.2811,1
CR-105671,2023-08-03,42,Servicios,21,2.9,2529.16,0.0,0,628.0,18968.02,24,0.1893,0
CR-104605,2023-07-11,40,Comercio,18,8.9,6373.82,23500.13,1,,36117.21,12,0.271,0
CR-104555,2023-07-06,56,Construcción,34,9.7,3340.75,8077.57,4,467.0,11386.93,12,0.242,0
CR-105322,2023-05-26,31,Agro,8,4.7,7710.63,5502.66,1,628.0,52813.67,12,0.1812,0
CR-100986,2025-01-30,23,Servicios,3,1.9,10264.85,12533.56,3,585.0,49957.84,24,0.1944,0
CR-105816,2023-07-18,41,Servicios,20,11.4,,12155.99,1,414.0,12932.26,24,0.232,1
CR-105481,2024-04-07,32,Agro,13,10.7,,0.0,0,730.0,39323.93,24,0.1541,0
CR-101434,2025-05-28,41,Servicios,21,10.7,8742.86,2036.85,2,706.0,38232.53,36,0.1608,0
CR-102532,2023-09-24,41,Tecnología,21,8.1,1841.4,5129.38,1,453.0,3140.06,12,0.2298,1
CR-105593,2024-05-25,42,Servicios,24,6.2,4674.85,12576.28,1,424.0,23438.88,48,0.2313,1
CR-100237,2024-11-30,36,Tecnología,14,8.7,3372.5,0.0,0,661.0,13487.3,12,0.2,0
CR-102119,2024-03-26,46,Servicios,24,10.4,6756.56,1801.64,1,687.0,44945.28,12,0.1855,0
CR-102286,2025-02-14,46,Servicios,26,5.0,3046.67,0.0,0,682.0,6121.45,24,0.1574,0
CR-103026,2024-09-30,46,Agro,27,2.5,2622.76,3750.51,2,478.0,10113.77,24,0.2284,0
CR-103237,2025-02-20,46,Tecnología,27,0.9,1459.07,4172.45,2,349.0,8289.45,18,0.2472,1
CR-101104,2023-12-15,26,Tecnología,5,5.6,2130.52,3731.04,2,462.0,5869.09,6,0.2363,0
CR-103656,2025-03-20,35,Comercio,13,1.6,3053.3,1652.28,2,757.0,8183.29,48,0.1571,0
CR-100802,2023-12-30,42,Construcción,18,9.8,17226.51,20817.29,2,767.0,109721.58,12,0.1382,0
CR-105922,2024-01-20,68,Manufactura,48,3.4,3188.42,5701.85,2,401.0,7543.71,6,0.2457,0
CR-105756,2025-02-11,29,Servicios,8,1.3,1859.1,2318.88,2,518.0,4970.64,18,0.2245,0
CR-103685,2023-03-15,41,Servicios,17,9.7,2996.31,0.0,0,654.0,14581.83,36,0.1667,0
CR-104700,2025-01-07,47,Servicios,25,7.7,2829.84,10155.16,1,300.0,12188.73,18,0.2759,1
CR-104103,2024-06-20,58,Tecnología,36,3.2,2321.87,8651.02,1,322.0,6385.89,12,0.2614,0
CR-101737,2024-01-10,36,Servicios,13,13.7,2812.25,4033.34,3,527.0,21326.12,12,0.1858,0
CR-104337,2024-09-04,33,Comercio,13,9.7,2590.47,0.0,0,599.0,7863.09,12,0.1975,0
CR-103369,2023-10-05,39,Servicios,20,4.6,8804.12,3613.27,3,632.0,21695.05,12,0.1825,0
CR-105254,2025-05-29,47,Construcción,26,2.0,2447.35,6176.54,1,529.0,12088.95,18,0.2184,0
CR-104201,2023-05-10,18,Comercio,0,4.4,2962.51,8995.21,4,376.0,10630.57,12,0.2427,1
CR-100034,2024-02-13,45,Agro,21,8.5,4436.93,10879.22,1,434.0,27178.4,6,0.2701,0
CR-102245,2025-02-22,31,Manufactura,9,2.4,3233.32,0.0,0,692.0,9297.88,48,0.1564,0
CR-103399,2023-10-25,33,Servicios,15,12.8,4919.8,0.0,0,640.0,34331.68,24,0.1909,0
CR-103658,2025-05-10,28,Agro,9,16.6,7981.13,0.0,0,740.0,51278.81,18,0.1398,0
CR-103982,2023-06-10,34,Comercio,14,9.1,2945.22,9561.46,1,325.0,20692.4,6,0.2902,0
CR-100564,2023-07-05,48,Agro,29,26.8,6563.12,0.0,0,693.0,17405.1,12,0.1687,0
CR-104956,2023-03-23,39,Construcción,17,11.0,3085.06,8914.75,1,393.0,17303.36,12,0.2491,0
CR-100074,2024-11-08,40,Comercio,20,11.1,,632.44,3,545.0,3195.88,24,0.2005,0
CR-100855,2024-10-23,38,Servicios,16,3.7,4998.08,3800.94,3,606.0,36251.21,24,0.1996,0
CR-100309,2024-07-10,57,Agro,33,9.2,5581.73,389.17,1,642.0,39103.05,24,0.1978,0
CR-103123,2024-07-21,44,Servicios,25,14.1,3293.55,7842.3,1,401.0,13356.8,12,0.2612,1
CR-100282,2024-10-19,48,Tecnología,25,1.4,1664.38,1029.85,1,530.0,8312.99,12,0.211,0
CR-103390,2023-01-31,26,Servicios,2,5.7,4948.01,14108.6,1,385.0,23343.58,24,0.2679,0
CR-104587,2025-06-06,55,Tecnología,31,5.5,7440.71,0.0,0,680.0,29190.09,18,0.1671,0
CR-100547,2023-10-10,27,Agro,3,2.1,2600.79,0.0,0,609.0,16390.98,48,0.1726,0
CR-103661,2023-06-25,42,Servicios,18,11.1,1121.38,0.0,0,667.0,4270.06,12,0.1751,0
CR-105385,2025-04-08,51,Manufactura,28,24.1,15969.91,12410.18,1,771.0,120906.22,24,0.1545,0
CR-101570,2024-08-16,38,Comercio,16,5.3,5255.64,8422.53,2,543.0,30413.76,6,0.2195,0
CR-102581,2024-03-22,49,Construcción,28,4.1,3759.96,6184.34,1,550.0,9179.16,12,0.1775,0
CR-101158,2023-02-10,18,Tecnología,0,14.8,4080.75,0.0,0,670.0,22939.5,18,0.1657,0
CR-101680,2023-07-03,21,Servicios,0,1.9,4808.99,16670.8,2,333.0,23533.29,6,0.2635,1
CR-100720,2023-09-06,37,Agro,18,4.1,12563.48,29010.54,1,523.0,55609.1,48,0.1938,0
CR-100291,2023-12-07,40,Servicios,17,11.5,2383.03,0.0,0,687.0,16674.36,12,0.176,0
CR-100540,2023-04-14,19,Comercio,0,1.4,2515.91,9718.4,1,300.0,16339.1,12,0.2461,1
CR-103307,2023-02-04,46,Servicios,26,3.3,7708.95,22283.99,1,410.0,53759.97,18,0.2589,1
CR-102232,2024-03-01,24,Tecnología,3,1.0,1734.92,6568.97,2,342.0,3922.95,24,0.2761,1
CR-101036,2025-01-10,49,Comercio,26,0.8,7279.94,2676.46,2,634.0,43227.02,24,0.2054,0
CR-103417,2023-05-13,48,Comercio,27,2.7,3134.72,3749.11,1,560.0,15361.54,12,0.225,0
CR-101047,2024-01-10,44,Tecnología,25,5.0,7132.95,13552.38,1,530.0,27382.55,12,0.2078,0
CR-104800,2024-07-16,38,Servicios,17,1.6,3800.67,11409.65,2,362.0,9442.16,18,0.2749,1
CR-103153,2023-04-29,37,Comercio,13,4.7,2941.14,0.0,0,637.0,9283.86,36,0.1786,0
CR-102315,2024-01-14,42,Tecnología,18,10.5,2334.27,1325.99,3,593.0,18095.34,24,0.2099,0
CR-104213,2025-01-24,37,Comercio,19,13.5,12629.0,880.59,2,765.0,48848.39,18,0.1375,0
CR-100060,2024-01-14,19,Servicios,0,13.0,3655.42,14499.39,1,300.0,16990.22,48,0.2913,1
CR-101599,2023-10-26,26,Manufactura,6,10.9,1131.97,1425.7,1,541.0,3924.63,24,0.1974,0
CR-105990,2023-02-25,18,Comercio,0,12.5,10673.92,0.0,0,751.0,16439.52,18,0.1285,0
CR-101189,2025-03-09,36,Tecnología,16,1.0,5653.54,7188.67,2,600.0,25505.88,12,0.1986,0
CR-105394,2025-03-21,41,Agro,21,10.1,3732.82,9298.08,1,434.0,14574.39,12,0.2084,1
CR-104199,2024-09-17,42,Servicios,18,7.5,3817.01,0.0,0,656.0,29067.77,6,0.2036,0
CR-105538,2024-09-14,44,Servicios,21,7.2,3245.94,7159.37,2,398.0,6346.76,18,0.2838,0
CR-102443,2023-05-07,46,Servicios,27,14.8,6021.5,21408.07,1,319.0,23198.22,24,0.2765,0
CR-102999,2023-04-14,34,Servicios,12,1.3,2708.0,7413.66,2,371.0,15956.28,24,0.2338,1
CR-100535,2024-08-13,45,Manufactura,24,6.9,1468.59,2515.91,1,509.0,3000.32,6,0.2204,0
CR-104777,2023-08-29,24,Agro,0,9.3,2459.36,3319.07,2,553.0,10137.27,6,0.2213,0
CR-105379,2024-10-11,49,Agro,29,5.3,3268.57,9358.29,4,366.0,11733.74,18,0.2431,0
CR-103587,2023-10-29,40,Construcción,21,8.8,8798.18,853.48,3,804.0,34473.88,6,0.1325,0
CR-103336,2024-08-17,35,Manufactura,13,5.9,3211.67,1626.22,1,607.0,11309.98,18,0.2297,0
CR-104104,2024-09-14,34,Comercio,11,6.2,3162.85,4503.61,3,522.0,18938.8,36,0.2104,0
CR-100581,2023-03-27,25,Agro,5,1.5,767.99,0.0,0,585.0,4317.3,18,0.1977,0
CR-103667,2024-05-10,26,Servicios,2,5.0,1649.63,2988.57,2,474.0,5951.57,24,0.2314,0
CR-100195,2023-01-18,28,Manufactura,10,23.5,6148.96,2340.2,1,733.0,14434.23,36,0.1685,0
CR-101263,2024-09-20,33,Servicios,13,0.9,2634.95,4467.56,1,507.0,5502.93,6,0.2196,0
CR-100172,2025-05-15,33,Manufactura,9,2.3,4834.04,0.0,0,681.0,13718.86,6,0.2001,0
CR-104015,2025-06-04,37,Servicios,15,2.6,4723.11,7024.57,3,418.0,17236.67,18,0.2422,0
CR-103329,2024-01-20,35,Tecnología,17,12.8,3324.71,1766.82,2,593.0,24127.57,36,0.1922,0
CR-104576,2023-03-31,28,Servicios,7,10.7,2643.39,7910.86,2,327.0,10308.83,12,0.2778,0
CR-102870,2023-12-28,18,Manufactura,0,6.7,4173.47,16066.82,3,351.0,23938.09,12,0.2869,0
CR-102569,2023-09-04,43,Comercio,19,19.0,2318.82,3174.35,2,569.0,15419.4,12,0.1962,0
CR-100924,2024-04-10,36,Construcción,18,9.9,2387.42,2047.71,2,564.0,13929.98,6,0.2054,0
CR-102750,2025-04-10,42,Manufactura,18,8.3,1285.28,2545.68,2,393.0,3909.68,12,0.2611,0
CR-101013,2023-01-27,20,Tecnología,0,5.0,2948.32,6525.19,1,481.0,12953.95,6,0.2594,0
CR-104583,2023-09-11,52,Servicios,32,11.5,1138.59,830.56,2,557.0,6832.54,36,0.2026,0
CR-101173,2024-12-20,27,Tecnología,6,8.1,1731.62,6742.18,1,331.0,7281.19,12,0.2925,0
CR-101562,2023-11-16,29,Servicios,9,1.0,3045.24,4301.38,2,542.0,5434.71,6,0.2202,0
CR-102597,2024-08-13,41,Tecnología,22,4.6,2675.58,1048.91,2,556.0,20842.83,12,0.2157,0
CR-101641,2025-03-18,44,Comercio,23,9.2,2834.71,1840.7,1,549.0,17033.05,24,0.2073,0
CR-105113,2023-12-29,47,Servicios,26,9.6,2471.15,7749.93,3,345.0,13225.32,6,0.2715,0
CR-105818,2023-03-17,43,Construcción,24,13.4,2845.87,256.12,2,725.0,18910.1,6,0.1535,0
CR-101430,2024-01-20,35,Agro,15,3.3,1861.48,5654.13,1,328.0,6204.78,12,0.2531,1
CR-104642,2024-10-06,48,Construcción,30,6.4,2682.24,0.0,0,685.0,19681.47,18,0.1605,0
CR-103461,2025-05-21,22,Servicios,4,1.9,2220.38,2662.43,1,544.0,6031.61,12,0.2092,0
CR-103853,2024-11-30,34,Servicios,13,13.4,3490.64,0.0,0,666.0,13750.71,6,0.1781,0
CR-105640,2023-09-02,33,Tecnología,14,14.3,6502.49,10591.63,1,563.0,22285.01,24,0.2095,0
CR-102965,2023-07-17,20,Comercio,0,8.0,2339.72,0.0,0,637.0,16994.38,18,0.1808,0
CR-103502,2024-07-21,45,Servicios,24,11.0,4159.44,15769.62,1,337.0,6377.0,18,0.2932,1
CR-105585,2024-12-03,40,Comercio,22,11.3,3339.24,13181.44,2,314.0,26113.65,12,0.2779,1
CR-101239,2025-03-23,55,Manufactura,35,7.5,2379.73,0.0,0,511.0,4883.31,6,0.2028,0
CR-104598,2025-02-20,51,Agro,27,6.7,3473.48,7158.55,5,461.0,13290.89,18,0.2406,0
CR-100415,2024-11-14,40,Construcción,17,10.4,2601.37,0.0,0,644.0,16849.83,6,0.1915,0
CR-104594,2023-02-08,46,Manufactura,28,15.4,4886.5,17760.39,2,347.0,19651.02,18,0.2672,1
CR-105261,2024-01-19,48,Servicios,29,2.8,5725.22,21496.93,2,414.0,14031.0,18,0.2619,0
CR-100982,2023-04-25,41,Servicios,20,6.5,1472.49,0.0,0,629.0,8611.8,18,0.2,0
CR-101164,2023-01-08,27,Tecnología,8,2.5,19436.91,0.0,0,850.0,125198.49,12,0.1282,0
CR-101779,2024-03-07,54,Servicios,35,9.1,4397.34,0.0,0,589.0,16059.08,18,0.1828,0
CR-105451,2024-02-16,28,Comercio,7,1.0,3464.64,0.0,0,630.0,14075.86,18,0.1746,0
CR-102928,2023-03-25,23,Servicios,0,8.8,,13512.0,1,432.0,11016.19,36,0.2463,0
CR-104636,2025-05-18,18,Manufactura,0,1.9,4003.69,6050.95,3,530.0,7730.71,18,0.214,0
CR-100586,2024-10-25,25,Servicios,1,0.9,2653.49,0.0,0,628.0,11324.4,18,0.1661,0
CR-100595,2023-08-24,33,Construcción,10,20.5,1723.89,3099.55,1,545.0,6780.78,18,0.2006,0
CR-101811,2024-07-21,18,Agro,0,4.0,3714.17,0.0,0,569.0,6882.45,18,0.2053,0
CR-100812,2024-05-30,41,Tecnología,21,3.9,1481.26,0.0,0,659.0,11527.5,12,0.204,0
CR-101949,2024-04-05,60,Servicios,38,9.1,,4077.5,2,571.0,9838.03,24,0.1979,0
CR-105652,2025-01-02,47,Construcción,24,3.1,2764.51,2469.3,2,528.0,10295.92,24,0.2011,0
CR-101167,2023-05-12,58,Servicios,35,8.3,2070.48,1629.38,1,620.0,10421.21,12,0.215,0
CR-101930,2025-02-16,19,Servicios,0,6.9,11244.89,39770.18,3,446.0,65367.57,12,0.2282,0
CR-100220,2023-10-03,36,Tecnología,14,3.3,4717.2,779.32,2,650.0,29326.58,24,0.1457,0
CR-101065,2025-01-25,37,Construcción,13,1.1,3292.6,0.0,0,701.0,21099.54,6,0.1496,0
CR-104899,2025-01-30,33,Agro,15,10.9,3431.09,514.2,1,626.0,10062.3,24,0.1811,0
CR-101692,2023-01-10,23,Servicios,5,12.9,6194.28,0.0,0,705.0,25901.5,18,0.1701,0
CR-103470,2023-09-16,21,Comercio,3,1.5,3871.76,354.09,2,670.0,14408.83,18,0.1791,0
CR-105743,2023-05-06,45,Servicios,23,7.3,3934.62,12315.6,1,434.0,31241.56,12,0.2638,1
CR-102013,2024-08-03,38,Comercio,15,10.8,3519.92,1421.32,1,662.0,13666.91,36,0.1737,0
CR-104012,2025-06-08,46,Manufactura,27,12.8,6898.13,15889.37,1,541.0,19380.44,24,0.1917,0
CR-100774,2024-08-11,38,Tecnología,18,2.5,2475.32,0.0,0,559.0,14279.03,18,0.2327,0
CR-100305,2024-05-08,26,Servicios,4,4.1,4003.64,12502.91,4,357.0,18685.42,18,0.2486,0
CR-100439,2024-03-18,43,Servicios,19,11.0,4021.77,2871.85,1,641.0,18132.82,48,0.1738,0
CR-100713,2024-05-01,38,Comercio,18,10.9,6154.76,10522.59,1,468.0,28025.64,24,0.2335,0
CR-105498,2024-05-06,46,Agro,27,4.7,7902.26,14394.61,1,561.0,46906.33,12,0.2054,0
CR-105805,2024-11-28,34,Manufactura,14,6.8,1110.33,4419.39,2,300.0,1855.04,24,0.2767,0
CR-105820,2023-10-14,34,Servicios,14,11.4,2201.53,3487.97,2,454.0,10330.23,18,0.2455,0
CR-101024,2025-03-16,18,Servicios,0,8.0,2367.81,537.57,4,,17864.12,12,0.1809,0
CR-103191,2024-03-21,29,Construcción,8,6.9,3810.78,0.0,0,642.0,11164.31,48,0.1702,0
CR-101082,2023-02-17,43,Servicios,25,9.2,4041.41,15258.97,1,300.0,15558.79,48,0.2741,1
CR-102727,2023-07-06,36,Manufactura,14,2.3,2436.43,4521.36,3,,11637.32,24,0.2221,1
CR-105310,2023-01-15,27,Agro,8,5.4,3306.62,4159.66,1,537.0,22054.93,12,0.2031,0
CR-102293,2025-03-02,33,Servicios,14,4.0,3252.54,12271.48,1,346.0,22622.7,12,0.2723,1
CR-100734,2024-01-30,41,Servicios,18,4.9,5214.9,20146.3,1,355.0,40207.87,6,0.219,1
CR-101674,2023-05-11,35,Comercio,14,6.8,4601.21,0.0,0,635.0,14634.0,48,0.1965,0
CR-103027,2024-02-06,23,Comercio,5,11.9,1706.05,1327.74,2,516.0,12600.69,24,0.2255,0
CR-104194,2024-10-21,52,Comercio,33,9.7,2033.64,3771.44,1,449.0,4572.28,6,0.2317,0
CR-104606,2023-09-16,26,Tecnología,6,11.6,3942.75,3137.01,4,622.0,30395.52,12,0.1743,0
CR-104073,2024-10-02,54,Comercio,31,2.0,3919.79,67.81,3,688.0,19648.04,24,0.1543,0
CR-105403,2024-12-18,38,Construcción,15,14.6,6724.08,21381.26,3,400.0,22442.32,12,0.2408,1
CR-103978,2023-12-06,46,Construcción,23,14.5,5348.45,15653.54,1,434.0,21572.62,12,0.2612,1
CR-102113,2025-04-06,40,Servicios,20,1.1,4103.22,2297.86,1,578.0,10162.59,48,0.205,0
CR-103628,2024-08-30,51,Servicios,31,10.0,6632.0,26004.36,1,300.0,51329.28,6,0.2549,1
CR-101610,2023-06-04,41,Comercio,17,8.0,3234.72,7055.66,2,487.0,21538.14,12,0.2311,0
CR-101643,2023-12-30,45,Construcción,24,12.2,4853.52,16858.52,4,333.0,19979.45,12,0.2539,1
CR-101219,2025-05-30,53,Comercio,32,13.1,5552.72,1009.22,4,691.0,23679.98,48,0.1967,0
CR-101604,2024-05-24,35,Manufactura,11,6.8,2917.06,7973.15,2,399.0,6620.3,24,0.2234,0
CR-100357,2024-02-10,41,Comercio,23,7.5,4063.92,3414.92,1,582.0,24963.13,18,0.1945,0
CR-105609,2025-01-31,43,Construcción,24,5.8,3235.34,5999.67,1,550.0,14877.68,18,0.1735,0
CR-100530,2025-03-03,34,Construcción,14,9.2,1654.8,3292.53,2,413.0,12290.82,12,0.2229,1
CR-104805,2023-05-25,23,Manufactura,2,2.5,9481.32,0.0,0,707.0,70955.27,12,0.158,0
CR-105786,2025-03-31,44,Tecnología,20,6.2,4088.27,15219.51,2,324.0,17955.42,18,0.2671,1
CR-101093,2024-07-10,40,Construcción,22,4.0,1517.28,2194.8,2,543.0,8091.86,24,0.2256,0
CR-101765,2025-04-16,36,Comercio,17,9.3,10016.27,3455.2,1,711.0,49075.08,12,0.1497,0
CR-104646,2023-04-05,37,Agro,15,7.4,5099.79,16476.12,1,365.0,12032.58,24,0.2481,0
CR-102444,2024-03-31,47,Manufactura,24,11.8,2395.27,7721.86,2,300.0,8483.9,18,0.2854,1
CR-101935,2023-09-07,56,Comercio,34,10.3,1301.69,2756.55,2,399.0,9644.38,18,0.2482,0
CR-100985,2025-05-19,45,Comercio,23,6.1,10007.32,19387.09,3,623.0,62772.08,36,0.1707,0
CR-104672,2024-10-02,44,Manufactura,21,11.5,6091.46,0.0,0,689.0,44742.31,24,0.131,0
CR-103809,2025-01-20,42,Servicios,20,2.3,2212.04,6996.72,2,315.0,6671.34,18,0.2669,1
CR-103841,2023-05-16,37,Manufactura,18,5.7,5415.64,12781.41,1,471.0,35683.23,12,0.2369,0
CR-105842,2023-03-09,38,Comercio,19,6.3,4165.13,0.0,0,718.0,11570.49,36,0.1704,0
CR-105991,2023-07-22,48,Tecnología,27,2.6,8572.71,13303.42,1,576.0,62327.74,18,0.2142,0
CR-102337,2023-06-03,47,Comercio,25,3.4,5962.56,21773.5,3,406.0,28656.66,24,0.2532,1
CR-103051,2023-11-20,28,Comercio,4,3.2,3154.37,0.0,0,636.0,10852.99,18,0.1883,0
CR-103491,2024-04-19,27,Agro,6,1.5,3998.07,106.05,1,622.0,9988.12,12,0.2,0
CR-103829,2023-06-25,26,Construcción,2,17.1,3629.51,7265.35,2,450.0,27616.96,24,0.2239,1
CR-103178,2023-06-22,45,Manufactura,27,6.1,4666.1,7028.64,1,520.0,15405.8,6,0.1997,0
CR-104515,2024-08-17,49,Comercio,27,5.7,3678.22,8936.66,1,405.0,28858.0,24,0.2794,1
CR-105063,2024-11-01,36,Servicios,13,4.3,4237.2,11756.41,4,400.0,32550.03,12,0.2348,0
CR-101288,2025-01-01,60,Manufactura,41,5.6,2167.94,5483.31,2,528.0,10169.44,18,0.2073,0
CR-104244,2023-09-06,40,Comercio,16,2.6,3067.97,5279.24,1,462.0,8018.3,18,0.2397,0
CR-100137,2024-07-12,47,Construcción,25,8.1,847.04,3007.15,3,300.0,5128.83,6,0.2947,1
CR-100973,2025-06-09,45,Agro,27,18.1,7174.12,14679.2,2,499.0,53540.21,12,0.2137,0
CR-105326,2023-02-10,60,Construcción,41,2.8,3423.06,0.0,0,668.0,13273.44,48,0.1757,0
CR-101648,2024-05-17,36,Comercio,13,16.1,,0.0,0,672.0,6851.26,12,0.1727,0
CR-103401,2023-01-25,47,Construcción,28,6.2,1730.75,4140.65,1,355.0,3408.97,12,0.2738,0
CR-103465,2024-10-28,61,Comercio,38,8.1,,13914.02,2,425.0,22398.68,48,0.2698,0
CR-100615,2024-05-10,24,Comercio,3,10.0,2820.86,3434.09,2,510.0,6498.39,24,0.2212,0
CR-104511,2023-02-09,36,Tecnología,15,10.8,6022.69,20742.85,2,397.0,28577.56,18,0.2589,0
CR-105099,2024-07-15,27,Servicios,4,3.8,2055.99,4715.93,3,391.0,9638.88,18,0.2686,0
CR-101858,2025-02-04,42,Tecnología,23,9.5,3788.22,0.0,0,611.0,16357.54,12,0.1768,0
CR-104999,2024-12-19,28,Comercio,8,1.0,5253.24,13724.99,1,387.0,23059.78,18,0.2536,0
CR-105116,2024-11-02,47,Comercio,25,1.7,3802.62,0.0,0,588.0,15060.64,48,0.2112,0
CR-105329,2024-12-21,44,Comercio,20,15.5,4228.7,9298.92,1,505.0,18231.99,18,0.2217,0
CR-101711,2024-09-27,18,Servicios,0,2.3,7788.05,10954.26,2,513.0,43497.13,36,0.231,0
CR-102268,2023-08-06,18,Servicios,0,3.3,2088.94,3011.13,1,448.0,7349.68,48,0.2466,0
CR-105861,2024-03-20,51,Tecnología,33,20.0,2578.5,8874.31,2,332.0,19798.8,12,0.272,1
CR-105796,2023-08-19,63,Comercio,41,6.9,4470.4,16880.43,1,323.0,15027.8,18,0.2559,1
CR-102424,2023-01-03,39,Comercio,20,7.1,1863.83,0.0,0,643.0,10037.23,36,0.1869,0
CR-100158,2023-08-20,33,Comercio,12,6.7,6580.69,621.96,1,654.0,32238.35,12,0.1925,0
CR-105615,2023-07-05,34,Servicios,14,4.8,10642.66,8975.71,2,682.0,29123.52,6,0.1904,0
CR-103969,2024-06-04,27,Comercio,6,5.3,,2246.52,1,430.0,5672.13,6,0.2442,0
CR-101366,2025-05-14,26,Manufactura,3,4.4,5240.72,3608.73,1,656.0,37397.9,18,0.1775,0
CR-100414,2025-01-13,35,Comercio,17,12.3,3124.42,5923.09,1,429.0,6652.53,12,0.234,0
CR-102773,2023-01-26,36,Construcción,18,0.4,2528.85,7467.98,1,360.0,8517.99,12,0.2798,1
CR-103762,2024-12-03,41,Servicios,18,9.7,2401.14,1778.02,1,529.0,10429.65,12,0.2032,0
CR-102330,2023-10-14,28,Comercio,9,2.0,3382.74,10049.35,1,300.0,26693.06,6,0.267,0
CR-104181,2024-10-02,39,Comercio,21,25.7,7412.64,25389.96,3,484.0,33544.46,24,0.2136,0
CR-104024,2024-07-08,28,Servicios,6,12.1,3357.27,7947.74,1,407.0,17597.18,12,0.2469,0
CR-104366,2024-04-24,43,Comercio,21,9.5,18528.85,0.0,0,850.0,89734.88,24,0.09,0
CR-102697,2024-06-17,40,Construcción,22,3.0,2992.84,0.0,0,657.0,22031.11,48,0.1637,0
CR-104383,2024-12-28,30,Servicios,7,7.9,3452.17,0.0,0,616.0,9945.72,36,0.2101,0
CR-105339,2024-04-19,50,Tecnología,26,7.9,,0.0,0,592.0,7578.14,36,0.1901,0
CR-101040,2025-06-16,27,Construcción,4,3.3,3355.94,0.0,0,586.0,5983.2,12,0.1781,0
CR-104869,2024-03-13,39,Servicios,20,13.6,3492.12,486.89,1,752.0,17419.94,18,0.1477,0
CR-104155,2024-02-07,32,Manufactura,12,6.5,5056.23,19753.94,2,341.0,7959.41,24,0.3061,1
CR-104389,2023-04-08,56,Servicios,33,7.4,6437.05,24990.63,1,300.0,47711.85,18,0.2826,1
CR-104259,2024-08-05,34,Agro,15,12.5,3546.06,3264.48,2,584.0,20128.73,12,0.2198,0
CR-105197,2025-03-12,25,Tecnología,2,1.6,3292.38,8581.97,1,411.0,17977.93,12,0.2327,1
CR-100508,2024-10-14,32,Tecnología,11,3.1,1942.07,5990.21,2,333.0,8121.67,18,0.2538,1
CR-105840,2025-02-05,32,Manufactura,12,7.1,2928.77,0.0,0,594.0,10254.15,6,0.1925,0
CR-103677,2024-12-03,45,Tecnología,21,3.4,2465.85,9717.65,4,300.0,16598.55,6,0.2851,1
CR-104447,2023-10-02,38,Manufactura,18,2.3,1090.05,0.0,0,662.0,4467.76,48,0.2027,0
CR-102448,2024-10-11,46,Tecnología,22,4.4,6439.15,18134.65,1,520.0,46768.72,18,0.2296,1
CR-101781,2024-12-23,39,Servicios,17,8.2,3973.83,8938.64,1,530.0,11044.1,24,0.2268,0
CR-104887,2023-09-08,56,Servicios,35,12.0,10495.64,18526.3,3,551.0,23456.18,12,0.2033,0
CR-102985,2024-10-08,33,Construcción,9,10.8,3662.68,0.0,0,616.0,21391.37,24,0.1939,0
CR-105341,2023-07-09,40,Servicios,20,3.8,4864.93,598.12,4,679.0,36962.66,12,0.1586,0
CR-105564,2023-08-01,29,Comercio,6,3.0,1536.12,5445.58,1,300.0,3702.43,48,0.288,1
CR-102931,2025-01-25,48,Manufactura,25,2.8,3258.19,0.0,0,616.0,11493.7,36,0.1928,0
CR-105496,2024-03-22,31,Tecnología,12,9.6,5689.18,13748.5,5,486.0,44196.02,24,0.2351,0
CR-103477,2024-12-13,36,Manufactura,14,2.1,2472.17,2606.88,2,502.0,7609.62,18,0.2155,0
CR-104442,2023-11-10,38,Tecnología,14,18.8,5639.7,5570.5,2,667.0,34610.46,36,0.1808,0
CR-100543,2023-03-08,36,Manufactura,15,3.4,,11230.45,3,300.0,18691.99,12,0.2774,1
CR-103183,2023-08-05,44,Manufactura,21,10.6,3012.47,3098.89,4,522.0,5368.6,18,0.2188,0
CR-105583,2024-01-20,26,Servicios,7,11.0,2180.26,5672.66,1,472.0,9196.03,48,0.254,0
CR-100223,2024-05-10,26,Agro,4,3.7,9169.03,0.0,0,783.0,15159.52,18,0.1278,0
CR-104695,2024-09-22,42,Comercio,22,13.7,4261.2,454.5,1,688.0,22638.05,6,0.1701,0
CR-105599,2025-01-08,34,Tecnología,11,11.8,13077.42,21067.27,5,669.0,66018.09,6,0.1676,0
CR-101402,2024-11-03,36,Servicios,14,8.7,2466.56,3169.01,1,507.0,7059.75,18,0.2302,0
CR-103710,2023-06-20,43,Manufactura,19,1.2,2566.54,5294.34,2,420.0,15357.51,36,0.2603,0
CR-101872,2024-11-13,31,Comercio,12,16.0,3158.01,1386.94,2,630.0,15347.57,24,0.1939,0
CR-103938,2024-09-07,39,Comercio,15,21.9,8575.81,23532.86,2,448.0,27146.41,6,0.2525,0
CR-102136,2024-01-23,41,Tecnología,17,1.7,4403.02,2784.42,1,624.0,9393.21,48,0.199,0
CR-100180,2024-10-03,52,Servicios,34,11.8,6083.48,16761.83,3,414.0,29324.5,6,0.2291,0
CR-103111,2024-04-11,51,Tecnología,32,7.0,3528.64,515.71,3,679.0,13596.56,18,0.1855,0
CR-102173,2025-04-09,25,Manufactura,6,5.0,3406.2,2544.34,1,596.0,25642.67,24,0.1898,0
CR-102778,2023-10-05,43,Comercio,24,5.9,13085.39,0.0,0,802.0,61037.17,18,0.1245,0
CR-105080,2023-03-18,27,Comercio,4,17.2,4147.85,7785.85,1,478.0,20989.97,24,0.2502,0
CR-104896,2023-06-26,45,Construcción,25,12.2,2331.89,7332.21,3,407.0,8257.55,36,0.2549,1
CR-101322,2023-01-05,38,Comercio,15,16.1,3325.67,0.0,0,647.0,7167.81,48,0.2004,0
CR-103508,2023-07-18,44,Construcción,20,5.6,9435.44,13230.46,2,538.0,53346.99,6,0.2087,0
CR-104239,2024-01-25,45,Servicios,23,12.8,2314.13,0.0,0,583.0,12431.61,12,0.207,0
CR-100539,2024-02-21,29,Manufactura,8,0.4,6794.16,1724.13,1,620.0,42977.69,6,0.1729,0
CR-100289,2024-09-14,37,Comercio,13,2.5,2194.95,0.0,0,601.0,6427.53,18,0.2034,0
CR-105879,2024-08-04,51,Tecnología,33,1.6,6164.27,0.0,0,679.0,13734.26,12,0.1862,0
CR-103081,2023-06-23,26,Tecnología,3,6.1,3397.72,11618.02,2,361.0,10980.86,24,0.2809,1
CR-100975,2024-03-14,27,Manufactura,3,5.1,3182.39,10098.06,1,300.0,7904.24,48,0.2858,1
CR-102404,2024-05-09,28,Servicios,5,3.1,3246.3,4572.98,1,,13164.98,12,0.2107,0
CR-103909,2023-07-01,22,Construcción,0,9.4,1496.53,2970.84,4,519.0,7954.35,12,0.2393,0
CR-105093,2023-05-02,38,Comercio,18,8.9,5539.66,15237.07,2,481.0,23117.95,18,0.2453,0
CR-103075,2023-05-17,29,Manufactura,8,4.3,6852.69,7460.23,1,585.0,17074.3,24,0.2046,0
CR-104149,2024-03-05,19,Manufactura,0,7.9,10382.03,0.0,0,750.0,68490.14,36,0.1504,0
CR-100041,2023-05-12,44,Servicios,22,8.6,9001.51,28483.57,1,483.0,43755.48,24,0.2349,0
CR-105122,2025-06-07,34,Comercio,12,5.9,8963.68,0.0,0,698.0,18776.74,18,0.1473,0
CR-103712,2023-07-25,36,Comercio,18,9.0,4426.25,0.0,0,603.0,16896.36,12,0.1682,0
CR-105823,2023-04-27,36,Construcción,14,20.3,3880.87,14837.48,3,322.0,7937.65,24,0.2757,1
CR-105969,2024-07-12,55,Comercio,33,6.8,3462.0,3948.39,2,566.0,9848.42,12,0.217,0
CR-105139,2025-04-08,43,Comercio,25,8.2,4412.52,10274.65,2,442.0,26755.64,12,0.2162,0
CR-105868,2023-08-28,43,Agro,19,0.2,5672.27,11626.62,4,539.0,37183.32,12,0.2115,0
CR-104284,2024-01-20,33,Agro,13,3.1,3450.92,4593.82,1,532.0,19877.34,18,0.2066,0
CR-102846,2024-04-01,32,Manufactura,14,19.7,7575.27,20414.68,2,473.0,51857.75,36,0.2348,0
CR-102930,2023-07-01,30,Servicios,10,1.9,5080.66,9433.35,1,580.0,36981.81,12,0.1803,1
CR-105049,2025-03-08,49,Comercio,25,2.3,1668.92,0.0,0,585.0,8626.27,12,0.2366,0
CR-105880,2023-10-15,50,Construcción,32,7.5,5317.69,15229.71,1,438.0,31876.35,12,0.2452,1
CR-105744,2024-02-21,44,Comercio,26,3.2,2844.4,0.0,0,761.0,13180.01,6,0.1505,0
CR-100876,2025-06-02,38,Comercio,19,4.5,2515.39,0.0,0,626.0,12433.1,12,0.2103,0
CR-102383,2023-07-17,32,Comercio,10,12.2,1536.92,4599.29,2,327.0,10663.41,18,0.2562,1
CR-101391,2023-06-24,54,Tecnología,32,0.6,1896.93,2872.37,6,496.0,6879.26,18,0.2085,0
CR-103812,2025-03-01,32,Manufactura,12,21.8,3407.42,0.0,0,634.0,16125.56,36,0.1822,0
CR-100506,2024-06-11,65,Agro,47,0.6,3446.69,10822.93,1,373.0,23246.4,12,0.2644,0
CR-104539,2024-03-10,46,Construcción,28,3.6,4447.43,3810.55,1,582.0,26452.54,48,0.2134,0
CR-101014,2023-06-15,27,Servicios,5,4.1,6926.27,22931.74,1,366.0,47159.45,12,0.258,1
CR-103897,2024-04-12,58,Manufactura,34,9.4,5229.58,15930.02,1,454.0,17579.33,18,0.2257,0
CR-100387,2023-12-04,44,Construcción,25,9.2,1298.92,0.0,0,665.0,4736.57,12,0.187,0
CR-103972,2024-06-17,41,Servicios,17,8.3,,11677.66,1,535.0,11074.66,18,0.1819,0
CR-100307,2025-05-18,52,Servicios,33,7.6,,0.0,0,757.0,25977.48,24,0.142,0
CR-101336,2023-02-27,43,Servicios,25,11.3,2768.75,4979.51,2,556.0,6850.86,12,0.2029,0
CR-101863,2023-04-10,49,Servicios,30,1.7,2185.07,0.0,0,644.0,17336.2,24,0.1966,0
CR-101327,2024-01-22,21,Servicios,1,3.3,4972.91,11428.44,1,340.0,16261.51,18,0.2784,1
CR-104414,2025-01-31,36,Tecnología,13,11.3,,0.0,0,605.0,6756.96,6,0.1734,0
CR-103300,2023-12-11,44,Tecnología,25,13.7,2738.2,7156.92,1,397.0,20131.8,18,0.2743,0
CR-101255,2023-11-23,31,Comercio,10,3.9,3622.73,13430.97,1,359.0,8309.62,24,0.2526,1
CR-104530,2024-07-08,48,Servicios,24,4.9,3570.09,5327.48,1,477.0,10448.42,18,0.226,0
CR-100340,2023-06-09,18,Tecnología,0,17.2,3057.84,5744.8,1,,21200.6,24,0.2339,1
CR-101801,2023-11-24,43,Manufactura,19,5.9,2125.95,3540.52,1,547.0,3920.71,6,0.1957,0
CR-105547,2023-06-13,49,Servicios,25,4.5,2627.86,9790.36,1,300.0,9010.31,6,0.2678,1
CR-101955,2024-11-15,27,Comercio,3,7.3,7817.03,19156.94,1,483.0,52243.16,6,0.1886,0
CR-105266,2025-04-03,21,Tecnología,1,6.4,2372.4,19.52,1,662.0,18302.37,12,0.1351,0
CR-105222,2024-05-17,53,Agro,34,7.9,3231.02,11038.33,2,383.0,17901.84,24,0.2467,1
CR-102004,2023-05-08,23,Comercio,3,12.2,4771.72,5536.13,3,654.0,14920.65,18,0.1904,0
CR-102595,2023-04-28,29,Agro,7,10.8,3866.3,0.0,0,644.0,27303.91,36,0.1914,0
CR-100747,2024-05-15,44,Manufactura,25,8.7,3463.81,0.0,0,638.0,10475.59,24,0.1896,0
CR-103806,2024-06-02,29,Servicios,9,0.6,1538.55,927.52,1,593.0,5161.83,6,0.206,0
CR-105027,2025-04-09,36,Comercio,15,12.6,4822.58,1463.22,3,659.0,19751.45,12,0.1712,0
CR-104653,2023-11-11,33,Servicios,10,6.1,6796.76,24076.81,2,363.0,22316.22,24,0.2733,0
CR-102053,2024-11-12,69,Agro,48,1.0,3635.65,0.0,0,659.0,15200.22,18,0.2035,0
CR-103903,2023-02-15,35,Tecnología,17,5.9,3647.28,11219.97,1,405.0,8402.44,48,0.271,0
CR-101503,2025-06-15,42,Agro,18,6.7,2571.92,0.0,0,575.0,13299.82,18,0.2162,0
CR-104992,2024-09-01,32,Comercio,11,10.9,4294.65,0.0,0,644.0,14239.9,36,0.1697,0
CR-103846,2024-08-21,37,Servicios,14,2.0,5957.24,6877.0,1,532.0,11866.44,12,0.1957,1
CR-101780,2023-06-18,47,Manufactura,26,16.1,5026.88,2891.84,3,561.0,33348.84,24,0.2081,0
CR-102245,2025-02-22,31,Manufactura,9,2.4,3233.32,0.0,0,692.0,9297.88,48,0.1564,0
CR-100765,2024-06-11,18,Manufactura,0,3.7,9370.9,1396.32,2,726.0,26915.51,12,0.1549,0
CR-104617,2023-01-18,27,Comercio,3,4.1,12079.82,0.0,0,838.0,44367.55,6,0.121,0
CR-100925,2025-04-28,59,Comercio,40,1.9,4096.5,10595.06,1,406.0,25150.94,12,0.2573,1
CR-100856,2025-01-11,42,Comercio,23,6.4,4642.97,1617.5,2,587.0,7310.14,6,0.1943,0
CR-102620,2023-03-18,30,Construcción,11,5.6,2547.04,0.0,0,630.0,7226.7,24,0.1832,0
CR-105859,2024-02-26,52,Comercio,29,23.5,3524.84,11859.19,2,300.0,23459.81,12,0.2764,0
CR-101270,2023-01-14,55,Comercio,36,6.9,9613.71,0.0,0,797.0,45673.81,12,0.1221,0
CR-105175,2024-12-12,36,Comercio,16,14.6,2733.26,4597.5,1,492.0,17806.09,24,0.2351,0
CR-101839,2025-01-10,28,Construcción,8,5.5,3573.4,5119.79,3,572.0,27280.95,18,0.2116,0
CR-101114,2024-04-25,39,Tecnología,18,3.1,2403.66,7318.79,2,419.0,7198.64,24,0.2421,1
CR-105674,2025-04-14,34,Tecnología,14,3.7,4370.6,6262.67,2,486.0,30046.34,36,0.2217,1
CR-104868,2025-05-06,62,Construcción,44,5.9,4804.59,0.0,0,599.0,18523.42,24,0.1558,0
CR-100751,2024-10-01,35,Tecnología,11,12.8,1423.92,2957.06,2,476.0,7617.13,24,0.2065,0
CR-105179,2024-11-16,31,Agro,8,5.6,2641.15,1610.86,3,601.0,15004.74,36,0.1815,0
CR-102703,2024-12-21,51,Tecnología,31,6.7,1323.15,3383.95,2,363.0,6528.87,12,0.281,0
CR-105012,2024-08-19,22,Comercio,0,9.6,,0.0,0,712.0,24205.47,24,0.1566,0
CR-104692,2024-06-08,41,Comercio,20,1.5,1432.3,0.0,0,595.0,11160.65,6,0.2041,0
CR-100151,2025-04-22,27,Manufactura,6,11.1,4399.66,0.0,0,649.0,20720.51,24,0.1815,0
CR-101032,2023-08-23,32,Comercio,9,2.3,4853.7,6103.9,1,520.0,32972.52,24,0.2071,0
CR-102508,2024-06-30,48,Servicios,29,7.0,2120.89,0.0,0,647.0,8546.6,12,0.1753,0
CR-101442,2025-01-26,23,Servicios,4,4.2,4234.39,0.0,0,590.0,29206.1,24,0.1728,0
CR-100346,2024-02-21,31,Manufactura,7,18.9,1811.55,2324.11,5,538.0,11403.73,12,0.227,0
CR-103804,2023-02-04,49,Manufactura,30,2.1,9466.76,34826.25,1,344.0,50678.63,36,0.2491,0
CR-102630,2025-05-28,39,Servicios,18,6.1,3008.48,1310.5,3,646.0,14399.69,18,0.2008,0
CR-101670,2024-04-12,37,Tecnología,15,8.9,3448.69,10168.37,1,365.0,17336.99,6,0.2348,0
CR-100706,2024-05-01,28,Comercio,9,3.0,3663.83,3705.69,2,511.0,13851.44,24,0.2021,0
CR-105578,2024-10-08,29,Manufactura,7,13.1,2646.17,0.0,0,658.0,9598.33,48,0.1848,0
CR-102675,2024-12-30,42,Agro,21,7.0,5237.16,15131.92,2,466.0,21366.99,6,0.2327,0
CR-103407,2024-05-03,56,Servicios,37,10.2,1690.66,0.0,0,664.0,9165.0,18,0.1723,0
CR-101746,2024-05-28,32,Manufactura,11,3.3,,6152.73,1,485.0,18235.07,6,0.216,0
CR-105000,2023-07-01,35,Comercio,11,10.8,3393.05,6027.11,1,488.0,10964.37,24,0.2059,0
CR-101400,2025-06-16,51,Servicios,28,11.3,3932.08,11248.3,2,372.0,22452.06,12,0.2573,1
CR-101017,2025-03-07,35,Comercio,14,3.6,6461.68,25541.26,1,414.0,27630.84,36,0.2337,1
CR-102887,2023-12-03,40,Manufactura,18,1.4,3280.87,0.0,0,628.0,11657.41,18,0.1848,0
CR-105926,2023-11-15,37,Manufactura,17,4.1,3283.45,0.0,0,661.0,18668.79,18,0.1734,0
CR-101649,2024-04-19,30,Comercio,9,7.3,8468.4,8560.02,1,591.0,34634.65,12,0.1884,0
CR-102240,2024-07-01,52,Tecnología,33,0.7,1610.38,1071.55,2,572.0,9911.7,6,0.2238,0
CR-104489,2024-01-21,34,Tecnología,13,1.0,5890.57,23163.21,1,382.0,37350.43,24,0.253,1
CR-101502,2025-02-19,53,Manufactura,30,6.4,2336.84,2291.42,1,611.0,17681.67,18,0.184,0
CR-100087,2024-08-31,38,Comercio,16,6.8,4031.57,0.0,0,737.0,31096.86,24,0.1594,0
CR-105725,2023-03-22,40,Comercio,19,6.1,7842.4,2649.85,2,736.0,18152.14,24,0.1528,0
CR-102699,2025-03-23,29,Construcción,5,2.3,4013.17,6831.6,3,525.0,14716.56,18,0.2109,0
CR-100521,2023-11-01,28,Tecnología,5,6.1,5267.16,15168.81,1,457.0,27472.76,12,0.2615,1
CR-105433,2023-05-21,49,Servicios,29,9.5,4913.63,2170.55,1,651.0,30527.15,18,0.1727,0
CR-101556,2024-03-18,30,Comercio,9,4.2,4595.94,0.0,0,644.0,11798.41,12,0.1732,0
CR-104683,2024-09-13,31,Servicios,7,5.0,2763.58,4622.39,1,556.0,18170.12,12,0.2127,0
CR-105443,2023-01-02,37,Servicios,19,18.1,786.12,0.0,0,609.0,4559.63,12,0.1612,0
CR-103514,2025-02-18,42,Servicios,19,2.4,4122.72,0.0,0,649.0,15905.92,48,0.1798,0
CR-103301,2024-04-26,61,Agro,38,6.8,2776.86,690.05,1,587.0,20949.1,12,0.1787,0
CR-105422,2023-11-19,36,Servicios,16,0.7,4535.15,42.68,3,595.0,7638.09,24,0.1759,0
CR-101201,2024-05-18,33,Servicios,15,5.2,4629.25,0.0,0,689.0,8064.09,24,0.1704,0
CR-102135,2024-06-01,34,Servicios,12,2.5,6546.9,2568.57,3,635.0,23669.99,18,0.1989,0
CR-104775,2024-09-29,46,Servicios,27,15.8,6365.49,21363.55,2,428.0,18948.84,36,0.2265,1
CR-105605,2025-06-11,24,Servicios,1,2.5,2138.93,0.0,0,617.0,6316.93,6,0.1805,0
CR-105571,2024-06-16,34,Tecnología,12,6.4,6293.25,3848.47,1,657.0,33172.05,18,0.1888,0
CR-103840,2023-09-20,23,Construcción,3,13.1,2757.56,4100.36,1,468.0,19163.29,18,0.216,0
CR-105876,2025-04-16,32,Comercio,8,2.0,4798.41,7412.15,2,481.0,38153.46,18,0.2455,1
CR-102735,2025-02-19,34,Servicios,16,6.1,3072.74,10052.8,1,367.0,10139.21,6,0.2676,0
CR-104932,2024-04-05,57,Servicios,38,3.7,5716.54,0.0,0,691.0,34437.49,48,0.1975,0
CR-101142,2023-06-09,18,Manufactura,0,6.2,9427.92,318.53,1,740.0,14935.32,12,0.1547,0
CR-103220,2024-07-25,54,Manufactura,36,3.2,1311.36,4698.83,1,300.0,6653.25,18,0.2976,1
CR-100010,2025-05-05,48,Comercio,25,7.2,2255.32,3138.41,2,527.0,14184.53,18,0.2478,0
CR-102945,2025-01-25,40,Servicios,18,3.7,3724.46,4169.74,1,528.0,16929.86,18,0.2125,0
CR-105941,2024-01-28,22,Comercio,0,13.8,2586.8,5043.67,6,423.0,8472.82,24,0.2416,0
CR-105828,2024-04-14,34,Servicios,13,2.2,2869.42,0.0,0,633.0,7985.2,24,0.2052,0
CR-104285,2024-04-04,57,Manufactura,33,9.8,3078.23,0.0,0,703.0,20625.85,24,0.1537,0
CR-104304,2024-05-16,38,Tecnología,20,2.7,8597.06,12087.97,2,595.0,18275.31,36,0.2068,0
CR-102964,2024-01-30,38,Agro,17,11.7,6681.03,0.0,0,703.0,16215.14,12,0.1317,0
CR-103006,2023-08-03,18,Comercio,0,16.5,5502.88,5090.92,2,629.0,8321.88,18,0.1911,0
CR-103603,2024-07-12,54,Comercio,30,4.3,4022.58,8777.81,2,394.0,25105.56,36,0.2636,1
CR-104654,2024-03-10,40,Comercio,17,3.5,2372.53,7180.33,2,300.0,12853.01,24,0.2574,0
CR-102296,2024-08-26,66,Comercio,43,6.8,2292.72,3697.04,1,449.0,13320.18,18,0.2233,0
CR-102885,2023-11-09,41,Comercio,17,7.7,4605.09,0.0,0,652.0,10391.96,48,0.1696,0
CR-104428,2023-08-06,36,Servicios,18,2.9,3979.11,3368.78,2,,12003.82,6,0.1897,0
CR-102671,2025-05-10,54,Construcción,33,10.3,1680.93,1814.9,1,555.0,3656.3,18,0.2127,0
CR-101845,2024-07-21,18,Servicios,0,12.3,3250.9,12160.83,1,320.0,13301.32,18,0.2782,1
CR-102099,2024-06-11,55,Comercio,32,2.5,,46986.87,1,477.0,98278.99,24,0.2204,1
CR-100569,2023-07-03,40,Construcción,22,10.0,9938.35,29679.45,1,429.0,76518.65,36,0.2344,1
CR-100537,2024-08-10,51,Agro,27,1.2,2056.87,6913.31,1,300.0,13463.8,18,0.2846,0
CR-103794,2023-04-27,22,Manufactura,0,8.3,3605.93,6494.52,2,472.0,9786.97,18,0.2332,0
CR-105046,2024-06-30,48,Comercio,28,1.8,2899.61,4535.56,2,443.0,14745.41,12,0.2284,0
CR-105825,2024-10-19,44,Manufactura,20,9.8,4283.14,10886.76,2,341.0,22478.4,6,0.2758,1
CR-103187,2024-07-30,30,Manufactura,12,4.2,4101.03,15337.41,1,300.0,19737.54,18,0.2783,1
CR-102858,2023-03-29,34,Comercio,16,4.0,,7060.22,1,381.0,18899.59,48,0.2415,1
CR-102276,2024-09-25,24,Manufactura,1,10.9,4293.85,1718.76,2,735.0,26894.86,18,0.1554,0
CR-101408,2025-04-23,38,Comercio,18,8.3,8740.0,19229.85,3,504.0,29301.16,6,0.2246,0
CR-105672,2023-03-17,38,Tecnología,15,2.6,4167.39,7299.55,1,504.0,13326.09,6,0.215,0
CR-100604,2023-03-10,31,Servicios,10,4.9,13276.79,36481.95,3,617.0,35184.73,12,0.2217,0
CR-105961,2023-05-29,23,Agro,0,6.0,8078.24,10018.18,1,568.0,56145.07,6,0.206,0
CR-104655,2023-08-17,37,Agro,17,1.6,2324.23,7385.93,4,323.0,7131.19,18,0.2731,1
CR-105562,2025-02-08,43,Agro,24,6.3,2876.94,10774.53,1,300.0,20606.84,12,0.2755,1
CR-102850,2023-05-06,36,Tecnología,18,4.6,2824.61,4659.92,1,517.0,9616.73,24,0.2403,0
CR-104316,2024-04-15,45,Comercio,23,12.5,6002.19,14123.73,3,468.0,43879.58,24,0.2427,0
CR-102910,2024-06-06,33,Comercio,15,6.8,6128.89,19877.53,2,419.0,16339.55,6,0.2348,0
CR-101332,2023-03-06,48,Manufactura,26,6.8,4874.95,4822.43,1,651.0,9030.71,18,0.2045,0
CR-101647,2023-11-05,51,Servicios,29,15.5,5568.19,21855.86,3,300.0,22476.94,36,0.2678,1
CR-102701,2024-10-11,26,Comercio,3,12.4,5785.81,11513.08,2,526.0,10883.48,24,0.201,0
CR-104581,2023-12-04,47,Manufactura,24,7.7,1060.2,1059.62,1,572.0,2298.63,18,0.1973,0
CR-104968,2024-02-03,34,Comercio,11,16.1,5420.89,4884.8,3,693.0,42438.04,24,0.1408,0
CR-104883,2023-10-15,35,Manufactura,17,7.3,4305.06,10249.42,2,506.0,9993.72,24,0.2354,0
CR-100688,2025-01-10,33,Servicios,14,11.4,3751.77,0.0,0,648.0,17888.63,18,0.1717,0
CR-100822,2024-07-30,25,Manufactura,4,11.2,2340.95,1031.87,2,648.0,5535.65,24,0.1886,0
CR-104769,2024-08-25,56,Comercio,37,13.3,2120.74,7715.8,2,343.0,8821.21,18,0.2438,1
CR-104367,2023-02-02,36,Tecnología,13,6.1,2424.37,0.0,0,679.0,7030.68,24,0.1782,0
CR-103087,2025-04-28,28,Manufactura,8,3.3,3602.31,0.0,0,697.0,20982.03,6,0.1519,0
CR-105476,2025-06-18,28,Servicios,10,5.9,11327.04,25718.46,1,610.0,36637.45,48,0.2056,0
CR-101677,2024-02-19,42,Servicios,19,9.5,1402.32,5556.46,1,342.0,7278.52,24,0.2608,0
CR-101149,2023-07-21,49,Tecnología,28,20.3,,3884.48,4,620.0,30697.43,12,0.1692,0
CR-104434,2024-08-08,59,Tecnología,38,7.5,7796.69,29445.18,1,345.0,14961.54,24,0.247,1
CR-104043,2023-10-31,22,Comercio,0,13.9,2997.1,5962.06,2,566.0,22844.24,18,0.1918,1
CR-101493,2025-04-16,26,Manufactura,6,7.8,3876.73,8154.41,1,,7188.98,6,0.2416,0
CR-105392,2025-03-01,20,Servicios,0,3.9,2459.64,2177.72,2,552.0,9909.41,36,0.1974,0
CR-102114,2024-09-16,43,Servicios,19,3.4,6703.65,25104.33,2,379.0,51281.55,6,0.2258,1
CR-104495,2023-08-10,23,Servicios,2,5.7,5156.43,3779.5,1,561.0,21052.31,12,0.2185,0
CR-105938,2024-05-30,41,Tecnología,23,3.6,1634.15,1841.67,1,496.0,10703.42,18,0.2271,0
CR-101323,2023-09-28,21,Comercio,0,1.3,10934.27,16896.13,2,625.0,63652.53,48,0.1799,0
CR-103992,2024-03-15,35,Construcción,15,16.1,1009.8,672.87,1,635.0,6610.36,12,0.1913,0
CR-104353,2025-04-03,22,Manufactura,1,10.2,6196.36,18095.49,1,484.0,48834.28,18,0.2456,1
CR-104513,2024-10-25,30,Agro,11,7.8,4618.81,5598.95,1,571.0,8521.46,12,0.2142,0
CR-104023,2024-04-18,21,Tecnología,0,6.5,3299.79,12243.83,3,300.0,14084.9,6,0.3107,1
CR-102946,2024-06-29,56,Comercio,37,5.1,3264.9,11307.06,3,345.0,19476.31,12,0.249,1
CR-105638,2024-02-25,42,Servicios,20,2.5,4593.44,0.0,0,658.0,11023.88,12,0.1629,0
CR-103193,2024-08-09,25,Manufactura,4,5.1,3936.77,0.0,0,733.0,9302.21,18,0.151,0
CR-104995,2023-02-09,50,Servicios,32,2.5,1898.15,6264.88,1,373.0,14909.46,24,0.2544,1
CR-102087,2024-02-28,33,Servicios,14,5.6,3694.54,0.0,0,617.0,17189.68,6,0.1878,0
CR-100917,2025-05-01,44,Manufactura,25,14.0,3060.9,9257.24,1,439.0,12649.24,12,0.2285,0
CR-103675,2023-07-16,60,Comercio,36,17.3,4002.86,0.0,0,662.0,26051.27,12,0.162,0
CR-103743,2023-07-18,45,Manufactura,22,7.5,1448.5,3470.15,2,379.0,9167.08,18,0.2529,0
CR-101601,2023-02-22,50,Manufactura,27,3.6,7991.76,0.0,0,748.0,45479.18,36,0.137,0
CR-104557,2025-04-26,43,Construcción,19,6.7,,6179.75,1,531.0,25004.2,12,0.1893,0
CR-100559,2023-04-13,28,Servicios,10,20.0,3866.96,9163.57,1,392.0,11340.43,18,0.2648,0
CR-103507,2024-01-26,43,Servicios,19,7.4,4755.0,9459.22,2,488.0,31071.56,6,0.2233,1
CR-103620,2023-01-09,42,Servicios,19,3.2,5717.66,2922.08,1,599.0,30253.36,12,0.2149,0
CR-100707,2023-11-03,44,Servicios,24,4.0,2986.46,383.22,3,566.0,5896.41,36,0.2054,0
CR-103668,2023-11-21,19,Comercio,0,2.9,4942.65,0.0,0,624.0,29331.18,24,0.1794,0
CR-100583,2024-11-19,26,Manufactura,5,11.8,3848.95,6129.79,2,601.0,19718.4,6,0.1873,0
CR-101208,2023-03-01,63,Servicios,45,11.8,4053.15,438.49,1,624.0,15993.07,12,0.1889,0
CR-103397,2025-02-12,35,Comercio,13,5.0,4310.79,0.0,0,703.0,32254.78,12,0.1598,0
CR-100422,2024-08-02,31,Agro,11,3.8,3053.24,6950.29,1,477.0,15813.63,18,0.2298,0
CR-102633,2024-01-24,38,Servicios,16,2.4,3866.11,8565.25,2,401.0,30231.41,18,0.2735,0
CR-104765,2024-05-25,42,Manufactura,20,23.4,2144.16,3496.97,1,482.0,16421.51,12,0.2255,1
CR-100875,2025-05-23,18,Servicios,0,14.1,1472.75,0.0,0,647.0,9385.35,36,0.1675,0
CR-105387,2025-02-11,35,Servicios,16,5.5,5371.98,19199.44,2,395.0,42447.99,24,0.2705,0
CR-103906,2023-02-12,20,Servicios,0,3.8,1907.25,3148.61,1,434.0,4554.45,36,0.2421,0
CR-105884,2023-09-15,47,Servicios,25,4.0,6810.94,8271.49,2,566.0,37830.58,24,0.1986,1
CR-104276,2023-04-29,46,Comercio,28,11.1,5346.34,15112.02,1,419.0,36924.25,24,0.275,0
CR-101566,2024-12-01,25,Agro,7,6.7,4797.76,0.0,0,655.0,13726.2,12,0.1922,0
CR-105068,2024-04-30,31,Manufactura,9,12.2,12402.49,39163.86,2,457.0,36214.58,24,0.213,1
CR-105572,2025-01-23,21,Comercio,0,12.8,4699.99,5802.97,1,538.0,18883.81,48,0.1915,0
CR-101183,2024-04-05,45,Servicios,27,2.7,2783.79,0.0,0,558.0,10339.53,24,0.2307,0
CR-100227,2025-02-23,59,Tecnología,38,4.2,,0.0,0,678.0,42725.36,12,0.1662,0
CR-100826,2024-10-01,38,Comercio,16,5.6,6422.79,5703.41,3,636.0,38431.05,6,0.1818,0
CR-102254,2023-03-20,49,Tecnología,29,4.9,2381.09,4583.46,1,552.0,4729.01,12,0.2073,0
CR-105206,2025-06-07,22,Manufactura,4,1.7,5568.82,16093.61,1,357.0,28452.74,12,0.2565,0
CR-102321,2024-09-25,52,Agro,31,9.1,4527.29,0.0,0,633.0,34196.42,18,0.153,0
CR-102942,2024-02-28,38,Manufactura,18,20.7,1561.55,662.37,2,614.0,6570.27,18,0.1726,0
CR-105163,2024-02-02,40,Tecnología,16,14.4,7470.63,14208.07,1,637.0,47155.79,18,0.1652,0
CR-101636,2023-10-29,19,Agro,0,3.7,6511.42,21248.86,2,424.0,39524.77,6,0.2506,0
CR-102828,2023-02-23,20,Comercio,1,1.4,2697.13,8198.33,3,300.0,13245.89,24,0.2779,1
CR-104309,2024-05-21,18,Construcción,0,12.3,3667.94,0.0,0,686.0,19886.62,6,0.1541,1
CR-103269,2025-05-19,29,Servicios,7,7.4,,5316.87,3,,10661.57,12,0.2749,1
CR-105647,2023-09-13,29,Comercio,5,2.3,5199.88,19802.39,1,327.0,14786.77,12,0.2672,1
CR-103475,2023-11-09,45,Comercio,25,3.1,3293.5,12190.86,2,,23857.23,12,0.2706,1
CR-101190,2025-02-15,55,Tecnología,35,7.9,,3263.45,1,374.0,10326.81,6,0.2626,0
CR-105812,2023-05-17,44,Tecnología,24,6.4,12758.2,13523.61,1,728.0,37083.7,12,0.1551,0
CR-101374,2024-05-29,38,Servicios,20,16.2,1674.72,1743.38,3,604.0,11143.85,12,0.206,0
CR-101569,2025-02-03,21,Servicios,0,15.7,3124.93,1362.31,3,654.0,18219.49,36,0.1788,0
CR-104730,2023-07-26,36,Manufactura,16,10.7,6377.74,429.61,1,679.0,27228.89,18,0.1669,0
CR-103093,2024-03-30,29,Tecnología,9,11.4,17200.86,0.0,0,850.0,49004.26,12,0.1181,0
CR-102134,2025-05-20,29,Comercio,5,9.4,11576.43,5087.59,2,695.0,67917.62,12,0.1711,0
CR-105856,2023-10-30,47,Comercio,29,3.1,3204.32,12654.77,1,334.0,19009.49,12,0.2756,0
CR-101808,2024-08-09,38,Construcción,17,7.1,4183.85,548.21,3,613.0,27449.59,12,0.1744,0
CR-100825,2023-03-29,38,Manufactura,19,6.0,4826.91,14913.51,3,442.0,7260.51,12,0.2424,0
CR-102392,2023-10-30,20,Servicios,0,12.4,3023.95,7155.43,1,454.0,12336.38,36,0.2186,0
CR-104510,2024-10-07,35,Manufactura,14,5.6,12500.29,26734.72,2,511.0,47385.93,12,0.2196,0
CR-102480,2024-05-17,58,Comercio,39,8.6,1939.76,0.0,0,600.0,9578.74,18,0.1873,0
CR-100499,2024-02-08,22,Construcción,0,2.7,2125.09,524.99,3,521.0,15649.0,24,0.2021,0
CR-105173,2024-10-31,27,Manufactura,6,5.4,4532.39,13336.58,1,392.0,33549.79,24,0.2491,1
CR-104667,2024-01-19,47,Comercio,28,18.5,6670.41,9461.94,5,575.0,28130.84,12,0.1944,0
CR-104471,2024-08-18,30,Comercio,9,8.9,1765.61,0.0,0,607.0,7902.0,24,0.178,0
CR-100816,2024-06-09,34,Comercio,10,6.0,3154.19,0.0,0,583.0,23808.04,18,0.2035,0
CR-101316,2023-08-04,36,Servicios,13,11.9,2444.33,6609.6,2,414.0,15166.46,12,0.2436,0
CR-100465,2024-10-19,33,Servicios,9,1.7,3606.05,13310.54,2,343.0,26217.82,18,0.3019,1
CR-102533,2024-12-05,40,Comercio,17,7.7,1181.64,0.0,0,710.0,6684.02,18,0.1705,0
CR-104990,2024-08-13,21,Agro,3,20.1,3522.47,10363.55,3,431.0,17071.71,48,0.2551,1
CR-100509,2023-01-13,43,Servicios,20,9.2,1802.4,0.0,0,600.0,5886.36,12,0.2089,0
CR-100146,2023-05-17,31,Comercio,11,13.8,2426.67,6557.2,1,422.0,15592.07,6,0.238,0
CR-105029,2024-08-13,18,Servicios,0,16.7,5275.8,3661.44,1,693.0,8880.19,24,0.1554,0
CR-105618,2024-08-18,38,Construcción,16,15.6,3847.38,13085.07,1,401.0,6145.61,18,0.2541,0
CR-102919,2023-02-02,48,Comercio,24,3.9,4140.18,15414.65,3,332.0,27855.65,24,0.2534,1
CR-100629,2024-09-27,18,Construcción,0,5.8,3651.96,14238.93,2,360.0,25082.31,24,0.2641,0
CR-101536,2024-10-31,46,Servicios,26,2.8,4280.54,13168.52,1,352.0,21218.76,24,0.2802,1
CR-105765,2024-04-06,39,Construcción,16,13.9,5617.0,0.0,0,709.0,43096.93,36,0.1735,0
CR-103022,2023-01-26,42,Manufactura,23,4.6,3982.36,4281.28,3,587.0,7556.69,24,0.2134,0
CR-103318,2025-04-15,50,Manufactura,32,9.6,5723.85,11861.97,3,473.0,23585.58,36,0.2139,0
CR-101196,2023-01-08,24,Tecnología,1,4.5,4872.64,769.91,1,613.0,12240.01,24,0.1637,0
CR-103536,2023-07-24,48,Comercio,27,3.1,2817.61,509.57,1,616.0,4495.26,24,0.2014,0
CR-100470,2023-01-14,42,Agro,21,8.3,1752.76,5884.71,2,387.0,2667.72,18,0.2419,0
CR-104482,2024-03-24,43,Servicios,25,4.3,2038.47,0.0,0,648.0,16061.34,12,0.1738,0
CR-105643,2023-06-19,57,Agro,36,8.0,2625.7,6720.15,1,360.0,20150.51,18,0.2545,1
CR-101789,2025-02-01,49,Manufactura,25,8.6,2141.18,4966.93,2,438.0,7425.38,24,0.2228,1
CR-102411,2024-06-06,55,Comercio,37,9.5,4343.08,15058.49,3,407.0,11943.2,6,0.2231,0
CR-104973,2023-10-02,18,Comercio,0,11.3,2768.49,3345.15,2,661.0,9514.35,36,0.1597,0
CR-100204,2024-06-15,18,Servicios,0,11.8,2089.95,6409.58,1,398.0,8696.24,36,0.2538,0
CR-102822,2024-09-24,45,Servicios,27,5.6,4640.57,15305.4,2,343.0,30240.52,24,0.248,1
CR-103120,2024-09-16,42,Agro,19,13.9,709.16,2305.38,1,300.0,2761.61,36,0.258,1
CR-105925,2025-04-20,27,Manufactura,6,8.6,3337.77,505.38,3,607.0,8138.99,18,0.2014,0
CR-102005,2025-02-12,50,Comercio,27,0.9,10833.82,14228.21,1,672.0,39990.34,12,0.1725,0
CR-105574,2025-04-15,50,Manufactura,32,6.4,3677.8,0.0,0,649.0,15943.95,6,0.1877,0
CR-104350,2025-04-19,36,Comercio,12,1.5,3466.37,12920.04,2,300.0,17689.23,18,0.2761,1
CR-103586,2023-10-11,27,Comercio,9,6.0,1512.48,0.0,0,652.0,6568.37,12,0.1852,0
CR-102650,2023-08-26,26,Agro,6,4.9,5631.52,0.0,0,694.0,27315.45,24,0.1732,0
CR-102747,2023-04-12,33,Comercio,13,3.6,3552.22,6008.79,3,465.0,16976.0,12,0.2453,0
CR-103116,2023-09-01,31,Manufactura,7,8.2,1804.62,5602.59,2,343.0,11879.19,12,0.2784,1
CR-102352,2024-10-29,38,Comercio,15,7.2,6398.09,5552.76,3,587.0,22267.12,36,0.1989,0
CR-101754,2023-10-13,50,Comercio,27,9.0,1873.29,1794.36,1,484.0,9654.16,12,0.2231,0
CR-101215,2025-02-07,23,Tecnología,0,4.4,4664.03,4814.77,2,516.0,22934.17,12,0.2079,0
CR-104063,2023-04-27,31,Servicios,9,11.2,3249.28,10147.55,2,369.0,7009.63,36,0.244,0
CR-105318,2023-11-28,18,Comercio,0,24.5,2344.18,8894.22,3,341.0,13371.28,12,0.2733,1
CR-104863,2023-05-14,44,Servicios,26,13.6,15897.32,0.0,0,850.0,109663.43,12,0.1034,0
CR-101451,2024-06-04,44,Servicios,22,2.8,2512.89,7405.01,2,362.0,18919.97,12,0.2455,1
CR-102215,2025-04-15,38,Servicios,15,4.9,2821.21,142.06,1,619.0,18835.95,24,0.1694,0
CR-103618,2023-08-29,42,Comercio,20,22.7,4872.48,3824.26,1,718.0,19069.75,6,0.1485,0
CR-101903,2023-08-30,37,Tecnología,16,9.4,5622.36,6119.03,3,572.0,43690.17,48,0.1968,0
CR-100979,2023-08-28,43,Servicios,20,3.3,4646.26,0.0,0,635.0,22713.08,12,0.2089,0
CR-100549,2023-01-29,45,Tecnología,23,9.5,3910.92,2206.99,3,609.0,17387.89,24,0.1991,0
CR-103167,2025-03-24,31,Servicios,9,7.8,3565.65,0.0,0,665.0,12729.93,18,0.1589,0
CR-105747,2025-02-05,21,Comercio,0,4.6,6618.66,8613.09,2,578.0,24399.94,12,0.1648,0
CR-104709,2024-12-09,44,Servicios,26,14.7,2781.59,7495.27,2,437.0,7791.47,18,0.2348,0
CR-102266,2024-12-18,45,Tecnología,24,4.2,2886.72,2783.85,2,517.0,17733.86,18,0.2312,0
CR-105283,2023-04-07,48,Manufactura,26,1.6,3402.25,685.63,2,631.0,14174.85,24,0.1794,0
CR-101425,2025-06-02,28,Servicios,8,7.1,8888.94,0.0,0,730.0,27495.47,48,0.1321,0
CR-104135,2025-01-26,31,Manufactura,9,8.4,6035.12,0.0,0,588.0,13842.02,12,0.2075,0
CR-103319,2024-11-30,47,Manufactura,28,5.6,4417.79,6725.82,1,569.0,26182.22,24,0.1998,0
CR-104422,2023-01-15,22,Tecnología,4,13.6,3192.73,10094.56,3,370.0,23318.2,24,0.2812,1
CR-100576,2025-03-24,53,Construcción,31,9.5,4321.65,11134.21,3,412.0,25451.85,18,0.2551,1
CR-102807,2023-03-23,18,Comercio,0,6.4,5629.75,10267.89,2,421.0,17949.21,18,0.2339,0
CR-101452,2023-04-28,37,Construcción,17,13.6,1477.05,3977.83,1,381.0,2860.42,18,0.2505,1
CR-103099,2023-01-24,45,Manufactura,26,12.4,5278.65,5982.79,1,537.0,41485.69,18,0.2011,0
CR-104906,2024-07-12,47,Construcción,25,7.0,8482.31,21051.48,1,502.0,67656.41,18,0.2242,0
CR-100445,2024-03-28,22,Servicios,3,6.0,4180.42,958.38,1,592.0,33201.11,6,0.1897,0
CR-105456,2024-02-10,18,Construcción,0,4.1,3022.72,9163.32,7,419.0,23597.81,18,0.2683,0
CR-103960,2024-02-06,52,Manufactura,34,4.2,2690.22,8131.97,2,347.0,17339.37,18,0.2786,0
CR-100627,2024-11-20,53,Manufactura,32,11.9,3293.48,4028.73,2,560.0,21149.84,6,0.1942,0
CR-100347,2023-05-19,44,Comercio,23,3.9,1732.85,1479.05,2,585.0,8398.32,24,0.2158,0
CR-100341,2024-09-19,41,Servicios,20,5.9,6680.95,0.0,0,771.0,41090.19,48,0.1404,0
CR-104827,2023-09-21,35,Tecnología,15,8.7,5285.88,0.0,0,746.0,13410.49,48,0.1499,0
CR-105800,2024-04-19,33,Manufactura,15,8.3,9165.81,33120.49,1,373.0,16208.08,24,0.2472,1
CR-100777,2023-03-16,42,Tecnología,24,3.0,5785.28,8414.3,2,514.0,40992.75,18,0.2005,1
CR-104460,2024-09-08,42,Manufactura,21,15.8,3715.24,12758.8,1,,28822.3,12,0.2533,1
CR-104030,2024-12-27,25,Agro,3,2.5,4111.75,0.0,0,650.0,29161.45,18,0.1805,0
CR-104142,2024-02-04,41,Agro,18,11.2,2044.5,0.0,0,640.0,14910.0,12,0.1804,0
CR-105645,2025-05-12,18,Agro,0,4.3,2889.3,0.0,0,657.0,4398.35,6,0.181,0
CR-104392,2024-12-16,26,Servicios,7,4.2,5270.01,18121.4,2,300.0,34116.28,12,0.2635,0
CR-100303,2023-03-01,34,Comercio,11,4.0,5399.47,0.0,0,620.0,34622.35,24,0.1972,0
CR-100926,2024-11-19,36,Manufactura,15,5.9,3956.58,7594.94,2,575.0,23267.44,6,0.1638,0
CR-101072,2023-07-12,35,Manufactura,17,3.2,8160.28,0.0,0,669.0,29966.65,12,0.1654,0
CR-100675,2023-05-22,42,Tecnología,18,2.5,3316.51,2246.66,1,606.0,13545.32,12,0.1707,0
CR-105345,2023-10-21,31,Agro,8,6.8,2351.53,5809.66,1,396.0,14695.69,24,0.262,0
CR-102308,2024-10-20,52,Servicios,32,2.1,,0.0,0,645.0,21379.81,24,0.1568,0
CR-102975,2023-11-18,41,Agro,17,5.3,3162.25,327.69,2,694.0,23482.99,24,0.1404,0
CR-100584,2023-08-04,46,Servicios,22,6.1,3846.65,5048.17,3,498.0,19042.42,6,0.227,0
CR-102012,2025-03-19,45,Agro,27,9.6,3724.95,10841.57,2,324.0,21068.81,18,0.2837,0
CR-104179,2024-02-07,29,Servicios,5,2.4,1557.38,1559.15,2,533.0,11422.25,12,0.2013,0
CR-104283,2024-02-21,33,Comercio,13,11.0,2902.91,0.0,0,728.0,21536.66,36,0.1453,0
CR-105360,2025-03-26,32,Agro,10,5.0,3929.51,3839.31,1,591.0,28330.04,24,0.2138,0
CR-104929,2023-04-15,50,Manufactura,31,11.3,5944.57,0.0,0,620.0,45589.65,12,0.2011,0
CR-105524,2024-04-10,36,Comercio,18,4.1,1717.28,0.0,0,639.0,5018.77,18,0.1835,0
CR-104247,2024-03-27,44,Comercio,21,8.1,2695.72,2011.05,4,564.0,17537.48,6,0.204,0
CR-102869,2023-04-10,44,Comercio,24,9.9,3093.2,3103.49,3,533.0,13490.4,12,0.2418,0
CR-100241,2023-07-24,37,Tecnología,14,3.5,4140.26,16329.57,3,300.0,20661.49,36,0.2848,1
CR-101862,2023-02-04,54,Comercio,31,10.3,,7272.1,3,429.0,14054.97,6,0.2493,0
CR-101479,2024-09-02,57,Manufactura,33,4.2,7018.96,0.0,0,603.0,53022.09,12,0.1892,0
CR-102014,2023-08-14,55,Tecnología,37,6.1,1254.43,281.85,2,608.0,5722.6,24,0.1811,0
CR-103245,2025-02-13,42,Comercio,22,5.7,6039.34,17595.21,2,300.0,29387.81,12,0.259,0
CR-104215,2023-11-16,53,Comercio,30,17.4,9379.46,13522.92,1,663.0,51471.18,12,0.1703,0
CR-100786,2025-02-27,38,Comercio,20,5.8,7625.41,16417.14,2,519.0,27747.36,12,0.1996,0
CR-103780,2024-03-19,42,Servicios,20,4.0,3119.3,3017.22,1,571.0,7932.67,24,0.2219,0
CR-100170,2024-09-04,31,Tecnología,10,8.4,2309.64,1741.38,2,512.0,16511.38,18,0.2013,0
CR-102536,2023-11-20,28,Servicios,9,5.8,2822.91,11149.42,3,320.0,22285.51,24,0.2829,1
CR-103266,2024-12-27,18,Servicios,0,4.2,3639.89,5288.2,2,530.0,9989.74,6,0.2162,0
CR-103434,2024-01-05,24,Comercio,2,7.6,1997.51,308.41,1,669.0,4060.58,6,0.1849,0
CR-100896,2024-05-27,31,Tecnología,11,5.2,3008.2,0.0,0,699.0,11400.39,6,0.1683,0
CR-103464,2025-03-03,43,Manufactura,25,9.3,2930.7,1640.46,2,,15154.73,12,0.2077,0
CR-102775,2025-02-01,67,Agro,47,19.8,2975.39,11062.12,1,326.0,21093.7,12,0.2716,1
CR-101376,2024-04-13,44,Servicios,21,4.4,3331.68,801.96,1,650.0,17211.48,12,0.1895,0
CR-105101,2024-02-06,56,Servicios,35,1.9,1387.09,0.0,0,639.0,2089.27,24,0.1856,0
CR-104080,2024-09-22,50,Manufactura,32,8.2,1831.97,9.25,3,584.0,10329.62,18,0.2106,0
CR-104186,2024-07-02,42,Manufactura,20,19.7,4855.71,15845.66,2,362.0,21362.87,12,0.2617,1
CR-104380,2025-04-23,59,Manufactura,40,6.1,4011.16,6756.95,1,556.0,30089.05,12,0.2217,0
CR-100477,2023-08-29,25,Servicios,2,13.6,4571.02,2898.49,4,541.0,27051.28,18,0.2364,0
CR-103104,2025-06-04,37,Servicios,15,18.3,1189.82,0.0,0,628.0,7701.49,12,0.1752,0
CR-101617,2023-08-31,18,Tecnología,0,5.6,4914.28,8569.95,1,490.0,19587.89,18,0.2429,0
CR-100337,2024-02-02,41,Construcción,22,15.8,,0.0,0,636.0,6514.51,36,0.1953,0
CR-101895,2023-02-04,32,Servicios,9,17.4,2635.69,0.0,0,650.0,12251.49,18,0.1629,0
CR-100320,2023-01-18,47,Servicios,24,12.4,,0.0,0,610.0,8576.89,24,0.2011,0
CR-102129,2023-02-10,50,Servicios,28,2.8,4302.51,0.0,0,619.0,19506.31,48,0.1905,0
CR-105169,2023-01-16,63,Agro,43,12.7,4158.44,13972.99,1,423.0,7110.26,18,0.2395,0
CR-104894,2023-11-23,29,Comercio,9,2.9,2145.87,0.0,0,596.0,14356.69,12,0.1858,0
CR-100635,2024-01-24,35,Comercio,12,13.4,3177.86,4160.8,2,541.0,16482.4,6,0.2044,0
CR-100620,2024-01-06,33,Servicios,9,7.8,2896.76,8609.43,2,441.0,16838.92,6,0.2476,0
CR-104616,2024-04-08,18,Servicios,0,4.5,2820.55,8124.86,2,384.0,6786.94,18,0.2525,1
CR-103443,2024-02-11,34,Manufactura,16,6.5,5416.14,0.0,0,738.0,25615.83,6,0.1424,0
CR-101658,2023-05-24,46,Tecnología,26,0.3,7391.64,27815.18,4,300.0,18573.48,24,0.2632,0
CR-102102,2023-04-03,30,Tecnología,8,11.7,3675.85,9417.26,1,444.0,10089.59,48,0.2478,0
CR-103732,2023-04-06,69,Tecnología,48,4.4,2748.46,3733.09,4,642.0,19069.72,18,0.212,0
CR-102186,2023-07-22,37,Comercio,14,2.5,2219.81,6429.76,4,316.0,11774.08,12,0.2764,0
CR-105782,2023-11-17,25,Manufactura,4,19.2,1988.94,884.91,1,652.0,9302.76,36,0.1787,0
CR-103891,2023-06-27,22,Tecnología,2,7.9,5605.74,8848.77,2,571.0,19901.75,36,0.1882,0
CR-105503,2025-01-29,30,Servicios,11,5.9,3859.29,0.0,0,653.0,24357.54,24,0.2022,0
CR-105285,2024-12-28,42,Servicios,20,10.6,8771.07,25688.76,1,471.0,16013.41,48,0.2152,0
CR-103134,2024-04-05,32,Comercio,9,12.8,2658.66,9064.78,3,318.0,11424.24,18,0.2917,1
CR-104656,2024-11-26,28,Agro,5,6.4,3713.94,10998.07,1,412.0,6081.38,12,0.2436,0
CR-104161,2023-04-04,23,Servicios,5,3.8,4897.09,17143.0,2,358.0,36201.54,12,0.2809,1
CR-103214,2024-10-19,49,Comercio,30,6.7,4016.16,0.0,0,662.0,23680.24,36,0.1927,0
CR-102794,2023-03-12,50,Servicios,31,1.4,1723.99,5960.93,1,300.0,8008.79,6,0.2716,1
CR-100681,2023-09-15,45,Comercio,21,11.2,10614.86,0.0,0,718.0,48851.79,6,0.1482,0
CR-102312,2024-12-27,53,Comercio,30,11.2,5300.32,16168.11,1,468.0,19548.1,6,0.2234,1
CR-101709,2023-10-02,36,Tecnología,13,6.7,3981.54,4324.67,1,543.0,28705.02,36,0.1931,0
CR-102298,2024-07-08,32,Servicios,11,12.5,1044.2,2797.48,2,380.0,2574.26,18,0.2748,1
CR-104694,2023-02-26,37,Agro,13,11.8,3601.21,13269.17,2,351.0,6298.25,24,0.2475,0
CR-101261,2023-11-21,39,Construcción,19,12.1,4867.14,4390.99,1,531.0,16374.8,36,0.1986,0
CR-104543,2023-04-26,27,Servicios,3,10.5,2390.37,1074.82,1,606.0,7218.33,24,0.1799,0
CR-103415,2024-07-05,39,Construcción,17,14.0,1700.33,5460.87,2,303.0,3055.09,12,0.2866,1
CR-104233,2023-03-25,53,Comercio,35,1.6,3943.06,0.0,0,686.0,29399.77,6,0.1677,0
CR-101950,2023-01-27,39,Manufactura,16,7.2,3143.56,12391.79,1,300.0,16712.38,12,0.3066,1
CR-105274,2023-11-17,31,Servicios,10,11.2,3189.11,8102.28,1,300.0,16860.63,6,0.3013,1
CR-104877,2023-02-08,44,Comercio,26,0.7,3105.93,1822.63,2,664.0,19521.83,12,0.1824,0
CR-100022,2025-02-12,51,Comercio,30,11.2,1168.11,1455.06,3,539.0,2434.48,36,0.2114,0
CR-100735,2023-08-10,40,Comercio,21,7.2,6665.36,7328.33,1,590.0,22236.48,18,0.2022,0
CR-100536,2023-05-24,32,Comercio,11,2.7,5216.13,0.0,0,685.0,17660.9,6,0.1696,0
CR-103844,2024-12-14,39,Tecnología,18,4.4,5280.58,18878.73,1,357.0,37538.73,12,0.2876,0
CR-102769,2024-04-29,46,Manufactura,27,8.7,5310.9,84.39,1,691.0,22953.37,12,0.1734,0
CR-101585,2024-11-24,20,Manufactura,0,13.3,6472.5,18260.96,1,437.0,41568.02,36,0.2071,0
CR-103483,2023-02-17,52,Servicios,32,32.4,8076.73,13819.2,2,550.0,15653.58,12,0.212,0
CR-104040,2025-05-18,39,Comercio,19,6.6,1560.16,2439.94,1,555.0,4820.87,12,0.1913,1
CR-101349,2023-02-25,37,Manufactura,13,2.2,2898.22,8558.85,1,319.0,22500.19,18,0.2677,0
CR-103125,2023-02-26,44,Servicios,23,7.3,3143.74,3853.04,1,616.0,24685.32,18,0.2173,0
CR-100866,2024-08-25,23,Comercio,3,19.8,3619.5,0.0,0,617.0,25772.4,24,0.1896,0
CR-101127,2023-10-18,37,Comercio,15,17.7,2344.25,0.0,0,640.0,17181.49,36,0.1611,0
CR-104902,2024-04-20,38,Servicios,14,2.0,8270.67,0.0,0,727.0,15220.11,12,0.1547,0
CR-105867,2024-02-14,53,Comercio,35,4.2,1638.9,0.0,0,581.0,6575.09,18,0.1916,0
CR-100122,2023-07-04,40,Tecnología,20,6.5,10847.88,0.0,0,782.0,79302.78,48,0.1595,0
CR-105837,2023-04-15,30,Tecnología,7,16.2,2730.93,10417.08,1,,5325.09,36,0.2364,1
CR-102831,2023-10-09,49,Servicios,25,1.6,1686.67,3394.55,3,436.0,5861.17,18,0.2159,0
CR-105539,2023-03-23,25,Servicios,4,12.5,4402.94,0.0,0,649.0,22854.28,48,0.1762,0
CR-101767,2023-03-12,47,Manufactura,25,14.2,2148.32,6593.08,1,317.0,11804.72,12,0.2554,0
CR-104221,2023-11-19,44,Servicios,25,5.0,5240.34,7402.58,1,546.0,13450.98,36,0.2331,0
CR-105303,2023-12-05,51,Servicios,30,13.9,3038.32,0.0,0,699.0,5327.77,12,0.1585,0
CR-103976,2023-07-25,41,Manufactura,22,15.3,2063.69,5502.91,1,405.0,11834.22,36,0.2623,1
CR-101607,2023-09-30,40,Tecnología,17,11.0,1785.61,3449.51,1,404.0,11667.51,12,0.2497,1
CR-102095,2023-11-09,47,Servicios,26,2.6,8209.58,0.0,0,731.0,48962.39,48,0.1638,0
CR-105414,2023-07-11,53,Servicios,34,3.5,5456.13,6744.86,2,602.0,10267.32,24,0.1928,0
CR-103888,2024-07-14,35,Servicios,16,12.5,5704.11,14540.91,3,484.0,42518.49,12,0.2212,0
CR-102421,2024-06-01,35,Agro,15,14.8,5219.36,12708.38,2,428.0,35765.03,18,0.2335,1
CR-104977,2023-03-22,44,Servicios,22,5.3,6268.81,10065.87,3,523.0,33580.49,12,0.233,0
CR-101797,2025-04-16,36,Comercio,17,6.1,654.77,1552.53,1,427.0,1833.16,36,0.2499,0
CR-103970,2023-04-09,21,Manufactura,0,1.5,8654.67,0.0,0,686.0,57866.41,12,0.1674,0
CR-105531,2023-11-21,45,Construcción,25,6.8,3734.85,11336.99,2,439.0,15106.17,6,0.2277,0
CR-104432,2023-10-07,44,Manufactura,22,8.7,5559.57,8507.02,4,603.0,12782.83,18,0.1843,0
CR-101506,2023-05-04,18,Servicios,0,11.9,5120.51,0.0,0,779.0,21004.28,36,0.1475,0
CR-102557,2023-08-22,47,Construcción,26,9.3,4472.04,2641.5,1,638.0,35148.73,36,0.1917,0
CR-105007,2025-02-02,43,Agro,22,5.3,5574.8,18392.74,2,394.0,16410.3,12,0.2366,1
CR-102474,2024-01-28,28,Construcción,6,7.1,6514.2,4141.47,3,620.0,12828.72,6,0.1598,0
CR-103821,2023-07-19,52,Comercio,30,3.1,2603.13,0.0,0,594.0,4962.88,18,0.1815,0
CR-105260,2024-03-11,44,Servicios,26,0.4,5286.16,2336.15,3,618.0,41806.56,12,0.1904,0
CR-100167,2023-10-22,42,Servicios,21,3.0,4683.71,790.09,2,570.0,16636.31,12,0.1934,0
CR-101193,2023-10-09,46,Construcción,26,3.6,5300.84,1456.6,1,677.0,17230.93,18,0.1936,0
CR-102937,2023-07-30,54,Comercio,34,17.1,2959.96,1166.0,2,648.0,19463.93,36,0.1923,0
CR-103431,2024-07-10,53,Manufactura,31,4.2,4965.29,0.0,0,605.0,38172.66,18,0.191,0
CR-103180,2024-08-31,27,Comercio,6,7.3,4256.26,15989.42,2,326.0,9525.14,48,0.2761,1
CR-101220,2024-12-29,38,Comercio,15,12.4,4097.74,5292.5,1,579.0,7535.06,12,0.2053,0
CR-105252,2023-01-31,57,Manufactura,38,10.1,5695.45,5308.77,4,614.0,31083.48,6,0.1908,0
CR-101194,2025-02-21,59,Comercio,39,8.8,7173.75,0.0,0,706.0,34801.48,6,0.1573,0
CR-102627,2024-05-05,54,Comercio,36,2.2,5821.11,0.0,0,710.0,11297.16,18,0.144,0
CR-102364,2025-04-16,66,Servicios,46,12.3,1708.27,514.07,4,648.0,5560.8,18,0.1708,0
CR-103505,2023-10-10,56,Construcción,38,9.1,8414.42,15963.88,2,574.0,24371.83,12,0.1868,0
CR-100078,2024-11-08,45,Servicios,23,1.8,2969.18,2383.95,2,,20454.56,6,0.1856,0
CR-101698,2024-02-15,19,Comercio,0,4.5,3204.65,7283.45,2,498.0,5068.12,24,0.251,0
CR-104518,2024-05-24,35,Servicios,13,2.5,,17762.85,2,469.0,26588.13,48,0.225,1
CR-102476,2024-11-11,18,Agro,0,11.6,1443.95,0.0,0,747.0,8477.95,6,0.1719,0
CR-105899,2024-06-08,43,Comercio,24,3.6,1909.38,704.12,1,602.0,7912.72,12,0.1916,0
CR-103409,2023-11-14,38,Servicios,16,4.8,1667.0,404.07,1,658.0,2935.44,36,0.1827,0
CR-104685,2023-04-11,30,Servicios,12,8.2,7062.88,14299.4,1,475.0,52714.87,24,0.2405,0
CR-102755,2023-12-17,25,Construcción,4,9.0,4986.8,12159.16,1,388.0,32420.79,12,0.2685,1
CR-104829,2023-02-24,18,Comercio,0,10.5,8299.9,19902.81,2,533.0,34273.4,24,0.1988,0
CR-102190,2025-01-11,46,Tecnología,22,16.0,3749.07,8354.76,3,500.0,27652.01,6,0.2138,0
CR-100370,2023-01-28,38,Comercio,17,21.9,2575.98,10097.93,1,300.0,13957.93,18,0.2831,0
CR-100485,2023-08-19,36,Agro,18,4.0,4695.19,11614.02,1,424.0,30821.11,6,0.264,0
CR-105269,2025-06-16,30,Manufactura,11,26.6,2468.42,2028.08,1,575.0,7241.9,6,0.1912,0
CR-103474,2024-11-03,24,Agro,6,6.5,2488.57,6015.05,2,351.0,13811.03,24,0.255,0
CR-103330,2024-02-12,38,Tecnología,15,7.8,2272.01,7392.39,3,356.0,4843.68,18,0.2373,1
CR-100520,2024-11-17,27,Construcción,9,10.2,7481.69,23454.08,1,423.0,41274.18,24,0.2294,0
CR-100571,2025-03-19,37,Servicios,17,5.5,6083.77,11309.97,1,507.0,9271.6,12,0.2353,0
CR-102647,2023-01-26,32,Agro,9,14.8,4634.22,9123.24,2,546.0,11859.33,12,0.1842,0
CR-103849,2023-03-30,29,Servicios,5,8.9,2978.69,0.0,0,660.0,18028.08,12,0.1983,0
CR-102281,2023-09-14,38,Servicios,14,5.8,1565.98,0.0,0,617.0,10607.98,24,0.2049,0
CR-101943,2024-01-26,18,Servicios,0,5.1,8686.95,0.0,0,737.0,28824.27,12,0.1738,0
CR-102816,2024-09-17,22,Comercio,0,6.4,3626.73,11188.45,2,315.0,28267.95,18,0.2814,0
CR-100947,2024-01-17,18,Comercio,0,4.8,4142.38,9402.08,2,497.0,17532.54,24,0.2191,0
CR-103119,2023-06-17,24,Agro,4,8.2,9002.91,12255.43,1,613.0,48800.6,24,0.1664,0
CR-105874,2023-04-19,24,Comercio,1,13.9,4036.17,7778.59,1,480.0,32017.29,12,0.2138,0
CR-102356,2023-04-05,40,Tecnología,16,1.3,10362.34,28388.37,2,465.0,64708.71,36,0.2251,0
CR-105971,2024-01-07,40,Servicios,22,9.9,2815.15,6290.58,1,518.0,16430.44,18,0.2295,0
CR-101489,2025-03-01,40,Servicios,18,8.3,6409.04,14775.92,1,457.0,25451.32,48,0.2359,0
CR-104674,2023-09-15,41,Servicios,19,10.8,8614.02,7734.77,2,622.0,62472.1,12,0.2106,0
CR-103875,2024-12-15,42,Comercio,24,3.7,2135.54,0.0,0,649.0,16617.62,6,0.1737,0
CR-103828,2024-02-29,41,Tecnología,20,9.0,3000.46,3715.37,3,659.0,6446.93,18,0.1731,0
CR-101096,2024-06-02,55,Servicios,31,17.1,4343.05,0.0,0,675.0,15063.02,12,0.1669,0
CR-102124,2025-03-30,38,Comercio,20,1.0,1636.06,3012.48,1,424.0,8794.09,18,0.268,1
CR-104575,2023-03-22,42,Comercio,18,5.4,5430.04,12571.65,1,499.0,9615.09,18,0.2173,0
CR-103445,2023-03-23,34,Construcción,15,10.7,3205.53,6356.42,2,511.0,23037.94,48,0.2286,0
CR-102655,2023-01-05,32,Manufactura,12,6.9,35709.88,109838.43,1,850.0,238111.34,24,0.1271,0
CR-105017,2023-11-21,32,Construcción,14,8.8,11016.38,0.0,0,725.0,78675.94,24,0.117,0
CR-105792,2024-03-05,33,Servicios,14,3.4,4589.46,12270.29,2,444.0,19698.69,48,0.2162,0
CR-104639,2023-12-04,31,Servicios,9,5.2,1654.63,0.0,0,554.0,12344.3,12,0.2018,0
CR-102824,2025-06-03,38,Comercio,17,11.8,3300.8,10572.21,2,366.0,5603.39,6,0.2643,0
CR-100510,2024-03-02,21,Manufactura,0,7.4,7470.88,2017.65,2,734.0,30796.95,48,0.1567,0
CR-101861,2025-05-30,26,Tecnología,5,11.4,1845.2,0.0,0,644.0,14017.48,12,0.1907,0
CR-104833,2024-10-08,29,Comercio,10,7.6,6880.9,24853.9,2,387.0,20302.99,36,0.2566,1
CR-101359,2024-05-26,35,Tecnología,13,3.3,3153.14,0.0,0,637.0,15193.21,18,0.1716,0
CR-101107,2024-05-12,29,Servicios,6,8.6,8491.43,0.0,0,666.0,60969.49,36,0.1512,0
CR-100533,2023-01-21,43,Servicios,20,7.7,1680.12,4745.55,1,300.0,4268.28,12,0.2884,0
CR-104595,2023-03-16,48,Agro,28,13.6,2742.35,9711.94,3,354.0,17525.98,18,0.2687,0
CR-103252,2023-05-28,23,Tecnología,4,3.1,4292.85,0.0,0,666.0,24975.17,6,0.1392,0
CR-102426,2023-04-23,61,Comercio,43,2.0,2595.9,8086.59,1,300.0,7429.82,12,0.2513,1
CR-105429,2023-12-10,63,Servicios,44,4.3,2679.49,0.0,0,589.0,11322.4,18,0.1848,0
CR-102168,2023-03-12,30,Servicios,7,20.9,2584.56,0.0,0,650.0,11110.76,18,0.1751,0
CR-102668,2024-08-20,38,Construcción,18,5.6,1960.31,4589.34,1,502.0,10970.73,18,0.1897,0
CR-100413,2023-08-07,46,Construcción,22,7.7,3655.18,0.0,0,627.0,29104.25,48,0.1795,0
CR-105426,2024-01-27,30,Construcción,6,6.7,6722.63,0.0,0,730.0,21881.22,6,0.1494,0
CR-105641,2024-09-05,18,Comercio,0,4.6,9695.88,30556.54,1,,49874.99,18,0.2563,0
CR-103313,2024-12-03,40,Comercio,17,1.4,6138.02,18212.09,1,355.0,41562.84,48,0.2503,1
CR-105397,2025-05-14,51,Servicios,29,14.1,5358.65,15598.71,2,340.0,21601.9,24,0.2617,1
CR-102176,2023-04-21,43,Servicios,21,4.7,5908.15,7275.94,1,555.0,36327.73,24,0.2008,0
CR-104572,2025-01-01,41,Servicios,22,8.5,2459.48,8688.7,1,300.0,5714.42,48,0.2602,1
CR-105760,2024-11-04,65,Comercio,46,11.8,9701.91,449.7,1,723.0,77560.1,12,0.1374,0
CR-102731,2023-10-21,24,Construcción,2,1.5,2891.59,7038.2,2,436.0,17003.08,18,0.25,0
CR-103607,2024-08-16,54,Tecnología,34,1.8,5860.26,4345.32,1,612.0,36512.8,24,0.1969,0
CR-101730,2023-12-17,37,Comercio,16,1.9,2637.43,8330.67,3,371.0,17656.39,18,0.2332,1
CR-105365,2023-09-10,60,Agro,36,23.4,4319.65,0.0,0,610.0,22899.82,6,0.206,0
CR-101002,2025-05-02,33,Agro,15,7.2,3550.55,2305.1,1,560.0,6670.59,18,0.1774,0
CR-105502,2023-05-20,26,Comercio,5,8.3,6638.91,17760.27,1,447.0,12107.7,48,0.2383,0
CR-105533,2023-09-09,40,Manufactura,19,5.7,9368.55,24081.92,1,592.0,25714.77,12,0.1823,0
CR-105543,2023-09-04,25,Manufactura,4,8.4,3040.07,9901.6,2,384.0,22553.67,18,0.257,1
CR-104727,2025-02-16,26,Tecnología,2,1.7,6722.84,10943.51,2,583.0,46039.29,18,0.1856,0
CR-100883,2023-03-03,25,Comercio,7,13.8,3617.18,7497.16,1,447.0,17683.03,12,0.1953,0
CR-102736,2024-10-12,28,Comercio,6,7.4,3200.31,4921.33,1,528.0,12380.99,24,0.1876,0
CR-103884,2024-12-19,30,Servicios,11,16.3,,0.0,0,674.0,13225.04,24,0.1721,0
CR-101688,2025-03-18,36,Comercio,15,1.8,6617.22,17221.39,3,452.0,37251.12,12,0.2568,0
CR-101347,2024-06-04,30,Comercio,12,6.1,2261.08,2311.13,2,480.0,7772.91,6,0.2123,0
CR-105830,2024-01-15,26,Agro,2,5.1,4397.34,1329.13,1,715.0,19361.83,18,0.1454,0
CR-101708,2024-03-25,49,Comercio,28,4.0,2283.41,0.0,0,616.0,4588.61,24,0.1802,0
CR-104006,2024-07-27,35,Servicios,17,6.9,3758.77,4512.97,1,472.0,19711.46,24,0.2124,0
CR-100160,2023-09-24,27,Comercio,5,4.9,2691.91,0.0,0,591.0,14982.85,24,0.177,0
CR-100670,2024-10-30,47,Construcción,25,13.1,6159.24,16951.96,1,467.0,34009.34,24,0.2284,0
CR-101266,2024-07-21,29,Comercio,10,3.5,1940.26,0.0,0,585.0,9566.59,18,0.1986,0
CR-100353,2024-08-21,47,Agro,27,4.8,2060.86,0.0,0,603.0,14551.65,18,0.2095,0
CR-104579,2023-08-19,46,Manufactura,23,2.2,3768.74,4282.48,2,548.0,25055.96,6,0.1994,0
CR-102495,2025-05-18,62,Manufactura,43,6.7,5336.52,14840.85,2,465.0,33139.55,18,0.2323,0
CR-104903,2024-02-07,40,Construcción,18,2.4,1489.01,4051.3,2,347.0,3219.99,24,0.3009,1
CR-102679,2025-05-04,43,Comercio,23,3.1,2122.99,0.0,0,690.0,7256.76,6,0.1658,0
CR-101551,2024-05-08,30,Comercio,7,8.2,9420.62,28357.42,3,476.0,62738.65,6,0.2569,0
CR-102325,2023-09-25,44,Comercio,21,3.4,7136.77,7583.39,2,647.0,37754.84,36,0.1886,0
CR-105393,2023-07-11,29,Agro,11,3.3,2475.72,0.0,0,671.0,7581.63,12,0.17,0
CR-105710,2024-08-14,48,Construcción,25,8.8,2079.78,0.0,0,657.0,6448.53,12,0.1909,0
CR-104608,2023-06-14,25,Tecnología,5,18.1,1480.62,4993.13,4,403.0,10123.32,18,0.2215,1
CR-105444,2024-07-03,51,Agro,28,6.1,15658.36,25358.71,2,666.0,121405.67,12,0.1619,0
CR-103940,2024-04-27,39,Servicios,16,3.1,1935.72,5113.16,1,448.0,3898.89,24,0.244,0
CR-104279,2024-08-11,27,Comercio,9,0.7,4080.25,11473.39,2,499.0,12537.54,12,0.2205,0
CR-101365,2023-07-18,42,Comercio,18,6.7,3188.9,4381.56,2,511.0,10352.99,6,0.2016,0
CR-103097,2025-01-03,31,Comercio,12,0.3,5508.22,16972.06,1,359.0,19995.57,18,0.272,1
CR-102225,2024-11-15,41,Comercio,17,18.0,6079.61,0.0,0,687.0,43952.07,12,0.1671,0
CR-105092,2024-01-02,23,Servicios,2,7.7,14238.03,2731.18,3,764.0,32879.18,24,0.1436,0
CR-103678,2025-02-27,30,Servicios,8,4.6,2352.17,2333.02,1,541.0,18443.57,12,0.2091,0
CR-100363,2025-03-25,26,Construcción,3,4.5,6483.0,7726.42,1,525.0,14205.49,12,0.2008,0
CR-102601,2023-11-11,54,Tecnología,32,9.8,10255.61,9688.48,1,615.0,58947.19,24,0.2047,0
CR-102081,2023-01-07,42,Servicios,22,9.8,3326.01,12612.08,3,336.0,7762.52,12,0.2823,0
CR-103357,2023-09-12,32,Manufactura,13,9.0,5624.69,14528.02,3,487.0,36434.61,48,0.2115,0
CR-102359,2023-10-29,55,Manufactura,32,7.3,2587.76,0.0,0,,13369.54,18,0.1843,0
CR-102333,2023-03-06,38,Tecnología,19,4.0,1498.6,1816.49,1,503.0,3900.71,6,0.2178,0
CR-105075,2025-06-18,38,Comercio,15,3.4,2889.22,9746.06,3,336.0,7387.89,12,0.2461,0
CR-100614,2024-04-20,29,Tecnología,5,2.2,2321.59,9014.28,2,300.0,7211.49,12,0.3032,1
CR-101760,2024-04-24,25,Manufactura,6,1.6,3586.14,11133.83,4,322.0,20015.64,36,0.2792,1
CR-100091,2023-04-23,37,Agro,14,4.6,2019.88,6240.92,4,341.0,4140.34,6,0.2664,0
CR-101644,2024-02-04,22,Construcción,0,1.4,3340.2,2745.76,1,550.0,8264.61,12,0.2104,0
CR-105773,2025-04-05,50,Manufactura,26,6.8,4083.92,0.0,0,726.0,22030.9,48,0.1925,0
CR-102570,2023-03-11,63,Agro,39,4.3,4482.25,643.79,3,729.0,21217.75,12,0.1505,0
CR-102563,2025-06-11,57,Construcción,33,25.5,3414.17,9976.87,1,438.0,16187.0,12,0.2348,0
CR-101964,2025-02-17,30,Servicios,7,14.8,3666.17,0.0,0,644.0,16834.14,18,0.1795,0
CR-103308,2024-03-22,27,Manufactura,9,9.3,3637.46,496.98,2,668.0,25348.3,24,0.153,0
CR-103807,2023-11-27,40,Comercio,19,2.3,7376.68,3578.81,1,739.0,51566.75,18,0.1286,0
CR-104856,2023-04-01,22,Tecnología,1,7.2,1462.57,939.49,1,577.0,3886.48,12,0.1884,0
CR-102001,2025-03-17,31,Construcción,8,5.4,1392.74,3200.46,2,453.0,5004.71,6,0.2261,0
CR-102553,2023-07-28,18,Construcción,0,14.9,4399.07,14568.02,1,422.0,9921.29,24,0.2314,0
CR-103957,2025-01-19,49,Comercio,30,2.8,3141.58,7951.21,1,460.0,24886.96,6,0.2384,0
CR-102966,2024-10-25,54,Manufactura,30,15.4,6629.71,16953.31,5,460.0,12232.69,6,0.2475,1
CR-105719,2023-02-14,43,Tecnología,25,4.0,2384.53,8602.46,1,300.0,5502.86,24,0.2751,0
CR-101661,2025-05-13,26,Comercio,8,7.6,2352.13,5900.92,2,380.0,11685.54,6,0.2549,0
CR-102401,2023-07-16,49,Construcción,28,9.3,1474.92,836.85,2,582.0,11524.49,24,0.2109,0
CR-105918,2023-10-19,43,Comercio,21,3.3,4125.62,807.65,1,597.0,20703.84,6,0.1744,0
CR-100142,2023-11-07,18,Comercio,0,7.0,2016.71,4424.88,2,421.0,16086.92,12,0.2474,0
CR-103091,2024-06-23,31,Construcción,13,13.0,5844.27,5917.83,1,647.0,45594.79,18,0.1682,0
CR-103197,2025-01-19,36,Servicios,12,3.3,2865.66,544.35,1,572.0,5986.92,18,0.1952,0
CR-104160,2023-08-18,23,Agro,3,11.6,7688.82,19121.45,1,403.0,30124.45,24,0.2564,1
CR-100258,2025-03-03,37,Construcción,19,4.9,1780.06,7060.98,3,329.0,12706.75,24,0.2658,1
CR-101496,2024-04-04,42,Tecnología,19,2.2,6468.72,16477.81,1,448.0,36814.78,6,0.2171,0
CR-101602,2024-09-24,52,Tecnología,29,5.7,2231.28,1193.87,2,567.0,16800.09,48,0.2124,0
CR-105086,2023-02-28,27,Servicios,8,5.2,4446.27,0.0,0,674.0,23062.36,6,0.1742,0
CR-102741,2023-09-21,45,Servicios,24,16.9,3543.13,13112.78,1,300.0,15685.39,24,0.2671,1
CR-102375,2024-10-24,18,Manufactura,0,6.2,6131.37,20380.68,1,426.0,16356.6,24,0.2446,1
CR-103555,2025-03-01,35,Agro,12,11.6,3504.41,2725.71,3,618.0,13530.96,24,0.1807,0
CR-100649,2024-01-06,34,Tecnología,10,5.8,1591.44,0.0,0,612.0,7244.93,24,0.1959,0
CR-102323,2023-04-11,38,Servicios,20,3.5,3057.53,4090.48,1,513.0,17163.84,18,0.1734,0
CR-104998,2023-03-09,39,Servicios,20,23.7,6276.63,1605.96,1,701.0,21979.7,18,0.1599,0
CR-100970,2023-03-30,35,Agro,13,12.4,3451.77,0.0,0,679.0,22335.18,18,0.1561,0
CR-103759,2024-10-13,18,Servicios,0,6.3,1800.42,2970.79,1,514.0,13611.66,12,0.2328,0
CR-105463,2025-03-19,36,Comercio,12,2.3,3924.8,12247.49,1,326.0,13617.47,24,0.2736,1
CR-103072,2023-07-25,21,Construcción,0,3.5,,2526.29,1,410.0,7914.42,18,0.2507,0
CR-101305,2025-06-07,18,Comercio,0,6.9,5494.68,7784.86,1,620.0,28728.78,12,0.1751,0
CR-105126,2024-04-02,43,Construcción,21,4.8,3739.71,6007.61,1,435.0,8652.83,48,0.2347,0
CR-104413,2025-04-14,30,Manufactura,6,3.1,3590.44,4975.08,1,563.0,28600.7,6,0.2093,0
CR-104767,2024-08-28,50,Comercio,27,5.0,1705.77,1363.57,5,567.0,13449.87,24,0.2071,0
CR-103090,2023-12-27,52,Manufactura,34,2.3,4686.51,9151.82,1,467.0,33371.29,36,0.2469,0
CR-103007,2025-04-06,50,Comercio,30,18.6,4857.02,12534.15,1,474.0,36356.27,24,0.2352,0
CR-104137,2023-01-15,40,Comercio,18,3.1,4255.93,0.0,0,653.0,25111.4,48,0.1839,0
CR-103565,2024-07-11,56,Tecnología,35,1.1,3592.34,1812.89,1,,7009.57,48,0.2109,0
CR-104761,2024-07-18,69,Manufactura,46,1.2,1419.95,911.77,1,517.0,5746.56,18,0.2131,0
CR-104678,2024-08-06,28,Manufactura,8,8.2,1500.88,4730.47,2,302.0,8457.36,24,0.2918,1
CR-102284,2025-06-13,43,Servicios,19,20.6,2189.59,6886.99,1,340.0,11754.67,12,0.2655,0
CR-102500,2025-02-09,44,Construcción,20,3.3,3553.93,4907.73,1,519.0,12092.54,6,0.2059,0
CR-101782,2024-03-25,18,Servicios,0,6.8,4858.1,0.0,0,,29862.45,18,0.1571,0
CR-101363,2024-04-05,47,Agro,29,9.3,1950.39,1775.39,2,531.0,14742.22,12,0.2047,0
CR-101468,2023-07-31,22,Construcción,0,7.8,3138.4,363.99,1,568.0,15207.5,24,0.2051,0
CR-104864,2024-12-20,28,Agro,6,9.4,20037.4,1761.62,3,807.0,59239.04,12,0.1316,0
CR-103056,2023-10-09,33,Servicios,11,5.0,3361.17,10831.05,1,356.0,5516.39,6,0.2815,0
CR-101945,2024-03-19,18,Agro,0,13.1,1905.56,0.0,0,624.0,13850.36,6,0.1849,0
CR-104313,2023-03-22,41,Servicios,21,11.1,2822.56,0.0,0,632.0,5970.92,18,0.1855,0
CR-105005,2025-05-19,21,Servicios,2,19.9,3397.92,466.91,1,642.0,5602.39,24,0.1715,0
CR-100270,2024-07-04,30,Comercio,10,4.9,2816.7,7947.42,2,300.0,10831.9,6,0.2553,0
CR-105948,2023-07-27,50,Comercio,27,4.7,5715.52,11915.87,1,568.0,9675.15,12,0.2018,0
CR-105458,2025-01-08,45,Agro,25,2.3,1893.93,6595.02,4,329.0,11088.16,12,0.2667,0
CR-101696,2023-07-08,33,Agro,14,3.2,4731.68,0.0,0,773.0,28249.54,36,0.1517,0
CR-105259,2023-11-04,41,Servicios,19,18.7,3711.86,4044.61,2,612.0,26867.47,18,0.194,0
CR-102449,2024-08-02,47,Manufactura,23,1.7,4663.9,5616.24,2,519.0,14716.5,12,0.198,0
CR-101911,2025-01-16,44,Comercio,24,15.0,1957.22,577.94,2,556.0,8603.55,36,0.1958,0
CR-104820,2024-05-27,33,Servicios,10,2.9,7052.09,6934.59,1,614.0,32102.69,12,0.1987,0
CR-101819,2024-10-10,35,Manufactura,17,8.2,1831.97,0.0,0,605.0,11387.55,36,0.2051,0
CR-100406,2023-12-03,37,Tecnología,16,4.4,1969.39,0.0,0,626.0,9566.47,36,0.2054,0
CR-101805,2023-09-12,18,Comercio,0,9.5,1884.45,0.0,0,633.0,9509.29,24,0.1785,0
CR-103720,2024-02-17,39,Comercio,21,22.4,4987.43,18844.04,1,368.0,26273.01,18,0.2635,1
CR-103262,2023-02-16,42,Servicios,21,16.0,4928.19,2245.61,3,494.0,8812.0,18,0.2253,0
CR-102933,2024-11-24,50,Manufactura,27,8.0,3099.68,746.72,1,626.0,7573.99,12,0.1915,0
CR-104065,2024-07-01,43,Tecnología,21,3.9,4916.99,10387.05,2,512.0,21325.42,48,0.2044,0
CR-103683,2024-05-02,33,Servicios,9,7.1,2483.19,1332.59,3,629.0,8993.4,36,0.1722,0
CR-105344,2024-06-30,37,Manufactura,16,20.8,1657.0,236.82,1,616.0,3780.76,18,0.1635,0
CR-105196,2023-10-13,39,Agro,16,10.9,,0.0,0,712.0,8598.08,36,0.1765,0
CR-105575,2023-04-21,37,Tecnología,19,25.6,2854.47,0.0,0,696.0,8106.97,6,0.1487,0
CR-105014,2024-06-16,42,Construcción,18,17.2,3952.67,0.0,0,654.0,27819.86,12,0.1745,0
CR-103186,2023-12-22,27,Construcción,8,10.9,4544.27,0.0,0,648.0,30778.7,12,0.1967,0
CR-103479,2023-01-12,38,Servicios,20,3.0,3519.45,13182.69,3,313.0,15523.07,6,0.3011,0
CR-101544,2025-04-06,53,Servicios,35,7.3,2703.64,3708.8,3,,6778.33,6,0.2226,0
CR-100463,2025-04-16,18,Agro,0,17.6,2144.58,5304.22,1,417.0,12035.74,24,0.2683,1
CR-101223,2023-09-29,47,Servicios,24,6.7,4254.38,0.0,0,677.0,11941.27,12,0.1432,0
CR-105219,2025-05-21,45,Construcción,27,9.1,1264.56,1689.1,2,457.0,8083.09,12,0.2321,0
CR-104843,2024-11-01,25,Servicios,1,1.7,5169.57,12176.8,2,490.0,23185.62,48,0.2252,0
CR-103576,2025-05-10,42,Servicios,19,2.6,9353.27,9936.25,4,624.0,72385.14,48,0.1686,0
CR-103247,2023-05-17,23,Construcción,0,3.1,1618.19,3884.47,1,433.0,11025.06,48,0.2397,0
CR-101091,2023-08-08,38,Servicios,17,2.0,2706.49,7592.67,2,386.0,15354.31,18,0.2758,0
CR-100691,2024-07-19,35,Tecnología,16,6.1,6089.13,4446.49,2,689.0,44779.52,12,0.1713,0
CR-101241,2025-04-03,27,Comercio,5,4.0,1144.33,1078.02,1,652.0,2277.83,12,0.1876,0
CR-100103,2024-12-24,46,Agro,23,8.6,7736.12,9144.15,2,630.0,31792.62,24,0.1832,0
CR-104400,2023-10-11,37,Tecnología,18,2.2,9418.0,0.0,0,704.0,39575.34,24,0.1563,0
CR-101631,2023-11-10,29,Construcción,9,3.2,2676.69,0.0,0,655.0,15234.44,6,0.193,0
CR-104250,2023-06-03,35,Construcción,11,14.6,3622.72,3949.86,1,581.0,24609.79,18,0.1884,0
CR-100683,2023-01-11,32,Comercio,13,14.2,4129.23,6553.01,3,527.0,13120.05,12,0.2072,0
CR-103511,2024-07-25,23,Servicios,3,2.9,1799.26,4571.4,1,305.0,8704.58,12,0.2689,0
CR-103757,2024-02-22,24,Manufactura,4,1.1,3441.36,7514.38,2,,13411.92,6,0.2587,0
CR-104989,2025-01-27,47,Manufactura,29,12.7,7908.79,17184.93,2,491.0,17887.61,12,0.2158,0
CR-101118,2025-05-13,42,Comercio,22,4.7,1901.82,0.0,0,624.0,13054.88,36,0.2204,0
CR-100597,2024-01-28,47,Construcción,24,5.5,1559.0,2650.97,1,440.0,7209.25,24,0.2388,0
CR-103459,2024-08-31,46,Comercio,25,8.8,3132.13,11375.33,2,416.0,15499.67,12,0.222,1
CR-102580,2023-04-20,27,Tecnología,7,1.9,3447.82,1383.48,1,682.0,16362.1,18,0.1689,0
CR-103923,2024-09-16,45,Tecnología,26,4.1,2853.72,5660.52,1,420.0,22697.32,6,0.2663,0
CR-104739,2024-12-16,37,Construcción,17,27.0,4322.54,13574.34,2,310.0,11664.18,24,0.2904,1
CR-102818,2023-08-26,46,Servicios,24,5.2,4026.6,7177.63,1,499.0,7674.01,18,0.2265,0
CR-102695,2024-03-12,48,Agro,25,7.6,1304.09,1736.92,3,471.0,9800.67,6,0.2327,0
CR-105062,2024-02-19,27,Manufactura,9,13.3,4155.58,3682.96,1,552.0,31485.81,18,0.1988,0
CR-103340,2024-10-12,34,Construcción,13,9.5,2243.73,504.47,2,690.0,16201.66,18,0.1445,0
CR-102080,2024-05-18,42,Servicios,24,6.8,8561.35,0.0,0,739.0,23946.71,6,0.1267,0
CR-100199,2025-01-18,36,Agro,17,1.9,5168.44,6751.48,1,573.0,23478.07,36,0.2174,0
CR-104002,2023-08-01,41,Servicios,17,5.2,4988.72,7925.16,1,568.0,7741.86,6,0.2132,0
CR-104647,2025-05-04,30,Tecnología,9,1.5,7732.34,27697.09,1,362.0,39685.89,36,0.2421,1
CR-102121,2024-02-23,38,Servicios,18,8.5,9663.17,20833.65,1,569.0,34649.68,18,0.1729,0
CR-100323,2024-06-08,46,Servicios,24,34.1,5677.35,11460.96,1,493.0,10512.33,24,0.2064,1
CR-101813,2025-03-14,38,Manufactura,19,3.1,1738.06,6535.59,1,300.0,6090.97,24,0.2621,0
CR-102350,2023-02-01,45,Manufactura,26,26.1,3306.83,10424.05,2,414.0,13958.83,24,0.2595,1
CR-100039,2024-03-12,45,Manufactura,21,13.6,1914.64,0.0,0,626.0,12713.44,12,0.1767,0
CR-102672,2023-01-02,33,Comercio,14,10.4,2759.17,8729.04,2,415.0,10208.11,24,0.2531,1
CR-100068,2025-03-16,47,Manufactura,23,23.1,3848.47,554.3,2,667.0,6037.69,24,0.1839,0
CR-102410,2025-03-03,28,Servicios,10,14.4,4464.23,4888.28,4,617.0,29805.41,18,0.1758,0
CR-102182,2024-06-25,18,Tecnología,0,5.4,4845.92,3329.2,1,579.0,24141.94,48,0.2134,0
CR-104136,2023-05-05,53,Servicios,30,5.9,2808.59,8950.35,1,369.0,22428.81,24,0.2595,1
CR-103531,2024-11-01,36,Comercio,12,25.6,3459.42,8099.76,2,452.0,6067.26,18,0.2483,0
CR-100679,2025-06-13,36,Tecnología,12,0.3,8634.3,0.0,0,763.0,53390.93,36,0.1481,0
CR-103826,2024-03-16,47,Servicios,23,3.7,4165.73,16273.39,2,329.0,29957.95,18,0.2664,1
CR-104983,2023-05-03,59,Construcción,40,4.1,8599.52,20616.62,4,460.0,57448.07,24,0.2551,0
CR-103693,2024-05-25,23,Comercio,0,2.0,7585.46,10868.86,1,565.0,52194.7,24,0.2097,0
CR-104901,2024-07-15,39,Comercio,16,7.1,2944.82,1139.0,1,554.0,14376.78,6,0.1987,0
CR-102202,2023-06-23,39,Comercio,21,6.9,1705.77,2099.65,3,487.0,4374.17,6,0.2194,0
CR-102528,2025-05-25,50,Construcción,29,7.4,3674.72,5237.32,2,484.0,8252.22,48,0.2411,0
CR-103281,2024-06-11,46,Comercio,22,6.6,2796.78,7308.85,4,324.0,12548.66,18,0.2687,0
CR-105162,2023-09-28,56,Comercio,32,3.1,1395.64,1684.32,1,577.0,4510.73,36,0.2105,0
CR-100365,2025-01-28,54,Servicios,32,12.7,4994.37,17014.98,1,468.0,20048.11,24,0.2459,0
CR-100733,2024-04-15,36,Agro,17,2.3,6150.34,0.0,0,694.0,35760.61,18,0.1639,0
CR-104332,2024-06-14,55,Servicios,35,4.2,1691.14,0.0,0,671.0,4684.56,12,0.1789,0
CR-102341,2025-03-16,36,Manufactura,17,14.8,8054.89,21600.9,4,497.0,41266.21,24,0.2147,0
CR-102071,2023-08-03,23,Tecnología,4,8.5,2242.51,7946.61,2,300.0,3431.4,6,0.2956,0
CR-105224,2024-09-18,49,Manufactura,28,4.4,5776.64,0.0,0,626.0,17771.4,24,0.1793,0
CR-100954,2024-10-10,30,Construcción,11,8.4,2048.49,2162.79,2,529.0,7847.95,18,0.2553,0
CR-102673,2025-01-17,43,Agro,19,5.4,2008.78,6514.61,1,387.0,15708.91,18,0.2436,0
CR-100287,2023-06-15,39,Servicios,19,6.1,3574.45,11838.4,1,350.0,7988.23,24,0.2787,1
CR-103226,2023-04-16,28,Construcción,8,4.3,1782.66,0.0,0,634.0,8648.66,12,0.1881,0
CR-103031,2023-01-11,44,Tecnología,24,5.1,4380.7,11490.4,2,440.0,23713.14,24,0.2419,1
CR-103064,2025-05-20,35,Comercio,14,5.7,2178.99,829.7,1,543.0,16622.01,12,0.1683,0
CR-105921,2023-01-12,57,Comercio,34,10.3,4134.78,2939.55,1,700.0,9191.55,12,0.1567,0
CR-102549,2024-06-04,43,Tecnología,25,0.6,2355.59,1260.74,1,554.0,8781.5,18,0.2053,0
CR-102167,2023-08-19,19,Servicios,0,6.9,3354.96,8323.13,4,420.0,16716.07,18,0.23,1
CR-101388,2024-12-09,42,Manufactura,18,4.7,5752.31,4127.85,3,636.0,18305.91,24,0.1857,0
CR-102745,2024-08-27,51,Agro,29,12.1,6094.41,12528.51,2,479.0,30614.96,12,0.242,0
CR-102425,2023-09-16,50,Tecnología,32,3.4,1231.84,3175.09,1,384.0,5251.22,24,0.2606,0
CR-101581,2024-01-06,36,Comercio,14,6.5,1196.88,4769.06,2,300.0,4499.6,48,0.2874,1
CR-102833,2025-05-07,27,Servicios,7,6.9,5157.6,9377.45,2,481.0,23959.87,24,0.2106,0
CR-102028,2023-04-20,40,Construcción,22,12.8,1719.57,0.0,0,647.0,4068.99,12,0.2099,0
CR-102062,2025-04-07,41,Comercio,21,7.7,8987.14,0.0,0,768.0,43605.07,18,0.1393,0
CR-105566,2024-02-01,53,Comercio,30,4.2,2191.06,3652.6,2,467.0,10734.97,18,0.2412,0
CR-102609,2023-04-08,23,Servicios,2,15.4,7109.15,16619.25,1,588.0,53652.53,48,0.2145,0
CR-100038,2025-02-11,29,Agro,10,6.3,3502.41,5880.23,1,488.0,16526.95,24,0.2186,1
CR-104497,2024-03-28,18,Comercio,0,7.4,4675.78,1457.18,1,634.0,27219.16,12,0.2092,0
CR-102556,2024-09-09,18,Servicios,0,8.5,5824.13,0.0,0,708.0,28547.42,6,0.1583,0
CR-103043,2025-01-05,33,Manufactura,10,2.6,5511.43,17072.33,3,346.0,37551.58,6,0.2755,0
CR-102311,2024-01-09,41,Agro,20,9.8,1111.77,2758.16,4,435.0,6415.36,6,0.2293,0
CR-103278,2023-04-21,30,Manufactura,11,5.7,,5318.09,3,365.0,4364.95,36,0.253,0
CR-105602,2025-03-16,45,Servicios,21,6.2,5802.37,15435.78,4,429.0,27042.08,18,0.2861,1
CR-102686,2025-02-17,19,Manufactura,0,13.0,3807.6,0.0,0,704.0,25326.03,12,0.171,0
CR-103813,2024-05-01,35,Manufactura,12,6.1,,12013.07,3,300.0,29141.74,24,0.2543,0
CR-102066,2023-09-29,49,Servicios,25,5.0,3813.6,14622.59,2,300.0,23511.01,18,0.3007,0
CR-101057,2023-11-17,43,Manufactura,22,5.7,1325.49,2951.45,3,419.0,3586.01,48,0.2558,1
CR-100793,2023-01-19,42,Servicios,23,10.8,7163.88,0.0,0,713.0,15839.12,24,0.1776,0
CR-104093,2024-08-02,25,Servicios,2,7.4,6844.28,523.96,1,686.0,25372.69,18,0.1449,0
CR-105108,2024-09-26,35,Servicios,16,14.3,4752.61,9672.3,1,478.0,34384.23,24,0.2296,0
CR-101732,2023-10-26,36,Tecnología,12,15.5,,7949.43,1,329.0,7276.57,12,0.2647,0
CR-104476,2023-04-25,41,Comercio,18,9.0,,2104.69,2,612.0,20259.7,6,0.19,0
CR-101097,2025-05-19,43,Servicios,20,6.2,5063.1,15948.01,2,334.0,39870.72,36,0.2768,1
CR-103752,2023-09-18,36,Manufactura,14,23.2,5457.68,15406.68,1,419.0,19132.0,18,0.2353,1
CR-101597,2024-02-11,41,Comercio,19,6.7,2910.42,0.0,0,659.0,12920.11,6,0.146,0
CR-101293,2023-10-06,18,Manufactura,0,7.8,1820.8,6499.05,1,300.0,12910.22,18,0.296,1
CR-100950,2025-03-12,19,Comercio,0,3.5,4723.65,329.21,1,707.0,24832.98,18,0.1808,0
CR-101471,2024-11-17,50,Servicios,32,4.7,2962.99,5526.15,2,491.0,6690.4,12,0.2188,0
CR-104570,2023-11-22,37,Servicios,18,3.6,3374.62,2054.93,2,598.0,5853.11,12,0.1877,0
CR-103985,2025-02-26,31,Servicios,13,17.3,2307.62,5512.31,5,452.0,5737.46,12,0.2373,0
CR-104190,2025-02-20,49,Construcción,25,18.2,5655.57,0.0,0,707.0,35962.37,24,0.1656,0
CR-102056,2025-01-15,33,Comercio,14,7.8,5184.44,0.0,0,656.0,38711.87,36,0.2044,0
CR-102130,2023-05-10,39,Manufactura,17,6.9,2264.03,8390.66,1,300.0,16361.02,18,0.2505,0
CR-105871,2025-01-21,65,Comercio,44,15.7,3516.35,0.0,0,715.0,8214.91,12,0.153,0
CR-100828,2025-04-11,51,Tecnología,29,21.9,,8607.92,3,490.0,18997.16,12,0.1968,0
CR-105623,2024-09-05,19,Tecnología,0,0.9,10188.31,34786.57,1,497.0,33567.14,48,0.2121,0
CR-102936,2024-07-18,19,Servicios,0,4.0,4693.65,17306.7,3,302.0,28153.43,24,0.2756,0
CR-104549,2023-03-22,29,Tecnología,11,5.7,2035.97,7477.82,3,314.0,13951.97,24,0.2944,1
CR-102982,2025-04-06,36,Construcción,14,1.9,2904.2,533.0,2,635.0,10858.18,18,0.189,0
CR-100722,2023-06-24,18,Servicios,0,4.6,2820.35,3309.47,1,552.0,9194.73,12,0.2283,0
CR-105869,2023-02-06,60,Comercio,40,11.7,4750.38,13970.28,4,380.0,18216.25,18,0.2657,1
CR-103463,2023-07-21,23,Servicios,1,5.2,2867.32,1839.71,1,594.0,6334.17,18,0.21,0
CR-105630,2025-02-15,18,Agro,0,4.0,3503.02,0.0,0,705.0,16786.81,6,0.1766,0
CR-105831,2023-05-02,40,Comercio,17,9.0,2267.32,0.0,0,698.0,12302.8,18,0.1344,0
CR-103240,2023-02-20,50,Tecnología,30,3.6,2040.65,491.35,2,603.0,4517.23,12,0.1956,0
CR-102888,2023-05-01,34,Manufactura,14,1.3,1663.76,5536.2,2,325.0,5662.13,36,0.2501,1
CR-101595,2024-05-28,43,Servicios,22,12.4,2099.67,0.0,0,648.0,13650.27,6,0.185,0
CR-104108,2023-06-08,54,Servicios,30,13.2,2352.5,2707.86,1,557.0,8150.35,12,0.2037,0
CR-105883,2023-07-18,37,Construcción,18,19.8,7272.72,0.0,0,761.0,14566.12,24,0.125,0
CR-105129,2025-01-17,39,Construcción,19,11.2,2221.79,4984.16,1,349.0,13888.63,24,0.2614,1
CR-100764,2024-07-04,42,Manufactura,23,6.9,3519.71,687.67,3,702.0,10653.91,12,0.1704,0
CR-104930,2023-11-19,46,Agro,27,1.8,3773.98,10052.32,2,346.0,14478.82,24,0.2811,0
CR-102591,2023-02-18,62,Tecnología,38,4.7,6604.87,0.0,0,617.0,34395.33,12,0.1692,0
CR-102525,2023-12-16,46,Servicios,24,5.0,2195.99,5326.27,1,388.0,16627.24,24,0.281,0
CR-101592,2025-03-16,36,Manufactura,12,4.8,2694.07,0.0,0,608.0,4396.99,48,0.197,0
CR-103096,2024-12-24,53,Comercio,29,2.4,5977.44,0.0,0,651.0,34733.56,18,0.1895,0
CR-103748,2024-04-18,30,Servicios,8,6.5,4577.39,0.0,0,701.0,35790.89,24,0.1787,0
CR-105519,2023-06-24,27,Tecnología,3,3.5,2513.3,9341.02,2,325.0,15588.95,12,0.2826,1
CR-101421,2023-12-23,36,Construcción,16,6.5,3218.83,12143.02,3,376.0,23363.29,12,0.2192,1
CR-105728,2024-11-23,51,Comercio,29,2.5,2862.73,0.0,0,623.0,15259.24,12,0.1638,0
CR-100654,2023-08-26,44,Servicios,21,6.4,3754.94,1291.07,2,620.0,12314.74,12,0.1798,0
CR-103862,2023-01-27,25,Servicios,2,10.6,2880.64,5115.24,1,440.0,15717.31,36,0.2239,0
CR-100283,2025-05-05,43,Servicios,22,21.9,7396.39,14618.88,1,525.0,38804.37,48,0.2045,0
CR-104166,2025-05-24,25,Comercio,7,4.5,,11013.35,2,432.0,11292.59,36,0.2694,0
CR-104907,2024-11-26,27,Tecnología,7,7.6,4031.47,5424.77,1,541.0,24845.4,36,0.2162,0
CR-104490,2024-12-01,57,Comercio,39,11.5,5671.19,15996.83,1,423.0,33260.73,6,0.2364,1
CR-102259,2025-05-05,44,Comercio,22,11.2,7057.12,10761.65,1,551.0,44093.25,24,0.2121,0
CR-103703,2023-10-15,29,Comercio,11,8.6,3220.18,1201.72,2,658.0,6394.05,36,0.1791,0
CR-102026,2023-03-25,44,Construcción,23,16.1,856.99,0.0,0,707.0,2096.87,36,0.1479,0
CR-105887,2023-08-27,60,Comercio,39,3.0,1764.34,4149.58,1,388.0,12915.32,12,0.2581,0
CR-103352,2023-04-11,47,Servicios,25,6.8,2440.8,2889.94,3,538.0,6353.01,18,0.1936,0
CR-104399,2023-01-01,24,Tecnología,1,2.7,8711.54,27303.7,2,451.0,51663.29,18,0.2283,1
CR-105561,2025-02-25,65,Comercio,44,6.2,6214.97,20162.34,2,433.0,46971.69,24,0.243,0
CR-101445,2024-11-18,41,Manufactura,23,7.9,1725.49,0.0,0,683.0,9353.1,6,0.1742,0
CR-100981,2024-07-07,21,Comercio,2,3.6,2127.61,44.49,1,613.0,12731.54,12,0.1912,0
CR-102344,2023-02-18,47,Tecnología,29,4.6,4368.0,10836.5,2,457.0,7481.14,48,0.2397,0
CR-101153,2023-11-29,32,Comercio,12,5.1,3503.28,3048.72,5,556.0,21383.17,36,0.2027,0
CR-103642,2024-11-02,37,Tecnología,15,4.6,8675.79,29452.88,2,438.0,57966.24,18,0.2351,0
CR-104081,2023-03-29,47,Manufactura,23,3.7,2877.41,181.37,2,633.0,14882.49,12,0.2022,0
CR-100674,2024-07-28,47,Comercio,23,7.8,8634.21,19172.44,2,538.0,18213.38,36,0.2452,0
CR-100468,2024-09-22,50,Construcción,27,2.0,2713.54,9421.41,2,320.0,20745.24,6,0.2988,0
CR-101317,2023-01-19,42,Comercio,22,5.6,2991.8,1234.55,2,659.0,10723.82,24,0.1743,0
CR-104126,2024-08-19,49,Comercio,26,18.4,2258.06,0.0,0,578.0,15114.07,24,0.1777,0
CR-100429,2025-05-31,42,Manufactura,21,2.4,,0.0,0,612.0,11004.64,24,0.2106,0
CR-101509,2023-03-01,39,Construcción,15,7.8,1793.18,2887.91,1,477.0,9682.2,12,0.2327,0
CR-101555,2024-01-14,31,Comercio,11,5.5,2904.55,0.0,0,559.0,5559.81,12,0.2004,0
CR-101129,2023-07-29,18,Servicios,0,1.4,4587.12,12176.54,3,402.0,29752.28,18,0.2551,1
CR-105299,2024-08-03,42,Manufactura,21,2.0,2884.46,11420.13,1,333.0,22296.83,12,0.2843,1
CR-101210,2023-10-03,48,Servicios,29,10.2,3863.27,12949.29,3,390.0,20633.95,12,0.2536,0
CR-100916,2023-12-14,54,Construcción,34,0.4,4410.69,0.0,0,663.0,19824.28,36,0.1814,0
CR-100166,2023-12-01,48,Construcción,29,13.3,8106.13,13628.08,2,540.0,58280.11,24,0.206,0
CR-103059,2023-12-02,35,Agro,14,7.0,2893.85,5743.19,1,476.0,18742.13,12,0.2419,0
CR-104928,2025-04-19,54,Servicios,30,17.9,3427.36,11316.51,2,356.0,16921.61,36,0.2807,1
CR-105474,2024-05-08,41,Servicios,18,18.7,3712.74,1272.83,1,632.0,18906.68,12,0.1787,0
CR-105833,2024-03-12,29,Manufactura,5,5.5,2718.4,617.38,2,665.0,14434.39,24,0.1517,0
CR-102613,2024-05-06,34,Comercio,14,6.2,5457.84,9113.52,1,563.0,43330.14,12,0.1963,0
CR-102494,2024-02-29,50,Construcción,32,7.0,2744.52,5176.17,4,498.0,4802.07,24,0.2589,0
CR-101000,2025-01-14,37,Servicios,19,15.4,4143.57,0.0,0,661.0,21290.05,6,0.1688,0
CR-101178,2023-06-23,42,Agro,21,9.3,3352.04,7930.07,1,357.0,6119.11,48,0.2695,0
CR-100056,2023-08-20,35,Construcción,12,13.2,5459.92,0.0,0,672.0,13369.52,12,0.1737,0
CR-103020,2023-12-13,25,Servicios,6,7.8,4970.11,19540.38,1,333.0,34803.43,12,0.2657,1
CR-100208,2024-09-23,28,Comercio,9,9.8,1358.73,965.17,1,548.0,2375.37,18,0.1981,0
CR-102111,2025-02-01,43,Comercio,23,3.8,3355.45,2851.76,1,528.0,24576.57,18,0.1913,0
CR-104396,2025-02-15,39,Comercio,15,6.1,3789.62,4519.49,4,539.0,23509.04,18,0.2241,0
CR-104066,2024-04-11,29,Servicios,6,2.8,,0.0,0,742.0,25235.75,24,0.1425,0
CR-101307,2023-07-25,52,Manufactura,31,7.2,3257.47,6453.56,2,502.0,21900.73,12,0.2165,0
CR-101440,2024-01-12,31,Agro,11,16.2,12122.72,19730.02,2,691.0,91604.95,24,0.1402,0
CR-100425,2024-09-02,34,Comercio,10,2.4,2757.04,8218.49,1,386.0,10281.76,18,0.2646,1
CR-100697,2025-03-10,27,Comercio,8,11.0,9197.49,0.0,0,740.0,69261.18,12,0.1235,0
CR-104645,2024-07-16,29,Servicios,8,13.9,2201.8,1242.46,1,629.0,15276.03,12,0.1884,0
CR-101265,2024-04-19,37,Tecnología,16,10.1,2225.19,6629.34,2,379.0,4512.24,12,0.2741,0
CR-104095,2025-02-06,19,Tecnología,1,1.1,1719.74,0.0,0,618.0,5363.31,24,0.1947,0
CR-105065,2024-12-28,42,Comercio,20,9.8,3842.9,7590.17,2,518.0,15435.79,6,0.2062,0
CR-103579,2024-06-27,23,Servicios,1,4.5,1649.7,4257.82,3,485.0,9137.09,24,0.2221,1
CR-101593,2023-11-06,30,Comercio,9,1.4,,5301.46,4,343.0,4515.92,12,0.2774,1
CR-105722,2023-09-01,38,Tecnología,15,9.2,10040.35,35291.29,1,354.0,23641.16,12,0.2593,1
CR-102301,2024-11-04,28,Tecnología,4,6.4,3082.57,0.0,0,677.0,9121.85,36,0.1681,0
CR-100492,2025-06-15,35,Construcción,14,12.0,2398.14,527.9,1,627.0,3701.79,12,0.1881,0
CR-100961,2023-06-23,39,Tecnología,15,12.7,10708.56,35850.9,3,394.0,76798.38,18,0.2442,0
CR-101860,2023-07-10,45,Comercio,25,1.2,10140.34,8731.15,4,701.0,49158.02,6,0.1768,0
CR-105863,2024-05-15,43,Manufactura,20,9.5,3784.84,14415.99,1,300.0,19462.42,36,0.2469,1
CR-105348,2024-01-04,44,Servicios,21,7.0,2392.33,1215.78,2,556.0,6723.16,6,0.2113,0
CR-103035,2023-09-22,43,Comercio,21,7.7,3974.1,0.0,0,619.0,22224.53,24,0.1766,0
CR-104723,2024-02-06,34,Comercio,13,3.0,1301.72,2355.8,1,399.0,9754.23,36,0.2811,0
CR-100978,2023-04-15,22,Servicios,3,10.3,4172.86,8522.58,3,509.0,28080.51,18,0.2079,0
CR-105532,2025-04-02,38,Agro,19,7.5,3022.78,2319.38,2,599.0,21877.12,18,0.1993,0
CR-100229,2023-06-26,35,Servicios,16,12.1,,4093.43,1,496.0,17212.85,48,0.2504,0
CR-100819,2023-07-19,25,Construcción,6,7.6,5190.57,0.0,0,635.0,25362.01,12,0.2031,0
CR-102866,2025-01-07,44,Construcción,21,6.9,3601.83,1463.62,2,554.0,16747.19,18,0.2056,0
CR-101826,2023-11-05,47,Comercio,23,12.3,4936.48,0.0,0,610.0,21018.78,12,0.1907,0
CR-104146,2024-07-29,39,Comercio,21,13.6,12699.35,0.0,0,796.0,47488.07,18,0.1393,0
CR-105546,2023-01-11,57,Servicios,38,8.1,,0.0,0,767.0,49099.17,24,0.1472,0
CR-104643,2025-02-22,38,Construcción,18,0.9,4416.62,9404.26,1,475.0,8911.11,6,0.2491,0
CR-101467,2025-02-27,23,Servicios,1,8.3,2026.97,4864.08,2,421.0,9730.29,36,0.2464,0
CR-105078,2024-04-01,47,Agro,26,2.8,2135.53,4841.08,1,431.0,13775.35,24,0.2533,1
CR-100621,2023-05-20,38,Manufactura,15,6.7,5032.71,10953.87,1,499.0,32575.26,24,0.2616,0
CR-104449,2023-09-21,38,Comercio,20,5.9,2450.57,4187.89,3,447.0,16105.02,24,0.2201,1
CR-104599,2025-04-12,59,Servicios,35,15.8,15436.88,50067.2,3,634.0,62718.52,24,0.1791,0
CR-103722,2024-03-01,48,Construcción,28,7.9,5282.87,16030.08,3,403.0,35931.31,24,0.2836,1
CR-103048,2024-04-30,48,Comercio,26,9.3,1815.54,4323.47,2,409.0,3603.61,36,0.2403,0
CR-101778,2024-06-27,26,Manufactura,5,10.3,6359.78,21860.87,1,386.0,14910.86,6,0.2432,0
CR-104356,2023-09-13,47,Manufactura,24,5.1,1153.64,2369.58,2,416.0,3097.76,18,0.262,0
CR-100336,2025-05-10,31,Comercio,7,5.7,3496.26,1373.01,1,551.0,19701.15,24,0.2255,0
CR-102642,2024-04-16,27,Construcción,5,17.7,4971.89,18732.39,2,368.0,37675.28,6,0.254,1
CR-103165,2024-02-27,42,Construcción,23,8.7,2375.91,0.0,0,642.0,15405.94,18,0.2035,0
CR-101083,2025-03-20,39,Construcción,15,5.3,5986.42,15813.63,1,372.0,21465.42,18,0.2351,0
CR-103400,2024-12-02,42,Comercio,24,8.7,5540.31,20562.54,4,424.0,10661.06,12,0.2729,0
CR-102607,2024-05-10,36,Servicios,15,7.6,6343.7,12069.29,2,526.0,17172.3,24,0.2017,0
CR-105279,2024-03-22,60,Comercio,37,5.9,4845.71,19312.54,2,300.0,17951.02,18,0.3141,1
CR-103569,2023-10-31,47,Comercio,25,4.2,5009.94,9355.79,2,441.0,11246.84,12,0.2361,1
CR-100390,2024-09-19,18,Comercio,0,3.7,12010.88,13564.82,1,663.0,59883.07,6,0.1928,0
CR-100737,2024-01-16,47,Tecnología,24,3.8,1429.8,2119.17,1,551.0,7859.88,12,0.2027,0
CR-100113,2023-11-12,22,Servicios,1,4.7,24095.01,26129.62,1,826.0,56408.38,6,0.1115,0
CR-101068,2023-06-21,54,Tecnología,36,2.1,1620.11,0.0,0,563.0,6531.66,6,0.1976,0
CR-100937,2024-04-02,37,Comercio,19,6.9,4134.71,14880.99,3,378.0,8742.5,12,0.2908,0
CR-102299,2024-04-27,35,Construcción,13,9.1,3082.87,1639.9,2,614.0,17022.43,18,0.2133,0
CR-101873,2023-05-05,25,Tecnología,2,9.6,2988.23,0.0,0,608.0,13108.94,18,0.1498,0
CR-105536,2023-07-13,28,Servicios,5,4.9,4956.27,17418.1,1,301.0,39384.25,24,0.2859,1
CR-103695,2024-03-31,29,Agro,11,11.4,2436.91,5026.71,2,418.0,16262.09,24,0.2666,0
CR-101015,2023-04-02,27,Comercio,5,2.6,2840.65,6231.53,1,419.0,20427.96,6,0.2433,1
CR-102883,2023-03-23,51,Agro,32,9.3,8438.39,10389.87,2,574.0,35939.64,18,0.1952,0
CR-103291,2023-08-26,41,Comercio,19,6.5,1178.68,0.0,0,680.0,6617.88,36,0.1694,0
CR-100257,2024-02-23,34,Servicios,16,10.7,1235.23,0.0,0,608.0,6123.35,12,0.1951,0
CR-102238,2025-03-01,28,Comercio,5,9.8,4358.0,14278.92,1,401.0,9401.13,6,0.2697,0
CR-101339,2023-10-13,36,Tecnología,15,15.9,6782.06,0.0,0,719.0,36000.18,12,0.1392,0
CR-101152,2023-06-16,41,Manufactura,23,4.2,7778.88,11301.47,2,584.0,55769.59,12,0.2065,0
CR-102264,2023-10-25,43,Comercio,23,7.8,2917.68,0.0,0,724.0,7267.56,12,0.142,0
CR-100992,2024-04-25,58,Manufactura,36,6.0,2996.14,186.77,4,590.0,17860.63,36,0.2011,0
CR-103971,2024-11-04,40,Servicios,18,8.0,3922.72,0.0,0,678.0,8855.11,36,0.1744,0
CR-104068,2023-05-19,37,Servicios,18,6.8,5896.94,0.0,0,690.0,44275.28,36,0.1558,0
CR-102558,2024-09-27,54,Servicios,35,4.1,4003.29,5411.54,1,538.0,30832.15,12,0.2057,0
CR-101009,2025-05-13,42,Tecnología,22,2.6,2075.1,3965.23,2,467.0,9112.5,12,0.218,0
CR-101972,2023-11-18,39,Comercio,18,5.0,6650.7,0.0,0,751.0,18197.67,36,0.1438,0
CR-104051,2023-01-26,37,Tecnología,13,5.5,1696.5,3056.25,2,511.0,9586.6,18,0.2233,0
CR-100526,2024-10-14,54,Servicios,33,10.8,4547.59,0.0,0,712.0,7505.83,24,0.1549,0
CR-103664,2024-05-08,36,Comercio,15,2.1,3229.97,12854.68,1,390.0,5436.61,24,0.2579,1
CR-103564,2023-05-08,53,Comercio,30,5.9,1460.16,0.0,0,664.0,7025.43,6,0.1712,0
CR-104895,2025-04-13,37,Construcción,13,4.3,3506.35,990.07,1,648.0,25171.13,36,0.1869,0
CR-105047,2024-11-12,26,Comercio,4,10.0,7358.37,0.0,0,,12863.03,18,0.1566,0
CR-100132,2023-05-07,45,Servicios,24,6.7,5988.53,0.0,0,594.0,15667.35,24,0.1988,0
CR-102462,2023-07-25,36,Servicios,18,5.1,4695.96,14285.83,2,410.0,18525.39,36,0.2516,0
CR-100035,2024-03-08,50,Servicios,30,4.6,1956.1,5716.7,1,359.0,11413.22,6,0.2773,1
CR-100441,2025-02-22,42,Servicios,22,8.2,4530.16,17654.19,2,300.0,30315.04,36,0.2897,1
CR-100064,2023-11-20,46,Comercio,24,6.3,8026.34,20922.44,3,527.0,44968.7,12,0.2013,0
CR-102029,2023-01-30,33,Agro,14,12.2,8906.04,14453.21,1,480.0,17479.35,18,0.2141,0
CR-101668,2023-09-22,41,Comercio,23,8.9,4112.93,0.0,0,691.0,6806.35,18,0.1496,0
CR-105257,2023-10-31,24,Construcción,1,2.5,7265.46,26708.57,3,382.0,11919.99,12,0.2644,0
CR-101282,2023-12-20,18,Servicios,0,13.2,3681.74,3542.65,1,574.0,15912.33,36,0.1951,0
CR-103584,2023-01-11,41,Servicios,18,4.8,3295.72,12313.74,2,329.0,8069.08,6,0.262,0
CR-102175,2023-09-07,39,Comercio,20,9.2,7284.32,20748.69,2,394.0,52774.09,6,0.2368,0
CR-100638,2024-05-02,44,Comercio,26,2.9,3186.4,5013.21,2,399.0,16271.12,6,0.2399,0
CR-104156,2023-02-24,42,Comercio,24,9.4,4864.35,0.0,0,686.0,29862.19,18,0.1688,0
CR-101224,2025-02-03,28,Comercio,8,8.1,3418.52,2294.85,2,582.0,7110.25,18,0.1761,0
CR-104339,2024-06-24,35,Construcción,16,4.0,14708.46,26838.6,2,609.0,54564.71,24,0.2201,0
CR-105576,2023-02-11,42,Comercio,21,3.7,3518.89,2792.77,1,582.0,27258.02,6,0.1866,0
CR-103489,2024-08-06,35,Comercio,13,12.5,2525.76,1932.31,1,596.0,16653.23,18,0.1803,0
CR-101218,2025-05-29,25,Servicios,4,2.4,5531.14,21457.54,1,300.0,18396.7,18,0.28,1
CR-101598,2023-06-28,55,Comercio,31,4.6,9400.62,0.0,0,772.0,71530.06,12,0.1348,0
CR-102725,2025-06-04,34,Comercio,11,7.1,3499.21,8911.15,1,476.0,12081.68,12,0.2322,0
CR-102836,2024-10-12,44,Comercio,26,6.9,3225.12,1968.67,1,624.0,19701.17,36,0.2033,0
CR-105967,2024-05-02,37,Manufactura,18,10.1,1933.25,0.0,0,626.0,7409.45,12,0.1947,0
CR-104719,2023-09-30,40,Manufactura,18,16.4,6053.11,15302.89,2,509.0,31742.36,6,0.2336,1
CR-100767,2025-04-19,32,Servicios,11,12.5,7894.48,23217.45,3,502.0,25630.13,12,0.2219,0
CR-102572,2024-10-26,54,Servicios,32,5.4,10029.01,14291.23,1,653.0,66339.19,24,0.1968,0
CR-105040,2023-06-25,38,Agro,17,17.3,4533.11,0.0,0,655.0,21583.31,36,0.1804,0
CR-101294,2023-01-19,41,Comercio,23,5.0,1480.81,1557.0,3,584.0,9064.07,18,0.2089,0
CR-100135,2024-08-12,27,Tecnología,7,16.6,2210.67,398.1,2,676.0,5925.69,48,0.1659,0
CR-105669,2023-04-03,44,Comercio,22,14.0,3521.42,8807.11,4,419.0,15220.75,24,0.2281,0
CR-104317,2024-11-27,32,Comercio,11,4.8,1946.28,0.0,0,665.0,3759.56,12,0.174,0
CR-101108,2024-06-17,52,Servicios,30,3.8,4804.8,14628.09,1,405.0,10057.62,12,0.2612,1
CR-101659,2024-06-22,39,Manufactura,18,5.5,4999.34,0.0,0,698.0,34835.15,12,0.1478,0
CR-101744,2024-11-30,45,Comercio,24,5.3,6184.04,5081.22,3,601.0,21546.78,12,0.2011,0
CR-101278,2024-12-18,42,Comercio,20,6.6,3322.55,5926.77,2,463.0,11283.07,18,0.2388,0
CR-103157,2025-05-09,35,Tecnología,15,6.6,3789.33,2895.49,1,494.0,16529.09,18,0.2273,0
CR-104503,2024-08-16,47,Manufactura,26,2.1,4088.14,2723.4,3,567.0,15597.59,18,0.2065,0
CR-102959,2024-10-29,59,Manufactura,39,1.7,6943.26,18170.59,3,412.0,45944.59,24,0.2547,0
CR-104286,2023-02-18,30,Manufactura,12,6.8,1590.43,3197.53,2,450.0,3294.2,36,0.2573,1
CR-103546,2024-08-29,56,Tecnología,33,2.2,4637.16,4115.22,3,609.0,25281.38,24,0.1963,0
CR-105459,2023-10-10,48,Construcción,30,1.3,4844.27,6000.12,3,528.0,13874.36,18,0.2066,0
CR-102952,2024-06-03,35,Tecnología,15,14.8,4123.12,0.0,0,733.0,18792.29,24,0.1482,0
CR-100129,2023-01-05,28,Manufactura,5,8.7,6489.9,13584.44,3,420.0,34323.24,12,0.2513,0
CR-102700,2023-09-03,47,Manufactura,25,12.4,6902.03,25813.72,2,407.0,54472.23,48,0.2504,1
CR-103457,2023-06-12,28,Manufactura,10,18.6,5394.02,18019.28,2,410.0,17237.1,48,0.2209,0
CR-102255,2023-05-14,25,Construcción,7,8.3,4616.76,7153.74,2,513.0,9403.78,12,0.2126,0
CR-100027,2025-02-22,42,Comercio,24,5.5,4448.06,0.0,0,649.0,18494.72,36,0.1676,0
CR-104026,2025-01-29,31,Manufactura,8,4.8,2522.05,4037.53,3,488.0,19901.63,24,0.2272,0
CR-105058,2024-09-10,39,Construcción,19,4.3,2944.24,3032.81,1,508.0,18177.86,24,0.2221,0
CR-104844,2023-04-27,38,Manufactura,14,2.8,2482.61,6950.23,1,402.0,11356.32,12,0.2393,0
CR-103851,2023-02-21,30,Comercio,10,15.0,1672.23,0.0,0,539.0,2932.44,24,0.2094,0
CR-100452,2025-01-11,59,Comercio,40,11.7,4209.68,4469.41,1,554.0,17415.05,12,0.2083,0
CR-101234,2025-01-29,42,Servicios,20,20.9,3720.48,13117.96,2,373.0,21494.39,24,0.2684,0
CR-105407,2023-03-31,38,Tecnología,15,15.1,2783.37,0.0,0,567.0,14729.7,24,0.2228,0
CR-101719,2023-03-16,23,Construcción,0,17.3,3153.35,0.0,0,716.0,14703.4,6,0.1493,0
CR-105729,2023-08-17,23,Servicios,5,3.3,2162.87,2550.15,2,451.0,15464.34,24,0.2451,0
CR-105737,2023-12-18,45,Tecnología,25,3.8,2110.98,1450.96,3,624.0,8522.49,18,0.2115,0
CR-104519,2023-05-12,19,Agro,0,7.4,3397.44,12933.18,1,300.0,21655.49,24,0.3279,0
CR-104185,2024-10-01,42,Manufactura,21,3.8,1800.65,0.0,0,607.0,3272.32,18,0.1574,0
CR-100459,2023-07-12,38,Comercio,19,19.6,6168.32,11198.3,1,518.0,42870.25,24,0.2243,1
CR-103558,2024-04-10,44,Comercio,26,4.5,4780.98,17183.22,3,,11531.44,18,0.2444,0
CR-102391,2025-06-07,46,Tecnología,25,5.0,5357.1,17389.61,1,370.0,37936.64,12,0.248,1
CR-100680,2023-02-16,47,Servicios,24,5.3,7366.59,0.0,0,723.0,43128.0,36,0.1691,0
CR-102009,2025-01-19,45,Tecnología,23,6.6,4408.52,10814.4,3,512.0,6867.28,12,0.228,0
CR-105460,2025-06-17,44,Comercio,21,8.6,5051.27,11400.87,1,523.0,25391.13,12,0.2334,0
CR-102466,2024-03-09,33,Comercio,13,11.3,2066.74,1863.78,5,564.0,15112.71,6,0.1799,0
CR-103811,2024-12-26,35,Servicios,15,13.9,2212.35,2263.69,1,538.0,10674.13,24,0.1847,0
CR-101747,2023-10-31,41,Servicios,23,11.5,10855.7,35837.34,1,488.0,74782.34,24,0.2018,0
CR-104165,2024-02-10,41,Manufactura,22,8.4,3561.58,498.72,1,616.0,9856.94,6,0.1987,0
CR-101954,2023-05-12,40,Manufactura,20,3.3,2508.17,0.0,0,717.0,12384.54,24,0.1682,0
CR-100361,2024-01-08,42,Comercio,23,9.6,4412.69,14598.95,1,412.0,32400.08,12,0.2445,0
CR-101804,2023-11-08,39,Tecnología,19,11.3,1769.3,4282.89,1,376.0,10740.76,12,0.2588,0
CR-104651,2023-12-24,49,Comercio,28,11.8,1618.09,4289.77,1,366.0,6077.73,18,0.2609,0
CR-104227,2023-11-22,59,Agro,36,1.7,4988.54,15438.09,1,425.0,22323.57,36,0.2344,1
CR-100202,2024-11-11,39,Manufactura,20,6.8,2944.7,6568.11,1,516.0,18867.3,12,0.2159,0
CR-100934,2023-10-13,41,Construcción,21,15.4,4564.49,10722.76,3,494.0,34463.3,6,0.2226,1
CR-103525,2024-01-22,55,Tecnología,32,9.5,2224.03,1065.91,1,546.0,15446.7,6,0.2182,0
CR-105314,2023-01-19,38,Servicios,15,12.1,4191.03,11807.37,3,362.0,12400.34,12,0.2451,0
CR-105666,2025-04-11,41,Manufactura,18,2.8,3621.95,2444.6,2,653.0,10293.08,6,0.1828,0
CR-103651,2024-02-23,41,Servicios,19,4.7,13334.04,9167.27,1,723.0,24092.9,6,0.1695,0
CR-100964,2023-03-22,38,Agro,17,6.9,8434.61,543.46,2,681.0,63507.22,36,0.1932,0
CR-100124,2023-06-06,47,Servicios,29,18.6,,10575.61,2,467.0,14492.95,36,0.2411,0
CR-105415,2023-11-23,20,Comercio,2,5.6,3064.39,766.7,1,696.0,12199.33,24,0.1584,0
CR-103025,2025-02-04,38,Manufactura,15,23.8,3966.76,11896.35,5,417.0,9015.52,18,0.2424,0
CR-105695,2025-04-03,62,Tecnología,44,6.4,1522.6,2600.22,1,422.0,6350.32,12,0.2715,0
CR-101965,2024-12-10,43,Manufactura,22,22.5,2378.5,0.0,0,710.0,9623.83,18,0.1738,0
CR-102972,2024-07-09,38,Comercio,17,12.6,3024.71,294.7,1,556.0,11224.24,18,0.219,0
CR-102960,2023-10-04,24,Manufactura,4,17.1,2283.93,4076.52,2,417.0,3658.09,36,0.2381,0
CR-102515,2023-10-09,32,Manufactura,12,15.0,2662.71,7139.35,3,408.0,13562.83,6,0.2541,1
CR-104947,2023-09-28,42,Comercio,23,3.6,5008.45,11792.08,4,497.0,38858.46,12,0.2022,1
CR-104945,2023-08-13,59,Manufactura,37,9.5,7935.68,0.0,0,744.0,40277.21,24,0.1466,0
CR-100446,2023-03-26,50,Servicios,30,9.4,5873.05,15193.75,2,431.0,40873.6,24,0.2351,0
CR-105202,2023-05-23,28,Manufactura,6,4.3,2179.83,3605.56,2,544.0,14196.58,18,0.2041,0
CR-104889,2023-03-09,51,Manufactura,29,4.1,8250.39,30392.52,1,397.0,56332.13,36,0.2459,0
CR-103822,2024-03-01,37,Servicios,19,5.3,7902.4,20850.2,3,525.0,21942.3,36,0.2176,0
CR-102996,2025-04-16,25,Servicios,3,3.3,,10507.69,1,443.0,24306.21,24,0.2456,0
CR-100647,2025-03-29,19,Manufactura,0,4.9,2009.25,6591.03,1,376.0,13117.48,24,0.2707,1
CR-104826,2024-07-20,33,Comercio,12,2.3,4201.96,9550.62,3,535.0,10896.7,24,0.1964,0
CR-102452,2024-10-07,44,Comercio,26,2.7,6929.47,19565.18,1,448.0,17915.37,24,0.2325,0
CR-103323,2024-03-25,47,Comercio,24,8.1,4411.35,3845.76,1,585.0,14988.9,18,0.2052,0
CR-104365,2024-02-02,49,Construcción,28,6.3,2690.27,5748.97,2,466.0,19121.74,12,0.2419,0
CR-101757,2025-01-03,63,Construcción,42,7.9,2599.88,0.0,0,609.0,15240.1,48,0.1815,0
CR-103699,2023-01-21,25,Agro,7,5.0,11674.19,37922.66,2,449.0,61880.78,6,0.245,1
CR-101588,2023-11-14,27,Tecnología,3,8.1,4463.97,10389.86,4,465.0,25716.8,48,0.2235,0
CR-100935,2023-10-10,44,Construcción,23,4.6,1878.4,6108.82,3,317.0,4497.1,6,0.2791,0
CR-101450,2024-02-28,34,Servicios,13,2.1,2840.74,10837.2,1,377.0,16204.31,24,0.2724,1
CR-105552,2024-08-14,44,Comercio,22,11.6,5708.33,0.0,0,710.0,23957.53,6,0.121,0
CR-100523,2023-08-22,36,Tecnología,12,2.0,5058.3,0.0,0,618.0,37047.99,6,0.1852,0
CR-101353,2024-06-04,42,Comercio,18,1.8,4778.21,0.0,0,683.0,24358.07,48,0.1867,0
CR-105567,2024-12-24,25,Servicios,5,8.5,1817.15,0.0,0,660.0,3226.93,6,0.1779,0
CR-103138,2024-08-07,44,Comercio,25,4.1,2643.88,0.0,0,624.0,8227.44,48,0.1687,0
CR-101188,2023-07-23,45,Comercio,25,15.4,2342.52,795.48,2,617.0,7113.15,24,0.1645,0
CR-103925,2023-06-29,48,Servicios,25,19.6,3542.67,8674.18,2,447.0,18202.8,48,0.2515,0
CR-100217,2024-05-03,53,Servicios,33,7.8,,6208.88,1,494.0,21214.32,18,0.2386,0
CR-101415,2024-01-03,29,Manufactura,7,6.9,3939.68,10351.05,2,426.0,9572.32,36,0.2574,0
CR-103616,2023-03-31,51,Comercio,33,20.6,2427.57,5547.98,3,453.0,13513.63,12,0.2524,0
CR-105501,2024-06-04,18,Comercio,0,7.4,3540.27,3084.58,4,584.0,13560.64,12,0.1752,0
CR-104099,2023-11-13,36,Construcción,12,3.8,6090.96,2790.41,2,671.0,46000.21,24,0.1589,0
CR-103440,2025-02-18,60,Manufactura,37,2.1,2185.03,0.0,0,647.0,13178.97,18,0.1944,0
CR-105246,2024-06-23,74,Servicios,56,3.7,1960.68,2018.76,3,551.0,11603.0,6,0.2088,0
CR-100877,2024-11-28,36,Comercio,17,8.0,1594.38,0.0,0,625.0,3661.19,18,0.1827,0
CR-103294,2023-04-22,32,Comercio,9,9.2,2178.95,8394.12,4,312.0,14416.87,12,0.2559,0
CR-104360,2023-12-28,42,Manufactura,19,3.7,10242.4,36625.25,4,366.0,61316.14,18,0.254,1
CR-102022,2024-12-31,39,Comercio,19,11.9,,87.08,2,657.0,22806.39,24,0.1707,0
CR-104879,2023-05-04,26,Comercio,3,0.2,3263.85,2708.12,1,541.0,8423.65,18,0.2179,0
CR-105523,2025-01-25,47,Manufactura,27,12.4,2045.89,7286.88,1,333.0,14063.4,24,0.2369,1
CR-100066,2024-08-17,34,Manufactura,10,6.2,3853.75,9127.02,1,429.0,20979.76,18,0.2455,0
CR-103694,2024-10-18,52,Agro,33,6.9,5835.49,10964.31,2,485.0,14949.31,24,0.2285,0
CR-104322,2024-06-25,22,Tecnología,1,10.2,5497.34,0.0,0,714.0,34264.16,24,0.158,0
CR-101481,2025-04-19,44,Tecnología,20,9.0,1471.25,3281.5,5,450.0,8272.58,18,0.2342,0
CR-105364,2023-06-16,41,Comercio,20,17.9,3382.57,8271.98,1,482.0,10066.18,24,0.237,0
CR-103892,2023-11-03,18,Manufactura,0,1.2,1325.83,3732.0,1,421.0,2931.33,12,0.2317,0
CR-103830,2023-10-15,27,Construcción,9,2.1,2734.31,6530.21,2,412.0,4154.32,6,0.2307,0
CR-100736,2024-07-02,47,Comercio,28,5.0,1956.85,4850.75,1,,12443.53,24,0.2238,0
CR-101846,2024-07-19,38,Manufactura,18,5.6,1874.06,3328.56,3,497.0,7166.56,36,0.2108,0
CR-100272,2024-06-23,37,Servicios,15,9.5,,363.23,1,587.0,15881.15,18,0.2013,0
CR-101490,2023-03-30,31,Manufactura,12,22.1,1973.37,7229.55,3,341.0,11396.61,6,0.2413,1
CR-103429,2023-08-29,47,Comercio,24,5.1,5195.71,2919.2,1,632.0,32812.94,12,0.1846,0
CR-105684,2025-02-24,27,Construcción,3,7.0,1988.67,6518.49,2,337.0,9607.68,24,0.27,0
CR-105888,2023-07-27,48,Manufactura,25,4.0,3067.29,0.0,0,595.0,23011.3,18,0.1906,0
CR-104876,2025-05-25,48,Construcción,28,13.9,2785.81,9536.19,2,405.0,7868.05,18,0.2629,1
CR-104991,2024-12-03,37,Agro,18,4.5,4823.93,0.0,0,704.0,19110.69,24,0.1572,0
CR-105073,2023-07-13,35,Servicios,13,4.5,5545.48,12276.4,1,448.0,37750.79,12,0.2599,0
CR-101944,2023-10-01,34,Construcción,13,4.1,4616.85,6794.66,2,628.0,36379.55,6,0.1582,0
CR-100660,2023-07-10,19,Comercio,1,11.3,2910.2,539.43,2,689.0,22214.92,24,0.1525,0
CR-105323,2023-09-14,29,Manufactura,11,12.6,2813.97,2754.47,4,570.0,19517.44,18,0.2111,0
CR-101446,2023-06-13,64,Servicios,43,2.1,1537.82,0.0,0,616.0,6931.23,48,0.1836,0
CR-103945,2025-04-15,37,Servicios,17,13.5,4055.14,0.0,0,749.0,19894.52,24,0.1407,0
CR-102801,2023-02-18,49,Servicios,29,8.3,14188.1,0.0,0,819.0,69738.55,18,0.1033,0
CR-104469,2023-06-11,29,Manufactura,9,1.8,,8688.68,1,377.0,5407.9,48,0.2584,0
CR-103931,2024-10-24,46,Manufactura,26,5.8,2537.48,3403.91,3,459.0,19245.75,18,0.2193,0
CR-100288,2023-11-24,35,Comercio,15,19.8,4083.17,13327.92,1,407.0,32543.26,48,0.2455,1
CR-103542,2023-12-03,36,Comercio,13,7.4,2153.42,0.0,0,601.0,11217.54,12,0.191,0
CR-101776,2023-04-26,23,Agro,2,4.6,4020.62,0.0,0,718.0,30200.16,24,0.1763,0
CR-104436,2023-08-18,33,Comercio,12,5.7,2291.06,1094.54,1,556.0,4973.85,6,0.1664,0
CR-101357,2023-06-14,32,Servicios,14,10.4,5717.2,20592.43,1,344.0,30141.69,18,0.2988,0
CR-100782,2025-02-09,58,Manufactura,37,3.6,1371.89,5120.35,3,300.0,5966.11,24,0.2768,1
CR-104013,2023-07-13,57,Comercio,36,11.4,,14997.97,2,395.0,11266.22,18,0.2424,0
CR-102163,2024-03-15,45,Agro,27,4.7,,7588.15,1,591.0,25333.56,6,0.2139,0
CR-104320,2025-02-04,30,Agro,7,4.8,4422.02,5908.88,1,500.0,8772.74,12,0.2379,0
CR-101978,2025-02-13,55,Comercio,37,1.3,9508.48,102.7,1,743.0,15599.29,36,0.1518,0
CR-101623,2025-05-15,51,Construcción,31,0.5,2685.45,10549.25,1,330.0,10292.44,48,0.285,1
CR-100226,2023-05-14,66,Agro,42,4.4,2431.56,0.0,0,613.0,5596.82,12,0.1864,0
CR-100760,2024-10-31,52,Construcción,33,10.7,2634.55,5517.72,4,416.0,17700.34,36,0.2371,0
CR-105031,2025-03-16,47,Servicios,28,12.3,3076.58,0.0,0,714.0,14424.63,6,0.18,0
CR-100514,2024-08-22,47,Manufactura,29,6.2,2312.51,5428.74,1,400.0,12563.68,12,0.2482,0
CR-101605,2024-02-24,53,Manufactura,30,5.0,2499.7,7568.34,3,445.0,16185.31,24,0.2212,1
CR-102891,2024-10-08,43,Construcción,23,1.6,1866.28,4579.75,2,355.0,6504.43,24,0.2703,0
CR-103930,2024-03-16,26,Comercio,5,3.8,10850.58,41076.62,1,431.0,73497.89,24,0.2105,1
CR-105824,2023-06-12,18,Manufactura,0,2.0,6905.21,2649.79,1,621.0,10814.7,12,0.1971,0
CR-100908,2025-02-27,39,Servicios,21,3.4,1413.12,401.28,3,584.0,8579.07,24,0.1934,0
CR-100193,2024-07-16,54,Servicios,35,6.4,3575.84,0.0,0,654.0,20839.02,36,0.1861,0
CR-100742,2025-06-10,27,Tecnología,5,13.0,4598.48,6344.75,3,512.0,16747.14,24,0.2072,0
CR-100612,2023-02-01,22,Construcción,4,7.1,6402.13,17293.5,1,462.0,25706.51,18,0.2269,0
CR-104388,2024-07-03,20,Comercio,0,11.6,4109.53,5759.87,1,506.0,12180.01,24,0.203,0
CR-101870,2025-06-16,48,Tecnología,25,10.0,2805.7,4363.49,3,520.0,8103.7,48,0.2191,0
CR-105183,2023-10-15,71,Comercio,50,2.0,3454.58,13067.98,2,346.0,18010.03,24,0.257,1
CR-103638,2024-06-20,41,Construcción,20,1.7,4193.43,8739.96,1,451.0,27660.68,24,0.2616,1
CR-100401,2024-08-10,40,Manufactura,18,2.0,1255.42,1121.44,3,522.0,2713.26,6,0.2249,0
CR-103540,2024-12-30,40,Construcción,17,8.3,4285.14,14593.36,1,300.0,7241.6,24,0.2681,0
CR-100849,2024-02-20,49,Comercio,25,3.1,2547.25,3161.49,1,498.0,19079.68,18,0.223,0
CR-105810,2023-05-16,59,Manufactura,38,7.8,9786.26,19875.41,2,547.0,38990.31,24,0.2259,0
CR-101728,2024-06-02,39,Tecnología,17,7.5,6159.8,1963.48,1,652.0,14280.33,18,0.19,0
CR-100374,2023-05-23,44,Manufactura,25,6.4,2901.76,10215.42,4,335.0,12856.37,36,0.2718,1
CR-104704,2023-11-20,46,Construcción,27,2.6,,0.0,0,545.0,12074.52,48,0.2036,0
CR-102935,2024-12-21,18,Servicios,0,10.5,3068.27,6295.33,1,400.0,5820.64,24,0.261,0
CR-101007,2024-02-07,34,Comercio,10,9.3,2333.32,4527.73,3,487.0,15570.83,36,0.2507,0
CR-105754,2024-01-24,28,Manufactura,6,13.7,6909.84,17327.34,1,584.0,51240.37,24,0.1857,0
CR-105413,2023-12-30,48,Comercio,29,5.2,4332.32,5780.15,3,591.0,13930.92,48,0.1711,0
CR-100409,2024-03-15,24,Comercio,2,3.5,2531.78,10121.68,2,300.0,4527.53,6,0.2658,1
CR-100578,2023-01-10,35,Servicios,14,7.9,8887.34,0.0,0,700.0,18335.82,6,0.1688,0
CR-100692,2025-02-16,48,Manufactura,26,9.5,814.25,0.0,0,607.0,5617.58,12,0.1526,0
CR-101611,2023-06-17,35,Comercio,13,15.7,2100.41,6821.3,1,390.0,14723.64,12,0.2452,0
CR-102734,2025-03-20,38,Agro,18,7.8,6572.72,9133.98,1,613.0,37749.57,24,0.1659,0
CR-100655,2025-06-01,42,Servicios,18,7.2,4817.91,2820.03,2,583.0,17391.13,6,0.1824,0
CR-104249,2023-07-16,54,Comercio,34,13.2,7557.13,1038.73,1,691.0,26635.62,12,0.1677,0
CR-103839,2024-09-03,36,Servicios,12,3.9,8176.41,8970.18,2,646.0,39633.57,12,0.1855,0
CR-104584,2024-07-16,35,Tecnología,15,7.7,5824.19,8561.34,1,511.0,43940.0,24,0.2326,0
CR-104525,2025-05-24,25,Servicios,3,4.2,2075.35,0.0,0,605.0,10910.24,18,0.2151,0
CR-103133,2023-06-14,31,Agro,8,4.8,2682.85,0.0,0,642.0,4896.15,24,0.1973,0
CR-100590,2023-06-30,25,Comercio,2,6.3,3206.49,7352.84,1,456.0,20853.48,36,0.2481,0
CR-102906,2024-07-01,51,Comercio,30,7.8,3967.71,0.0,0,761.0,13003.82,6,0.1702,0
CR-101575,2023-01-11,24,Servicios,2,12.6,5704.48,15689.48,2,379.0,15147.97,6,0.2587,1
CR-103129,2023-09-08,42,Comercio,20,12.0,3530.53,0.0,0,634.0,22840.75,6,0.184,0
CR-105191,2024-03-14,44,Comercio,26,2.5,2978.82,5859.66,3,437.0,12571.11,6,0.25,0
CR-102396,2024-02-08,33,Comercio,14,13.2,5422.69,7631.35,2,569.0,38643.59,6,0.1848,0
CR-103124,2025-01-04,41,Servicios,19,8.8,2826.94,7849.2,3,399.0,22346.75,6,0.2534,1
CR-102660,2023-02-08,27,Servicios,6,6.5,6293.96,23082.83,2,420.0,13152.48,24,0.2276,1
CR-101871,2023-02-10,32,Construcción,9,5.8,1816.3,6012.56,4,403.0,4270.18,12,0.26,0
CR-100743,2024-05-15,18,Tecnología,0,4.9,5432.6,21.93,2,,23419.64,18,0.1867,0
CR-105649,2024-01-10,38,Comercio,17,7.1,6324.37,0.0,0,668.0,28062.35,6,0.1655,0
CR-100182,2023-10-19,33,Construcción,11,17.7,1761.13,3288.33,2,529.0,4928.79,24,0.1877,0
CR-104484,2024-10-01,39,Servicios,19,6.6,13858.68,0.0,0,743.0,110251.95,36,0.1542,0
CR-102716,2023-03-10,39,Servicios,19,11.5,1834.72,3875.05,2,469.0,13252.48,18,0.2418,0
CR-101053,2023-01-18,65,Comercio,45,1.8,4300.89,3081.68,2,620.0,10997.39,36,0.1623,0
CR-104178,2025-02-11,18,Construcción,0,2.9,7852.45,17229.22,2,505.0,48814.19,36,0.1951,0
CR-100653,2023-02-04,26,Tecnología,4,4.1,3523.84,7051.31,1,466.0,15861.13,24,0.2201,0
CR-100148,2024-09-23,50,Agro,29,9.8,3115.96,323.66,2,676.0,14535.61,36,0.1732,0
CR-100708,2023-07-03,36,Comercio,17,1.7,2665.97,10285.74,2,300.0,18716.26,48,0.2809,1
CR-100369,2023-06-14,47,Tecnología,28,3.7,3511.13,0.0,0,585.0,10217.78,36,0.1898,0
CR-100023,2023-08-17,36,Construcción,15,5.1,6443.93,2281.77,1,689.0,43982.9,12,0.1658,0
CR-103312,2025-04-15,36,Tecnología,14,8.8,2881.8,11311.01,2,300.0,15083.82,6,0.2781,1
CR-101285,2024-02-29,41,Manufactura,18,3.1,3978.95,13698.08,2,316.0,11262.19,24,0.2889,0
CR-101957,2024-10-20,25,Tecnología,1,1.7,3439.94,7251.66,1,466.0,19138.5,18,0.2591,0
CR-102260,2024-09-29,18,Servicios,0,3.8,2856.88,1824.53,3,575.0,8387.05,24,0.1754,0
CR-101199,2023-09-26,26,Manufactura,8,10.8,1940.16,5190.63,2,410.0,15178.13,12,0.2479,0
CR-100469,2023-08-08,27,Comercio,6,5.3,5217.14,0.0,0,683.0,23642.86,18,0.1662,0
CR-105789,2023-06-20,53,Agro,35,4.7,4051.9,1398.21,1,631.0,7385.08,48,0.1836,0
CR-101192,2025-06-15,35,Comercio,17,8.7,2629.76,0.0,0,611.0,10632.4,24,0.1857,0
CR-100106,2024-01-20,28,Tecnología,4,1.0,,0.0,0,685.0,18922.24,48,0.1526,0
CR-101484,2023-04-27,47,Servicios,25,11.7,1006.42,0.0,0,573.0,3517.88,24,0.1897,0
CR-104939,2023-06-23,28,Comercio,10,17.9,4825.71,8927.87,2,503.0,16963.27,24,0.196,0
CR-100350,2023-11-23,42,Tecnología,18,17.5,7916.51,17944.12,1,506.0,47512.44,24,0.2198,0
CR-104019,2024-05-08,38,Construcción,16,0.7,4891.78,4686.4,3,580.0,19195.98,12,0.185,0
CR-101260,2024-12-12,49,Servicios,28,1.5,2388.77,3793.02,3,494.0,11037.74,18,0.2191,0
CR-100048,2023-06-15,45,Manufactura,27,4.9,1113.52,0.0,0,609.0,2464.76,12,0.1758,0
CR-101443,2024-12-15,54,Comercio,33,12.8,2128.12,2106.26,1,517.0,4105.89,12,0.2104,0
CR-105579,2023-09-13,49,Servicios,26,2.3,2602.24,0.0,0,661.0,13347.72,18,0.163,0
CR-104758,2023-02-25,27,Servicios,7,3.7,1443.73,5506.05,1,364.0,8604.74,48,0.2936,1
CR-105003,2025-04-18,43,Comercio,21,15.7,7814.22,11929.35,2,491.0,26611.85,12,0.2403,0
CR-102511,2024-12-20,57,Manufactura,36,5.2,5915.63,8951.65,2,456.0,44257.36,18,0.2103,0
CR-104463,2024-02-10,31,Comercio,8,19.7,4152.74,9429.27,2,478.0,21486.99,24,0.2406,0
CR-103608,2024-10-31,47,Comercio,26,0.6,3594.44,0.0,0,635.0,27813.42,48,0.1956,0
CR-105636,2024-05-20,43,Tecnología,22,2.5,7825.78,19081.6,2,498.0,23436.84,12,0.2377,0
CR-105134,2023-06-23,32,Tecnología,12,9.0,,0.0,0,613.0,8759.48,12,0.1912,0
CR-105766,2024-08-29,33,Tecnología,9,6.2,1816.78,7072.3,1,300.0,6050.94,36,0.2932,1
CR-103033,2024-07-12,42,Manufactura,18,4.6,5159.91,7109.35,1,643.0,34553.51,12,0.1952,0
CR-102771,2023-11-08,44,Comercio,26,2.3,1527.74,4946.43,1,323.0,9865.33,24,0.2614,1
CR-105769,2024-06-05,40,Manufactura,22,11.8,3600.81,5065.91,3,599.0,13791.37,36,0.1904,0
CR-105375,2024-04-12,48,Servicios,30,17.9,3661.45,6247.26,1,503.0,9923.26,36,0.2371,0
CR-105616,2024-07-15,37,Manufactura,18,12.2,2950.22,231.83,2,714.0,22285.46,48,0.1656,0
CR-102125,2024-06-06,40,Comercio,22,4.4,4612.08,0.0,0,669.0,33824.71,6,0.1909,0
CR-100030,2023-12-10,62,Comercio,43,9.1,10270.76,0.0,0,850.0,63093.99,18,0.09,0
CR-102306,2023-09-28,59,Servicios,37,2.9,3086.93,0.0,0,648.0,6573.65,12,0.1686,0
CR-101226,2024-05-25,46,Construcción,27,1.4,2214.39,1337.98,1,624.0,12593.82,12,0.1891,0
CR-102329,2023-03-17,49,Comercio,29,0.9,6882.39,13877.21,3,489.0,33725.46,24,0.2005,0
CR-103413,2023-03-31,34,Agro,11,4.9,,0.0,0,628.0,8713.98,36,0.1937,0
CR-104955,2025-05-01,61,Comercio,42,6.1,6077.35,11941.19,2,495.0,20064.65,48,0.2552,0
CR-100173,2024-11-13,25,Comercio,4,14.8,1716.53,5196.61,1,364.0,11605.38,12,0.269,0
CR-102676,2025-05-06,55,Tecnología,36,3.1,1787.37,0.0,0,652.0,7733.5,24,0.1847,0
CR-105522,2024-11-24,29,Agro,5,6.9,3454.43,9246.25,1,384.0,7414.7,12,0.2674,0
CR-103241,2023-06-06,29,Manufactura,11,2.6,4203.01,1470.83,1,579.0,6951.23,18,0.172,0
CR-104545,2023-11-11,38,Manufactura,15,7.5,2625.4,1892.45,1,585.0,19560.44,6,0.2058,0
CR-105066,2023-05-09,18,Manufactura,0,1.4,3294.77,6436.35,1,376.0,25750.33,12,0.2436,0
CR-104688,2023-02-25,36,Tecnología,18,11.4,4054.73,9639.07,1,384.0,17028.5,6,0.2631,0
CR-105877,2025-01-29,31,Servicios,12,9.3,2557.21,2194.62,2,561.0,15393.48,12,0.2253,0
CR-100807,2024-10-09,24,Comercio,1,8.5,6765.15,15935.4,2,505.0,45588.97,24,0.1923,0
CR-101469,2024-09-28,19,Servicios,1,3.3,1646.17,3200.96,3,505.0,8642.53,24,0.2123,0
CR-103902,2024-08-23,21,Agro,0,5.4,2709.05,9870.77,2,307.0,15743.1,24,0.2765,1
CR-105951,2025-01-02,46,Comercio,24,9.6,6469.22,0.0,0,700.0,29936.21,6,0.17,0
CR-104327,2025-01-21,43,Tecnología,23,1.8,2721.69,4138.03,2,493.0,4336.19,12,0.244,0
CR-103195,2024-03-09,50,Tecnología,27,3.6,3852.92,9079.85,1,471.0,17294.69,18,0.2354,0
CR-100493,2023-05-17,43,Tecnología,21,12.8,3623.47,874.43,2,570.0,9098.4,12,0.2067,0
CR-101001,2023-06-04,30,Agro,12,6.0,4021.92,4507.04,1,490.0,15858.69,12,0.2573,0
CR-102317,2023-07-18,42,Agro,21,8.0,6862.05,16875.2,5,536.0,52013.84,12,0.1858,0
CR-104574,2024-06-22,49,Manufactura,28,2.0,1843.58,1230.63,1,518.0,14231.57,48,0.2098,0
CR-105622,2024-12-01,45,Comercio,26,8.5,2665.1,500.83,4,607.0,11368.23,12,0.1979,0
CR-100972,2024-07-16,40,Comercio,18,15.7,3525.92,10102.26,1,413.0,22493.64,6,0.2452,1
CR-104785,2025-04-29,21,Servicios,0,19.8,2285.88,0.0,0,,7529.88,48,0.1426,0
CR-105205,2023-05-01,35,Servicios,12,5.0,2542.72,4245.01,3,415.0,5027.62,18,0.2434,0
CR-102811,2025-05-17,34,Manufactura,10,18.3,,13715.3,2,384.0,12577.13,24,0.2287,0
CR-100384,2023-08-12,20,Comercio,0,1.2,5165.19,19490.64,2,331.0,21932.04,48,0.2936,1
CR-104110,2025-04-03,44,Manufactura,24,13.0,2308.36,4692.05,3,520.0,13421.79,12,0.2337,0
CR-101663,2024-12-02,58,Tecnología,35,1.7,3346.54,38.0,1,604.0,6489.16,6,0.2041,0
CR-103345,2024-12-23,35,Construcción,13,5.1,10106.35,7276.46,2,635.0,19208.02,48,0.1736,0
CR-101701,2024-12-25,33,Servicios,10,5.4,2420.95,525.72,1,580.0,13181.52,18,0.1903,0
CR-104112,2023-03-06,31,Construcción,12,8.6,8274.94,15416.37,2,575.0,33963.48,12,0.1925,0
CR-105244,2025-02-03,50,Servicios,26,16.3,6110.64,3347.12,1,689.0,23193.12,36,0.184,0
CR-101058,2024-04-05,39,Comercio,17,4.6,2722.5,3884.3,1,508.0,9838.25,6,0.2093,0
CR-100640,2024-06-28,22,Manufactura,2,11.5,6159.29,18623.49,3,379.0,41765.66,12,0.2375,0
CR-103010,2024-06-19,64,Agro,42,6.3,3769.48,0.0,0,649.0,16531.37,18,0.1771,0
CR-102813,2024-08-11,32,Servicios,10,4.3,1489.36,1199.03,1,509.0,4663.15,48,0.1997,0
CR-105018,2024-05-19,25,Tecnología,6,2.0,4679.97,11372.62,1,439.0,18545.82,18,0.2719,1
CR-105646,2024-01-24,21,Comercio,0,1.6,2986.19,0.0,0,633.0,17094.58,36,0.194,0
CR-101186,2024-06-08,35,Servicios,16,4.4,2089.11,3283.71,1,521.0,10127.42,24,0.2142,0
CR-102662,2024-01-08,34,Comercio,16,8.2,1870.91,3464.72,1,526.0,4659.98,18,0.2263,0
CR-105002,2025-05-05,30,Comercio,8,5.9,5947.76,595.22,2,636.0,20085.0,12,0.1763,0
CR-101716,2024-03-23,32,Tecnología,13,2.4,1015.84,165.38,3,641.0,3781.62,24,0.1897,0
CR-102469,2023-07-11,38,Servicios,18,3.7,3043.08,4025.6,2,500.0,17056.57,12,0.2231,0
CR-101920,2024-02-16,26,Servicios,6,3.2,1780.9,6343.41,2,310.0,7959.31,24,0.3064,0
CR-103143,2024-01-10,41,Comercio,20,15.7,4037.4,934.95,1,624.0,21532.41,18,0.178,0
CR-105358,2025-01-25,33,Construcción,9,24.7,4542.31,5475.5,2,617.0,34706.62,48,0.1867,0
CR-104801,2023-09-09,44,Servicios,23,0.4,4078.71,8048.38,1,427.0,8895.95,48,0.2659,1
CR-100585,2024-12-09,60,Manufactura,40,9.1,2917.4,0.0,0,701.0,19299.47,24,0.1647,0
CR-104287,2023-10-08,31,Servicios,11,3.6,8180.21,26547.09,3,419.0,56492.74,12,0.2453,0
CR-105665,2023-06-26,37,Servicios,13,17.5,2251.09,0.0,0,608.0,10190.27,12,0.2006,0
CR-100076,2023-09-11,33,Construcción,11,8.3,8562.73,28946.88,1,329.0,42807.91,36,0.276,1
CR-102368,2024-05-11,28,Manufactura,6,9.7,4528.97,0.0,0,668.0,32350.64,12,0.1808,0
CR-100625,2023-03-09,32,Comercio,9,3.4,861.0,524.8,1,518.0,6788.27,24,0.2154,0
CR-103403,2025-03-09,50,Servicios,29,3.7,3290.38,12730.16,1,409.0,11101.58,18,0.2906,1
CR-103713,2024-12-05,39,Construcción,15,8.0,3790.57,1048.18,3,629.0,26118.48,24,0.1648,0
CR-101407,2024-02-28,45,Comercio,26,7.5,2795.73,3803.45,1,480.0,21882.72,24,0.2378,0
CR-101905,2024-04-04,25,Servicios,5,8.6,2467.1,0.0,0,642.0,14826.02,24,0.193,0
CR-100375,2025-01-15,64,Comercio,43,4.7,1776.28,0.0,0,582.0,9296.81,12,0.2067,0
CR-100080,2024-11-14,43,Comercio,25,4.9,8227.68,9241.18,1,640.0,53000.73,12,0.19,0
CR-102170,2025-03-13,29,Servicios,5,4.1,5024.44,0.0,0,709.0,16407.02,6,0.1563,0
CR-104125,2023-07-14,37,Servicios,17,6.2,4464.34,1134.37,4,705.0,8123.0,6,0.1856,0
CR-102786,2025-05-07,38,Manufactura,20,8.2,1869.96,154.26,3,612.0,7806.47,48,0.1952,0
CR-102793,2025-05-21,32,Manufactura,12,13.3,3464.56,12277.27,3,335.0,21565.31,6,0.2736,1
CR-105117,2024-02-23,36,Tecnología,16,2.8,2739.24,8735.92,2,471.0,16368.6,6,0.2313,1
CR-100189,2024-10-30,56,Tecnología,35,10.6,4715.68,5475.17,3,560.0,37590.84,24,0.2137,0
CR-105771,2025-03-18,44,Tecnología,24,24.5,1533.92,271.16,2,689.0,11392.86,24,0.1361,0
CR-105558,2023-10-11,32,Comercio,10,5.3,4338.95,9734.3,4,430.0,26917.4,12,0.2173,0
CR-105910,2024-10-26,56,Tecnología,36,9.0,3156.65,2688.48,2,578.0,12174.81,12,0.1861,0
CR-104493,2023-03-10,27,Servicios,6,3.5,3083.04,3360.71,2,482.0,19611.79,6,0.2277,0
CR-102059,2025-05-31,26,Construcción,6,13.2,4699.14,16834.96,1,392.0,22641.18,18,0.2151,1
CR-104569,2023-02-01,43,Agro,21,14.3,3983.85,12818.64,2,423.0,20719.26,24,0.2424,0
CR-102248,2023-02-16,37,Comercio,15,13.1,4365.51,15015.66,3,300.0,24319.45,24,0.2935,1
CR-101383,2025-05-24,36,Comercio,18,1.9,3795.9,8933.48,1,503.0,28791.79,18,0.207,0
CR-104277,2024-06-15,35,Manufactura,14,11.6,2836.38,4630.01,3,504.0,6712.95,18,0.2069,0
CR-104934,2025-02-19,34,Comercio,12,6.3,4253.63,7292.76,1,581.0,12345.15,12,0.2213,0
CR-105752,2024-07-31,50,Comercio,31,6.1,2814.06,8459.19,3,333.0,17633.47,48,0.275,1
CR-103476,2023-07-08,18,Comercio,0,12.3,6982.53,5846.5,1,642.0,50824.45,24,0.1728,0
CR-105238,2023-12-31,30,Servicios,7,3.8,2137.32,1227.8,3,481.0,4320.65,18,0.21,0
CR-103106,2025-03-31,46,Comercio,27,10.6,2670.64,4772.32,1,441.0,20683.84,12,0.2362,0
CR-102110,2024-05-25,42,Tecnología,24,13.1,,10062.49,2,300.0,16747.91,6,0.289,1
CR-100240,2024-05-30,28,Manufactura,8,11.2,13316.91,0.0,0,759.0,61943.76,24,0.126,0
CR-101517,2023-01-25,52,Comercio,32,3.9,2324.08,0.0,0,653.0,11107.33,12,0.1725,0
CR-104738,2025-06-05,47,Servicios,25,5.7,2128.54,3413.6,2,474.0,6152.27,12,0.2472,0
CR-100676,2024-08-17,64,Comercio,41,4.2,1754.81,5527.68,1,300.0,8886.8,24,0.2457,0
CR-103702,2023-03-06,30,Servicios,10,6.4,2227.62,0.0,0,,13494.42,18,0.1998,0
CR-104920,2023-08-07,34,Tecnología,12,9.8,,787.32,1,650.0,35974.82,18,0.1411,0
CR-104306,2024-05-09,41,Manufactura,17,14.6,3009.29,11826.13,1,360.0,19270.54,24,0.2494,0
CR-105631,2025-02-10,55,Servicios,36,27.4,6969.44,0.0,0,690.0,27061.88,24,0.1847,0
CR-101382,2024-12-15,35,Tecnología,16,6.5,7249.87,9407.87,2,538.0,37271.0,36,0.2387,0
CR-101205,2024-05-13,31,Manufactura,10,13.1,4173.31,11740.42,2,412.0,20952.8,48,0.2454,0
CR-102454,2024-08-29,33,Servicios,9,12.0,6226.83,17963.21,2,384.0,29152.66,12,0.2493,0
CR-104492,2025-04-26,30,Comercio,12,2.5,2878.32,0.0,0,655.0,8371.96,12,0.1888,0
CR-101027,2023-04-15,38,Tecnología,15,2.2,3129.24,525.69,2,578.0,10582.2,18,0.2189,0
CR-101816,2024-05-24,45,Agro,21,10.5,3023.44,2431.49,1,578.0,8253.73,18,0.1879,0
CR-105039,2024-01-21,26,Servicios,8,2.9,2959.9,9994.85,1,310.0,13295.92,36,0.2763,1
CR-105227,2023-08-17,35,Manufactura,15,4.1,6061.15,5053.59,4,678.0,33515.87,24,0.1693,0
CR-103430,2024-08-15,20,Servicios,0,13.8,3953.94,10250.91,4,435.0,8326.98,12,0.2279,0
CR-102830,2025-05-16,28,Agro,4,7.5,2537.6,9716.45,1,300.0,9240.61,24,0.2961,1
CR-105342,2023-09-13,39,Comercio,18,4.9,3925.45,11222.62,2,371.0,23282.48,12,0.259,0
CR-103055,2024-04-21,25,Comercio,1,17.4,3085.02,321.24,3,623.0,18580.44,6,0.1884,0
CR-100628,2023-01-23,27,Comercio,9,4.9,,16705.43,1,450.0,29170.84,48,0.2126,0
CR-102373,2023-06-07,56,Agro,32,2.6,2677.49,1046.92,1,517.0,13844.02,12,0.1837,0
CR-105037,2023-11-20,30,Construcción,6,10.8,8788.64,12055.77,1,658.0,61888.34,18,0.1835,0
CR-103070,2024-05-06,47,Manufactura,27,10.4,4024.93,0.0,0,669.0,31640.18,18,0.17,0
CR-102367,2024-11-07,34,Tecnología,15,12.1,,15234.93,3,,44855.28,12,0.2012,1
CR-104749,2024-01-30,19,Construcción,1,4.5,4685.7,17919.3,1,406.0,15857.31,18,0.2571,1
CR-101292,2024-12-16,34,Tecnología,11,4.3,3695.2,4094.52,2,593.0,24736.97,24,0.2156,0
CR-105088,2023-07-18,22,Agro,4,6.7,4297.45,17170.08,2,300.0,13126.99,12,0.2807,0
CR-102814,2024-09-28,38,Manufactura,16,4.5,4048.43,0.0,0,755.0,11058.89,6,0.1428,0
CR-103150,2024-01-22,41,Manufactura,21,2.2,2819.29,0.0,0,653.0,15750.8,18,0.1653,0
CR-102826,2024-03-06,58,Manufactura,36,8.7,6208.02,20736.86,1,430.0,15787.32,18,0.212,0
CR-103852,2024-03-05,23,Servicios,4,13.4,8190.29,14716.97,2,599.0,52493.1,12,0.1945,0
CR-102614,2024-06-21,18,Agro,0,7.7,2421.45,6664.34,1,408.0,18636.06,36,0.2557,0
CR-104048,2024-06-11,36,Comercio,17,4.8,8524.13,28988.01,1,353.0,20711.38,24,0.2534,0
CR-105485,2024-01-09,47,Construcción,25,2.7,2140.08,6033.93,1,422.0,9714.25,18,0.2387,1
CR-103617,2024-09-03,30,Comercio,12,5.8,2501.96,0.0,0,678.0,4069.94,18,0.1681,0
CR-105469,2023-05-25,48,Servicios,27,4.5,4517.24,7034.21,4,458.0,17337.52,6,0.2317,0
CR-101654,2025-04-06,35,Servicios,13,8.4,3042.3,0.0,0,632.0,22297.47,48,0.1902,0
CR-100140,2023-06-20,43,Servicios,24,11.7,2651.8,10418.74,3,300.0,4952.75,36,0.2824,1
CR-101589,2023-12-22,33,Tecnología,14,3.0,2025.39,2004.76,3,519.0,9710.9,24,0.1929,0
CR-102496,2023-03-20,37,Tecnología,18,4.3,1323.75,3093.97,2,412.0,6443.51,6,0.2811,0
CR-104037,2025-04-13,38,Servicios,19,3.8,1905.51,0.0,0,557.0,3271.88,36,0.1996,0
CR-105935,2023-06-27,25,Comercio,4,4.2,5252.93,18574.21,1,353.0,7986.5,24,0.2531,1
CR-105111,2023-03-22,35,Manufactura,16,14.4,4406.04,0.0,0,703.0,25629.1,24,0.1791,0
CR-101069,2023-01-01,37,Comercio,16,8.0,3112.2,7816.36,2,,16386.78,18,0.2474,0
CR-101136,2024-07-02,39,Construcción,21,8.0,5497.05,17108.44,2,443.0,26173.63,18,0.2469,0
CR-100999,2023-01-22,47,Servicios,25,11.5,4701.46,14526.18,1,396.0,36967.5,18,0.232,1
CR-102715,2025-02-25,39,Comercio,20,1.5,2995.8,0.0,0,551.0,8837.52,6,0.1943,0
CR-103200,2024-05-27,32,Manufactura,10,16.3,3360.91,8742.91,1,463.0,19492.68,12,0.2384,0
CR-105514,2024-10-07,34,Comercio,15,5.2,7913.09,0.0,0,793.0,54937.63,18,0.1518,0
CR-100024,2024-12-13,33,Servicios,12,12.3,3297.58,0.0,0,657.0,15627.44,24,0.137,0
CR-102149,2025-03-27,39,Tecnología,20,7.6,1851.24,0.0,0,613.0,10105.39,18,0.1793,0
CR-100261,2024-12-15,35,Manufactura,12,14.0,3091.96,0.0,0,613.0,23529.61,12,0.1914,0
CR-103910,2025-02-25,53,Servicios,30,3.0,6286.15,8941.47,3,578.0,35893.81,12,0.2032,0
CR-103040,2024-07-06,52,Tecnología,30,5.5,3755.69,1603.32,1,587.0,12969.42,12,0.199,0
CR-103297,2024-06-28,37,Servicios,17,12.0,6284.57,0.0,0,678.0,43768.96,24,0.1651,0
CR-105090,2024-12-20,41,Agro,18,7.6,6299.65,5713.42,1,573.0,11366.49,36,0.195,0
CR-102422,2024-06-07,55,Manufactura,32,16.7,5374.84,1743.43,1,703.0,28353.19,18,0.1656,0
CR-103490,2023-09-30,25,Manufactura,7,6.2,4019.96,11132.55,2,361.0,30228.03,18,0.2778,1
CR-103609,2025-04-16,38,Manufactura,14,6.5,721.16,2801.67,2,340.0,3341.01,12,0.2481,1
CR-101695,2024-12-29,43,Comercio,19,0.9,6500.96,23432.37,1,330.0,45713.57,18,0.2634,0
CR-100008,2024-08-06,38,Servicios,15,3.2,6750.24,15765.2,3,504.0,29420.72,12,0.2299,0
CR-101066,2023-11-20,26,Servicios,4,1.5,4011.63,14861.9,2,369.0,8880.59,18,0.2437,1
CR-101902,2023-11-30,45,Tecnología,23,8.0,2753.46,7033.45,2,497.0,14640.08,18,0.2221,0
CR-101713,2025-05-16,37,Servicios,13,24.5,2581.09,6339.66,2,416.0,9666.79,6,0.2086,0
CR-103061,2023-11-07,40,Comercio,19,3.7,4253.35,11270.56,2,393.0,30195.78,18,0.2469,1
CR-100400,2023-06-04,36,Agro,12,7.4,5872.96,6846.85,2,534.0,32388.51,24,0.2,0
CR-105143,2025-04-25,50,Tecnología,31,3.2,1673.55,2967.95,3,510.0,10340.34,12,0.2218,0
CR-105386,2023-06-22,24,Construcción,0,2.2,2965.2,6523.86,3,481.0,16072.82,48,0.2396,0
CR-101994,2023-09-06,39,Manufactura,20,4.3,,13829.39,1,300.0,12155.99,24,0.3016,1
CR-101539,2024-09-13,55,Comercio,32,9.7,4315.07,7613.76,2,504.0,22509.72,18,0.2063,0
CR-105526,2024-09-29,43,Servicios,19,15.0,2395.88,1956.77,2,653.0,11733.09,12,0.1983,0
CR-104134,2025-01-16,26,Comercio,3,16.0,1940.26,5018.32,3,503.0,6632.23,12,0.2216,0
CR-100864,2025-04-03,30,Comercio,6,9.3,5014.18,10026.16,1,565.0,11216.65,18,0.1963,1
CR-105779,2024-12-07,31,Servicios,10,1.8,1390.66,4977.86,1,300.0,3448.08,18,0.3022,1
CR-102433,2024-01-15,39,Comercio,16,1.7,3488.09,6571.28,3,512.0,14464.58,12,0.2064,0
CR-105240,2024-07-28,47,Servicios,24,5.1,2546.14,1588.76,1,491.0,8894.46,6,0.2467,0
CR-104303,2024-12-02,31,Comercio,9,5.7,1590.73,5729.16,2,345.0,10551.75,6,0.286,0
CR-103328,2025-04-16,31,Tecnología,7,6.4,3689.45,3893.48,2,533.0,5972.32,36,0.1921,0
CR-103101,2025-01-27,32,Comercio,10,10.8,8726.45,34080.83,2,366.0,69170.56,18,0.255,1
CR-103362,2024-05-18,40,Servicios,16,9.9,2455.56,7885.7,1,,11056.79,6,0.288,0
CR-102568,2023-05-08,18,Comercio,0,6.7,3450.27,0.0,0,659.0,9976.91,6,0.1814,0
CR-104466,2023-10-31,38,Servicios,18,2.0,1374.2,5135.13,1,300.0,7467.03,18,0.2617,1
CR-100890,2023-08-01,29,Comercio,7,11.0,3412.52,12557.17,2,313.0,22740.47,12,0.2816,1
CR-104811,2023-06-13,34,Manufactura,12,3.3,2837.67,4959.15,1,455.0,20519.8,36,0.2357,0
CR-100698,2024-08-25,28,Agro,8,16.5,3995.46,2990.05,1,653.0,7001.81,24,0.1876,0
CR-104139,2023-02-03,41,Comercio,22,12.8,,0.0,0,706.0,58195.95,36,0.1471,0
CR-100293,2024-12-19,18,Comercio,0,6.6,2322.68,7054.95,5,370.0,5489.93,6,0.268,0
CR-104055,2025-01-06,42,Servicios,20,7.4,2787.51,7835.61,3,349.0,4268.86,24,0.2739,0
CR-102724,2025-05-18,32,Agro,10,7.1,,13014.79,1,391.0,21781.19,12,0.2438,0
CR-102297,2024-05-12,30,Comercio,11,5.4,3857.74,9484.14,2,440.0,27112.72,48,0.2305,0
CR-103788,2025-05-31,58,Servicios,39,5.2,9383.27,19180.3,1,534.0,22853.83,36,0.2252,0
CR-104041,2024-11-10,36,Tecnología,14,2.3,7002.12,14908.46,2,468.0,34876.56,18,0.2509,0
CR-101112,2023-09-16,25,Comercio,5,6.3,6497.99,19996.93,1,419.0,48560.57,24,0.2472,0
CR-100631,2025-01-22,66,Tecnología,47,3.7,3159.11,0.0,0,600.0,7591.51,12,0.1833,0
CR-100212,2024-08-28,38,Tecnología,19,4.5,2895.26,0.0,0,649.0,11871.28,18,0.1658,0
CR-104054,2024-08-21,44,Agro,25,15.5,2966.0,0.0,0,556.0,19027.07,12,0.222,0
CR-105494,2023-01-21,47,Agro,25,4.1,2228.02,76.13,1,585.0,10573.11,36,0.1903,0
CR-101609,2025-05-24,34,Comercio,10,2.5,4835.78,0.0,0,620.0,36191.31,12,0.1982,0
CR-105886,2024-11-03,42,Servicios,24,4.7,1605.49,0.0,0,583.0,5438.05,6,0.2127,0
CR-104377,2024-08-04,37,Manufactura,15,11.6,3608.11,11749.63,3,417.0,28124.9,6,0.247,1
CR-102376,2024-11-03,44,Construcción,24,7.1,4679.31,5954.23,1,515.0,16694.13,6,0.2136,0
CR-100198,2025-02-04,38,Tecnología,20,3.0,2830.13,5751.87,1,503.0,11139.83,12,0.1966,0
CR-105836,2024-12-04,48,Manufactura,29,5.0,3653.33,0.0,0,575.0,18627.94,12,0.2122,0
CR-103781,2025-03-16,18,Manufactura,0,0.6,2269.22,0.0,0,652.0,6417.54,24,0.1657,0
CR-105916,2025-03-29,39,Agro,20,6.5,3611.85,0.0,0,638.0,26470.97,12,0.189,0
CR-105311,2024-10-09,27,Construcción,8,9.1,4674.84,3247.21,5,504.0,7643.13,36,0.2225,0
CR-103065,2023-11-28,38,Agro,14,0.7,1688.23,2934.11,1,348.0,6554.45,24,0.2584,0
CR-105154,2025-06-08,45,Servicios,22,6.4,7059.65,207.32,2,660.0,50448.57,36,0.1858,0
CR-103944,2024-01-07,52,Comercio,29,5.8,8932.45,28465.87,1,421.0,32835.13,12,0.2435,1
CR-101934,2023-10-31,23,Servicios,1,3.8,5259.21,3877.79,3,706.0,29025.37,24,0.1622,0
CR-103535,2023-12-21,23,Manufactura,3,10.6,5290.38,7309.58,1,496.0,33409.97,12,0.2132,0
CR-100570,2025-06-13,22,Agro,0,7.3,3620.35,8251.44,2,491.0,25739.27,18,0.2318,1
CR-103141,2023-02-27,71,Manufactura,53,8.6,12734.84,39343.75,2,496.0,85895.51,24,0.226,1
CR-103728,2024-12-28,41,Servicios,22,5.0,3129.25,10428.73,3,368.0,23223.16,48,0.2562,1
CR-102631,2024-05-07,27,Manufactura,6,3.9,4981.99,3225.35,3,605.0,26673.71,24,0.1596,0
CR-100295,2025-03-26,40,Servicios,16,4.8,2889.72,7268.25,2,323.0,7543.45,24,0.2901,0
CR-103171,2024-12-23,46,Tecnología,24,1.6,4940.87,16870.9,2,300.0,9526.19,12,0.2773,1
CR-102876,2024-12-08,23,Construcción,0,12.2,14823.81,33222.75,2,629.0,109722.58,24,0.1901,0
CR-104528,2024-12-12,30,Tecnología,8,5.7,8710.9,32683.02,1,355.0,30782.09,12,0.2734,0
CR-104788,2023-12-16,60,Comercio,41,5.2,7290.09,17721.11,1,449.0,39177.96,24,0.2195,0
CR-104534,2023-12-11,38,Agro,18,5.2,3305.61,8361.87,1,421.0,7893.88,36,0.2434,0
CR-104348,2024-08-22,42,Servicios,19,14.7,,3150.52,2,534.0,8542.53,18,0.2291,0
CR-103310,2025-01-21,32,Servicios,8,4.8,3208.95,5252.58,1,553.0,21681.47,24,0.1967,0
CR-101204,2025-01-15,31,Comercio,13,0.7,3888.56,0.0,0,683.0,20352.86,36,0.1543,0
CR-104794,2023-02-02,51,Agro,31,1.9,6586.42,21947.61,1,418.0,30506.52,12,0.2328,0
CR-100567,2025-02-06,31,Agro,10,6.2,2403.53,7661.91,3,363.0,4560.66,18,0.2797,0
CR-102446,2024-11-24,34,Comercio,13,1.5,2272.95,1510.14,3,511.0,3451.77,24,0.237,0
CR-103000,2024-10-26,52,Comercio,34,26.9,2118.11,8331.77,2,300.0,12112.87,18,0.2802,0
CR-102439,2025-01-28,37,Agro,18,12.9,6604.52,6325.55,1,643.0,29750.73,36,0.1805,0
CR-104571,2024-10-23,56,Comercio,38,7.5,9190.78,23544.07,2,588.0,14558.2,12,0.1682,0
CR-105659,2023-09-23,40,Servicios,20,15.0,1721.74,0.0,0,623.0,6177.88,48,0.1979,0
CR-102085,2024-10-08,47,Servicios,27,7.3,6936.1,11843.95,2,520.0,29748.24,12,0.2225,0
CR-102509,2023-09-19,35,Servicios,12,5.7,7795.16,22839.54,2,440.0,32717.89,36,0.2342,1
CR-103623,2025-04-14,50,Construcción,30,7.3,3856.7,543.9,2,575.0,28922.63,24,0.1662,0
CR-104665,2024-06-14,48,Construcción,27,2.3,9090.77,19171.56,1,612.0,64909.47,18,0.1799,0
CR-105021,2023-06-10,50,Tecnología,31,6.4,3659.63,8788.39,2,407.0,26708.04,48,0.2693,1
CR-101645,2024-10-08,39,Agro,20,4.1,3874.57,0.0,0,653.0,11475.24,48,0.1625,0
CR-103815,2024-12-07,30,Agro,6,6.5,1338.91,2139.24,1,401.0,9998.31,36,0.2557,0
CR-105308,2024-02-19,53,Comercio,33,12.5,3254.1,0.0,0,608.0,12635.51,6,0.1781,0
CR-100750,2023-08-06,38,Tecnología,20,6.4,2403.42,6339.54,2,405.0,12011.1,18,0.3099,1
CR-101161,2025-04-20,34,Manufactura,14,1.4,3802.22,4066.29,2,534.0,28538.65,18,0.2311,1
CR-104001,2025-03-29,48,Servicios,26,5.0,,0.0,0,588.0,15424.56,24,0.1966,0
CR-102074,2024-03-01,39,Servicios,19,7.6,2290.8,1346.7,1,632.0,14005.37,36,0.1636,0
CR-100277,2025-03-17,26,Tecnología,8,8.5,2531.1,4617.34,2,473.0,6837.27,12,0.211,0
CR-104254,2023-09-22,29,Tecnología,9,7.1,3012.3,286.88,2,618.0,15470.12,12,0.192,0
CR-101146,2023-01-12,43,Servicios,22,12.2,1550.95,4350.93,2,324.0,3940.28,12,0.2697,1
CR-100294,2025-01-04,35,Comercio,12,9.9,1934.33,5488.87,2,343.0,3338.93,36,0.2582,0
CR-100977,2024-02-09,33,Tecnología,11,3.7,2480.62,389.17,2,,9133.63,6,0.2219,0
CR-104355,2025-02-24,30,Servicios,12,9.4,5743.58,0.0,0,698.0,30314.28,24,0.1699,0
CR-101761,2024-07-10,29,Comercio,8,1.5,6289.09,7976.83,1,593.0,16997.99,6,0.2083,0
CR-103018,2024-04-25,42,Servicios,21,7.9,4571.57,3825.6,1,629.0,9792.44,12,0.1891,0
CR-101168,2023-03-11,33,Tecnología,15,4.0,3242.12,10831.39,2,300.0,9938.01,12,0.3063,0
CR-103517,2024-07-19,37,Comercio,15,15.9,2330.14,2072.1,2,599.0,15019.73,24,0.1921,0
CR-102314,2025-06-14,43,Comercio,25,5.0,3769.88,7895.22,1,421.0,17267.1,12,0.2524,0
CR-103324,2024-07-27,48,Tecnología,26,7.1,10283.43,19479.35,3,,44719.18,6,0.1678,0
CR-103545,2025-04-20,31,Servicios,13,4.4,2753.22,3140.48,1,525.0,6611.31,36,0.2116,0
CR-104630,2024-01-15,19,Comercio,1,3.1,3401.58,0.0,0,612.0,7646.9,36,0.1786,0
CR-101369,2024-12-14,49,Tecnología,26,16.6,2621.39,0.0,0,673.0,14622.75,6,0.1841,0
CR-105668,2024-10-05,31,Tecnología,11,30.3,6387.4,8729.65,1,598.0,33855.26,18,0.2295,0
CR-100904,2025-01-17,31,Servicios,7,7.5,3791.83,2471.86,2,601.0,13653.93,12,0.1658,0
CR-104163,2024-01-13,23,Manufactura,1,2.0,1940.05,7185.33,2,315.0,7737.68,12,0.2885,1
CR-102585,2023-09-23,49,Agro,29,5.8,7382.54,8578.14,1,606.0,12797.41,48,0.2127,0
CR-105034,2023-09-25,49,Tecnología,25,10.6,2477.71,6893.66,1,389.0,14044.82,12,0.2636,0
CR-104880,2024-04-03,32,Servicios,10,11.8,6729.06,8169.57,2,483.0,11206.26,48,0.2198,0
CR-101314,2024-01-01,44,Servicios,24,10.4,1712.44,0.0,0,619.0,5440.16,36,0.169,0
CR-104085,2024-05-21,38,Servicios,18,7.8,3776.7,13570.62,1,310.0,23358.84,24,0.2621,0
CR-103915,2023-01-22,35,Manufactura,12,13.7,6910.95,3690.88,1,634.0,21569.75,18,0.1951,0
CR-101726,2024-10-01,28,Servicios,9,5.8,4155.61,414.95,5,653.0,32977.52,48,0.1705,0
CR-102357,2024-04-16,42,Comercio,18,9.9,1533.24,5361.18,1,319.0,2972.87,12,0.2639,1
CR-104841,2025-04-27,27,Comercio,7,9.2,13119.97,33042.23,1,507.0,66679.1,18,0.2239,0
CR-105334,2024-07-16,50,Agro,30,6.1,5018.51,16788.96,1,300.0,36479.18,18,0.2772,1
CR-105225,2025-04-03,42,Manufactura,23,7.5,3683.87,11002.4,2,395.0,18903.16,18,0.2887,1
CR-104808,2023-03-30,32,Manufactura,9,12.0,4042.08,0.0,0,622.0,28067.11,18,0.1679,0
CR-105020,2024-03-19,29,Servicios,9,26.0,5196.28,13690.45,1,474.0,21989.9,12,0.2247,0
CR-104430,2023-02-10,37,Agro,14,2.9,2065.64,5713.66,4,440.0,14032.36,48,0.2075,0
CR-104625,2025-02-27,42,Comercio,18,4.8,3195.94,2318.37,2,560.0,23018.05,24,0.196,0
CR-101397,2025-02-27,36,Manufactura,16,8.4,4901.3,18541.46,2,314.0,15320.29,12,0.3023,1
CR-101244,2024-07-16,49,Servicios,29,9.3,4584.04,1124.03,1,637.0,31555.35,24,0.1622,0
CR-100833,2023-04-10,34,Servicios,14,7.4,902.35,2881.37,2,300.0,4684.23,12,0.2622,1
CR-100149,2025-06-12,40,Tecnología,19,3.3,10206.42,5553.17,4,678.0,28279.39,36,0.1742,0
CR-103647,2024-05-24,34,Servicios,16,4.4,6847.4,21374.93,1,478.0,12701.95,36,0.2232,0
CR-102348,2024-11-16,55,Tecnología,33,9.1,3391.53,5305.03,2,453.0,7695.48,48,0.2207,0
CR-104962,2023-04-16,41,Manufactura,18,8.5,3528.1,9072.14,1,,17360.07,18,0.2857,0
CR-100184,2025-03-28,43,Comercio,20,1.2,,8470.72,1,544.0,12658.76,6,0.186,0
CR-100887,2024-07-27,33,Servicios,9,15.2,1760.33,272.31,1,606.0,12508.78,18,0.1797,0
CR-100920,2023-02-17,35,Construcción,17,5.3,4787.04,12242.71,5,473.0,20270.63,36,0.2186,0
CR-101487,2025-06-09,23,Servicios,1,25.4,2566.72,2420.16,1,514.0,5994.67,48,0.2233,0
CR-102926,2024-04-13,47,Tecnología,27,6.5,1434.82,4387.31,1,365.0,5401.26,18,0.2555,0
CR-103634,2023-05-18,36,Comercio,17,5.2,4190.07,619.39,2,709.0,30567.0,18,0.181,0
CR-104994,2024-06-11,43,Tecnología,24,7.6,3363.44,5693.79,3,538.0,25362.6,6,0.2225,0
CR-105167,2025-03-05,26,Construcción,8,5.8,4513.2,0.0,0,724.0,27757.68,24,0.1336,0
CR-100672,2023-04-13,30,Agro,12,13.0,6715.16,12065.54,3,590.0,32260.99,18,0.2128,0
CR-101908,2024-06-24,33,Servicios,10,17.7,8244.29,13449.21,1,566.0,14174.04,24,0.198,0
CR-102108,2023-05-17,29,Manufactura,6,8.2,6165.94,17116.3,1,429.0,9440.05,6,0.2565,0
CR-102035,2024-10-09,46,Comercio,25,6.5,10598.34,6972.2,1,739.0,75181.69,12,0.1456,0
CR-102231,2024-02-23,26,Servicios,2,5.8,3183.84,955.45,1,578.0,14086.62,6,0.2046,0
CR-100264,2025-06-16,43,Agro,21,1.1,11978.02,10624.88,1,681.0,68979.79,6,0.1482,0
CR-103299,2024-08-10,40,Tecnología,18,8.2,2185.35,7949.46,1,322.0,14879.68,36,0.2706,1
CR-102504,2023-11-08,51,Construcción,29,7.8,5615.12,14083.11,3,438.0,13327.61,6,0.2252,0
CR-105568,2024-11-16,37,Manufactura,15,14.1,4219.01,6658.82,5,522.0,29317.95,18,0.2143,0
CR-101411,2024-07-28,63,Servicios,39,5.2,2477.52,0.0,0,747.0,11816.17,12,0.1524,0
CR-105611,2023-04-10,30,Comercio,10,2.8,,0.0,0,623.0,13373.03,36,0.1429,0
CR-103030,2024-10-20,37,Servicios,14,11.9,2356.08,7637.57,2,389.0,18076.67,12,0.2484,1
CR-100209,2024-01-12,34,Servicios,14,16.0,4460.02,0.0,0,679.0,31547.68,12,0.1792,0
CR-105637,2025-01-28,51,Construcción,30,4.2,4523.38,8995.51,1,476.0,19487.45,36,0.2164,0
CR-102250,2023-03-10,27,Construcción,8,4.5,3131.55,10449.7,2,365.0,17323.19,24,0.2575,0
CR-102395,2024-02-18,25,Comercio,1,2.5,2534.98,0.0,0,630.0,17149.46,6,0.1795,0
CR-104741,2024-06-06,37,Comercio,16,5.0,8472.74,24770.04,3,466.0,62250.5,18,0.2317,0
CR-101500,2025-06-18,32,Comercio,14,6.3,1337.45,4077.82,3,376.0,8880.61,12,0.2533,1
CR-102291,2024-08-05,51,Comercio,31,11.5,4323.43,16348.36,3,300.0,9812.57,12,0.2661,1
CR-101084,2024-06-03,39,Construcción,16,4.7,1917.4,5326.35,2,383.0,12805.32,18,0.2606,0
CR-101267,2023-10-19,45,Construcción,25,10.6,6439.7,11496.69,5,587.0,23646.62,48,0.2201,0
CR-101109,2025-02-26,47,Servicios,26,0.8,11821.79,25189.11,2,610.0,63921.14,48,0.2155,0
CR-103547,2024-03-29,50,Tecnología,26,7.0,2007.2,4723.12,4,353.0,4470.69,48,0.2622,0
CR-102749,2023-05-21,46,Comercio,28,17.3,3767.84,4378.05,4,522.0,16246.96,36,0.2239,0
CR-103454,2025-02-17,54,Comercio,30,2.3,9768.07,22752.5,1,524.0,15729.74,36,0.2286,0
CR-105903,2025-02-28,39,Servicios,18,3.6,2929.88,0.0,0,604.0,18610.82,12,0.199,0
CR-102882,2023-06-20,46,Construcción,28,8.3,2115.81,0.0,0,564.0,12347.74,6,0.2177,0
CR-103437,2023-06-22,39,Manufactura,18,1.7,2184.71,4952.61,4,392.0,7923.06,12,0.2638,0
CR-103322,2023-01-08,40,Tecnología,19,2.3,2692.36,8732.39,2,300.0,17882.56,18,0.2798,1
CR-103966,2024-10-27,27,Comercio,8,6.4,3057.46,9732.94,2,379.0,22517.22,12,0.2385,0
CR-100809,2024-09-30,40,Comercio,21,4.5,4095.52,11321.72,2,366.0,24316.49,24,0.25,1
CR-103170,2024-11-24,50,Servicios,27,6.6,3704.67,5915.09,4,537.0,9364.82,18,0.219,0
CR-103028,2023-10-12,29,Servicios,8,17.0,7464.95,26979.26,2,361.0,15667.87,24,0.2625,0
CR-102875,2025-03-07,18,Servicios,0,3.6,3647.8,13022.6,2,388.0,18594.35,6,0.2709,1
CR-103254,2024-12-08,34,Tecnología,11,7.8,4770.91,13936.99,1,450.0,26853.23,24,0.2336,1
CR-103975,2023-09-19,41,Tecnología,18,5.2,2201.96,4022.26,2,468.0,10946.58,24,0.2338,0
CR-103029,2024-07-29,41,Manufactura,20,17.3,3003.35,0.0,0,657.0,18669.2,36,0.1635,0
CR-105864,2025-04-26,31,Construcción,10,3.6,2464.08,5961.4,1,426.0,17438.03,12,0.2243,0
CR-105550,2023-05-27,46,Comercio,25,6.6,5746.44,4556.28,3,641.0,31440.81,6,0.1786,0
CR-100051,2023-07-13,45,Servicios,21,7.7,7376.61,15248.99,5,546.0,44411.68,12,0.2073,0
CR-105694,2023-09-11,45,Tecnología,22,13.4,1277.22,4565.44,1,,9715.39,6,0.2705,1
CR-104465,2023-07-22,44,Servicios,21,0.6,2108.7,277.79,2,577.0,10431.68,6,0.2071,0
CR-103154,2023-04-08,31,Manufactura,12,12.1,1813.29,0.0,0,618.0,12362.63,12,0.1947,0
CR-101969,2024-03-08,47,Agro,27,2.4,3641.13,12603.89,2,304.0,19181.89,12,0.2745,1
CR-102713,2023-09-14,25,Construcción,2,3.7,1865.72,7271.75,1,300.0,12761.24,18,0.3021,1
CR-101362,2024-03-18,19,Servicios,0,17.9,2947.81,9622.78,2,359.0,21959.2,36,0.2543,1
CR-101514,2023-09-05,19,Agro,0,3.2,5400.26,0.0,0,521.0,38120.84,18,0.1877,0
CR-102152,2023-12-21,29,Comercio,8,11.3,2549.64,7832.36,3,342.0,8753.39,6,0.291,0
CR-105735,2025-01-15,18,Construcción,0,8.2,3968.09,12458.64,1,436.0,16937.73,12,0.2409,0
CR-100112,2024-03-15,31,Comercio,11,6.5,5823.85,4592.38,1,621.0,35488.28,24,0.2025,0
CR-105096,2023-02-10,50,Comercio,28,12.6,5569.03,7454.15,1,550.0,26213.29,18,0.1669,0
CR-100168,2023-05-17,36,Servicios,15,26.2,2396.94,1982.53,1,618.0,9359.22,6,0.1651,0
CR-102322,2023-11-27,51,Tecnología,33,4.0,1367.0,2631.32,1,384.0,5155.84,24,0.2681,0
CR-104797,2024-07-29,47,Servicios,23,9.6,1595.32,2674.65,1,488.0,11234.57,18,0.2406,0
CR-104600,2023-06-22,46,Comercio,23,3.5,2739.2,8195.88,3,328.0,8268.36,6,0.2779,0
CR-105232,2024-06-18,32,Comercio,14,14.4,6029.65,0.0,0,733.0,46744.33,48,0.1857,0
CR-102602,2025-04-14,37,Agro,14,1.2,3841.29,12246.67,2,368.0,7153.06,18,0.284,0
CR-104846,2024-07-23,48,Construcción,25,13.7,4184.09,9439.22,1,500.0,10760.91,24,0.2327,0
CR-104256,2024-01-08,19,Servicios,0,1.7,1809.61,1490.09,1,573.0,11989.87,12,0.2003,0
CR-101245,2024-10-06,39,Tecnología,18,6.1,1636.21,6157.46,1,300.0,8352.0,24,0.2794,0
CR-101354,2023-07-29,59,Agro,39,3.3,3071.51,10606.46,1,337.0,15875.45,18,0.3057,0
CR-103758,2024-05-08,42,Servicios,21,9.1,2097.83,8182.3,1,306.0,4299.84,18,0.2915,1
CR-104235,2023-12-23,45,Tecnología,22,22.2,8647.32,0.0,0,725.0,46675.73,36,0.1632,0
CR-101157,2024-06-08,54,Manufactura,36,9.0,3386.46,10633.27,3,351.0,7249.61,18,0.2737,1
CR-103537,2024-09-14,34,Manufactura,10,6.4,7096.33,1842.4,2,645.0,40784.31,24,0.18,1
CR-105125,2025-03-31,54,Servicios,36,6.3,5464.64,3392.35,1,596.0,18771.87,6,0.1964,0
CR-103326,2025-04-27,44,Comercio,24,1.3,4883.3,0.0,0,,34966.17,12,0.1892,0
CR-104619,2024-11-17,44,Servicios,25,16.7,,6220.31,3,440.0,15959.03,48,0.2655,1
CR-105965,2024-07-14,51,Construcción,29,17.1,3671.68,7918.14,1,510.0,27526.62,12,0.2201,0
CR-101115,2025-01-20,39,Servicios,15,2.9,4846.74,16871.14,4,427.0,38157.9,24,0.2646,0
CR-102483,2023-10-09,38,Construcción,17,6.8,2297.0,0.0,0,595.0,12983.75,12,0.2083,0
CR-100853,2023-01-15,38,Comercio,17,6.9,4058.13,0.0,0,689.0,18737.73,12,0.1645,0
CR-105553,2025-05-20,31,Manufactura,8,9.3,4915.41,11503.14,1,503.0,9028.9,6,0.2276,0
CR-104435,2023-01-13,47,Comercio,26,2.3,1099.13,1014.59,2,559.0,8223.94,24,0.1982,0
CR-105475,2023-07-28,26,Agro,4,1.2,3521.44,10411.64,1,352.0,19223.01,6,0.2865,0
CR-102258,2024-07-23,50,Manufactura,27,11.4,1932.91,0.0,0,497.0,13937.36,12,0.2434,0
CR-103899,2024-12-29,42,Comercio,24,9.9,5325.27,0.0,0,607.0,21050.01,24,0.1931,0
CR-100053,2024-11-03,34,Construcción,14,13.7,1060.89,2773.92,1,373.0,1904.98,6,0.2738,0
CR-104061,2025-01-24,50,Construcción,26,2.8,6610.37,1987.34,1,676.0,35098.28,12,0.1663,0
CR-105390,2025-05-29,56,Manufactura,38,4.5,,1152.35,1,600.0,42192.47,18,0.2005,0
CR-102177,2023-08-09,44,Agro,24,2.3,3577.4,3140.74,1,697.0,7247.85,24,0.144,0
CR-105427,2024-07-15,39,Comercio,20,6.3,2444.89,0.0,0,648.0,11112.27,24,0.1541,0
CR-105483,2024-10-24,54,Servicios,36,3.4,2650.64,8780.07,2,346.0,20987.75,12,0.2761,1
CR-103700,2023-01-20,37,Servicios,19,10.8,4501.37,0.0,0,688.0,32662.58,48,0.1761,0
CR-102552,2025-02-18,33,Tecnología,12,3.3,1979.74,1804.92,2,564.0,5901.02,12,0.2174,0
CR-102008,2025-04-06,51,Construcción,31,13.0,3202.89,5099.3,1,533.0,20875.18,36,0.2108,0
CR-102841,2023-03-25,50,Construcción,26,13.5,1947.63,5787.32,1,404.0,3918.66,6,0.2352,1
CR-101212,2024-04-21,36,Servicios,15,8.2,3268.1,3979.11,1,531.0,12579.2,36,0.244,0
CR-104263,2023-11-16,48,Agro,28,6.3,2393.41,144.07,1,631.0,15553.48,18,0.1465,0
CR-103145,2024-11-21,42,Servicios,19,6.4,8894.74,0.0,0,750.0,64513.42,12,0.1391,0
CR-104448,2024-06-24,53,Servicios,33,5.6,4490.41,16827.96,1,360.0,27826.51,24,0.2581,0
CR-105298,2024-11-21,45,Servicios,23,2.7,5614.2,15627.56,2,418.0,16291.55,18,0.2309,1
CR-103848,2023-03-09,48,Construcción,29,4.8,14269.55,0.0,0,801.0,83187.29,18,0.1341,0
CR-103994,2024-03-14,45,Construcción,25,2.7,7006.03,2757.84,2,627.0,13689.17,6,0.2135,0
CR-105691,2025-03-07,34,Construcción,10,16.3,6254.21,24961.05,2,329.0,49671.83,6,0.2505,1
CR-103591,2024-06-17,53,Agro,34,8.5,3416.24,0.0,0,652.0,20753.89,36,0.1588,0
CR-105670,2023-01-29,32,Servicios,9,4.2,5534.02,6818.08,2,521.0,22885.82,48,0.2169,0
CR-102765,2025-04-14,30,Manufactura,7,1.3,3175.54,2412.24,1,488.0,17283.13,12,0.2136,0
CR-100515,2024-08-22,42,Servicios,24,3.3,2236.74,6656.2,2,381.0,6216.31,12,0.2681,1
CR-105484,2025-05-27,47,Servicios,28,4.9,3185.21,6091.06,3,569.0,6488.72,48,0.2251,0
CR-102709,2025-04-08,37,Construcción,19,4.6,749.08,1603.11,1,409.0,4590.71,12,0.2424,0
CR-100356,2025-01-16,41,Servicios,22,9.1,2496.5,3257.48,2,445.0,13521.55,18,0.23,0
CR-105468,2025-01-16,42,Construcción,22,15.7,1867.79,1276.35,2,639.0,12046.76,6,0.1679,0
CR-102710,2024-05-28,37,Manufactura,19,5.2,2039.79,0.0,0,673.0,13034.68,6,0.1699,0
CR-100529,2024-05-09,55,Comercio,36,7.8,9481.96,37477.78,1,349.0,69765.64,18,0.2614,1
CR-103320,2024-11-22,20,Comercio,0,2.3,2251.89,3829.29,2,491.0,16701.31,6,0.2264,0
CR-100059,2024-10-01,49,Tecnología,29,4.1,,10089.26,2,622.0,62026.2,48,0.1808,0
CR-100948,2024-05-02,42,Comercio,24,9.3,2562.82,6539.61,2,385.0,7593.03,24,0.2554,0
CR-105804,2023-04-12,35,Servicios,17,18.5,3212.74,9628.2,1,419.0,17073.72,24,0.2499,0
CR-100281,2023-11-01,19,Comercio,0,13.1,11515.14,23111.61,3,598.0,46871.3,12,0.1732,0
CR-103348,2025-01-23,44,Servicios,22,3.1,3756.88,0.0,0,669.0,8124.22,18,0.1656,0
CR-101629,2024-12-28,50,Tecnología,26,9.0,5698.61,940.39,1,651.0,35262.56,48,0.1721,0
CR-102782,2025-03-02,44,Manufactura,22,5.3,2542.89,1041.22,2,666.0,15693.42,48,0.1833,0
CR-104180,2025-01-17,51,Servicios,33,3.4,4937.63,17981.04,2,300.0,16640.13,12,0.2763,1
CR-105200,2023-11-14,41,Servicios,18,3.9,4333.2,0.0,0,640.0,29337.61,48,0.1637,0
CR-105210,2023-08-27,42,Agro,21,1.5,,7608.23,1,563.0,14205.21,48,0.2275,0
CR-100451,2025-02-03,42,Tecnología,18,5.5,5405.94,5216.57,2,564.0,12976.8,6,0.1925,0
CR-103575,2025-06-14,18,Manufactura,0,6.5,,13826.29,3,343.0,15544.09,18,0.2605,1
CR-102732,2023-09-25,57,Servicios,35,6.7,,5865.67,1,560.0,18986.66,12,0.2317,0
CR-104698,2023-03-09,50,Manufactura,26,17.3,3668.33,9777.89,2,469.0,9812.67,36,0.2543,0
CR-101276,2023-12-09,31,Tecnología,11,8.0,1852.9,6826.47,2,300.0,8647.85,24,0.2755,1
CR-101283,2023-03-15,47,Construcción,26,6.8,1325.49,2278.46,3,440.0,7818.33,24,0.2297,0
CR-104047,2025-03-25,32,Agro,13,3.4,,10370.51,3,323.0,10133.99,6,0.2699,0
CR-105626,2023-12-29,42,Agro,21,3.5,2422.45,2684.88,2,554.0,10863.8,48,0.2281,0
CR-101530,2025-06-05,44,Manufactura,23,5.9,15242.64,0.0,0,849.0,23104.58,18,0.1309,0
CR-104033,2025-02-16,45,Servicios,24,3.7,4918.04,12504.16,3,447.0,14629.79,48,0.2428,0
CR-100805,2024-07-25,50,Tecnología,29,7.0,6204.13,0.0,0,663.0,11343.53,12,0.2,0
CR-105875,2023-12-03,50,Tecnología,32,4.6,,0.0,0,687.0,23009.38,12,0.1583,0
CR-101529,2023-05-12,45,Servicios,25,11.2,4703.75,16816.09,1,424.0,8422.08,12,0.2378,0
CR-102554,2023-11-18,42,Tecnología,24,4.5,6302.6,2396.12,2,681.0,50367.58,12,0.1606,0
CR-103749,2024-05-17,52,Servicios,30,19.9,3696.9,9775.0,3,495.0,28029.35,6,0.2209,1
CR-104757,2023-08-27,47,Manufactura,27,4.1,2844.99,5359.88,2,,10214.47,18,0.2566,0
CR-100049,2024-10-27,39,Comercio,17,3.5,4080.3,11262.56,1,457.0,29019.2,48,0.2515,0
CR-102691,2023-12-13,27,Construcción,3,10.2,2050.21,7712.49,1,,14297.63,12,0.2922,0
CR-103054,2023-02-01,33,Servicios,10,12.5,1980.35,2305.8,2,584.0,10787.72,6,0.209,0
CR-100801,2023-10-24,26,Construcción,3,4.5,1604.84,2473.96,1,,11703.71,48,0.215,0
CR-105265,2023-08-30,37,Servicios,14,5.9,4760.86,5110.45,2,524.0,16669.87,12,0.2083,0
CR-101367,2023-06-09,53,Servicios,31,4.5,7276.74,23253.82,1,440.0,43739.9,24,0.2424,0
CR-100424,2024-05-09,28,Servicios,8,11.8,4505.46,15054.13,3,377.0,19779.89,12,0.2513,0
CR-105770,2023-05-25,51,Comercio,31,8.2,3179.65,7141.53,3,422.0,17761.58,12,0.2654,1
CR-100000,2023-03-26,41,Construcción,19,4.7,8844.61,21942.32,1,532.0,60103.47,12,0.2169,1
CR-104568,2023-10-10,45,Tecnología,23,15.1,4075.15,5790.66,2,537.0,28412.04,24,0.2348,0
CR-102034,2024-12-19,39,Manufactura,20,8.9,2535.97,6743.75,3,417.0,16365.28,18,0.2384,0
CR-101269,2024-02-15,45,Comercio,22,4.4,965.37,0.0,0,643.0,1907.96,24,0.1576,0
CR-100176,2023-06-19,55,Comercio,32,13.5,,0.0,0,647.0,19962.72,36,0.1658,0
CR-105366,2023-07-18,32,Comercio,11,4.5,2223.53,0.0,0,591.0,6420.84,18,0.2235,0
CR-100512,2023-02-10,39,Tecnología,19,16.7,2266.76,3166.36,1,555.0,15703.26,36,0.1982,0
CR-101286,2024-06-30,23,Comercio,1,3.2,10780.71,0.0,0,696.0,31430.39,12,0.1551,0
CR-101462,2023-10-13,29,Comercio,5,9.7,4687.72,6884.06,4,548.0,17528.45,36,0.1885,0
CR-102409,2023-05-15,32,Servicios,14,11.7,3846.56,4972.4,1,599.0,19181.89,12,0.1935,0
CR-104714,2024-08-02,32,Construcción,9,5.0,,0.0,0,643.0,10624.42,36,0.1675,0
CR-102384,2024-05-26,46,Comercio,22,12.1,3049.49,3460.7,1,494.0,16143.53,24,0.2153,0
CR-100766,2025-06-15,39,Manufactura,21,10.2,2719.09,5699.45,2,394.0,11653.8,36,0.2672,0
CR-101348,2023-02-09,48,Tecnología,30,5.8,2633.86,4394.11,3,466.0,20414.19,36,0.2376,1
CR-103785,2024-09-16,25,Comercio,4,10.6,2787.74,6682.3,1,387.0,20308.52,12,0.2485,0
CR-102482,2024-02-03,40,Comercio,20,3.2,1235.18,232.02,2,,7985.81,12,0.2063,0
CR-101054,2023-05-26,23,Manufactura,1,1.5,5421.9,1035.66,2,620.0,15605.29,6,0.1903,0
CR-105495,2023-12-24,42,Agro,19,0.1,4269.06,0.0,0,674.0,18941.72,24,0.1411,0
CR-105207,2024-05-23,27,Construcción,4,2.6,,4697.78,4,554.0,26495.08,24,0.1935,0
CR-102455,2023-12-09,39,Agro,18,15.2,2873.66,9124.3,1,399.0,16350.12,12,0.2496,0
CR-100532,2023-01-13,33,Servicios,13,5.8,3286.62,108.5,1,541.0,23023.41,24,0.2183,0
CR-105290,2024-01-08,43,Servicios,20,10.3,1183.73,3936.03,1,,4145.14,12,0.2636,1
CR-105335,2024-10-26,26,Servicios,4,2.7,4508.99,14873.51,2,400.0,18447.74,6,0.2636,0
CR-105404,2023-09-07,41,Manufactura,22,8.0,,10014.03,4,518.0,14304.86,6,0.2126,0
CR-100380,2025-05-23,39,Manufactura,15,2.9,5451.87,7457.7,1,568.0,25140.56,6,0.1962,0
CR-101866,2023-03-29,36,Comercio,16,9.6,3694.71,0.0,0,,13647.41,24,0.1595,0
CR-105421,2025-04-11,25,Agro,6,7.0,6855.6,15345.05,2,501.0,28279.3,48,0.2165,0
CR-103346,2023-11-13,41,Comercio,21,4.3,3223.83,0.0,0,660.0,11097.67,18,0.1728,0
CR-102681,2024-01-25,36,Servicios,13,29.5,3858.51,0.0,0,769.0,23339.38,18,0.1281,0
CR-105091,2023-07-14,43,Comercio,22,6.4,2512.75,7241.72,1,338.0,7766.38,18,0.261,1
CR-100930,2024-09-28,38,Servicios,17,4.4,5169.0,0.0,0,676.0,20804.06,24,0.169,0
CR-102626,2023-11-17,53,Agro,30,10.8,7348.23,12972.57,1,527.0,41826.76,6,0.2191,0
CR-102526,2024-06-23,37,Comercio,13,10.1,1857.58,1544.67,2,519.0,5934.93,6,0.2307,0
CR-105956,2023-09-04,28,Comercio,4,18.1,14812.73,2235.73,2,797.0,85931.74,12,0.1192,0
CR-103162,2023-03-10,44,Manufactura,20,1.9,2370.65,4326.29,3,486.0,12816.56,6,0.2126,1
CR-100419,2024-10-09,53,Manufactura,34,9.2,3945.07,15039.4,1,300.0,23701.6,48,0.2725,1
CR-103714,2024-05-07,29,Servicios,5,3.4,2476.16,2708.95,1,,8937.38,6,0.1998,0
CR-101480,2024-12-02,43,Comercio,20,7.7,3385.41,12420.74,3,300.0,17976.74,18,0.2467,1
CR-101059,2025-06-15,43,Manufactura,21,15.5,5340.12,0.0,0,674.0,10693.56,6,0.1563,0
CR-101970,2024-01-13,35,Manufactura,11,1.1,,8908.51,2,598.0,8274.95,6,0.1996,0
CR-104176,2024-05-02,43,Construcción,23,12.0,2257.47,5804.11,1,454.0,9520.01,12,0.2368,0
CR-100073,2025-05-24,43,Comercio,22,17.0,2567.74,3946.57,1,499.0,18720.97,6,0.22,0
CR-103173,2024-03-05,38,Servicios,17,13.6,3660.97,64.45,1,646.0,15900.39,12,0.1753,0
CR-102604,2024-06-20,51,Tecnología,31,7.4,2306.21,3059.76,3,535.0,18276.03,12,0.197,0
CR-102880,2025-01-11,41,Servicios,17,6.7,4051.13,430.11,3,709.0,19629.14,18,0.1807,0
CR-101252,2023-07-21,29,Comercio,11,5.6,5927.32,0.0,0,693.0,41189.23,36,0.1582,0
CR-104394,2025-03-14,25,Servicios,5,9.9,3027.28,0.0,0,670.0,13307.96,24,0.1769,0
CR-101894,2023-11-27,35,Comercio,14,3.8,7607.83,25439.12,1,388.0,21675.16,18,0.2366,0
CR-102598,2024-02-04,18,Comercio,0,3.6,7579.59,55.83,1,795.0,59909.48,6,0.1147,0
CR-101864,2024-06-24,41,Tecnología,20,15.1,2061.26,8149.0,2,300.0,14080.05,6,0.2792,1
CR-101461,2024-08-02,30,Manufactura,9,3.1,2754.59,8950.84,2,335.0,12291.54,6,0.259,1
CR-104603,2023-12-25,44,Comercio,23,11.5,2477.72,0.0,0,682.0,9113.96,36,0.1592,0
CR-101181,2023-10-12,47,Servicios,23,25.7,2457.17,7239.69,1,346.0,6606.64,24,0.2631,1
CR-105436,2023-03-24,32,Comercio,12,5.4,1575.52,2499.52,1,477.0,6926.95,6,0.1974,0
CR-100488,2023-04-22,29,Servicios,9,4.4,3213.75,5177.02,2,524.0,23471.82,6,0.2079,0
CR-101124,2025-03-16,36,Comercio,15,6.2,2332.56,7772.25,2,393.0,15574.78,12,0.2654,0
CR-101257,2024-06-25,38,Agro,14,0.6,16037.15,31643.94,2,646.0,34875.9,36,0.1984,0
CR-101541,2023-07-27,47,Comercio,23,10.4,3041.88,331.74,6,717.0,23549.22,6,0.184,0
CR-100388,2024-02-09,41,Tecnología,19,12.6,1671.58,4304.72,2,476.0,10125.43,48,0.2261,0
CR-103065,2023-11-28,38,Agro,14,0.7,1688.23,2934.11,1,348.0,6554.45,24,0.2584,0
CR-103919,2023-01-24,42,Comercio,20,5.5,4813.59,11810.28,2,430.0,21700.16,24,0.2268,0
CR-104754,2023-08-25,58,Comercio,35,12.7,6234.08,0.0,0,623.0,23213.33,18,0.2191,0
CR-102211,2023-10-10,49,Manufactura,28,3.6,2400.22,8134.46,1,300.0,15387.2,18,0.2771,1
CR-101290,2024-04-17,40,Comercio,20,15.6,3040.3,3864.43,2,514.0,21323.35,12,0.2213,0
CR-102510,2024-01-27,31,Comercio,7,6.4,1824.81,0.0,0,637.0,5014.93,24,0.2048,0
CR-102995,2023-02-12,30,Comercio,10,6.9,2134.49,0.0,0,638.0,5005.58,36,0.1707,0
CR-105807,2024-08-21,36,Servicios,12,2.3,2006.52,7345.37,1,300.0,4156.99,12,0.2438,0
CR-100455,2023-05-13,40,Manufactura,16,2.9,3509.21,8080.36,2,406.0,21263.58,12,0.2288,1
CR-100815,2024-02-03,41,Comercio,18,6.5,4650.61,14235.15,1,390.0,18282.89,6,0.256,0
CR-101086,2024-03-30,23,Agro,3,1.9,3183.29,3046.19,1,539.0,11444.77,12,0.2041,0
CR-102920,2025-03-02,30,Manufactura,12,3.4,2496.57,1673.25,1,602.0,7986.47,18,0.1916,0
CR-102638,2024-04-01,45,Construcción,23,4.9,2115.81,2213.55,4,559.0,15739.77,12,0.2262,0
CR-103130,2025-06-04,45,Construcción,27,11.8,2177.07,0.0,0,628.0,3713.58,24,0.1863,0
CR-105865,2023-09-19,20,Comercio,0,23.1,2015.37,4200.77,1,481.0,10247.97,6,0.2427,1
CR-101279,2023-12-08,36,Tecnología,14,1.3,4445.05,0.0,0,649.0,24873.26,48,0.1904,0
CR-101429,2024-09-14,46,Tecnología,28,3.9,3944.77,11806.41,1,386.0,18042.7,12,0.2592,0
CR-102777,2024-04-18,33,Agro,15,5.0,1633.2,5391.96,2,365.0,3260.2,24,0.2307,0
CR-102222,2024-12-07,39,Manufactura,19,10.5,1878.56,5984.46,1,308.0,13513.48,12,0.2627,0
CR-100352,2023-10-27,32,Tecnología,13,5.4,3554.2,13056.53,4,342.0,27071.57,18,0.2768,1
CR-104419,2023-01-10,53,Servicios,32,5.2,1417.39,5637.2,2,300.0,4552.48,12,0.28,1
CR-103719,2024-04-04,41,Comercio,18,1.5,5007.22,17840.43,2,356.0,14962.73,24,0.274,0
CR-103389,2023-03-02,32,Comercio,12,4.5,5201.15,18311.64,2,411.0,11937.06,12,0.2554,1
CR-103873,2024-01-29,25,Servicios,3,5.9,7550.75,26395.74,3,409.0,27286.42,18,0.2524,0
CR-102082,2024-03-20,25,Agro,1,7.8,3701.79,13974.23,4,334.0,21472.81,18,0.2907,1
CR-101203,2023-11-20,37,Comercio,15,2.9,3512.49,876.45,2,643.0,15999.85,6,0.187,0
CR-101405,2023-05-01,46,Servicios,26,0.7,1708.67,0.0,0,574.0,9133.31,18,0.2016,0
CR-105186,2025-04-15,45,Agro,27,6.8,1760.29,5329.5,2,348.0,4426.55,36,0.2749,1
CR-101699,2023-08-26,40,Tecnología,17,7.8,20320.7,0.0,0,850.0,80231.69,48,0.1172,0
CR-101705,2024-11-07,59,Agro,39,8.6,7895.84,18995.83,3,513.0,62251.87,12,0.2289,1
CR-102913,2023-03-09,18,Servicios,0,2.0,1645.67,6516.25,1,300.0,10250.56,12,0.2699,1
CR-101274,2025-02-06,31,Construcción,9,2.8,3367.89,10681.6,1,370.0,7750.08,24,0.2625,1
CR-102207,2025-06-09,43,Servicios,20,31.4,,8596.59,2,459.0,20230.84,12,0.2168,0
CR-100163,2024-10-28,29,Comercio,8,7.9,6579.23,5150.31,3,612.0,50226.26,48,0.1886,0
CR-102047,2024-04-04,43,Servicios,22,3.6,3379.9,8841.09,1,355.0,10586.91,12,0.2663,0
CR-104854,2024-10-08,35,Comercio,11,6.1,4515.06,13921.77,1,300.0,25059.97,6,0.2743,1
CR-103280,2024-04-24,57,Comercio,33,14.6,2360.86,6225.47,2,423.0,12900.81,6,0.2398,0
CR-103360,2023-03-15,37,Construcción,15,8.6,3890.34,8404.68,5,523.0,17532.72,18,0.2205,0
CR-103688,2023-10-17,67,Construcción,46,8.4,10509.86,29860.31,2,554.0,45680.04,24,0.2166,0
CR-105544,2023-06-15,37,Construcción,13,8.2,3336.48,0.0,0,668.0,19022.45,36,0.1821,0
CR-100408,2024-01-12,18,Manufactura,0,6.7,3239.63,3842.41,1,487.0,7031.58,12,0.2232,0
CR-104238,2024-04-28,37,Construcción,13,2.5,2392.92,0.0,0,599.0,11017.06,18,0.1972,0
CR-104118,2024-06-15,30,Comercio,6,14.9,1991.65,0.0,0,628.0,12121.17,24,0.1863,0
CR-105114,2024-05-02,56,Servicios,35,1.5,1219.03,0.0,0,596.0,8859.34,24,0.18,0
CR-100641,2024-11-30,46,Comercio,23,5.6,5271.23,13343.19,1,431.0,12225.47,12,0.2377,0
CR-105332,2023-07-16,41,Servicios,21,7.7,1819.0,0.0,0,678.0,7541.86,18,0.2149,0
CR-101343,2024-08-01,32,Manufactura,10,11.9,2425.29,2524.42,1,555.0,18172.06,24,0.1911,0
CR-104480,2024-06-04,40,Construcción,20,5.9,3450.49,6763.17,2,422.0,11603.45,12,0.2506,0
CR-100888,2025-05-13,18,Servicios,0,0.7,2287.37,4221.26,1,500.0,9238.17,48,0.2045,0
CR-101557,2024-12-09,46,Construcción,25,2.5,3732.21,0.0,0,,24902.71,18,0.2097,0
CR-101085,2025-05-16,34,Servicios,10,6.2,3265.37,10496.27,3,384.0,14689.31,18,0.2374,1
CR-103927,2023-04-02,22,Agro,0,6.2,2041.2,6781.76,1,391.0,9977.93,36,0.2426,1
CR-100531,2024-12-02,28,Agro,10,3.9,10007.18,4973.01,4,811.0,58658.22,48,0.1446,0
CR-103008,2023-10-11,35,Servicios,11,5.8,10254.35,25542.93,2,517.0,47200.65,6,0.2301,0
CR-102447,2023-06-14,33,Manufactura,9,6.8,4802.42,5173.03,2,525.0,29798.85,12,0.1983,0
CR-105920,2023-10-05,35,Comercio,11,4.8,3621.36,0.0,0,731.0,17065.77,12,0.1704,0
CR-102767,2024-05-31,57,Manufactura,37,21.2,8878.79,24730.05,3,,18868.8,24,0.1879,0
CR-101671,2023-08-09,20,Construcción,0,5.3,5857.19,12737.43,1,474.0,43392.25,6,0.2428,0
CR-102109,2024-08-06,40,Comercio,18,3.3,4150.61,2877.02,1,572.0,25935.3,12,0.2157,0
CR-101148,2024-03-06,49,Tecnología,29,3.6,9757.73,0.0,0,772.0,36443.34,12,0.1354,0
CR-103166,2025-04-24,28,Servicios,4,1.9,3609.78,10341.11,5,394.0,19783.63,12,0.2683,0
CR-100266,2023-06-12,40,Tecnología,21,1.0,4193.19,13443.9,1,392.0,33129.17,6,0.2665,1
CR-103763,2023-07-18,44,Servicios,24,3.4,3036.5,9052.09,1,424.0,4767.45,12,0.2452,0
CR-105853,2024-11-20,22,Comercio,2,2.6,2392.16,9368.76,2,300.0,4240.32,12,0.2895,1
CR-103736,2024-06-08,33,Manufactura,15,6.3,2334.97,8233.21,2,334.0,9080.11,24,0.2975,0
CR-100360,2024-08-08,36,Agro,16,16.9,1966.28,3262.28,3,493.0,4747.11,12,0.2457,0
CR-101460,2023-11-17,49,Servicios,29,3.6,4892.08,0.0,0,616.0,27730.08,36,0.1856,0
CR-103421,2024-11-21,37,Servicios,14,5.6,4031.0,5557.11,1,523.0,18245.86,24,0.2171,0
CR-100952,2023-03-13,43,Tecnología,23,20.2,,547.39,2,721.0,12321.73,12,0.1494,0
CR-102160,2024-10-19,32,Manufactura,10,2.0,2706.37,7435.36,1,436.0,5422.19,6,0.2329,0
CR-105902,2024-06-30,36,Comercio,13,3.7,2903.21,0.0,0,645.0,17980.64,12,0.1969,0
CR-101574,2024-02-20,22,Comercio,0,2.9,7316.29,21233.76,1,444.0,36394.04,48,0.233,1
CR-105330,2024-07-19,42,Comercio,18,14.3,6640.63,5994.77,2,654.0,46256.64,12,0.1865,0
CR-103337,2024-02-10,43,Servicios,24,5.8,7608.57,16033.64,2,502.0,32878.24,24,0.218,0
CR-101842,2023-01-24,48,Comercio,24,8.6,2780.22,2334.96,1,617.0,10967.5,12,0.1679,0
CR-102208,2023-05-22,45,Comercio,21,10.9,4610.77,13130.33,1,400.0,24094.84,36,0.26,1
CR-102979,2024-10-19,63,Manufactura,45,13.6,3007.22,2831.21,2,518.0,16846.05,18,0.1938,0
CR-103436,2025-01-10,31,Agro,7,10.2,,3996.64,4,414.0,2849.0,36,0.2443,0
CR-104996,2023-06-19,34,Agro,15,8.2,4777.91,0.0,0,689.0,18032.83,12,0.1703,0
CR-100754,2024-03-19,58,Comercio,38,5.0,3085.27,26.36,2,658.0,13402.98,12,0.1581,0
CR-101378,2024-05-07,41,Tecnología,22,19.1,3156.65,756.53,4,579.0,12272.62,12,0.1684,0
CR-100980,2023-04-05,43,Servicios,22,2.9,4619.56,16175.03,4,381.0,12193.32,48,0.2399,0
CR-102100,2023-04-28,41,Manufactura,21,5.9,2420.51,0.0,0,645.0,6109.52,12,0.1931,0
CR-100286,2023-02-11,41,Servicios,22,5.1,2906.92,0.0,0,640.0,10615.15,24,0.161,0
CR-103533,2024-02-02,42,Servicios,24,5.8,,741.01,2,519.0,9036.66,48,0.2065,0
CR-103088,2024-05-26,40,Construcción,20,9.4,5480.36,21297.54,2,300.0,13392.07,48,0.2693,0
CR-101154,2023-04-10,46,Construcción,26,2.2,1385.47,1219.47,4,464.0,8496.46,6,0.2449,0
CR-101511,2025-04-24,44,Construcción,24,17.9,5547.81,13461.12,1,513.0,38543.66,12,0.2104,0
CR-104231,2024-03-29,46,Comercio,26,8.4,,7715.94,2,325.0,13352.36,6,0.2793,1
CR-103261,2023-10-01,26,Tecnología,6,11.1,3230.24,5082.11,2,567.0,19239.38,24,0.2189,0
CR-104809,2025-01-10,37,Manufactura,15,8.7,3407.41,95.79,2,575.0,14242.59,48,0.2005,0
CR-102191,2023-06-24,28,Comercio,7,4.5,4517.68,6432.36,1,504.0,31410.92,24,0.2226,0
CR-100211,2023-01-18,23,Comercio,0,19.7,5053.07,13548.38,3,456.0,27588.17,36,0.2153,0
CR-105247,2025-04-07,50,Comercio,29,3.8,2023.43,0.0,0,668.0,13632.76,36,0.1804,0
CR-103164,2024-03-10,31,Tecnología,11,2.5,6167.5,6436.81,2,641.0,27692.0,24,0.1717,0
CR-100274,2023-08-25,55,Comercio,32,9.2,604.98,1086.47,2,403.0,2360.26,6,0.2324,0
CR-100088,2024-06-06,43,Agro,20,12.8,11759.1,0.0,0,761.0,39167.34,18,0.1412,0
CR-102798,2024-01-18,44,Servicios,23,8.3,2628.79,4104.3,1,512.0,11149.94,36,0.2117,0
CR-102324,2025-03-16,18,Construcción,0,20.4,3217.31,3311.64,3,564.0,5496.38,12,0.2135,0
CR-100298,2023-07-18,19,Manufactura,0,16.5,10784.76,24559.87,2,508.0,43707.34,12,0.2528,0
CR-104663,2023-10-16,30,Construcción,7,5.0,4637.75,10071.49,3,464.0,19396.22,24,0.2629,0
CR-103674,2023-11-30,23,Servicios,2,7.0,2064.76,5288.84,3,355.0,9682.63,18,0.2486,0
CR-105466,2024-12-23,47,Construcción,25,1.8,8163.48,0.0,0,830.0,51928.46,36,0.09,0
CR-103776,2024-06-22,28,Comercio,5,3.4,1829.7,2527.88,4,477.0,8311.61,12,0.2097,0
CR-105011,2024-03-03,24,Servicios,4,4.6,3430.79,1352.67,7,628.0,6126.66,18,0.1829,0
CR-100315,2024-12-01,35,Manufactura,14,1.2,21556.26,83489.32,1,549.0,43990.0,12,0.2119,0
CR-105361,2023-01-06,40,Manufactura,16,15.5,2348.69,7658.32,1,431.0,14842.47,12,0.2316,0
CR-102151,2023-09-19,46,Servicios,27,6.9,8001.53,16641.87,4,523.0,18579.6,24,0.2083,0
CR-103288,2023-06-20,34,Comercio,10,5.7,3907.51,8094.5,1,479.0,11342.29,12,0.2419,0
CR-103117,2024-06-20,36,Servicios,14,1.2,3862.88,13101.06,1,365.0,23915.61,24,0.2662,1
CR-105581,2025-04-25,43,Manufactura,19,7.8,6464.95,11971.04,2,519.0,46555.37,24,0.2278,0
CR-102020,2024-04-13,38,Servicios,20,18.7,2559.07,4941.69,2,393.0,16137.75,24,0.2585,1
CR-105204,2024-04-11,20,Comercio,0,18.7,2600.91,7629.97,1,404.0,15182.25,18,0.2325,0
CR-102974,2023-07-21,39,Manufactura,15,1.8,3189.8,10897.92,1,300.0,5580.63,24,0.2834,0
CR-101275,2023-11-25,38,Comercio,16,7.8,3328.13,6158.78,1,442.0,26196.58,24,0.2353,0
CR-102413,2023-07-20,22,Tecnología,3,4.9,3016.56,4978.29,1,486.0,18910.22,18,0.248,0
CR-100528,2024-08-06,41,Tecnología,23,11.9,,0.0,0,651.0,25591.72,12,0.164,0
CR-104404,2025-01-13,37,Comercio,14,5.4,5154.17,5749.04,1,647.0,24252.73,6,0.193,0
CR-101505,2023-04-10,43,Construcción,25,4.6,2825.36,6131.4,3,419.0,13182.75,6,0.2809,0
CR-103598,2024-04-08,18,Construcción,0,4.7,9344.29,0.0,0,786.0,54721.08,6,0.1325,0
CR-103681,2023-02-05,44,Servicios,25,17.2,3490.96,9202.08,5,384.0,7909.28,6,0.2553,0
CR-101318,2023-03-09,22,Servicios,4,3.6,10065.11,0.0,0,645.0,27615.31,24,0.1988,0
CR-103380,2024-09-03,40,Tecnología,19,3.5,2315.64,8268.19,1,300.0,11978.89,18,0.2466,1
CR-103034,2023-12-30,50,Tecnología,26,8.6,,2302.8,1,677.0,24815.1,24,0.1662,0
CR-102380,2024-06-12,35,Comercio,11,3.7,1744.51,3801.97,1,398.0,10068.37,18,0.2419,1
CR-104311,2024-07-17,38,Comercio,16,8.8,6831.75,26306.9,2,387.0,48686.29,18,0.2529,1
CR-102616,2024-01-09,38,Servicios,20,2.9,8121.25,17556.42,3,554.0,22616.57,6,0.1798,0
CR-101166,2023-11-27,65,Agro,46,13.5,2215.36,0.0,0,552.0,11371.62,48,0.1851,0
CR-104725,2024-06-04,50,Tecnología,31,14.5,1817.35,3892.01,3,485.0,11660.47,6,0.2348,1
CR-103471,2025-03-16,35,Comercio,16,8.0,3450.23,6094.3,2,495.0,26104.51,12,0.2133,0
CR-105064,2025-03-25,35,Comercio,16,8.9,3422.37,6998.55,1,548.0,22443.58,18,0.2146,1
CR-105370,2023-07-05,46,Servicios,28,2.0,1373.69,0.0,0,641.0,8434.3,6,0.1771,0
CR-105220,2024-08-17,48,Comercio,24,3.4,3186.11,1985.42,2,548.0,25352.52,24,0.1971,0
CR-102871,2023-07-11,31,Construcción,12,4.7,3659.7,11346.57,3,343.0,18738.69,24,0.2757,1
CR-101222,2024-08-13,43,Comercio,23,11.8,7327.77,0.0,0,791.0,54847.25,6,0.1608,0
CR-105239,2023-07-27,36,Servicios,16,5.8,4817.15,1513.71,3,586.0,21125.39,36,0.1955,0
CR-104255,2024-04-07,49,Comercio,25,13.8,5979.48,927.16,2,701.0,36331.37,24,0.1615,0
CR-101982,2024-03-06,38,Servicios,17,6.7,3395.64,6282.76,1,568.0,14966.07,12,0.1866,0
CR-105123,2023-06-23,37,Manufactura,19,9.5,5364.86,17713.45,3,401.0,31838.31,6,0.2465,1
CR-104020,2025-01-07,40,Comercio,20,7.5,2345.13,0.0,0,639.0,12386.66,6,0.1812,0
CR-100371,2023-02-03,53,Tecnología,32,12.1,3726.03,0.0,0,700.0,14075.36,6,0.1659,0
CR-103482,2023-01-14,49,Construcción,26,1.6,3012.55,11877.22,5,335.0,9919.51,36,0.2664,0
CR-102131,2025-05-23,64,Comercio,43,5.8,4556.38,16721.13,4,320.0,9469.0,18,0.2695,1
CR-103418,2024-12-05,40,Tecnología,22,7.9,1808.37,0.0,0,575.0,12842.37,6,0.1934,0
CR-103424,2023-05-01,69,Comercio,49,4.1,4792.06,12752.21,1,470.0,23728.4,36,0.2229,0
CR-101538,2024-07-14,28,Comercio,10,8.5,,16038.35,3,456.0,19260.03,24,0.2305,0
CR-105822,2024-10-01,40,Comercio,19,8.0,2854.54,0.0,0,700.0,11252.08,24,0.1765,0
CR-102744,2023-05-10,49,Comercio,28,4.6,2284.63,820.36,1,687.0,16321.64,48,0.1786,0
CR-101553,2023-04-28,34,Tecnología,11,9.9,6760.81,16709.58,2,525.0,17035.26,12,0.2145,0
CR-104335,2024-09-07,29,Comercio,11,5.0,3858.55,6330.49,3,523.0,20318.92,24,0.2258,0
CR-102817,2024-11-29,47,Servicios,28,4.1,3929.0,99.81,1,611.0,25175.03,12,0.1931,0
CR-105071,2025-02-14,37,Servicios,19,2.0,4191.12,7390.76,1,439.0,7856.98,24,0.2359,0
CR-100618,2023-03-15,31,Construcción,12,7.0,16092.08,0.0,0,840.0,86955.12,48,0.1236,0
CR-102381,2023-02-15,47,Tecnología,23,4.8,3390.03,148.76,2,692.0,7509.92,6,0.1543,0
CR-104391,2023-10-28,52,Comercio,33,3.4,1298.99,0.0,0,571.0,8475.19,12,0.2144,0
CR-104526,2024-06-03,35,Manufactura,11,7.0,8176.79,21599.52,4,504.0,65318.15,24,0.2167,0
CR-104375,2024-06-22,18,Servicios,0,13.0,5703.16,0.0,0,670.0,11702.88,12,0.1883,0
CR-103524,2023-11-11,28,Tecnología,4,11.8,3559.1,6333.29,3,496.0,11344.82,12,0.2158,0
CR-102629,2024-09-29,38,Comercio,16,3.2,1902.75,2265.05,2,518.0,12666.97,24,0.2101,0
CR-104123,2023-01-08,42,Manufactura,22,14.0,4112.01,0.0,0,647.0,8452.72,24,0.1923,0
CR-105372,2025-03-22,37,Manufactura,15,8.7,8649.46,32355.66,1,366.0,64873.81,12,0.2478,1
CR-102766,2023-04-25,18,Manufactura,0,14.4,2622.96,9984.61,1,300.0,15363.39,18,0.2909,1
CR-103895,2023-06-17,20,Manufactura,1,1.6,4932.33,3187.43,2,665.0,36788.23,18,0.1571,0
CR-101656,2024-12-24,42,Construcción,19,7.0,1376.54,4441.79,1,365.0,5306.78,12,0.2703,1
CR-104818,2024-03-27,44,Agro,25,14.5,7775.19,778.62,2,687.0,55750.9,12,0.1691,0
CR-100969,2024-08-30,38,Comercio,16,9.1,4440.74,15100.8,2,421.0,16364.6,24,0.2414,1
CR-101843,2023-12-28,22,Construcción,0,9.3,1746.91,1401.0,2,688.0,8752.53,12,0.1687,0
CR-103024,2023-10-12,36,Tecnología,12,13.4,17575.22,499.58,3,850.0,127483.56,12,0.1031,0
CR-103151,2023-02-21,28,Construcción,9,14.0,3202.83,0.0,0,612.0,25587.52,24,0.221,0
CR-103386,2024-03-25,38,Servicios,18,4.6,2982.27,0.0,0,724.0,15381.06,18,0.1637,0
CR-105351,2024-01-01,41,Comercio,21,3.6,3061.05,260.52,2,685.0,15119.48,36,0.1781,0
CR-101211,2023-03-13,33,Servicios,15,5.0,,634.48,2,633.0,12294.2,12,0.1691,0
CR-105166,2023-06-24,18,Construcción,0,7.0,1984.25,4926.14,3,348.0,13273.63,18,0.2573,0
CR-101428,2023-01-07,45,Agro,26,18.5,2275.99,8935.61,1,300.0,4569.52,18,0.276,1
CR-105548,2023-07-28,42,Servicios,18,0.6,2418.57,3746.97,1,475.0,14134.21,18,0.2243,0
CR-100426,2024-04-25,47,Servicios,29,4.4,2994.38,8629.94,1,387.0,21981.51,12,0.2443,1
CR-104094,2025-04-11,44,Agro,26,4.4,2907.26,7998.5,1,,9644.94,48,0.2442,0
CR-104271,2024-07-22,26,Comercio,5,7.3,6424.88,12440.19,1,484.0,41428.4,48,0.2452,0
CR-101923,2024-07-13,50,Comercio,28,0.9,,1860.12,1,624.0,23397.4,36,0.1807,0
CR-104689,2023-12-27,31,Servicios,9,15.9,5983.79,5406.03,3,550.0,39678.5,36,0.1746,0
CR-103395,2023-08-06,45,Agro,27,6.1,5977.17,0.0,0,668.0,29582.1,18,0.1837,0
CR-105675,2025-02-09,32,Construcción,10,3.1,2721.29,0.0,0,604.0,12129.41,12,0.2158,0
CR-100404,2024-02-05,44,Manufactura,24,9.2,2906.49,10332.31,2,300.0,15155.09,48,0.2854,1
CR-100491,2025-04-28,42,Comercio,24,2.8,11047.52,34891.07,2,499.0,61754.0,6,0.2238,0
CR-105497,2023-02-09,44,Comercio,25,5.3,3392.62,962.79,2,646.0,20206.28,6,0.1901,0
CR-103494,2025-03-19,54,Comercio,34,8.3,7033.39,1103.44,3,703.0,35012.18,6,0.1794,0
CR-100824,2024-09-19,18,Construcción,0,7.5,11072.36,5307.07,2,803.0,70393.35,12,0.1225,0
CR-102542,2024-10-28,34,Servicios,13,3.5,,9858.26,2,491.0,17980.06,24,0.2121,1
CR-103673,2024-05-10,18,Manufactura,0,9.1,1736.04,5127.52,1,330.0,13380.76,18,0.2649,1
CR-102790,2023-02-14,54,Servicios,33,11.3,3712.62,9248.27,1,397.0,19291.82,12,0.2635,0
CR-104982,2023-10-26,19,Manufactura,0,15.6,2167.75,8659.23,3,300.0,12499.54,18,0.2676,1
CR-103515,2023-01-27,35,Construcción,11,0.6,1809.07,0.0,0,604.0,13039.76,6,0.1982,0
CR-105559,2023-03-20,23,Comercio,2,7.0,1163.97,1109.95,2,422.0,6313.68,6,0.2379,0
CR-105835,2024-06-09,18,Construcción,0,14.6,4759.14,6506.25,2,524.0,15623.79,6,0.2185,0
CR-101788,2023-11-18,41,Tecnología,22,2.7,4577.27,0.0,0,629.0,22009.49,18,0.1999,0
CR-102187,2023-01-20,33,Servicios,12,20.8,4622.3,3204.71,2,624.0,20933.58,36,0.1898,0
CR-102145,2023-08-11,30,Agro,7,11.9,6618.88,7584.54,1,620.0,52641.6,48,0.1876,0
CR-104505,2024-01-21,56,Servicios,33,6.3,4996.74,5589.28,2,611.0,18386.6,12,0.1899,0
CR-103246,2023-12-27,29,Servicios,10,1.5,1257.94,2632.09,1,414.0,3078.36,12,0.2371,0
CR-101841,2023-05-12,38,Comercio,15,7.8,6079.25,16895.68,3,416.0,45896.98,12,0.2357,0
CR-101209,2024-03-15,41,Servicios,19,12.4,2855.18,9918.65,1,316.0,22769.62,6,0.2948,1
CR-100974,2024-10-12,27,Tecnología,5,6.4,1846.85,4976.12,2,360.0,12548.74,12,0.2436,1
CR-100474,2023-03-02,45,Servicios,25,12.9,8392.12,31956.42,1,367.0,16905.82,48,0.2829,0
CR-103311,2023-05-30,45,Servicios,26,0.2,7169.28,5121.85,1,580.0,40622.8,36,0.206,0
CR-100215,2023-06-24,49,Manufactura,28,4.6,4172.55,12288.73,1,472.0,19108.75,6,0.2194,0
CR-100656,2025-04-01,28,Agro,6,0.4,2528.91,4270.38,2,474.0,6087.93,24,0.2274,0
CR-104596,2024-10-24,34,Comercio,13,8.3,4362.91,6349.65,1,481.0,25687.77,24,0.2097,0
CR-103235,2024-05-16,44,Tecnología,25,7.0,3463.33,10620.19,4,363.0,23933.77,36,0.2605,1
CR-102519,2025-04-04,19,Comercio,0,2.3,2103.44,2492.14,2,530.0,14133.5,6,0.2038,0
CR-101583,2023-05-30,30,Comercio,6,5.0,4289.48,11235.69,1,377.0,17664.15,12,0.254,1
CR-104634,2023-09-18,41,Servicios,20,12.4,3949.44,14050.71,1,426.0,22768.22,24,0.263,0
CR-105281,2023-07-19,42,Comercio,23,6.8,3203.61,0.0,0,,23616.22,36,0.1701,0
CR-101130,2025-03-18,28,Construcción,9,6.3,2222.22,0.0,0,695.0,7812.91,48,0.1673,0
CR-103038,2025-02-08,29,Comercio,8,7.0,4599.43,0.0,0,680.0,31815.03,36,0.1629,0
CR-102063,2024-10-28,42,Servicios,24,16.0,11156.86,10283.58,1,724.0,32013.89,24,0.1421,0
CR-104592,2025-03-15,41,Manufactura,19,13.1,3484.39,12436.72,1,403.0,20849.45,36,0.284,0
CR-104407,2025-06-11,41,Comercio,23,7.5,3232.05,5569.4,1,491.0,14656.77,48,0.2187,0
CR-100131,2025-04-21,23,Agro,5,13.2,6032.67,3875.03,1,663.0,20664.12,12,0.1488,0
CR-104347,2024-02-01,18,Servicios,0,12.1,1656.66,1937.14,3,558.0,13103.76,6,0.2109,0
CR-103566,2023-01-30,46,Servicios,27,4.3,5970.0,0.0,0,762.0,21395.36,12,0.1608,0
CR-101341,2024-05-12,43,Construcción,24,11.9,7745.32,26984.12,2,433.0,59540.68,12,0.227,1
CR-102184,2024-03-15,19,Tecnología,0,3.0,2759.49,2359.58,1,487.0,14198.36,6,0.2107,0
CR-105155,2024-02-20,28,Tecnología,5,4.9,10219.92,8870.64,4,668.0,65954.64,18,0.1501,0
CR-104743,2024-08-07,37,Manufactura,13,11.8,2461.22,6776.6,1,417.0,14859.21,6,0.256,0
CR-100594,2024-08-03,24,Manufactura,2,6.0,4060.77,0.0,0,633.0,23718.8,36,0.1724,0
CR-105453,2023-10-18,27,Comercio,3,6.9,2289.8,7009.2,1,358.0,11899.92,6,0.2443,0
CR-100810,2024-05-31,36,Agro,16,10.0,1293.68,3805.45,1,338.0,2019.25,24,0.2867,0
CR-100247,2024-09-17,58,Servicios,40,2.6,2836.97,11088.89,2,308.0,12088.75,18,0.2844,1
CR-104374,2024-08-25,48,Construcción,24,9.5,5772.67,227.47,1,665.0,38562.51,12,0.141,0
CR-100029,2023-03-29,43,Servicios,19,2.8,1550.62,2475.1,1,397.0,4881.63,12,0.2707,0
CR-101119,2024-11-15,27,Manufactura,6,13.3,3619.38,13904.09,1,323.0,18997.13,18,0.268,1
CR-103363,2024-02-20,28,Agro,5,7.6,5996.04,0.0,0,682.0,12461.27,36,0.1665,0
CR-104842,2023-05-24,21,Agro,0,9.2,1145.82,0.0,0,621.0,7311.2,6,0.1949,0
CR-102792,2025-05-12,29,Manufactura,7,11.0,3060.95,7130.47,1,434.0,4974.7,6,0.2253,0
CR-104243,2024-03-12,30,Tecnología,6,3.2,4440.5,1650.47,2,596.0,30337.01,12,0.1861,0
CR-104755,2024-03-19,31,Comercio,7,4.7,2410.63,5374.76,4,444.0,3944.0,18,0.243,0
CR-105152,2024-01-17,39,Construcción,19,12.4,3917.32,0.0,0,592.0,14653.88,24,0.2015,0
CR-101974,2024-02-06,23,Agro,0,8.9,3324.86,6732.96,1,452.0,14947.87,24,0.2202,0
CR-104666,2023-08-29,52,Tecnología,34,3.9,2394.08,0.0,0,532.0,12471.07,12,0.2232,0
CR-100633,2024-04-01,18,Manufactura,0,6.0,1870.56,97.71,1,573.0,3734.1,6,0.1905,0
CR-100046,2023-10-26,48,Tecnología,24,14.3,4692.25,9413.54,2,588.0,21546.12,18,0.2242,0
CR-105378,2024-11-08,35,Manufactura,12,1.1,4413.07,3241.39,3,600.0,16180.86,18,0.1974,0
CR-104745,2024-05-27,41,Construcción,22,15.6,3324.14,2906.1,2,533.0,16831.07,24,0.2172,0
CR-105753,2025-03-17,51,Agro,27,6.1,3251.25,5980.63,1,453.0,22451.27,18,0.245,1
CR-100868,2024-10-12,32,Tecnología,14,1.7,,14422.03,3,364.0,35927.42,18,0.2713,1
CR-101320,2025-05-19,30,Servicios,11,5.8,4993.88,9631.91,1,469.0,30036.66,12,0.2161,0
CR-105295,2025-04-04,54,Comercio,34,2.0,2863.88,8512.32,2,413.0,14409.3,12,0.2548,1
CR-101543,2023-10-07,37,Tecnología,17,2.1,9078.53,31407.47,1,425.0,32853.28,12,0.2481,1
CR-104129,2025-02-19,27,Servicios,3,16.6,2790.53,6156.8,2,571.0,10189.47,6,0.1945,0
CR-103559,2023-04-17,29,Comercio,6,4.1,4200.99,4974.82,2,572.0,29277.88,18,0.2153,0
CR-104217,2024-12-26,43,Tecnología,20,5.3,8685.5,31381.66,1,352.0,19538.06,6,0.262,1
CR-102503,2023-11-10,43,Construcción,23,5.6,3394.36,9349.81,3,438.0,20315.3,12,0.2268,0
CR-103567,2023-09-20,25,Comercio,7,15.9,3757.78,10398.37,2,443.0,16733.26,24,0.2319,0
CR-104693,2023-11-02,30,Tecnología,6,11.0,3205.24,1217.05,1,467.0,16467.19,24,0.2424,0
CR-103058,2023-11-05,31,Manufactura,11,10.6,5621.23,0.0,0,692.0,10306.36,24,0.1637,0
CR-100860,2023-08-24,27,Tecnología,8,2.0,3491.78,0.0,0,630.0,13936.01,48,0.1973,0
CR-104105,2023-11-19,47,Manufactura,28,6.3,12627.67,42717.14,2,552.0,68304.9,24,0.2007,0
CR-102138,2023-06-01,42,Manufactura,21,2.6,3068.87,0.0,0,650.0,19809.47,24,0.1581,0
CR-101984,2024-10-03,29,Comercio,8,11.2,2234.44,3890.22,3,502.0,9432.15,18,0.209,0
CR-104885,2023-05-30,34,Servicios,13,2.6,2262.61,6694.48,2,332.0,14905.63,24,0.2591,1
CR-102310,2025-03-27,47,Comercio,28,5.2,2825.49,850.16,2,648.0,16309.51,12,0.1729,0
CR-102759,2023-11-07,48,Comercio,29,7.4,10111.41,21557.2,3,492.0,20154.75,12,0.2171,0
CR-102531,2024-04-28,44,Servicios,21,6.7,,6109.7,1,338.0,5657.16,6,0.2576,1
CR-100848,2024-05-24,30,Construcción,7,3.1,4229.19,3753.01,1,572.0,8640.79,12,0.1888,0
CR-101243,2023-04-03,32,Comercio,9,6.5,2813.28,676.26,1,634.0,5033.54,18,0.173,0
CR-104713,2024-05-29,28,Construcción,5,4.6,6716.14,24785.67,3,367.0,50733.73,48,0.2565,1
CR-104174,2023-08-03,26,Comercio,4,11.4,1339.51,1181.66,1,608.0,5087.81,18,0.189,0
CR-104270,2025-01-22,24,Servicios,3,8.1,3391.78,0.0,0,631.0,12816.31,36,0.2015,0
CR-103045,2024-02-06,34,Servicios,14,8.9,1367.29,4134.68,2,311.0,2999.49,48,0.2785,0
CR-101180,2024-10-28,23,Agro,1,9.0,2256.5,301.33,1,534.0,3694.93,24,0.1915,0
CR-103460,2025-04-02,39,Construcción,15,8.9,1375.55,1617.72,3,550.0,7989.39,18,0.2211,0
CR-104330,2023-10-24,58,Construcción,35,12.7,,0.0,0,651.0,21120.05,18,0.1577,0
CR-102371,2024-09-05,35,Servicios,16,4.5,4701.7,12615.97,2,536.0,15859.41,18,0.1989,0
CR-100002,2025-02-04,46,Manufactura,26,6.2,1476.66,2153.88,2,451.0,10018.63,12,0.2401,1
CR-105855,2023-05-29,35,Manufactura,13,9.0,8735.91,9245.69,3,604.0,21346.95,48,0.1893,0
CR-105974,2024-06-03,52,Servicios,34,4.7,2434.41,0.0,0,666.0,14043.42,48,0.1701,0
CR-101755,2023-04-21,45,Tecnología,25,8.2,2610.42,6278.44,3,398.0,19221.38,18,0.2492,0
CR-104011,2023-11-08,41,Servicios,20,9.6,692.44,0.0,0,695.0,3647.68,6,0.2056,0
CR-101048,2025-01-05,27,Manufactura,3,9.7,2136.0,7317.68,1,,11221.8,48,0.2822,1
CR-101418,2024-03-22,49,Manufactura,29,15.4,1412.69,0.0,0,562.0,4367.57,18,0.2109,0
CR-104491,2023-05-27,28,Servicios,6,6.7,7691.63,23583.81,2,398.0,49863.84,24,0.2545,1
CR-105680,2023-10-23,32,Comercio,8,22.2,5068.87,3968.77,2,709.0,20017.25,6,0.1775,0
CR-100862,2024-06-03,37,Agro,18,10.1,5008.52,1512.75,2,719.0,34489.11,12,0.1638,0
CR-103863,2024-08-09,56,Tecnología,38,6.7,1632.22,0.0,0,657.0,6754.79,12,0.1539,0
CR-105241,2023-10-04,30,Servicios,10,22.2,3708.51,4192.52,3,559.0,9496.69,24,0.1834,0
CR-105768,2024-11-27,37,Comercio,15,12.8,6330.49,5256.29,1,547.0,16499.58,12,0.2014,0
CR-102551,2024-07-22,37,Comercio,19,5.1,,5564.58,2,408.0,11442.92,6,0.2512,0
CR-105945,2024-05-21,18,Construcción,0,3.0,2179.63,4116.2,1,479.0,7354.41,36,0.2386,0
CR-102431,2024-11-12,49,Servicios,28,5.5,3201.46,12158.54,2,300.0,18480.1,24,0.2928,1
CR-103797,2023-02-14,26,Comercio,5,7.7,1607.64,1121.33,3,,8199.37,6,0.1717,0
CR-100310,2023-04-05,51,Comercio,28,10.1,3594.84,8584.57,1,450.0,9440.96,36,0.2459,0
CR-101618,2024-10-06,42,Agro,22,8.7,4236.81,9941.28,1,483.0,13618.92,24,0.2011,0
CR-101092,2023-01-31,47,Servicios,24,9.4,3100.59,10026.84,2,364.0,12725.27,6,0.2799,1
CR-101940,2023-02-04,24,Comercio,2,8.0,1310.91,0.0,0,571.0,9348.8,36,0.2039,0
CR-103825,2023-07-24,35,Tecnología,15,13.1,3736.41,0.0,0,637.0,27255.84,24,0.199,0
CR-101229,2023-09-21,44,Manufactura,25,2.9,1397.24,1921.27,3,434.0,7915.43,24,0.257,0
CR-104855,2024-09-14,51,Manufactura,28,7.3,2104.92,1063.9,2,652.0,16697.24,6,0.1999,0
CR-105678,2025-06-08,41,Servicios,20,5.2,1997.17,0.0,0,547.0,7552.33,18,0.1994,0
CR-101733,2025-02-16,22,Manufactura,0,18.5,2839.93,1211.15,1,558.0,5148.85,6,0.2126,0
CR-105992,2024-06-02,41,Manufactura,23,1.5,1401.72,0.0,0,643.0,8569.55,18,0.1835,0
CR-104759,2023-11-12,32,Servicios,14,1.8,3428.39,7457.6,1,442.0,20871.37,12,0.2582,0
CR-103750,2025-03-22,35,Manufactura,13,3.1,7427.48,26074.44,2,360.0,42765.59,36,0.2388,1
CR-103063,2023-04-06,40,Servicios,21,5.3,5771.07,11918.72,3,549.0,28040.53,36,0.1982,0
CR-102622,2024-02-29,55,Tecnología,34,4.0,6844.81,21471.91,1,342.0,22830.51,24,0.2616,0
CR-101393,2024-09-21,43,Manufactura,19,3.2,2990.32,1444.6,3,639.0,11026.01,36,0.1891,0
CR-104838,2024-09-30,51,Tecnología,30,14.2,10449.5,9700.33,1,735.0,30727.66,24,0.141,0
CR-104562,2024-04-09,42,Servicios,21,8.8,4865.62,3480.54,1,650.0,25182.22,24,0.1684,0
CR-104349,2024-05-25,44,Tecnología,23,7.2,4649.05,0.0,0,701.0,32263.0,12,0.1531,0
CR-102834,2025-01-01,43,Servicios,25,0.7,2364.26,0.0,0,656.0,11973.45,18,0.1835,0
CR-102405,2023-10-09,20,Agro,0,10.7,4243.4,15410.37,1,337.0,33706.87,24,0.2647,1
CR-103009,2023-12-04,46,Comercio,24,22.8,3451.52,602.56,1,696.0,11312.31,12,0.1472,0
CR-104122,2023-10-30,27,Agro,4,3.8,4121.9,10785.01,1,462.0,22850.96,6,0.2353,0
CR-100762,2024-10-22,46,Comercio,27,3.6,2861.31,1632.49,1,599.0,17007.84,48,0.1734,0
CR-103890,2023-02-19,25,Servicios,6,9.3,4230.75,12711.79,3,406.0,28155.69,36,0.2261,0
CR-105275,2024-04-07,18,Comercio,0,9.2,3290.0,8055.57,2,413.0,19292.4,12,0.2603,1
CR-100966,2023-08-30,35,Servicios,15,9.4,1757.43,4178.54,1,414.0,3502.61,36,0.2502,0
CR-103314,2024-09-16,50,Tecnología,26,2.0,2581.33,8192.74,1,353.0,17381.54,12,0.2634,1
CR-103441,2024-07-19,39,Comercio,18,9.4,5995.09,772.34,3,722.0,30442.88,24,0.1493,0
CR-100682,2023-10-05,52,Servicios,28,4.1,5120.05,19862.0,1,300.0,16234.63,24,0.2539,1
CR-104959,2024-04-02,28,Comercio,8,8.2,2497.31,6750.1,1,428.0,18132.68,24,0.2196,1
CR-102546,2023-05-17,35,Comercio,13,5.5,,0.0,0,664.0,16498.21,12,0.1534,0
CR-100991,2025-05-30,54,Comercio,36,0.6,5525.31,16024.58,2,476.0,31077.04,18,0.2249,1
CR-100914,2023-10-13,49,Servicios,25,5.0,2073.88,0.0,0,540.0,5801.39,6,0.2254,0
CR-104993,2023-10-21,31,Agro,7,8.7,2583.08,2255.61,1,582.0,20075.57,36,0.2136,0
CR-105032,2025-05-07,52,Comercio,32,9.1,2057.81,2144.0,1,556.0,9945.69,24,0.2062,0
CR-100185,2024-07-09,55,Construcción,33,3.0,2317.28,8233.67,2,321.0,18412.06,18,0.2647,1
CR-100922,2024-02-02,39,Construcción,17,14.5,1465.96,3185.68,1,500.0,7539.91,12,0.2356,0
CR-105248,2023-07-10,42,Servicios,20,10.1,4225.64,9848.22,1,444.0,12747.26,48,0.2381,0
CR-104170,2025-03-27,50,Servicios,31,12.7,4920.4,0.0,0,638.0,11021.68,12,0.1878,0
CR-103556,2023-04-27,36,Construcción,12,4.6,11770.27,0.0,0,844.0,60393.81,36,0.1182,0
CR-105742,2024-08-25,44,Comercio,25,4.3,4497.49,3294.26,1,683.0,19200.06,12,0.168,0
CR-101619,2024-03-31,30,Agro,7,31.3,5622.58,15372.47,4,413.0,30687.84,36,0.2527,0
CR-101830,2024-03-08,46,Comercio,25,5.1,4938.02,379.86,1,681.0,29994.19,36,0.1862,0
CR-102484,2023-10-21,37,Comercio,14,17.5,3889.63,13004.23,1,411.0,29544.16,24,0.2444,0
CR-103148,2024-12-12,58,Agro,37,7.7,2894.62,4876.73,2,561.0,5052.83,6,0.2068,0
CR-100740,2023-02-07,49,Manufactura,31,13.1,7305.73,0.0,0,687.0,47232.8,6,0.1789,0
CR-105291,2023-05-02,28,Tecnología,4,6.2,13905.18,40093.23,2,489.0,31126.24,18,0.1814,0
CR-100971,2024-02-03,37,Servicios,15,5.2,1641.53,4297.61,1,398.0,9413.04,24,0.2512,0
CR-102564,2024-12-13,50,Construcción,29,8.4,8736.57,7090.74,2,677.0,51711.12,6,0.1977,0
CR-104915,2024-11-23,39,Manufactura,19,4.4,5399.24,456.35,3,642.0,30225.76,48,0.1926,0
CR-103962,2023-08-31,44,Comercio,24,3.3,4570.04,3005.2,4,605.0,14466.97,24,0.2032,0
CR-101116,2023-09-20,50,Servicios,32,9.2,3441.59,10793.64,3,402.0,23782.08,24,0.286,1
CR-100156,2023-04-29,39,Comercio,21,3.6,1874.6,1795.95,1,532.0,3740.39,36,0.2228,0
CR-102467,2023-06-22,53,Tecnología,33,3.6,6588.84,11611.7,2,490.0,17520.78,6,0.2164,0
CR-103860,2025-02-19,25,Servicios,7,10.5,4625.1,9676.95,2,425.0,8015.56,24,0.2333,0
CR-100831,2023-12-28,55,Comercio,34,4.3,1861.53,0.0,0,514.0,6593.83,18,0.2157,0
CR-100835,2024-07-15,28,Comercio,10,1.5,1292.29,0.0,0,542.0,9087.24,18,0.2376,0
CR-102825,2023-08-05,37,Comercio,17,3.9,6657.58,21614.85,1,431.0,42814.51,24,0.2487,0
CR-100502,2023-10-31,30,Comercio,9,2.1,2226.98,7708.59,2,328.0,5404.74,12,0.2643,1
CR-100989,2023-01-25,33,Comercio,13,4.1,4979.84,0.0,0,660.0,19164.21,18,0.1718,0
CR-103937,2024-12-31,43,Servicios,20,6.6,,0.0,0,806.0,24887.52,12,0.1256,0
CR-100923,2024-08-28,32,Comercio,8,2.7,4679.79,0.0,0,638.0,23959.97,48,0.2249,0
CR-102044,2023-03-24,23,Servicios,1,7.4,1162.16,1495.91,1,545.0,7671.83,36,0.2209,0
CR-101980,2024-10-20,40,Servicios,19,3.3,6764.33,26366.51,3,404.0,10173.01,18,0.2544,0
CR-100249,2023-02-20,25,Construcción,7,8.1,8635.26,0.0,0,748.0,35733.83,36,0.1304,0
CR-103911,2024-01-04,65,Agro,46,10.7,3304.5,0.0,0,637.0,25667.67,24,0.1644,0
CR-102683,2023-11-06,30,Comercio,11,3.1,4283.42,0.0,0,647.0,29978.67,12,0.1696,0
CR-101346,2023-02-16,42,Servicios,24,12.6,3016.69,9242.33,1,378.0,7853.72,24,0.2206,0
CR-105486,2023-05-29,59,Tecnología,36,7.3,6512.84,9793.1,4,445.0,38193.02,24,0.2386,0
CR-105136,2023-01-27,43,Servicios,25,6.5,11406.06,0.0,0,796.0,37953.91,48,0.1346,0
CR-103653,2025-06-01,46,Comercio,27,6.6,11710.52,30453.31,1,,78852.67,12,0.2312,0
CR-100355,2023-12-09,41,Construcción,17,25.9,3635.14,0.0,0,694.0,23423.43,18,0.1601,0
CR-100744,2025-02-21,39,Manufactura,15,2.5,1715.37,2201.51,1,484.0,12294.89,12,0.208,0
CR-100844,2023-05-15,39,Comercio,16,11.2,1476.38,2977.83,4,474.0,8182.74,18,0.2406,0
CR-100723,2023-01-29,22,Construcción,0,20.9,5806.14,15082.61,4,528.0,13265.8,12,0.2341,0
CR-101976,2023-02-28,18,Comercio,0,4.6,2964.65,0.0,0,543.0,7359.84,6,0.2079,0
CR-102955,2025-01-16,27,Servicios,9,20.4,11592.03,36618.38,3,466.0,64514.31,12,0.247,0
CR-104340,2024-03-05,18,Manufactura,0,12.6,6946.63,0.0,0,601.0,43120.24,6,0.1746,0
CR-102214,2023-03-29,28,Servicios,8,2.4,1680.54,0.0,0,635.0,6749.29,24,0.1925,0
CR-105730,2024-05-01,18,Tecnología,0,17.1,10571.6,15603.29,2,693.0,19564.44,24,0.1576,0
CR-103648,2023-12-30,53,Tecnología,33,7.0,7052.91,16883.24,1,427.0,38487.19,36,0.2652,0
CR-103870,2023-10-20,38,Comercio,16,10.2,2325.17,6981.58,3,399.0,12997.46,24,0.2516,0
CR-104488,2024-07-04,43,Comercio,21,5.1,7214.66,11882.43,1,599.0,14201.32,24,0.213,0
CR-103292,2024-05-08,33,Manufactura,15,7.2,3372.23,0.0,0,714.0,12193.53,18,0.1557,0
CR-105057,2024-11-30,34,Manufactura,15,2.6,7404.12,27848.9,1,300.0,42894.6,6,0.3045,1
CR-101258,2023-01-22,57,Servicios,39,7.0,2901.54,9124.72,1,352.0,14028.35,36,0.2586,1
CR-102988,2023-01-22,40,Agro,19,2.5,4218.5,0.0,0,700.0,22981.08,12,0.1835,0
CR-100085,2025-05-08,43,Construcción,24,5.6,2655.53,0.0,0,726.0,14074.84,36,0.1393,0
CR-100746,2025-03-10,58,Tecnología,35,7.0,3320.65,12905.22,2,300.0,5182.87,24,0.285,1
CR-101867,2023-06-30,45,Manufactura,27,0.9,2682.32,5655.09,3,394.0,15279.33,6,0.2815,1
CR-101315,2024-09-18,58,Servicios,37,20.0,5268.35,14023.53,1,486.0,11516.74,6,0.2479,0
CR-103898,2023-04-05,31,Tecnología,10,11.6,2413.29,4754.82,2,468.0,15446.37,6,0.2298,0
CR-105008,2023-04-11,29,Manufactura,11,12.8,1935.21,6899.96,1,375.0,10837.75,36,0.2664,1
CR-100962,2024-08-16,27,Construcción,3,1.0,3396.72,11745.22,1,300.0,6352.61,18,0.269,0
CR-104650,2023-08-21,28,Comercio,8,13.1,1276.97,1258.14,2,491.0,10099.47,18,0.2168,0
CR-100265,2025-04-11,49,Comercio,27,9.3,2034.47,5832.49,1,407.0,5030.99,6,0.2422,1
CR-102428,2023-07-15,38,Agro,18,2.1,2012.85,0.0,0,623.0,15423.52,12,0.1974,0
CR-104116,2023-06-25,50,Agro,28,13.9,1458.35,0.0,0,639.0,4285.15,48,0.1886,0
CR-103086,2023-10-19,25,Construcción,3,7.4,4142.44,9970.68,2,489.0,22615.55,24,0.2225,0
CR-103139,2025-01-24,60,Servicios,41,16.9,4677.66,5143.5,1,537.0,18055.48,6,0.1923,0
CR-102069,2025-03-14,36,Agro,16,4.2,,4386.15,3,612.0,35267.82,12,0.1822,0
CR-104202,2024-02-14,44,Servicios,23,3.0,1645.48,5838.03,1,300.0,10836.4,48,0.285,1
CR-104533,2025-01-08,22,Comercio,1,11.1,3910.94,10837.44,1,422.0,21297.26,12,0.2211,0
CR-101800,2023-06-26,38,Comercio,14,3.8,,32968.74,2,390.0,75573.42,12,0.2616,1
CR-102235,2023-12-14,27,Manufactura,6,3.8,3074.15,0.0,0,603.0,10115.21,24,0.2077,0
CR-103543,2023-10-07,42,Manufactura,18,10.0,3360.87,0.0,0,657.0,21922.08,12,0.1856,0
CR-103062,2023-04-26,65,Manufactura,46,13.2,3391.75,4456.59,1,536.0,23772.76,24,0.2001,0
CR-102212,2024-05-20,52,Construcción,31,2.6,1705.57,0.0,0,637.0,4247.52,48,0.1924,0
CR-105852,2025-01-09,45,Comercio,27,5.2,12289.91,6484.23,3,706.0,71008.37,12,0.1619,0
CR-104266,2025-06-10,29,Servicios,6,1.7,1553.64,368.78,2,585.0,4628.57,6,0.2036,0
CR-105658,2024-04-07,38,Servicios,20,3.4,3886.72,1299.66,2,624.0,11567.42,6,0.2008,0
CR-101985,2024-06-21,35,Agro,16,10.9,6191.13,0.0,0,694.0,19854.26,6,0.1756,0
CR-101371,2024-12-30,47,Construcción,26,12.9,5636.93,0.0,0,722.0,38993.23,36,0.1621,0
CR-102122,2025-01-28,29,Manufactura,7,4.1,3912.13,3027.73,1,629.0,16954.9,24,0.1694,0
CR-103907,2023-04-23,26,Servicios,5,17.8,,8764.72,1,592.0,15778.24,24,0.2025,0
CR-105764,2024-05-13,34,Comercio,16,6.2,6466.75,0.0,0,570.0,18217.37,24,0.1917,0
CR-102057,2024-11-07,18,Tecnología,0,5.0,9583.59,3955.01,4,745.0,63322.05,36,0.1233,0
CR-105762,2024-07-24,31,Servicios,12,3.8,7341.33,2834.4,1,588.0,55567.65,24,0.1818,0
CR-103947,2024-08-14,18,Comercio,0,3.9,8533.81,28022.53,1,350.0,42097.99,24,0.2434,1
CR-102058,2024-07-19,31,Comercio,8,26.0,1570.14,3179.39,3,477.0,10044.19,6,0.2405,0
CR-103711,2023-05-05,45,Comercio,24,19.7,3044.42,7903.36,1,591.0,9210.2,24,0.1838,0
CR-102904,2024-09-28,34,Tecnología,13,15.1,1719.15,3330.96,1,511.0,7145.52,36,0.2283,0
CR-104922,2023-12-06,40,Manufactura,16,3.9,4786.62,1114.39,5,647.0,7661.35,24,0.1509,0
CR-103838,2024-03-10,34,Construcción,13,1.9,11010.0,328.69,1,806.0,81311.13,12,0.149,0
CR-105382,2024-10-20,31,Servicios,10,9.6,3396.53,9912.68,1,338.0,16631.95,12,0.2527,1
CR-105955,2023-01-24,39,Comercio,15,2.1,4465.44,6002.08,1,565.0,17298.39,24,0.2207,0
CR-100284,2023-04-19,26,Comercio,7,2.2,3953.69,8634.31,1,525.0,17036.59,24,0.2344,0
CR-100095,2024-08-23,22,Comercio,3,8.6,5317.1,11210.22,2,508.0,25833.26,12,0.2332,0
CR-105734,2024-10-08,34,Manufactura,16,3.5,,18988.61,1,411.0,25561.32,6,0.2373,0
CR-102664,2025-01-06,33,Servicios,12,3.5,,15004.21,3,529.0,22652.0,6,0.2369,0
CR-103955,2023-04-29,18,Servicios,0,4.5,10434.8,9573.34,1,736.0,81256.76,12,0.1593,0
CR-103442,2023-10-22,39,Manufactura,19,5.4,6131.79,2842.87,2,566.0,45490.07,6,0.1768,0
CR-105105,2024-05-28,29,Manufactura,9,2.2,,5913.57,2,446.0,11281.51,36,0.2172,0
CR-105906,2025-02-26,39,Comercio,20,7.4,3639.74,0.0,0,667.0,9771.74,12,0.1686,0
CR-102649,2024-05-18,64,Servicios,42,8.3,9547.07,33405.85,1,448.0,37328.96,12,0.2283,0
CR-102280,2025-03-27,52,Comercio,33,10.5,2048.51,5512.56,2,424.0,9382.87,6,0.2628,0
CR-102521,2023-01-19,58,Servicios,40,4.4,3185.6,8149.84,2,447.0,9874.33,36,0.2278,0
CR-103613,2024-10-23,33,Agro,11,4.2,1962.04,5866.13,3,300.0,6878.64,6,0.2784,0
CR-101284,2024-02-01,39,Tecnología,17,8.9,4689.55,8440.99,1,512.0,17162.37,24,0.2362,0
CR-104022,2024-08-09,23,Agro,4,13.6,6784.93,0.0,0,661.0,29556.04,24,0.2059,0
CR-102003,2023-02-17,41,Tecnología,21,6.9,2751.62,4551.79,1,540.0,17487.8,18,0.2313,0
CR-102153,2024-09-13,26,Tecnología,7,6.7,2439.59,5519.03,1,384.0,16720.92,12,0.238,0
CR-103764,2025-03-03,37,Agro,13,4.4,1290.53,4791.58,1,300.0,10070.15,48,0.2721,1
CR-102239,2024-07-13,35,Comercio,14,3.4,5717.6,3513.1,4,693.0,19371.44,24,0.1466,0
CR-103932,2023-02-16,42,Servicios,20,12.7,10372.39,36562.78,4,405.0,63393.0,36,0.2381,1
CR-105142,2023-04-24,33,Manufactura,13,6.8,2170.0,2132.71,2,491.0,15541.09,48,0.2299,1
CR-104151,2023-10-27,54,Tecnología,34,7.3,1479.17,3890.55,2,576.0,5506.59,6,0.2056,0
CR-104578,2023-06-14,33,Comercio,10,6.4,2739.92,0.0,0,694.0,13959.3,36,0.1569,0
CR-100043,2023-07-22,41,Comercio,19,11.4,4080.9,15297.68,1,300.0,28911.23,36,0.2767,1
CR-103956,2023-05-17,30,Manufactura,6,5.5,3878.24,5199.98,3,555.0,9788.27,18,0.2278,0
CR-104416,2025-03-02,52,Manufactura,29,1.8,6148.55,18614.57,1,415.0,22303.53,24,0.251,0
CR-102802,2025-02-03,48,Construcción,27,6.2,5486.81,1352.88,3,640.0,20423.17,12,0.1679,0
CR-103089,2023-05-05,49,Servicios,29,23.1,6546.94,12014.18,3,504.0,20006.87,12,0.2048,0
CR-105480,2023-02-01,45,Manufactura,22,12.0,2094.02,5655.12,1,415.0,11374.46,36,0.256,0
CR-105978,2025-05-16,32,Comercio,14,6.1,6189.67,2063.83,3,711.0,32988.28,12,0.1684,0
CR-104333,2023-09-20,49,Comercio,29,17.5,4924.43,3918.86,5,594.0,8967.54,12,0.1797,0
CR-101809,2023-11-19,49,Manufactura,29,3.7,5243.63,0.0,0,644.0,41089.12,6,0.2019,0
CR-101003,2024-12-14,45,Tecnología,27,10.1,5611.82,22016.3,1,371.0,16270.6,6,0.2426,1
CR-103859,2023-01-09,42,Construcción,18,10.4,3451.07,4627.32,3,563.0,11858.25,18,0.2001,0
CR-102393,2024-03-22,41,Tecnología,22,12.6,2749.46,0.0,0,616.0,20391.36,18,0.1809,0
CR-101076,2024-04-25,53,Comercio,35,10.8,5861.69,15077.83,1,489.0,9167.95,18,0.2451,0
CR-105242,2025-03-29,47,Agro,29,3.1,2785.98,0.0,0,600.0,14245.6,18,0.1669,0
CR-103855,2023-10-27,18,Manufactura,0,10.8,2701.63,3241.67,3,517.0,8191.93,18,0.2047,0
CR-103412,2023-10-07,39,Comercio,17,1.9,3973.08,11384.13,1,352.0,9537.4,18,0.2709,0
CR-105124,2024-11-07,32,Construcción,11,7.1,3432.33,1500.7,3,570.0,11960.75,24,0.1858,0
CR-100300,2025-04-13,57,Servicios,39,1.2,4713.27,15383.3,1,390.0,9265.92,18,0.2611,0
CR-102898,2025-04-16,29,Manufactura,10,19.9,5337.15,17283.67,2,400.0,20342.87,12,0.2535,1
CR-102507,2024-12-11,42,Construcción,18,19.8,,0.0,0,595.0,1894.08,12,0.2054,0
CR-100942,2024-09-13,43,Tecnología,23,14.3,2052.16,0.0,0,542.0,6689.42,12,0.2367,0
CR-105213,2023-01-15,33,Agro,13,3.1,1345.7,5197.94,2,300.0,6352.27,36,0.2652,0
CR-102370,2023-07-24,26,Servicios,4,6.5,1836.25,258.19,1,612.0,11231.16,48,0.1701,0
CR-101259,2024-07-24,33,Comercio,12,15.6,4662.8,0.0,0,624.0,8068.99,6,0.1761,0
CR-105216,2024-08-19,29,Comercio,10,19.4,4252.39,12478.65,1,472.0,21505.05,12,0.2218,0
CR-102522,2023-06-09,36,Manufactura,18,3.6,2580.53,121.77,2,617.0,12767.47,18,0.1587,0
CR-103156,2023-05-01,67,Servicios,46,2.6,4085.76,6893.73,2,436.0,21903.1,18,0.215,0
CR-104559,2024-07-06,24,Construcción,4,3.6,4036.06,0.0,0,723.0,12506.08,12,0.1511,0
CR-104101,2024-04-11,40,Servicios,19,8.5,13598.97,46984.15,3,461.0,29271.25,12,0.2528,0
CR-100841,2023-12-23,38,Comercio,16,3.8,4159.08,8864.07,4,,9628.81,12,0.26,0
CR-101868,2023-09-25,34,Manufactura,15,3.0,2738.55,7402.35,2,418.0,21102.37,48,0.2389,0
CR-100326,2023-04-28,21,Construcción,3,3.0,4988.84,4960.19,1,583.0,35798.7,18,0.1835,0
CR-102436,2023-12-31,27,Construcción,7,2.1,2534.17,103.68,1,596.0,18019.38,24,0.1913,0
CR-103208,2024-01-12,49,Tecnología,28,9.4,2108.48,2105.54,3,559.0,10532.68,6,0.2032,0
CR-105573,2025-02-13,45,Servicios,26,10.8,2943.92,2501.97,3,490.0,23130.1,12,0.1986,0
CR-101464,2024-11-27,49,Agro,25,3.2,3781.37,6758.57,1,548.0,14260.1,6,0.2,0
CR-104988,2023-11-05,33,Comercio,14,2.6,4442.3,9178.78,2,470.0,23278.26,48,0.2205,1
CR-103131,2024-02-22,31,Comercio,10,3.9,6757.39,0.0,0,708.0,33731.68,24,0.1605,0
CR-102061,2023-12-12,57,Servicios,39,6.5,4866.76,0.0,0,653.0,23640.06,48,0.1619,0
CR-104790,2023-09-10,19,Manufactura,1,14.4,3596.56,11399.3,3,430.0,24343.74,24,0.2523,0
CR-104483,2024-11-10,41,Comercio,17,1.0,3783.34,0.0,0,673.0,10919.32,12,0.1731,0
CR-102571,2023-12-18,45,Comercio,22,10.8,3564.16,1358.69,2,652.0,25068.31,48,0.1545,0
CR-103103,2023-07-31,50,Tecnología,30,11.0,7224.56,5978.96,1,563.0,22658.24,12,0.2114,0
CR-103333,2023-03-03,34,Comercio,12,7.0,2213.57,1173.05,3,595.0,17163.25,18,0.208,0
CR-100603,2023-07-09,31,Agro,9,1.1,5187.32,8660.22,1,516.0,38662.69,18,0.2136,0
CR-104938,2024-06-07,46,Comercio,24,2.8,2464.86,0.0,0,673.0,14449.7,12,0.173,0
CR-104418,2023-07-07,42,Servicios,21,9.6,1937.03,5301.67,3,367.0,8981.0,18,0.254,0
CR-100865,2025-06-11,47,Manufactura,24,1.7,1835.23,3021.42,2,470.0,10310.58,6,0.2352,0
CR-101890,2025-01-22,49,Comercio,29,7.6,4847.56,259.37,2,707.0,19672.06,6,0.1756,0
CR-104042,2023-12-03,38,Tecnología,15,9.7,4460.34,3930.94,2,530.0,35218.73,6,0.2261,0
CR-105515,2024-07-19,34,Tecnología,11,9.9,3409.45,0.0,0,703.0,14194.38,18,0.1762,0
CR-105441,2025-04-11,23,Servicios,2,6.3,12137.47,33068.42,1,502.0,86427.12,12,0.2019,1
CR-103367,2025-03-10,35,Agro,12,15.0,12156.29,10303.5,1,695.0,86821.5,6,0.158,0
CR-101280,2023-08-28,51,Agro,33,7.3,4307.18,9754.22,3,501.0,18311.14,36,0.211,0
CR-100830,2023-10-23,42,Comercio,24,1.3,6054.04,0.0,0,712.0,44532.71,24,0.1417,0
CR-103149,2025-05-20,41,Tecnología,20,8.6,1828.48,153.95,3,661.0,3954.82,24,0.1992,0
CR-103799,2025-02-03,37,Servicios,13,17.2,1411.68,513.85,2,617.0,5124.07,36,0.1858,0
CR-101904,2024-04-19,45,Tecnología,26,14.4,4594.61,843.2,1,672.0,35133.39,12,0.137,0
CR-104551,2025-01-26,31,Construcción,12,2.6,6120.67,22887.04,2,350.0,30905.11,24,0.2543,1
CR-104403,2023-08-01,55,Manufactura,33,5.9,1346.81,3830.13,1,378.0,9366.75,24,0.2683,0
CR-102050,2024-10-16,46,Servicios,27,6.5,2098.64,4864.42,1,415.0,13045.1,24,0.2347,0
CR-101302,2024-07-19,45,Construcción,24,3.9,4053.84,1206.61,2,583.0,12143.25,48,0.1996,0
CR-100328,2024-11-14,25,Agro,7,3.2,7934.3,21231.99,2,452.0,55733.06,18,0.208,0
CR-104849,2025-02-21,38,Comercio,15,3.1,2458.58,7597.74,1,395.0,7851.73,48,0.2576,0
CR-101704,2024-07-16,41,Comercio,20,7.0,5803.8,0.0,0,659.0,41262.83,12,0.189,0
CR-102493,2023-12-19,30,Servicios,12,0.3,5343.71,0.0,0,612.0,24623.12,12,0.1733,0
CR-105952,2023-04-14,18,Manufactura,0,5.7,2602.13,0.0,0,540.0,10511.86,36,0.2159,0
CR-104025,2024-08-30,27,Tecnología,8,22.4,5328.66,12577.28,1,444.0,16015.49,24,0.2488,0
CR-100479,2023-08-20,67,Agro,48,7.1,1579.54,2745.21,1,414.0,10240.22,36,0.2385,0
CR-103629,2025-03-20,45,Comercio,21,18.8,,9070.45,2,442.0,23939.87,36,0.2388,0
CR-101175,2025-05-28,20,Servicios,0,8.3,5077.11,17211.6,1,450.0,28319.08,12,0.2318,1
CR-105492,2024-11-12,36,Manufactura,18,6.4,1673.86,1505.32,1,616.0,7924.06,12,0.2141,0
CR-102957,2024-12-15,39,Manufactura,21,2.4,2834.93,48.66,1,629.0,19106.9,12,0.1811,0
CR-104010,2024-09-19,42,Comercio,20,1.4,2531.97,1677.78,1,571.0,13501.22,18,0.1902,0
CR-100117,2023-05-02,38,Servicios,19,10.5,3044.56,0.0,0,693.0,5585.07,6,0.1817,0
CR-102862,2023-12-19,29,Tecnología,8,11.3,7348.4,1157.55,2,716.0,16903.17,18,0.1668,0
CR-100879,2024-05-07,38,Servicios,17,9.3,3884.36,2362.31,2,668.0,17651.09,12,0.1793,0
CR-101029,2023-08-06,50,Comercio,30,6.3,6576.19,12654.01,1,439.0,31797.56,18,0.2458,0
CR-100466,2023-03-21,35,Comercio,16,7.8,2284.79,7138.8,1,303.0,10383.08,48,0.2574,1
CR-105194,2023-09-06,54,Comercio,32,16.2,5028.4,19157.63,3,361.0,33305.34,18,0.2515,0
CR-103083,2024-04-19,32,Comercio,11,10.3,1360.6,2938.13,2,352.0,5668.95,48,0.2574,0
CR-101901,2024-03-06,50,Construcción,31,6.8,3202.44,541.94,1,651.0,17416.58,24,0.1501,0
CR-101975,2024-10-11,46,Agro,28,3.3,1206.55,3762.39,1,303.0,4790.44,18,0.2814,1
CR-100776,2025-04-02,26,Construcción,3,6.9,1442.7,5166.43,1,302.0,9265.52,6,0.2793,1
CR-104664,2025-01-15,66,Construcción,45,6.3,7181.24,5185.65,2,552.0,30356.68,12,0.2146,0
CR-101786,2025-03-25,50,Comercio,31,2.7,5626.99,10162.42,1,523.0,25272.99,12,0.2121,0
CR-105369,2023-01-27,58,Construcción,34,3.0,1358.28,0.0,0,663.0,7653.59,36,0.1797,0
CR-105953,2024-05-07,43,Servicios,19,2.3,4146.25,3518.89,2,557.0,31792.3,24,0.2339,0
CR-100084,2023-12-13,25,Comercio,7,15.8,2578.08,0.0,0,630.0,20213.63,18,0.1819,0
CR-101665,2025-04-01,30,Construcción,11,8.0,5069.24,1360.42,3,698.0,14892.48,24,0.1797,0
CR-103487,2025-03-20,41,Comercio,19,12.5,4633.04,12706.72,2,449.0,29103.56,48,0.2297,0
CR-105184,2023-12-03,26,Servicios,3,3.6,2641.27,7692.18,2,456.0,16354.52,36,0.2327,0
CR-102789,2024-08-28,33,Comercio,14,5.7,2116.91,0.0,0,690.0,7847.67,24,0.1592,0
CR-104851,2023-09-14,36,Manufactura,14,1.3,3038.88,0.0,0,596.0,10411.71,6,0.1797,0
CR-102143,2024-02-12,42,Manufactura,20,1.8,4026.63,14395.11,2,325.0,8105.47,24,0.275,1
CR-102199,2024-12-07,29,Servicios,8,14.1,1763.17,1489.83,1,638.0,4477.08,12,0.1892,0
CR-100511,2024-01-30,35,Comercio,16,4.0,4874.68,17395.34,5,375.0,9855.04,18,0.2608,0
CR-103209,2024-05-04,32,Tecnología,9,5.0,5570.83,19615.59,1,312.0,34393.66,24,0.2843,1
CR-100731,2023-05-16,39,Servicios,16,15.8,4226.55,10445.9,3,398.0,17636.06,24,0.2437,0
CR-102220,2024-03-12,39,Construcción,17,3.4,1506.81,0.0,0,621.0,8201.06,36,0.1885,0
CR-105276,2024-10-02,39,Comercio,21,7.1,4024.15,0.0,0,691.0,16610.35,12,0.157,0
CR-104626,2023-03-16,32,Comercio,11,7.5,2656.24,4803.73,2,509.0,11236.58,48,0.2223,0
CR-105307,2023-08-31,35,Manufactura,17,17.4,8469.62,26852.95,1,499.0,32184.58,12,0.2243,0
CR-104861,2023-12-28,45,Servicios,24,6.4,8647.23,0.0,0,724.0,43120.05,24,0.1777,0
CR-102783,2024-01-16,50,Tecnología,29,3.1,10425.15,18106.5,1,555.0,55650.93,12,0.1997,0
CR-102002,2024-08-02,43,Agro,24,7.2,3047.22,0.0,0,697.0,12251.58,12,0.1733,0
CR-105838,2023-12-21,38,Comercio,18,10.7,2680.4,0.0,0,602.0,6227.82,18,0.1852,0
CR-103666,2024-09-26,38,Comercio,18,9.3,9365.54,9489.94,1,598.0,47431.49,6,0.2278,0
CR-105470,2023-06-15,35,Tecnología,16,2.4,3302.02,4367.35,1,551.0,26281.55,6,0.225,0
CR-104470,2025-01-06,41,Manufactura,19,11.4,,8158.35,1,437.0,15311.28,48,0.2239,1
CR-101633,2024-02-17,38,Construcción,19,6.5,9493.83,21327.17,1,536.0,29033.81,6,0.203,0
CR-105786,2025-03-31,44,Tecnología,20,6.2,4088.27,15219.51,2,324.0,17955.42,18,0.2671,1
CR-102757,2023-10-12,42,Tecnología,23,1.3,5191.96,7339.67,4,496.0,34005.82,12,0.2185,0
CR-102859,2023-05-19,28,Agro,10,1.1,2791.96,0.0,0,698.0,21507.44,36,0.1588,0
CR-101184,2025-01-03,38,Comercio,14,10.3,12545.56,1817.72,1,702.0,90223.87,6,0.1469,0
CR-103122,2023-03-05,46,Servicios,27,7.9,6079.43,23759.29,1,423.0,40624.18,24,0.2179,1
CR-103184,2023-09-08,46,Construcción,28,5.9,5417.73,9127.54,3,548.0,35679.42,36,0.197,0
CR-102055,2025-01-17,44,Comercio,21,4.3,,3064.85,2,488.0,15379.65,24,0.2211,0
CR-104334,2025-06-11,44,Manufactura,24,7.9,4261.73,14381.54,1,376.0,17593.6,12,0.2816,0
CR-104083,2023-05-22,34,Manufactura,14,1.1,2435.96,8519.51,3,331.0,9700.55,36,0.2655,0
CR-100127,2024-09-08,25,Comercio,7,5.5,7351.55,0.0,0,687.0,47178.62,6,0.1719,0
CR-104450,2023-06-28,30,Comercio,10,0.7,6910.16,22625.77,1,425.0,21615.88,36,0.2464,0
CR-100164,2024-09-30,47,Manufactura,28,3.9,2847.55,5762.17,2,426.0,11022.63,24,0.2126,0
CR-105693,2024-04-23,54,Manufactura,35,2.2,11768.27,41500.63,1,467.0,32970.53,36,0.2261,0
CR-101510,2024-06-22,39,Comercio,19,5.2,2355.96,1564.93,2,604.0,3554.38,24,0.1877,0
CR-103199,2024-10-01,33,Tecnología,10,6.5,2756.88,9803.43,1,354.0,16978.02,24,0.2723,0
CR-101319,2024-11-24,51,Comercio,27,9.9,6345.4,18718.27,1,499.0,19931.07,6,0.2403,0
CR-102540,2023-02-21,43,Comercio,23,8.6,4817.89,564.48,2,593.0,37139.03,24,0.208,0
CR-100472,2024-12-10,35,Manufactura,17,9.2,3210.1,10825.71,2,392.0,17422.82,12,0.2409,0
CR-101997,2023-07-18,37,Construcción,19,9.8,5452.81,11645.27,1,378.0,31078.82,6,0.2516,0
CR-100018,2024-06-27,48,Manufactura,25,11.4,1732.29,1250.1,1,569.0,11823.83,18,0.1903,0
CR-103952,2024-02-15,37,Comercio,13,11.1,2566.37,5666.9,1,365.0,9599.65,18,0.2821,1
CR-102956,2024-05-27,44,Servicios,22,8.2,3000.12,9968.74,1,320.0,8729.48,48,0.2864,1
CR-102042,2025-04-08,59,Comercio,39,0.6,7050.37,0.0,0,727.0,26549.15,6,0.1687,0
CR-105158,2024-09-01,31,Tecnología,9,5.4,2863.03,1514.09,1,621.0,22577.04,36,0.1778,0
CR-102137,2023-02-03,47,Tecnología,25,14.0,2935.1,1827.85,2,634.0,21314.54,24,0.1771,1
CR-101025,2023-02-09,34,Agro,10,15.8,1380.36,1062.24,1,561.0,8667.63,18,0.2048,0
CR-100097,2025-05-04,27,Servicios,6,1.2,13684.64,0.0,0,819.0,52016.72,48,0.1195,0
CR-105383,2025-01-31,42,Agro,20,10.1,7570.69,22178.85,2,467.0,59482.01,6,0.2131,0
CR-103114,2025-05-16,41,Comercio,17,6.6,6273.65,9807.43,1,598.0,27067.54,24,0.2067,0
CR-105119,2023-01-31,45,Tecnología,24,3.8,3666.6,10685.89,1,377.0,18747.49,24,0.2623,0
CR-102835,2023-01-27,37,Agro,19,2.9,3463.96,9595.01,1,443.0,24971.17,18,0.2416,0
CR-103161,2024-06-01,44,Construcción,24,18.7,7822.82,20596.79,1,532.0,27261.96,18,0.2191,0
CR-100449,2025-04-30,42,Comercio,20,7.2,3865.26,6454.26,4,385.0,15263.43,48,0.2522,0
CR-100550,2023-02-22,42,Comercio,24,9.0,2891.45,8046.48,1,425.0,4751.38,18,0.2359,0
CR-104372,2024-07-23,26,Manufactura,8,2.7,5565.04,16399.83,2,364.0,32792.34,6,0.2534,1
CR-103744,2023-04-02,69,Comercio,50,6.8,1941.9,6346.98,1,300.0,14166.73,6,0.2426,0
CR-100178,2023-12-24,37,Construcción,16,11.3,4734.34,18191.66,1,300.0,30685.11,18,0.2718,1
CR-104529,2024-12-07,54,Agro,32,2.0,,8580.15,2,525.0,21137.09,12,0.2135,0
CR-103654,2024-08-18,45,Comercio,24,5.1,5555.62,13679.75,5,425.0,35593.84,24,0.2346,1
CR-101340,2024-09-22,29,Manufactura,9,21.7,3120.3,6586.86,2,418.0,16063.05,24,0.2039,1
CR-105841,2023-02-28,35,Servicios,13,5.4,6667.53,1085.31,2,725.0,44970.75,6,0.1684,0
CR-103548,2025-02-15,30,Servicios,10,12.3,5591.66,15241.5,2,476.0,10296.92,24,0.2154,0
CR-103520,2023-10-25,30,Manufactura,10,1.6,2179.27,1861.97,1,556.0,5449.06,48,0.2139,0
CR-101591,2024-09-24,22,Agro,0,3.2,5263.55,5166.87,2,607.0,35278.78,12,0.1835,0
CR-101516,2024-01-01,30,Construcción,7,11.6,3603.58,4933.43,2,540.0,16501.54,12,0.2349,0
CR-100741,2023-02-14,51,Construcción,30,3.9,2683.98,8526.85,1,300.0,11192.34,24,0.2573,0
CR-104963,2025-05-10,33,Tecnología,13,11.9,3339.74,11748.11,1,333.0,25026.32,18,0.2616,0
CR-101769,2024-03-08,69,Comercio,45,12.9,,1100.0,1,652.0,42984.1,48,0.1627,0
CR-105560,2025-06-16,56,Comercio,34,13.1,8738.85,11313.79,2,548.0,64243.98,12,0.1976,0
CR-100483,2023-10-20,44,Tecnología,25,18.9,3245.24,0.0,0,658.0,17869.03,12,0.1876,0
CR-105632,2024-04-30,18,Comercio,0,16.1,5147.01,15447.44,1,469.0,27004.98,18,0.2404,0
CR-102810,2024-07-05,31,Comercio,11,3.9,1337.05,3657.31,1,337.0,5125.48,36,0.2795,1
CR-102021,2023-10-17,29,Comercio,6,26.6,8754.41,0.0,0,769.0,27669.89,6,0.1561,0
CR-105949,2023-11-14,73,Comercio,50,20.1,5804.32,19899.9,1,363.0,42837.79,12,0.2556,1
CR-101910,2024-01-09,29,Construcción,6,9.2,2450.71,0.0,0,649.0,12394.28,24,0.1847,0
CR-102485,2024-10-22,37,Manufactura,19,3.3,8674.12,0.0,0,669.0,68275.11,18,0.1576,0
CR-100780,2025-01-29,37,Comercio,16,17.8,5200.06,0.0,0,660.0,8776.9,24,0.1664,0
CR-104644,2023-11-12,38,Servicios,20,18.9,2663.3,0.0,0,683.0,19162.53,18,0.1615,0
CR-100077,2023-04-29,40,Comercio,18,3.7,2067.19,8004.43,2,300.0,5161.34,48,0.2637,1
CR-104878,2024-01-03,44,Construcción,23,12.2,4982.16,18983.91,1,305.0,30500.76,12,0.256,1
CR-101889,2025-03-27,44,Servicios,24,7.9,5369.21,18790.21,2,344.0,33635.15,12,0.263,0
CR-105103,2023-02-28,37,Comercio,18,3.8,4891.52,9293.67,3,518.0,30305.84,36,0.2044,0
CR-105927,2023-12-05,48,Servicios,25,3.7,3428.64,6255.17,1,417.0,12565.37,18,0.2305,0
CR-105537,2025-01-27,18,Manufactura,0,5.8,7974.25,20088.29,1,385.0,53430.04,12,0.2635,0
CR-100673,2024-01-18,24,Comercio,3,27.8,6256.44,18256.54,1,403.0,44723.75,24,0.2385,1
CR-102203,2024-03-11,45,Tecnología,21,9.5,3116.82,12268.57,2,390.0,5375.63,12,0.2503,1
CR-104782,2024-04-24,29,Manufactura,6,3.0,4586.01,4839.62,2,568.0,10465.55,12,0.1999,0
CR-104971,2024-02-16,22,Comercio,1,17.0,3989.39,551.87,1,627.0,13058.4,6,0.1447,0
CR-100458,2024-08-26,42,Manufactura,19,3.8,1561.69,1781.18,1,536.0,9153.77,48,0.222,1
CR-102865,2025-01-17,24,Agro,6,14.5,4625.05,0.0,0,674.0,16452.38,12,0.1851,0
CR-100752,2023-03-01,27,Manufactura,8,10.4,4348.67,9386.06,2,543.0,14468.23,12,0.1757,0
CR-100121,2023-07-10,40,Comercio,18,6.4,2822.16,0.0,0,553.0,12865.54,24,0.1881,0
CR-103637,2023-04-11,53,Manufactura,31,3.4,4579.27,0.0,0,654.0,8869.35,36,0.1725,0
CR-100699,2023-08-07,36,Tecnología,13,7.1,3646.69,0.0,0,655.0,5632.88,24,0.1781,0
CR-102924,2024-07-21,31,Manufactura,13,3.0,3891.42,1978.39,3,,27945.05,6,0.2376,0
CR-105316,2024-11-06,46,Servicios,22,5.4,9767.74,0.0,0,742.0,15190.63,48,0.1713,0
CR-101492,2025-01-26,31,Servicios,10,5.0,2389.24,1734.16,1,567.0,6726.2,18,0.2054,0
CR-105934,2024-04-11,21,Servicios,0,8.4,2612.35,7569.03,2,300.0,10777.56,24,0.273,1
CR-101948,2024-08-02,28,Servicios,8,7.3,5393.24,17522.62,1,389.0,22163.96,18,0.2399,1
CR-102086,2025-04-03,37,Comercio,17,6.9,6716.11,18341.38,1,432.0,10161.13,12,0.239,0
CR-103365,2023-10-11,24,Comercio,5,6.8,4456.14,0.0,0,682.0,20048.14,12,0.1544,0
CR-100031,2025-02-23,34,Construcción,12,9.9,6325.35,0.0,0,733.0,43706.23,18,0.1782,0
CR-102154,2023-04-01,40,Comercio,21,5.9,7126.39,0.0,0,718.0,35687.29,24,0.1693,0
CR-102758,2025-05-13,46,Tecnología,26,6.2,6760.01,232.07,1,679.0,11490.35,48,0.1493,0
CR-100069,2024-11-24,36,Agro,15,2.0,1938.63,998.98,2,542.0,7821.34,18,0.2273,0
CR-101449,2024-11-08,31,Comercio,10,11.8,10340.69,32902.14,3,471.0,62769.37,6,0.2329,0
CR-105215,2025-03-23,30,Servicios,7,25.6,2129.18,3188.7,2,512.0,4440.62,12,0.2024,0
CR-105819,2023-10-01,42,Tecnología,19,12.7,2740.59,0.0,0,668.0,7743.46,12,0.1847,0
CR-103175,2024-02-14,19,Manufactura,0,4.7,11414.33,27068.22,2,541.0,67563.51,24,0.1818,0
CR-103627,2023-08-30,28,Tecnología,10,6.1,5825.52,13506.22,2,492.0,41530.23,12,0.2211,0
CR-103877,2023-03-17,42,Construcción,20,10.2,5497.33,19724.27,2,300.0,22511.81,12,0.2879,1
CR-105286,2024-06-27,28,Agro,8,2.4,1510.63,2171.93,2,482.0,2978.82,18,0.2398,0
CR-103959,2025-02-02,29,Agro,5,2.5,3644.45,5753.02,2,428.0,20007.2,24,0.2636,0
CR-105705,2024-05-27,40,Construcción,19,9.7,7987.53,0.0,0,782.0,54467.54,36,0.1201,0
CR-103221,2024-01-04,39,Servicios,15,8.2,7329.31,29044.04,2,339.0,51139.06,12,0.2806,1
CR-103146,2024-10-14,47,Construcción,24,2.6,2972.89,7190.07,2,362.0,6030.08,12,0.2602,0
CR-101531,2024-07-23,41,Manufactura,18,13.6,4318.04,7482.83,1,479.0,21318.12,24,0.2291,0
CR-104501,2024-11-14,50,Comercio,29,6.7,1397.87,2709.51,2,464.0,3469.08,24,0.2289,0
CR-102432,2025-05-05,27,Servicios,4,11.3,1937.45,6077.23,2,372.0,8716.69,36,0.2322,0
CR-104361,2024-09-24,42,Tecnología,23,5.6,3326.48,12019.61,4,320.0,13761.48,12,0.2951,1
CR-103574,2024-03-06,31,Servicios,8,4.2,3143.55,7375.17,2,375.0,15747.77,24,0.2672,0
CR-103182,2023-04-23,30,Comercio,9,8.1,1418.83,0.0,0,638.0,2682.92,24,0.177,0
CR-101912,2023-11-11,44,Manufactura,21,4.6,1611.43,0.0,0,665.0,9685.15,18,0.1609,0
CR-100504,2024-10-09,18,Servicios,0,8.3,6285.88,3820.72,2,615.0,23111.6,24,0.1918,0
CR-100339,2023-11-12,45,Servicios,23,12.4,4619.13,0.0,0,636.0,8491.39,36,0.203,0
CR-104910,2024-05-15,29,Tecnología,5,1.6,2086.07,7513.59,2,300.0,7116.49,12,0.2717,1
CR-103580,2023-03-29,45,Comercio,27,6.7,3249.95,9910.42,3,310.0,15876.4,24,0.2989,1
CR-105625,2025-04-10,52,Tecnología,30,1.7,1505.91,1056.88,1,591.0,11892.7,24,0.2014,0
CR-100798,2023-11-14,49,Comercio,27,4.7,1862.13,5788.37,1,329.0,7847.45,36,0.2447,1
CR-105026,2024-12-08,37,Comercio,19,5.8,5666.08,12508.64,2,399.0,22817.33,36,0.2413,0
CR-104840,2024-12-14,40,Servicios,19,7.6,2580.96,7416.52,1,338.0,18694.66,24,0.2481,0
CR-105074,2025-03-11,52,Tecnología,30,5.6,4640.82,15205.15,2,346.0,32775.16,36,0.2818,1
CR-105633,2023-10-22,48,Tecnología,28,4.4,5019.62,4706.04,1,568.0,18971.46,12,0.2062,0
CR-105777,2024-09-06,40,Servicios,16,1.3,2677.8,0.0,0,689.0,16807.46,12,0.1764,0
CR-100061,2024-12-11,34,Manufactura,10,1.2,5960.89,0.0,0,639.0,13809.38,12,0.1627,0
CR-101775,2025-05-14,41,Manufactura,22,14.0,3509.76,5718.61,2,480.0,19247.66,18,0.2409,0
CR-102845,2025-01-04,27,Comercio,5,2.7,7339.7,12313.21,1,577.0,35487.82,24,0.1937,0
CR-105933,2023-07-01,38,Comercio,18,5.6,9712.04,0.0,0,800.0,25522.81,18,0.1435,0
CR-102460,2024-06-06,24,Servicios,2,2.7,4121.94,10820.91,1,389.0,9257.37,6,0.2679,0
CR-104237,2023-03-05,40,Comercio,16,7.7,4270.51,10323.47,1,488.0,14648.96,12,0.2132,0
CR-101567,2024-10-31,40,Servicios,20,5.3,3167.39,9542.59,1,412.0,8345.69,18,0.2799,1
CR-104289,2024-07-17,43,Manufactura,24,16.9,3011.63,0.0,0,703.0,6176.06,18,0.1596,0
CR-104742,2023-03-05,37,Servicios,15,4.8,2746.29,8192.7,2,385.0,7328.33,18,0.2603,1
CR-104456,2024-10-04,31,Construcción,7,11.2,3348.86,3228.83,1,536.0,13512.12,12,0.2082,0
CR-102848,2024-12-03,47,Manufactura,27,6.3,5199.45,0.0,0,730.0,40433.35,18,0.1368,0
CR-101689,2023-11-28,48,Agro,30,1.0,6086.77,15187.03,2,452.0,9454.03,6,0.2453,0
CR-104153,2025-05-25,29,Comercio,6,7.8,5695.06,8298.56,4,548.0,27263.28,18,0.2126,0
CR-102986,2023-06-03,40,Manufactura,19,11.8,3759.15,14359.25,1,300.0,16147.38,18,0.2813,1
CR-102419,2023-01-09,18,Comercio,0,1.1,6596.08,0.0,0,725.0,43392.17,12,0.1131,0
CR-104454,2024-10-31,44,Servicios,25,5.5,6103.99,0.0,0,780.0,13248.15,12,0.1366,0
CR-105676,2024-05-09,20,Servicios,0,3.1,3122.93,3493.64,2,588.0,19973.83,36,0.1909,0
CR-101568,2025-01-17,46,Comercio,28,3.6,2559.69,6827.59,2,343.0,5670.43,6,0.2679,0
CR-103965,2024-12-02,29,Tecnología,7,5.0,3287.89,5902.85,4,437.0,15893.9,18,0.2492,0
CR-102339,2025-02-06,47,Servicios,27,3.7,2670.57,3860.33,2,517.0,8359.82,18,0.238,0
CR-102094,2024-05-17,39,Tecnología,17,19.3,7910.03,21954.98,2,525.0,25688.07,18,0.2123,0
CR-105019,2024-07-19,48,Comercio,28,7.9,2482.08,1080.17,1,586.0,4287.95,24,0.2046,0
CR-102041,2023-02-19,45,Comercio,25,11.6,,0.0,0,701.0,47163.33,12,0.1436,0
CR-104373,2023-02-24,57,Comercio,35,8.7,3216.7,1477.71,2,686.0,22078.93,18,0.1582,0
CR-102200,2024-08-22,32,Comercio,10,3.4,3007.16,0.0,0,632.0,5916.79,24,0.1608,0
CR-102272,2024-11-05,45,Manufactura,27,7.2,1659.9,2366.47,3,527.0,13031.22,18,0.2117,0
CR-100381,2023-12-21,52,Comercio,32,2.5,4032.28,6868.8,1,511.0,23905.99,12,0.2275,0
CR-103864,2023-08-22,19,Tecnología,0,3.9,1555.9,922.6,2,566.0,2631.54,36,0.2057,0
CR-102412,2025-03-15,19,Manufactura,0,9.9,2215.05,7903.19,1,374.0,4631.46,6,0.2663,0
CR-103912,2023-01-17,33,Manufactura,10,3.5,3979.73,0.0,0,620.0,31412.99,18,0.164,0
CR-101390,2023-04-16,31,Comercio,8,23.1,6609.77,23178.27,1,383.0,29553.02,24,0.2307,0
CR-105120,2023-11-15,40,Construcción,22,11.4,4742.21,16241.83,3,386.0,32173.53,6,0.2696,0
CR-105412,2023-01-15,32,Comercio,13,3.0,1978.71,5309.71,2,324.0,6797.47,18,0.2721,0
CR-103914,2023-03-07,18,Comercio,0,5.3,4361.33,2642.76,1,599.0,12405.34,24,0.1713,0
CR-101952,2025-06-03,18,Servicios,0,15.9,2708.39,10153.31,2,357.0,8575.32,36,0.2556,0
CR-104162,2024-03-15,44,Manufactura,21,5.1,2826.97,6962.94,2,379.0,9176.83,12,0.2597,0
CR-105151,2023-10-29,37,Tecnología,14,4.9,3089.57,5356.61,2,505.0,20097.27,18,0.2239,0
CR-102915,2024-12-04,59,Comercio,38,12.0,2427.2,8872.19,2,340.0,8462.86,36,0.265,1
CR-102342,2025-04-21,18,Tecnología,0,8.7,9242.85,24009.87,2,531.0,22473.1,12,0.2176,0
CR-104209,2024-10-22,34,Comercio,16,2.5,3107.59,5096.3,1,476.0,10467.93,12,0.2322,0
CR-100245,2023-11-13,24,Servicios,1,11.3,6336.52,10947.74,4,545.0,38768.92,6,0.1895,0
CR-101439,2023-04-30,50,Comercio,29,10.1,2602.69,7700.83,1,396.0,4918.49,6,0.2707,0
CR-101022,2024-03-09,43,Comercio,25,6.3,5166.86,1399.59,1,659.0,32038.06,12,0.1791,0
CR-103233,2023-04-06,48,Tecnología,24,5.4,4144.02,8532.54,5,483.0,21508.76,24,0.1968,1
CR-105076,2024-11-12,43,Construcción,23,6.1,5979.77,14843.89,2,,22041.32,18,0.2399,0
CR-100411,2023-12-04,18,Servicios,0,15.3,3344.25,3510.23,1,622.0,23851.17,48,0.1631,0
CR-102261,2025-01-07,29,Comercio,6,3.7,2674.74,6088.6,4,440.0,17205.83,6,0.2542,0
CR-101062,2024-06-08,33,Comercio,13,6.8,3516.6,3360.09,1,458.0,18773.05,6,0.2745,0
CR-104212,2024-08-26,44,Manufactura,26,6.4,1986.3,3033.89,1,437.0,7043.03,36,0.2479,0
CR-105946,2025-05-27,47,Manufactura,23,12.8,3534.1,12856.07,3,388.0,10580.89,18,0.2641,1
CR-105696,2024-12-09,41,Tecnología,18,8.9,9549.05,29609.92,1,422.0,57291.51,12,0.2625,0
CR-104343,2023-10-05,33,Manufactura,9,2.0,,1233.46,1,404.0,4030.25,24,0.293,0
CR-103561,2024-08-31,39,Comercio,20,5.5,3978.35,14061.65,2,307.0,22085.78,12,0.2609,0
CR-100665,2024-06-14,19,Tecnología,0,4.3,1423.55,0.0,0,656.0,2386.36,18,0.1906,0
CR-105932,2023-04-25,35,Agro,17,8.2,5741.3,6266.08,2,561.0,19999.95,12,0.1962,0
CR-105817,2024-11-30,35,Agro,12,8.8,2572.43,0.0,0,621.0,6496.15,6,0.1722,0
CR-104188,2024-09-02,30,Servicios,7,7.5,825.64,1280.72,2,488.0,5470.37,36,0.2198,0
CR-105942,2023-09-25,45,Tecnología,26,21.2,2399.24,6821.6,2,336.0,15255.73,24,0.2531,1
CR-100114,2023-06-18,39,Comercio,19,7.7,4585.37,7532.74,2,431.0,25316.45,24,0.2149,0
CR-103989,2024-01-10,28,Comercio,8,14.7,6512.53,21213.18,1,381.0,45655.14,6,0.2531,1
CR-102302,2024-10-05,18,Manufactura,0,10.7,2688.95,1283.23,1,670.0,11756.64,12,0.1931,0
CR-102477,2023-04-13,40,Servicios,22,3.3,4418.97,6256.44,1,503.0,13934.1,18,0.2273,0
CR-103250,2023-07-13,51,Comercio,30,2.2,8310.84,0.0,0,684.0,60176.11,18,0.1889,0
CR-100118,2025-04-01,56,Manufactura,36,9.1,2170.83,838.74,1,570.0,11923.55,6,0.2053,0
CR-101981,2023-05-17,32,Manufactura,10,2.9,1872.43,4916.75,1,339.0,3201.54,18,0.2589,0
CR-102180,2024-07-17,61,Comercio,39,9.9,2503.21,6669.33,4,369.0,13796.18,24,0.291,1
CR-100162,2024-11-24,61,Comercio,38,7.8,3148.39,7075.13,2,471.0,22981.79,24,0.243,0
CR-100263,2024-11-22,32,Comercio,13,8.3,8972.92,0.0,0,767.0,55937.72,12,0.1355,0
CR-104342,2023-07-12,37,Comercio,17,9.0,2730.24,1387.5,2,636.0,13354.22,18,0.1852,0
CR-100775,2024-02-21,40,Servicios,18,4.5,3028.16,10667.92,2,300.0,13070.25,18,0.2754,1
CR-104871,2023-12-11,40,Manufactura,18,2.6,3138.08,7625.9,2,432.0,8025.24,12,0.2577,0
CR-104648,2023-12-14,40,Agro,17,11.3,1980.41,2991.42,1,475.0,4502.64,6,0.2228,0
CR-105209,2025-01-26,23,Comercio,2,3.8,3338.33,0.0,0,655.0,20441.99,18,0.1549,0
CR-105448,2023-05-04,52,Manufactura,31,11.3,2423.57,5516.2,3,380.0,7866.54,18,0.2529,0
CR-104676,2025-06-09,42,Servicios,19,6.9,3433.02,10180.83,2,360.0,26959.14,36,0.2667,0
CR-104940,2025-06-16,42,Servicios,18,9.7,3756.48,2009.46,2,626.0,26646.97,12,0.1672,0
CR-104473,2023-01-20,48,Construcción,27,12.9,4478.53,8749.36,2,580.0,33125.22,12,0.2097,0
CR-100651,2023-08-01,36,Manufactura,16,6.9,3849.59,0.0,0,581.0,11176.16,36,0.1927,0
CR-103723,2024-02-04,48,Servicios,27,3.1,,8480.34,2,338.0,8171.9,12,0.2642,1
CR-105418,2024-07-10,35,Servicios,15,9.6,5690.76,8947.03,1,617.0,40413.58,48,0.1726,0
CR-101170,2024-08-10,25,Servicios,3,19.1,4281.29,6669.25,1,464.0,16847.56,18,0.222,0
CR-105529,2024-09-07,38,Tecnología,19,5.8,5322.18,18555.46,1,399.0,42517.04,12,0.2503,0
CR-103011,2024-04-13,34,Manufactura,11,12.1,3618.06,0.0,0,600.0,27796.35,18,0.197,0
CR-105954,2024-06-08,36,Manufactura,13,17.6,,4000.21,1,532.0,5636.25,12,0.2225,0
CR-103874,2023-06-22,24,Servicios,4,3.7,5781.45,1469.13,3,655.0,42482.95,36,0.1664,0
CR-105947,2023-07-16,28,Servicios,6,17.0,2956.43,6820.61,1,358.0,17169.47,48,0.2779,1
CR-101368,2025-05-25,52,Construcción,34,7.4,1727.06,3260.18,1,523.0,6718.03,36,0.2081,0
CR-100897,2024-04-11,29,Servicios,6,10.6,5794.61,12279.75,1,538.0,37123.47,36,0.2068,0
CR-100928,2025-02-01,35,Comercio,15,4.6,3806.99,1360.68,1,678.0,9003.25,12,0.193,0
CR-104772,2025-01-07,34,Comercio,14,6.3,2431.25,3726.09,1,573.0,17066.94,24,0.1901,0
CR-100014,2025-05-05,43,Servicios,24,3.5,2894.4,7266.83,2,416.0,10675.06,12,0.2512,0
CR-102548,2023-11-07,19,Manufactura,0,2.3,4463.2,12632.4,5,436.0,9565.85,24,0.2295,0
CR-100967,2024-02-17,30,Comercio,11,2.1,4178.2,15184.29,3,300.0,7490.22,36,0.2928,0
CR-101106,2023-09-21,23,Agro,2,12.0,7251.48,12331.25,4,585.0,21845.8,36,0.2154,0
CR-105508,2023-02-11,40,Agro,16,6.5,1162.77,4353.38,2,313.0,2546.2,48,0.2758,1
CR-104336,2024-02-17,40,Comercio,21,10.1,4225.54,0.0,0,678.0,29681.4,24,0.1662,0
CR-103968,2025-01-06,31,Comercio,7,1.3,5537.0,0.0,0,728.0,34187.19,36,0.1664,0
CR-101254,2023-05-31,30,Manufactura,6,24.2,3486.82,1903.82,2,620.0,15510.98,12,0.1963,0
CR-102648,2023-02-07,41,Comercio,22,6.4,1469.87,5845.64,3,300.0,2991.68,24,0.2863,1
CR-102923,2024-04-03,31,Comercio,8,6.7,3883.44,75.42,2,616.0,25276.64,24,0.1965,0
CR-104780,2023-06-04,34,Comercio,12,9.9,2395.07,8501.83,3,300.0,16780.45,18,0.2701,1
CR-104264,2024-03-31,31,Tecnología,8,3.9,5030.23,0.0,0,619.0,27323.62,18,0.1964,0
CR-105957,2024-04-04,47,Servicios,27,19.4,3904.72,7601.65,1,515.0,13028.5,18,0.2028,0
CR-101639,2023-01-16,36,Construcción,18,1.7,3935.9,0.0,0,673.0,22552.76,18,0.1708,1
CR-101133,2024-11-06,53,Manufactura,30,5.2,2114.67,5311.14,3,360.0,13768.44,36,0.2512,1
CR-105614,2024-08-10,46,Comercio,25,1.6,3958.84,0.0,0,634.0,9723.62,24,0.1772,0
CR-103519,2023-12-13,45,Servicios,21,12.2,10846.33,0.0,0,850.0,32062.11,12,0.1148,0
CR-101878,2023-07-04,54,Servicios,30,5.0,3363.46,10651.26,1,359.0,15442.16,18,0.2816,1
CR-100271,2023-07-29,41,Servicios,18,7.6,3110.94,0.0,0,632.0,9959.74,6,0.1917,0
CR-101473,2023-04-09,18,Servicios,0,2.6,3937.86,0.0,0,621.0,15271.38,18,0.2032,0
CR-105349,2025-01-17,38,Tecnología,14,14.0,1854.28,3494.98,1,484.0,4047.49,36,0.2167,0
CR-101547,2024-06-04,29,Tecnología,10,3.4,4302.93,11316.09,1,390.0,24118.51,24,0.2277,1
CR-104310,2025-02-10,42,Manufactura,18,23.5,2722.17,0.0,0,673.0,18982.82,18,0.1943,0
CR-105594,2024-09-25,43,Servicios,23,12.7,5797.56,17792.13,1,357.0,38918.42,24,0.2456,0
CR-104440,2025-03-12,42,Manufactura,18,2.0,7174.36,13415.35,1,490.0,43630.18,24,0.2617,0
CR-100838,2023-01-03,58,Comercio,36,8.6,2804.83,5576.67,3,437.0,14128.01,48,0.2368,0
CR-102195,2023-12-20,18,Comercio,0,6.1,2394.31,8366.11,1,422.0,15682.22,36,0.2359,1
CR-101835,2023-04-18,39,Servicios,20,1.2,,1022.89,2,620.0,8311.87,12,0.1809,0
CR-104891,2023-11-07,22,Servicios,1,31.8,6580.47,0.0,0,766.0,32370.53,18,0.1581,0
CR-100412,2025-05-22,31,Servicios,9,6.7,2386.75,3654.57,2,559.0,16153.02,6,0.2396,0
CR-101712,2023-08-22,45,Manufactura,27,13.3,,9772.41,3,450.0,24706.85,6,0.2524,0
CR-104438,2024-12-18,23,Servicios,3,8.8,6012.61,11005.75,3,465.0,23003.9,24,0.2338,0
CR-105043,2025-05-20,18,Construcción,0,2.7,7351.21,25902.0,1,413.0,24317.01,18,0.273,0
CR-102795,2023-04-08,45,Comercio,23,14.7,8368.84,16857.17,1,556.0,53064.79,12,0.1958,0
CR-102221,2024-10-06,30,Manufactura,12,6.8,3914.05,3943.29,2,543.0,16621.03,24,0.2126,0
CR-100377,2024-06-04,18,Comercio,0,13.3,,1526.78,4,593.0,17495.07,12,0.1734,0
CR-101491,2023-08-22,38,Manufactura,16,14.1,2079.69,0.0,0,647.0,7387.65,18,0.1778,0
CR-100738,2023-09-25,20,Servicios,1,3.9,3632.58,7402.22,4,452.0,20437.27,12,0.2447,0
CR-103377,2023-10-15,35,Construcción,13,2.5,4484.33,12609.89,1,440.0,32815.53,18,0.2376,0
CR-103615,2025-02-28,47,Construcción,23,7.0,2671.75,10173.57,1,300.0,20245.19,12,0.2967,1
CR-105528,2023-05-27,35,Tecnología,13,9.2,1494.09,0.0,0,577.0,7740.39,18,0.1917,0
CR-100052,2024-11-30,22,Manufactura,2,6.7,2539.25,3120.27,1,550.0,17067.68,18,0.2272,0
CR-104114,2025-02-16,29,Tecnología,6,7.7,3424.38,12013.63,1,346.0,22644.38,24,0.2784,1
CR-105405,2024-02-06,51,Servicios,29,7.8,8119.56,23323.61,2,429.0,44626.42,18,0.2674,0
CR-102269,2025-02-15,33,Construcción,10,20.9,1930.28,6777.24,1,400.0,13974.9,24,0.2674,1
CR-105094,2024-07-21,44,Servicios,25,3.4,1958.4,6541.08,3,420.0,14963.5,6,0.2345,1
CR-103094,2024-08-09,58,Manufactura,37,6.0,1862.45,7255.37,1,300.0,8983.17,18,0.2852,1
CR-101389,2023-11-13,28,Comercio,4,4.9,6900.06,11131.72,1,653.0,40321.28,36,0.1808,0
CR-103188,2024-07-02,34,Servicios,16,2.9,4548.21,4665.39,1,544.0,33393.28,36,0.2131,0
CR-103478,2023-11-06,51,Comercio,33,2.2,2066.4,658.17,2,601.0,5148.01,6,0.2106,0
CR-103433,2025-04-22,39,Tecnología,21,6.7,3060.47,6071.82,1,400.0,19320.05,12,0.2503,0
CR-104191,2023-06-24,47,Comercio,29,0.6,3949.67,0.0,0,690.0,10066.4,24,0.15,0
CR-102309,2023-10-29,41,Construcción,19,4.0,3095.72,8071.47,3,444.0,7118.85,6,0.2408,1
CR-103222,2023-11-19,20,Comercio,0,5.8,,6466.15,1,409.0,10749.4,6,0.2543,0
CR-102590,2024-11-15,29,Comercio,9,4.8,6612.66,6500.95,1,689.0,41835.59,12,0.1849,0
CR-101632,2024-01-23,40,Comercio,20,8.7,3313.48,2230.14,2,666.0,17425.33,18,0.171,0
CR-104275,2024-12-16,34,Comercio,14,6.5,2273.93,0.0,0,599.0,13938.86,6,0.1684,0
CR-103174,2023-09-07,47,Manufactura,28,11.7,,28749.86,1,,14044.29,12,0.2413,0
CR-104812,2023-04-30,38,Comercio,18,1.8,7204.0,0.0,0,685.0,51870.17,36,0.1657,0
CR-102976,2025-04-06,29,Manufactura,7,10.1,1516.6,3359.13,1,472.0,8553.69,24,0.2387,0
CR-104280,2023-02-24,53,Comercio,31,7.7,8678.14,12381.72,3,602.0,63625.74,24,0.1939,0
CR-100467,2024-08-15,59,Manufactura,39,21.1,5920.82,17501.82,1,439.0,26609.77,24,0.2626,1
CR-105736,2024-05-13,43,Comercio,25,5.9,2217.47,2998.85,2,601.0,8210.02,12,0.1852,0
CR-100903,2024-10-02,55,Tecnología,36,9.2,2951.1,11024.74,2,353.0,9139.09,18,0.2731,1
CR-105709,2024-02-02,29,Manufactura,7,0.4,9651.68,34505.71,1,371.0,71689.22,24,0.2382,1
CR-100071,2024-11-17,26,Manufactura,8,9.9,16322.62,0.0,0,800.0,104237.65,12,0.1314,0
CR-103217,2025-05-21,51,Servicios,28,2.6,2426.61,5788.1,2,485.0,5201.53,12,0.2223,0
CR-101898,2024-04-20,33,Construcción,9,2.0,2190.0,892.09,2,613.0,16959.84,24,0.1913,0
CR-105052,2023-06-02,50,Tecnología,32,12.1,3185.59,12002.61,2,310.0,12419.78,24,0.2589,1
CR-103995,2024-08-16,31,Construcción,12,5.7,5112.85,13215.14,1,437.0,19489.42,12,0.2395,0
CR-105499,2024-05-15,30,Servicios,10,7.5,2367.07,5670.08,1,416.0,11543.64,6,0.2531,0
CR-101207,2024-01-17,28,Comercio,7,2.8,5753.95,0.0,0,744.0,36625.88,18,0.172,0
CR-102077,2023-09-09,39,Comercio,19,6.7,6240.0,5648.01,5,652.0,47629.04,6,0.1777,1
CR-101590,2023-01-09,23,Agro,4,9.6,4684.69,10555.56,1,424.0,9445.38,18,0.2524,0
CR-102844,2024-10-29,31,Comercio,9,3.7,3752.38,4616.58,2,524.0,19914.53,12,0.215,0
CR-105159,2023-07-07,18,Tecnología,0,10.7,3649.29,12016.33,4,354.0,11631.94,6,0.2424,1
CR-102205,2024-10-17,35,Servicios,16,9.6,4557.24,5295.65,4,588.0,15930.19,18,0.1984,0
CR-102980,2023-09-28,37,Construcción,15,22.2,4162.94,13561.94,2,372.0,31407.95,6,0.2731,1
CR-100658,2023-09-13,51,Tecnología,29,9.3,4726.48,14623.59,2,422.0,20555.2,18,0.2351,1
CR-100063,2023-12-13,44,Construcción,22,2.6,1508.55,2500.25,2,546.0,5579.76,12,0.2077,0
CR-101838,2024-09-11,54,Agro,34,13.0,8287.68,0.0,0,649.0,15658.04,6,0.1601,0
CR-104000,2025-06-10,41,Comercio,19,5.9,1209.21,2031.86,1,577.0,5947.16,12,0.2017,0
CR-105172,2023-07-28,33,Servicios,15,2.4,7969.76,5307.59,1,663.0,15837.64,24,0.1563,0
CR-103036,2024-07-28,40,Servicios,18,5.3,4136.56,559.54,3,678.0,8092.14,12,0.1566,0
CR-100454,2023-05-20,39,Agro,19,7.9,4501.01,2400.78,1,707.0,32829.59,48,0.1634,0
CR-105479,2023-03-11,27,Comercio,6,9.9,3913.41,0.0,0,661.0,26609.5,24,0.1471,0
CR-100402,2025-06-02,47,Comercio,23,2.8,3794.3,0.0,0,686.0,24666.21,6,0.172,0
CR-105085,2025-06-05,52,Comercio,33,1.2,3644.44,14254.53,1,,17186.78,12,0.2522,0
CR-101472,2023-08-07,38,Comercio,14,9.1,7482.53,29279.52,1,327.0,52568.74,6,0.2637,1
CR-100677,2023-04-14,43,Comercio,20,13.8,5245.08,4125.71,3,705.0,21930.98,24,0.188,0
CR-103356,2024-03-20,31,Servicios,10,7.8,2538.1,5432.85,1,444.0,4886.99,12,0.2474,1
CR-101616,2025-04-22,70,Tecnología,46,9.0,2156.93,0.0,0,599.0,12776.24,24,0.1742,0
CR-101251,2023-12-24,55,Comercio,35,2.8,2784.68,0.0,0,684.0,16084.34,48,0.1821,0
CR-101983,2024-07-28,35,Servicios,17,11.1,7125.32,20856.18,2,435.0,41976.25,12,0.2292,1
CR-103425,2025-05-20,42,Construcción,23,9.8,3013.49,2277.56,2,546.0,6820.24,18,0.2006,0
CR-104918,2024-10-05,41,Construcción,20,15.3,4468.84,0.0,0,695.0,24259.97,12,0.1762,0
CR-105059,2023-12-24,38,Comercio,20,6.0,2088.96,5128.48,2,458.0,16442.7,24,0.2233,0
CR-103843,2023-12-24,58,Manufactura,40,11.3,3646.34,9330.97,2,480.0,25256.3,36,0.2384,0
CR-104931,2023-08-07,28,Construcción,9,12.6,1936.49,5490.05,2,406.0,11112.46,24,0.2737,1
CR-101033,2023-05-02,43,Servicios,19,9.1,3162.19,8228.45,2,393.0,17494.25,48,0.2454,1
CR-100174,2025-01-25,24,Comercio,0,1.1,4009.14,9270.55,1,397.0,28174.35,36,0.2454,1
CR-100939,2023-04-26,48,Servicios,24,12.5,2783.93,10013.76,3,343.0,22161.73,6,0.2431,1
CR-103102,2025-01-27,47,Servicios,27,4.8,3254.71,10111.27,2,323.0,7796.98,36,0.275,0
CR-104787,2024-04-13,38,Comercio,20,7.8,4099.11,8266.17,1,457.0,7785.69,12,0.229,0
CR-102587,2024-03-15,54,Comercio,35,5.0,2902.97,0.0,0,594.0,19063.17,24,0.2056,0
CR-100334,2024-11-05,38,Manufactura,20,3.4,1950.9,0.0,0,619.0,8098.37,24,0.1732,0
CR-100873,2023-09-14,39,Agro,17,2.6,5956.33,20498.73,2,443.0,30525.88,48,0.2386,0
CR-102853,2025-02-12,41,Tecnología,17,4.5,8139.25,15683.61,2,501.0,13607.36,18,0.2283,0
CR-101486,2023-12-17,48,Servicios,25,7.8,5055.91,4990.45,2,604.0,37121.69,18,0.1945,0
CR-104293,2023-11-05,52,Manufactura,28,3.8,6336.32,14008.81,4,434.0,16965.52,36,0.2468,1
CR-100296,2024-05-18,41,Comercio,17,5.6,4618.67,13444.81,1,400.0,18986.95,24,0.2402,1
CR-105839,2023-06-25,22,Comercio,3,16.0,2021.53,0.0,0,761.0,8858.17,48,0.1424,0
CR-105755,2024-02-17,41,Servicios,17,2.0,7926.96,11641.72,1,553.0,58584.63,48,0.2093,0
CR-103845,2023-10-20,18,Comercio,0,3.8,6715.34,4367.7,1,702.0,52048.67,6,0.1617,0
CR-104218,2023-09-01,57,Tecnología,39,4.1,2430.43,2148.05,1,596.0,14877.75,12,0.1883,0
CR-103760,2025-04-07,33,Tecnología,10,4.9,2645.92,2485.58,1,559.0,17912.78,12,0.1907,1
CR-100378,2023-09-12,56,Manufactura,33,2.3,2077.29,330.51,2,649.0,7728.61,36,0.1789,0
CR-103110,2023-05-15,41,Servicios,17,9.1,2033.64,4376.67,5,428.0,8467.12,12,0.2546,0
CR-102770,2023-12-01,49,Servicios,27,6.6,4857.73,9143.83,2,586.0,34571.42,18,0.1912,0
CR-103918,2025-04-12,40,Servicios,21,14.5,3895.62,0.0,0,643.0,26493.09,24,0.1879,0
CR-104138,2023-12-31,27,Servicios,8,4.6,,5422.33,1,402.0,13231.7,18,0.258,1
CR-102210,2023-06-03,47,Comercio,25,1.0,2719.03,6706.21,2,410.0,10317.4,24,0.2367,1
CR-102172,2023-11-19,35,Servicios,17,1.2,5129.16,18000.44,3,300.0,15315.09,18,0.2766,1
CR-102599,2023-07-16,49,Servicios,31,13.5,5009.27,11333.2,1,418.0,12845.8,12,0.2251,0
CR-102052,2023-06-18,51,Construcción,32,2.8,10207.63,30041.74,2,420.0,72178.47,36,0.2575,1
CR-100915,2024-03-10,51,Servicios,32,4.7,3607.66,9428.11,2,459.0,17684.87,36,0.2417,0
CR-105966,2023-09-02,29,Manufactura,9,5.6,6079.01,23243.63,1,346.0,13859.59,12,0.2829,1
CR-105751,2023-11-19,42,Tecnología,22,3.7,4360.01,13970.9,1,346.0,13143.55,18,0.2645,0
CR-104707,2023-03-17,34,Comercio,13,7.0,4029.58,8096.52,1,476.0,20287.26,18,0.2207,0
CR-102335,2023-08-02,39,Servicios,19,11.2,5609.92,18333.81,1,457.0,24014.43,6,0.2359,1
CR-103820,2024-12-09,49,Manufactura,31,11.8,2182.17,5501.25,3,423.0,10381.32,12,0.2413,1
CR-100956,2024-10-17,33,Comercio,15,5.3,3667.47,0.0,0,682.0,17917.78,48,0.1407,0
CR-101887,2023-01-25,40,Comercio,21,9.4,10919.79,14509.33,3,585.0,70926.43,6,0.2111,0
CR-100741,2023-02-14,51,Construcción,30,3.9,2683.98,8526.85,1,300.0,11192.34,24,0.2573,0
CR-103717,2023-04-01,43,Construcción,25,3.3,1945.54,0.0,0,634.0,9188.73,36,0.2059,0
CR-104027,2023-11-20,45,Tecnología,26,8.8,2814.43,4457.48,1,430.0,15217.37,6,0.2299,0
CR-101182,2023-01-06,29,Manufactura,11,5.9,5728.66,0.0,0,710.0,15072.26,24,0.1654,0
CR-105998,2024-12-28,40,Comercio,19,8.2,2324.45,3356.0,1,476.0,5874.67,48,0.2436,0
CR-105004,2024-06-18,41,Comercio,23,4.4,8088.57,5781.78,2,669.0,34282.03,36,0.1814,0
CR-104602,2024-09-18,37,Manufactura,19,10.7,5536.21,4896.3,1,720.0,26620.77,18,0.158,0
CR-104452,2025-02-19,23,Servicios,3,4.2,,0.0,0,682.0,12444.24,6,0.1633,0
CR-101423,2024-07-06,53,Comercio,34,8.3,3461.91,0.0,0,669.0,6372.91,24,0.1596,0
CR-105987,2024-05-01,33,Servicios,13,11.4,3197.82,9129.46,1,381.0,25436.59,36,0.2473,1
CR-102400,2024-02-02,33,Comercio,10,10.2,3235.39,2538.97,1,553.0,7198.43,12,0.1958,0
CR-102892,2024-11-26,37,Comercio,15,8.1,7251.62,14239.71,3,573.0,19216.2,48,0.2353,0
CR-105250,2024-05-21,37,Tecnología,13,3.8,2512.55,6322.64,1,328.0,8555.65,12,0.2738,1
CR-103596,2024-06-07,33,Construcción,14,0.6,7898.06,0.0,0,799.0,49226.84,12,0.1218,0
CR-101722,2023-02-27,31,Construcción,8,6.3,4885.21,3464.19,2,626.0,12031.99,36,0.1769,0
CR-101667,2024-03-19,38,Agro,15,4.0,1953.41,0.0,0,611.0,9374.88,24,0.1819,0
CR-102884,2023-10-16,38,Comercio,16,12.9,1924.64,1787.09,2,585.0,3848.09,24,0.2214,0
CR-102994,2023-11-23,33,Comercio,15,13.0,2886.16,2936.05,2,507.0,15157.67,18,0.2278,0
CR-104763,2024-02-24,56,Comercio,33,5.3,3530.25,9979.11,1,359.0,6382.31,12,0.2737,0
CR-100886,2023-03-30,52,Tecnología,29,13.5,2858.23,0.0,0,687.0,21204.04,36,0.1525,0
CR-104056,2023-10-16,48,Comercio,29,2.7,4358.14,12621.38,1,425.0,19095.58,12,0.2287,0
CR-105380,2025-02-09,51,Manufactura,31,4.8,3200.08,10145.25,2,336.0,12857.06,36,0.2736,1
CR-105746,2023-11-09,18,Servicios,0,3.7,2028.11,107.25,3,512.0,14938.78,12,0.1943,0
CR-100333,2023-10-26,27,Comercio,4,1.9,3524.87,7382.26,3,439.0,12363.26,12,0.2416,0
CR-100153,2024-10-12,33,Servicios,14,5.4,2632.59,6233.54,3,401.0,12077.22,24,0.259,1
CR-105516,2023-09-03,39,Servicios,17,0.8,3920.7,9448.02,2,434.0,8670.59,6,0.2233,0
CR-100721,2023-09-02,50,Servicios,32,0.8,1008.36,3812.98,4,300.0,6019.57,24,0.2914,1
CR-100373,2024-01-10,47,Servicios,23,20.5,3345.83,5833.87,1,558.0,9953.6,36,0.1858,0
CR-100312,2023-01-21,57,Manufactura,33,1.6,3203.84,0.0,0,596.0,22803.84,36,0.2049,0
CR-101849,2023-05-27,45,Servicios,23,6.0,,1071.91,1,600.0,9450.53,18,0.1793,0
CR-101622,2024-11-21,46,Comercio,27,5.1,6035.21,360.92,2,767.0,32917.12,24,0.1501,0
CR-100042,2025-03-06,31,Manufactura,9,9.3,3761.5,6025.15,2,560.0,25336.66,36,0.2075,0
CR-102693,2024-10-16,34,Comercio,10,10.4,3216.99,12195.92,1,369.0,17502.85,6,0.2567,1
CR-105067,2024-09-29,48,Servicios,25,10.0,6559.27,2952.4,2,806.0,34715.62,6,0.119,0
CR-104618,2025-04-14,68,Servicios,47,2.2,6012.1,0.0,0,704.0,14673.0,36,0.161,0
CR-100417,2023-07-30,53,Agro,32,16.7,4575.09,9000.48,1,499.0,25739.52,6,0.2094,1
CR-104858,2025-04-02,32,Tecnología,11,8.7,4878.32,12796.8,2,431.0,26107.15,36,0.2167,0
CR-104753,2023-02-18,22,Construcción,2,5.3,,24963.12,5,374.0,54354.59,6,0.2574,0
CR-105890,2023-04-22,47,Tecnología,23,3.3,2439.03,2136.41,5,532.0,13584.04,12,0.1898,0
CR-105598,2024-12-10,41,Comercio,17,2.1,7570.95,0.0,0,768.0,19849.73,24,0.1558,0
CR-100704,2023-02-16,50,Manufactura,31,14.2,,1615.03,2,634.0,3567.24,36,0.1673,0
CR-100732,2025-04-22,44,Comercio,26,17.2,2377.94,3001.26,3,514.0,11226.18,12,0.2402,0
CR-105739,2023-04-17,50,Manufactura,26,6.2,8407.77,5385.97,1,680.0,26728.2,24,0.152,0
CR-100944,2023-09-06,41,Tecnología,22,10.7,2222.59,0.0,0,565.0,12202.22,6,0.1977,0
CR-105809,2024-07-13,27,Servicios,7,5.3,1922.03,1514.47,3,577.0,6765.19,18,0.2003,0
CR-103614,2024-06-16,18,Comercio,0,1.0,3025.87,1960.63,3,519.0,23647.89,6,0.1946,0
CR-101806,2024-05-02,43,Tecnología,23,2.1,3216.26,9483.4,1,423.0,9801.9,12,0.2762,1
CR-101018,2024-07-26,34,Servicios,14,9.3,,8793.37,1,,25092.31,24,0.1457,0
CR-105565,2023-06-09,44,Servicios,20,7.9,13745.89,0.0,0,821.0,56407.06,6,0.146,0
CR-100907,2023-12-17,24,Tecnología,6,9.6,3169.42,2947.45,3,574.0,7493.19,18,0.1859,0
CR-101693,2024-01-22,32,Servicios,13,0.6,3348.07,5081.11,2,519.0,14584.16,36,0.2223,0
CR-102791,2024-08-06,37,Tecnología,13,16.5,886.77,0.0,0,620.0,6620.95,36,0.1899,0
CR-104368,2023-02-13,36,Comercio,13,4.1,11590.04,10437.92,1,757.0,27454.67,6,0.1409,0
CR-105589,2023-01-16,27,Servicios,3,0.9,3823.02,0.0,0,588.0,12265.05,18,0.2099,0
CR-100519,2023-05-06,56,Manufactura,37,6.3,7242.33,23571.79,3,352.0,12300.24,24,0.2712,1
CR-100814,2023-04-04,31,Agro,13,4.7,3634.54,0.0,0,642.0,26732.72,12,0.1821,0
CR-100818,2023-10-14,41,Tecnología,18,9.7,5419.62,10681.61,2,502.0,42381.95,24,0.2278,0
CR-103449,2023-11-01,38,Servicios,16,3.9,2723.45,0.0,0,626.0,11926.05,18,0.1796,0
CR-104830,2024-04-24,24,Comercio,0,17.8,5588.24,12090.12,2,522.0,10060.65,6,0.2089,0
CR-101522,2025-05-15,35,Servicios,16,15.5,6055.61,0.0,0,756.0,37443.71,6,0.1772,0
CR-101638,2024-06-07,38,Construcción,16,2.7,2964.79,8384.65,3,346.0,5309.71,12,0.2735,0
CR-105915,2025-04-20,41,Comercio,20,15.0,3635.09,0.0,0,,8080.58,12,0.1641,0
CR-103557,2024-01-06,43,Tecnología,21,4.1,2515.14,2277.38,3,549.0,9888.12,18,0.1863,0
CR-105653,2023-01-20,45,Servicios,25,4.7,2671.61,1199.45,1,594.0,7039.88,6,0.1865,0
CR-101700,2023-04-27,26,Servicios,7,4.0,3674.15,2948.85,2,645.0,10040.17,24,0.1481,0
CR-103526,2024-10-06,42,Servicios,24,6.6,2982.34,2744.32,1,614.0,13945.68,36,0.1766,0
CR-105217,2024-11-06,51,Servicios,28,5.1,617.87,2374.37,1,300.0,3772.12,24,0.2953,1
CR-103734,2025-01-09,39,Manufactura,21,6.9,3322.59,0.0,0,627.0,10010.07,24,0.2038,0
CR-103046,2023-01-14,43,Manufactura,23,9.3,6033.31,4382.02,1,646.0,9762.78,12,0.1915,0
CR-101883,2024-12-20,39,Servicios,16,1.4,2033.12,3445.26,2,477.0,12438.64,18,0.2439,0
CR-102592,2024-07-13,43,Manufactura,20,6.8,7269.94,3192.56,1,630.0,55081.42,24,0.1869,0
CR-100379,2023-08-01,33,Agro,10,3.6,3189.49,4112.81,2,503.0,22764.64,48,0.1878,0
CR-103775,2023-12-23,28,Tecnología,7,2.4,2504.64,1028.61,1,627.0,7022.97,24,0.1848,0
CR-104003,2023-04-13,63,Comercio,44,4.3,5041.82,0.0,0,736.0,11862.43,24,0.1865,0
CR-102251,2024-09-29,37,Comercio,13,20.6,3457.71,0.0,0,733.0,14674.69,18,0.1305,0
CR-104439,2023-02-22,27,Servicios,6,3.0,4901.43,5847.18,3,541.0,25981.23,24,0.2266,0
CR-102148,2024-01-10,34,Agro,15,7.3,2884.05,1407.48,2,596.0,21889.83,36,0.1999,0
CR-103726,2025-01-08,41,Construcción,21,4.0,8297.1,25184.53,2,461.0,14202.52,48,0.2318,0
CR-102144,2024-05-05,30,Comercio,6,16.9,,6191.46,1,495.0,34940.53,24,0.2026,0
CR-102566,2024-01-06,40,Servicios,20,13.4,3795.71,4048.67,1,581.0,15592.23,36,0.2267,0
CR-101803,2025-04-06,33,Servicios,13,5.9,1626.98,5847.02,1,328.0,4920.99,18,0.2545,1
CR-105829,2023-12-17,32,Comercio,9,4.6,5383.28,16666.7,2,318.0,35128.64,12,0.257,1
CR-105357,2025-05-09,37,Agro,14,17.1,1800.28,134.17,2,621.0,14283.52,12,0.2082,0
CR-103621,2024-08-18,31,Tecnología,9,18.5,6750.89,0.0,0,731.0,27655.84,6,0.164,0
CR-105520,2023-05-15,45,Construcción,22,11.9,3487.01,12098.12,1,366.0,15079.28,24,0.2599,0
CR-103967,2025-02-26,27,Comercio,5,1.9,2856.08,8957.53,2,360.0,12497.77,18,0.2515,1
CR-101594,2024-08-29,42,Comercio,21,10.7,3847.44,0.0,0,598.0,21424.58,18,0.1857,0
CR-104328,2024-03-21,44,Tecnología,26,3.3,2695.79,0.0,0,590.0,16943.12,18,0.1934,0
CR-104890,2025-02-22,44,Comercio,26,1.4,982.23,3559.72,3,300.0,7105.23,12,0.2849,1
CR-101706,2025-05-25,33,Servicios,9,6.2,4173.47,0.0,0,649.0,19008.13,6,0.1896,0
CR-105909,2023-04-19,53,Comercio,29,9.0,12854.23,34698.31,2,486.0,101308.06,6,0.251,1
CR-103790,2023-10-09,33,Servicios,12,3.0,,4936.06,2,559.0,13741.88,18,0.2033,0
CR-101820,2023-09-17,18,Tecnología,0,10.7,9074.36,0.0,0,724.0,45873.06,12,0.1351,0
CR-102562,2024-07-02,53,Tecnología,31,14.0,3516.73,9535.05,1,426.0,25016.41,18,0.2317,1
CR-102559,2024-01-28,54,Manufactura,31,5.4,2759.95,3677.49,2,499.0,6218.38,48,0.2176,0
CR-104208,2024-04-22,50,Comercio,32,2.6,5381.79,0.0,0,699.0,10011.4,24,0.1757,0
CR-105095,2024-11-23,35,Comercio,17,6.9,,5652.82,1,607.0,27715.88,18,0.1966,0
CR-101582,2025-02-15,44,Tecnología,26,3.0,3783.56,0.0,0,659.0,28404.64,24,0.1663,0
CR-102547,2023-12-14,60,Tecnología,39,4.8,2008.32,0.0,0,608.0,3012.65,24,0.1722,0
CR-100319,2025-01-01,25,Manufactura,2,3.4,5272.88,6143.13,2,668.0,9920.96,12,0.1749,0
CR-104321,2023-02-15,39,Manufactura,21,8.1,2043.24,1876.43,3,510.0,8084.13,24,0.1944,0
CR-105138,2024-02-11,32,Manufactura,12,11.2,2640.6,9294.48,2,354.0,13855.41,12,0.2803,1
CR-105288,2024-04-04,48,Servicios,24,5.4,914.44,0.0,0,616.0,6840.08,36,0.2061,0
CR-103364,2023-03-27,43,Servicios,22,6.4,3764.51,3848.13,2,540.0,16890.23,12,0.2122,0
CR-105545,2023-04-13,56,Servicios,37,25.4,6807.05,13439.95,3,548.0,32053.9,24,0.1977,0
CR-101763,2024-06-01,26,Agro,4,13.5,3881.75,0.0,0,785.0,9328.42,18,0.1678,0
CR-102843,2024-05-13,46,Tecnología,28,0.8,3380.2,3304.15,2,594.0,18173.42,12,0.1941,0
CR-104944,2024-08-27,36,Agro,16,1.7,5150.97,14006.71,1,404.0,11523.06,6,0.2368,1
CR-104717,2023-04-23,34,Construcción,12,14.7,3291.99,8285.69,2,385.0,21303.9,18,0.2759,1
CR-105679,2023-03-10,47,Tecnología,25,13.9,2165.98,1701.79,2,526.0,16019.37,24,0.2253,0
CR-102141,2024-03-19,34,Servicios,16,14.2,668.11,678.52,1,541.0,2370.88,12,0.2036,0
CR-100213,2023-11-26,33,Comercio,14,3.7,2166.95,3278.96,3,482.0,3302.01,24,0.2314,0
CR-104866,2024-04-07,28,Manufactura,9,1.1,1087.43,3313.68,2,315.0,8164.85,12,0.2647,0
CR-104433,2025-05-04,42,Manufactura,18,2.8,3839.4,10950.99,4,314.0,17290.23,12,0.2766,0
CR-103497,2024-01-21,50,Manufactura,31,7.5,3302.16,0.0,0,607.0,26303.12,12,0.1843,0
CR-100803,2024-10-10,42,Construcción,24,19.8,2772.67,5796.67,2,512.0,21301.09,6,0.2076,0
CR-105278,2023-06-27,33,Comercio,12,8.2,1729.01,5508.97,2,349.0,13488.12,12,0.2668,1
CR-105264,2024-01-23,27,Comercio,8,7.3,5048.28,6642.7,1,528.0,27071.74,36,0.1851,0
CR-104132,2025-04-11,42,Comercio,24,8.5,10186.84,0.0,0,748.0,40833.84,36,0.1664,0
CR-100105,2025-02-25,36,Tecnología,17,16.5,2669.41,0.0,0,727.0,17133.19,12,0.1766,0
CR-104458,2023-10-31,32,Construcción,13,12.3,2979.93,5831.61,1,431.0,10829.21,18,0.2314,0
CR-104946,2023-09-21,53,Comercio,30,2.7,7864.37,14902.83,3,570.0,31127.73,12,0.1923,0
CR-103805,2023-10-11,18,Servicios,0,11.2,2978.63,3407.53,3,604.0,21588.71,6,0.1813,0
CR-102806,2024-11-18,57,Manufactura,38,4.0,8635.51,0.0,0,639.0,30352.96,18,0.2083,0
CR-104952,2025-05-03,37,Agro,18,17.5,4424.33,13032.81,2,556.0,33647.14,12,0.196,0
CR-101465,2025-03-24,38,Agro,18,4.3,5636.38,11171.16,3,534.0,12095.91,18,0.221,0
CR-102953,2023-03-02,18,Servicios,0,9.0,2290.1,7245.12,1,300.0,9983.25,18,0.2887,1
CR-100565,2025-01-22,46,Comercio,26,10.0,2031.68,5896.38,2,377.0,4939.44,18,0.2456,0
CR-105995,2024-07-08,22,Servicios,3,6.3,2774.37,1431.67,3,600.0,20210.47,36,0.1658,0
CR-104345,2024-07-06,42,Servicios,18,10.0,5611.83,20188.74,1,413.0,28274.09,48,0.2594,1
CR-102524,2024-09-25,59,Comercio,36,10.4,5007.65,823.89,4,694.0,31723.33,6,0.1649,0
CR-101474,2023-10-29,36,Construcción,15,6.3,6413.67,11622.92,1,552.0,17593.52,48,0.2087,0
CR-103236,2024-06-03,50,Servicios,28,4.1,5935.16,3910.21,2,657.0,21473.78,24,0.1653,0
CR-102829,2024-03-20,65,Manufactura,41,2.0,2113.76,0.0,0,577.0,16823.87,48,0.189,0
CR-102502,2024-06-30,49,Tecnología,28,6.3,4813.54,8011.36,3,584.0,12121.76,18,0.2052,0
CR-100317,2024-06-26,30,Comercio,11,3.6,2667.96,8574.02,3,337.0,21074.05,24,0.2499,1
CR-101200,2024-05-24,23,Comercio,3,22.7,1320.07,3613.33,1,340.0,5080.29,12,0.264,0
CR-105203,2024-03-31,25,Comercio,3,8.9,5466.78,0.0,0,661.0,33802.04,6,0.1489,0
CR-102278,2023-04-15,32,Agro,13,3.3,12109.73,32852.63,1,574.0,20049.73,36,0.2077,0
CR-100652,2023-07-05,56,Comercio,38,2.0,6565.07,8963.47,2,514.0,39506.15,36,0.2381,0
CR-100070,2024-12-27,24,Comercio,6,7.5,6993.8,15121.04,1,517.0,23755.91,12,0.2159,0
CR-102658,2023-10-17,36,Tecnología,16,27.1,4859.72,8117.72,1,593.0,21306.37,6,0.1859,0
CR-101174,2023-01-28,37,Construcción,14,2.3,2952.15,4109.02,4,526.0,11142.32,24,0.2539,0
CR-101088,2024-08-08,45,Comercio,24,6.1,3623.57,10333.49,1,404.0,28951.71,18,0.2289,1
CR-105973,2023-01-06,37,Servicios,14,14.7,1696.77,6090.81,1,300.0,3896.17,12,0.29,1
CR-100410,2024-01-25,22,Construcción,0,16.3,2810.69,4330.54,2,463.0,21072.23,18,0.2537,0
CR-104064,2025-04-06,40,Agro,21,12.8,3256.72,0.0,0,642.0,25613.94,36,0.1797,0
CR-105889,2024-09-07,35,Comercio,15,7.3,8137.79,31425.69,4,404.0,54780.59,18,0.2664,1
CR-102386,2023-11-09,20,Servicios,2,21.1,1352.34,1028.44,1,642.0,4036.57,36,0.1576,0
CR-105121,2024-06-10,22,Servicios,2,10.4,3842.07,1488.85,1,652.0,12745.57,36,0.1949,0
CR-102091,2025-05-23,45,Tecnología,24,6.6,2832.28,7440.27,3,454.0,15357.05,12,0.209,0
CR-104635,2023-05-25,25,Comercio,3,14.8,9993.99,20168.15,1,541.0,30589.08,12,0.2045,0
CR-100601,2024-04-14,32,Manufactura,13,5.2,8824.6,8206.78,1,552.0,52782.52,6,0.2044,0
CR-105428,2023-08-26,49,Servicios,29,13.4,4715.68,2868.05,2,610.0,29422.99,36,0.177,0
CR-103013,2023-12-17,39,Construcción,20,11.5,,3484.37,2,621.0,13650.34,6,0.2164,0
CR-104792,2025-03-23,46,Manufactura,24,0.3,10145.39,36307.48,1,412.0,17988.9,24,0.2464,1
CR-105530,2023-07-05,30,Servicios,7,7.6,2032.27,0.0,0,690.0,6212.19,6,0.1823,0
CR-102219,2023-01-10,22,Agro,1,7.5,4529.25,0.0,0,584.0,19748.54,12,0.1905,0
CR-102465,2024-09-28,29,Servicios,5,8.8,4025.89,0.0,0,600.0,14591.11,24,0.1917,0
CR-100837,2024-04-15,54,Tecnología,30,2.4,6977.87,0.0,0,714.0,38180.42,18,0.1537,0
CR-103325,2024-05-09,41,Tecnología,21,2.1,2969.39,0.0,0,578.0,18869.5,36,0.1932,0
CR-100624,2024-04-06,43,Servicios,25,7.3,2897.86,9481.69,4,321.0,12628.43,24,0.2925,1
CR-101627,2024-10-18,55,Servicios,35,1.8,6343.39,21428.59,1,300.0,16197.17,48,0.2932,1
CR-100806,2023-05-18,37,Agro,19,3.0,9875.78,39478.88,1,360.0,21258.27,48,0.2445,1
CR-104978,2023-09-25,50,Manufactura,29,5.9,3752.69,0.0,0,638.0,18675.99,24,0.1748,0
CR-105580,2025-03-23,42,Manufactura,21,4.0,2442.5,7898.36,1,404.0,12954.9,24,0.2706,0
CR-103115,2024-07-06,46,Servicios,25,17.8,3955.1,15006.73,2,333.0,6816.36,36,0.249,1
CR-100637,2024-05-11,26,Comercio,7,5.6,1234.24,2372.04,2,411.0,6623.24,18,0.2427,0
CR-100423,2024-03-24,22,Manufactura,2,4.0,1834.02,5120.83,1,332.0,13640.91,18,0.2776,1
CR-104823,2023-05-28,32,Manufactura,10,3.9,4091.49,14456.23,1,300.0,16524.53,12,0.2758,0
CR-101996,2024-02-13,41,Manufactura,21,1.1,4536.59,3638.71,2,635.0,13636.86,12,0.2015,0
CR-104472,2025-06-08,58,Comercio,40,0.8,2538.38,0.0,0,627.0,4488.19,48,0.1829,0
CR-104620,2024-08-13,26,Servicios,5,2.9,11158.57,19249.92,2,632.0,17219.23,18,0.1779,0
CR-102486,2025-05-09,39,Comercio,18,18.5,4937.54,0.0,0,728.0,7425.68,18,0.1228,0
CR-100150,2024-03-13,36,Manufactura,16,5.0,2931.29,0.0,0,609.0,8850.33,12,0.1824,0
CR-103109,2025-04-27,29,Comercio,7,1.9,4452.97,5741.8,3,488.0,25375.88,12,0.2478,0
CR-101580,2025-06-09,51,Construcción,33,2.6,1535.8,3635.23,1,426.0,10695.37,6,0.2442,1
CR-100626,2023-09-09,33,Agro,10,2.2,3896.28,13935.49,3,380.0,8134.22,36,0.2796,0
CR-103002,2023-06-25,60,Comercio,39,10.2,2822.51,4921.62,2,522.0,6781.07,18,0.2262,0
CR-104601,2024-05-10,38,Agro,20,6.6,6319.41,0.0,0,679.0,17705.99,36,0.1689,0
CR-103796,2025-01-06,20,Servicios,0,6.6,3113.39,6285.93,3,579.0,9275.81,12,0.1984,0
CR-103481,2024-06-14,48,Agro,28,18.7,1411.59,2268.06,2,561.0,10972.91,18,0.1987,0
CR-100143,2024-09-07,41,Manufactura,20,7.3,2732.98,0.0,0,572.0,10641.97,18,0.1935,0
CR-104813,2025-03-28,38,Construcción,16,9.0,4490.79,13762.83,3,353.0,34790.77,24,0.2538,1
CR-102574,2024-05-27,37,Manufactura,14,5.0,2624.08,0.0,0,660.0,15665.77,18,0.1886,0
CR-104662,2024-12-21,44,Comercio,23,7.4,2919.07,0.0,0,692.0,19827.91,18,0.1615,0
CR-104014,2024-08-06,40,Manufactura,18,10.9,1609.44,0.0,0,596.0,5536.76,12,0.2056,0
CR-101880,2023-09-15,46,Agro,23,3.0,11687.07,15233.4,3,687.0,57551.4,24,0.1712,0
CR-105251,2025-05-11,54,Servicios,36,1.6,,671.77,1,732.0,38804.6,12,0.138,0
CR-103452,2024-04-25,59,Comercio,35,4.4,6984.83,0.0,0,634.0,47727.56,12,0.184,0
CR-103605,2023-07-07,47,Agro,27,9.1,3577.04,1001.92,1,631.0,11947.13,24,0.1948,0
CR-103342,2023-04-15,57,Comercio,39,2.2,2634.81,2179.04,2,525.0,19347.77,36,0.2243,0
CR-105527,2024-12-17,40,Comercio,19,1.1,4169.83,11506.23,2,396.0,25965.55,6,0.2581,0
CR-105763,2024-04-01,59,Construcción,36,9.1,3760.28,9522.33,1,410.0,13238.04,18,0.233,0
CR-102171,2024-08-01,26,Servicios,6,12.3,5721.95,13959.67,1,369.0,31531.15,6,0.2761,0
CR-104975,2024-03-08,31,Servicios,13,5.4,3859.23,11804.2,2,490.0,28800.11,12,0.2299,0
CR-105171,2023-02-10,37,Servicios,18,8.5,1395.06,1119.74,2,443.0,9145.09,12,0.2347,0
CR-102780,2024-09-28,55,Construcción,32,13.3,4790.79,11841.76,2,480.0,17205.32,48,0.2083,0
CR-104720,2025-05-24,18,Comercio,0,14.5,2118.95,0.0,0,628.0,3706.41,48,0.1971,0
CR-102832,2025-03-05,49,Manufactura,31,1.2,3374.5,0.0,0,592.0,15452.2,12,0.2405,0
CR-105989,2023-09-17,33,Manufactura,14,1.7,6989.69,9542.46,1,545.0,26079.77,18,0.2115,0
CR-105462,2023-02-09,26,Tecnología,2,7.1,2186.4,74.59,1,687.0,4068.67,6,0.2015,0
CR-102230,2023-05-16,43,Comercio,20,4.5,1567.17,774.27,1,516.0,10930.76,18,0.2007,0
CR-100617,2023-01-31,41,Servicios,22,21.0,6827.35,0.0,0,753.0,20560.54,36,0.15,0
CR-101324,2025-01-23,41,Comercio,23,8.6,5660.07,0.0,0,637.0,31173.98,48,0.1866,0
CR-100690,2024-01-22,41,Manufactura,21,7.8,3451.17,12777.18,2,300.0,8287.4,12,0.2884,1
CR-105815,2024-06-20,33,Servicios,9,17.9,1350.88,5001.11,1,300.0,6707.13,12,0.2621,1
CR-102288,2024-02-18,49,Manufactura,25,6.9,1793.61,0.0,0,640.0,10355.46,18,0.1695,0
CR-103302,2023-02-09,48,Agro,30,2.8,5683.09,21746.22,1,300.0,26760.39,12,0.2901,1
CR-101350,2023-06-11,35,Comercio,15,13.9,7431.3,20696.44,2,430.0,20988.14,6,0.2446,0
CR-102729,2023-01-07,24,Servicios,2,6.5,11337.34,0.0,0,783.0,41861.75,6,0.1267,0
CR-104561,2024-06-17,30,Agro,9,12.5,1194.87,1156.67,2,534.0,7794.57,12,0.2217,0
CR-101187,2023-02-05,42,Comercio,19,4.2,2975.93,11776.22,3,358.0,13719.2,24,0.2595,1
CR-101191,2024-07-05,49,Agro,27,4.1,1741.46,779.88,2,637.0,10517.5,24,0.216,0
CR-100145,2023-08-20,33,Construcción,11,4.8,2500.98,0.0,0,566.0,15224.76,12,0.1992,0
CR-103572,2023-06-22,42,Servicios,24,4.2,2786.54,4882.08,1,454.0,8013.69,6,0.2541,0
CR-104420,2025-03-26,51,Manufactura,29,5.0,,1039.38,2,543.0,4288.54,18,0.2164,0
CR-103742,2025-02-02,19,Servicios,0,2.8,6400.02,0.0,0,677.0,23384.49,24,0.168,0
CR-101762,2023-06-16,31,Comercio,12,4.8,4876.08,7765.72,2,557.0,7643.76,18,0.2402,0
CR-103800,2023-04-24,34,Servicios,11,4.9,6610.31,0.0,0,739.0,23034.49,18,0.1383,0
CR-104802,2024-02-20,38,Comercio,14,9.0,1831.74,6095.7,1,301.0,7263.35,36,0.2673,1
CR-104810,2024-08-01,39,Comercio,19,7.4,10082.71,15659.18,2,566.0,45124.95,6,0.1976,0
CR-101834,2024-02-16,44,Comercio,26,5.6,5259.78,0.0,0,663.0,13398.3,24,0.1786,0
CR-105891,2023-08-24,57,Servicios,35,10.0,2622.86,744.57,1,571.0,14124.92,12,0.1869,0
CR-101111,2023-12-19,35,Manufactura,16,6.3,1483.43,51.87,1,603.0,3931.16,12,0.183,0
CR-102127,2023-06-28,32,Manufactura,13,6.0,3517.84,608.36,1,642.0,9565.48,12,0.1848,0
CR-104997,2023-02-18,47,Tecnología,27,11.2,5534.11,4029.7,2,700.0,31690.11,12,0.1467,0
CR-104783,2025-03-17,41,Tecnología,23,7.5,5119.5,8266.94,1,547.0,24273.89,18,0.2311,0
CR-105726,2023-06-30,19,Tecnología,0,14.8,,4715.62,2,642.0,28127.09,6,0.1872,0
CR-102277,2024-10-25,59,Comercio,41,10.8,5168.8,0.0,0,640.0,16601.26,24,0.1744,0
CR-103795,2024-04-01,36,Servicios,13,1.3,2643.54,5897.38,2,498.0,5166.28,12,0.2172,0
CR-102499,2024-07-10,52,Comercio,29,0.6,6852.28,25369.43,1,412.0,45220.68,18,0.2425,0
CR-101824,2023-02-12,28,Comercio,4,7.6,2153.37,750.46,1,588.0,11246.51,18,0.2056,0
CR-102788,2024-05-25,32,Comercio,13,3.2,2563.29,3868.81,1,508.0,6642.85,12,0.2018,0
CR-104196,2024-09-22,41,Agro,21,8.2,3746.78,11295.86,1,,14348.06,6,0.2257,0
CR-104386,2024-04-11,35,Servicios,17,4.6,3067.09,2312.04,2,514.0,20608.83,36,0.2244,0
CR-103827,2025-03-20,41,Comercio,19,6.4,2433.79,7260.53,1,431.0,3718.78,6,0.243,0
CR-102492,2024-11-19,46,Tecnología,27,13.2,2242.59,5988.94,2,342.0,4140.14,12,0.2257,0
CR-100878,2024-06-03,37,Comercio,17,6.1,1433.51,0.0,0,683.0,4483.2,24,0.1708,0
CR-101455,2023-05-20,37,Manufactura,16,7.8,5620.95,0.0,0,614.0,43919.11,24,0.1886,0
CR-100391,2023-07-09,39,Servicios,15,21.1,9159.81,29906.24,1,498.0,57580.17,12,0.2101,0
CR-104182,2024-09-15,22,Construcción,0,6.0,6377.12,2949.42,1,630.0,37227.28,12,0.1883,0
CR-102283,2024-06-01,41,Tecnología,18,15.4,9631.87,4286.24,1,663.0,52683.76,6,0.168,0
CR-102714,2024-12-02,36,Construcción,14,15.2,1667.62,1627.07,2,591.0,8309.45,6,0.1983,0
CR-105371,2024-07-09,41,Servicios,23,2.1,2119.19,7197.28,2,332.0,8100.95,18,0.298,1
CR-105619,2024-03-22,43,Manufactura,22,4.4,4059.93,15577.83,3,347.0,19200.6,6,0.2927,1
CR-102958,2025-05-21,40,Tecnología,16,5.1,6694.34,6353.9,3,543.0,28025.34,12,0.1991,0
CR-100475,2023-08-03,34,Servicios,12,5.2,1569.65,1089.1,1,596.0,8224.28,18,0.1915,0
CR-101694,2025-01-02,24,Comercio,1,8.6,1890.42,4056.86,1,442.0,8402.52,36,0.2391,0
CR-101295,2023-05-05,47,Comercio,24,9.5,4207.4,8275.99,2,416.0,24897.6,24,0.2275,0
CR-102092,2024-05-25,39,Comercio,18,15.7,7967.3,13630.66,3,533.0,49138.93,6,0.2133,0
CR-103050,2025-03-30,49,Comercio,28,2.6,2922.66,2341.47,1,538.0,11020.81,24,0.2143,0
CR-101137,2023-03-03,38,Comercio,16,9.2,3924.21,1863.48,1,565.0,16670.5,48,0.1853,0
CR-102072,2024-06-05,18,Servicios,0,10.8,2821.55,0.0,0,666.0,20337.67,12,0.1909,0
CR-105331,2024-05-08,42,Comercio,19,4.2,2681.61,3321.63,2,517.0,14721.72,24,0.2073,0
CR-100832,2024-10-12,26,Agro,5,1.9,3097.82,4684.36,5,479.0,22984.14,36,0.2211,0
CR-100591,2025-04-08,41,Comercio,20,6.2,6135.92,4707.83,3,604.0,48544.75,36,0.188,0
CR-104658,2025-03-24,31,Servicios,12,6.9,2364.16,6911.78,2,300.0,10324.75,36,0.2997,1
CR-105716,2024-03-18,38,Tecnología,17,9.2,4828.46,7378.09,2,555.0,22881.15,48,0.2251,0
CR-103592,2023-02-26,58,Servicios,35,10.6,3188.78,4302.13,2,535.0,20360.11,12,0.1842,0
CR-105731,2024-02-19,38,Comercio,17,6.0,3746.27,11814.21,1,385.0,20400.24,18,0.2585,0
CR-100109,2024-11-30,19,Manufactura,0,1.5,2746.55,8692.91,1,333.0,18974.83,6,0.2511,1
CR-105256,2023-11-28,43,Agro,22,6.5,3033.52,10668.25,1,324.0,7087.54,24,0.2541,1
CR-104318,2024-04-03,28,Comercio,5,12.3,2503.99,2825.02,1,523.0,18652.3,18,0.2098,0
CR-101052,2025-01-17,39,Agro,20,12.4,5637.33,2900.08,2,667.0,43892.57,24,0.162,0
CR-101311,2025-01-11,47,Servicios,27,33.7,1001.3,1221.98,2,537.0,3967.68,12,0.2518,0
CR-100668,2023-02-03,32,Servicios,12,5.1,5767.01,14361.55,1,509.0,29689.77,18,0.2321,0
CR-100253,2023-08-09,27,Comercio,8,2.6,2584.61,3558.93,2,566.0,16183.53,6,0.1823,0
CR-105168,2024-12-15,49,Tecnología,25,12.3,2316.0,1173.51,2,495.0,13576.21,48,0.2071,0
CR-105715,2025-02-12,35,Comercio,14,5.8,4164.92,3128.36,2,562.0,14032.18,12,0.2127,0
CR-105588,2023-08-28,36,Servicios,16,4.1,3332.0,11551.86,2,300.0,6781.79,36,0.2602,0
CR-102690,2025-05-16,24,Servicios,5,10.4,6545.54,7653.76,2,630.0,39483.83,12,0.1475,0
CR-104641,2024-10-16,31,Manufactura,10,1.3,3430.26,1037.93,1,695.0,12935.33,18,0.1397,0
CR-105045,2023-10-07,53,Manufactura,31,6.6,1373.9,0.0,0,604.0,10399.78,24,0.1643,0
CR-105667,2023-03-15,36,Agro,13,2.8,5251.86,20595.29,2,339.0,8313.4,12,0.264,1
CR-100843,2024-04-13,37,Comercio,15,7.6,5127.49,9861.08,1,473.0,18098.2,6,0.204,0
CR-104159,2023-12-05,43,Comercio,24,7.3,4448.08,4791.38,2,612.0,17884.77,18,0.1845,0
CR-104509,2024-02-19,45,Manufactura,22,10.0,6845.74,7603.92,1,633.0,41397.0,12,0.177,0
CR-103374,2024-01-14,38,Servicios,18,7.9,2932.09,0.0,0,673.0,19593.68,36,0.1694,0
CR-103394,2024-02-10,44,Servicios,21,1.9,4181.34,15319.81,2,321.0,22814.25,12,0.2497,1
CR-100884,2023-03-13,26,Comercio,8,6.7,3132.65,12500.51,2,300.0,16820.2,6,0.2576,1
CR-104547,2024-05-10,52,Comercio,32,7.3,5025.24,8090.02,2,546.0,25515.14,18,0.2137,0
CR-105354,2023-10-27,38,Manufactura,15,10.3,1892.68,6106.93,2,398.0,12026.25,36,0.2301,1
CR-103996,2023-11-11,49,Agro,27,7.7,1783.63,4874.86,1,387.0,6236.45,48,0.2589,0
CR-104752,2023-12-28,44,Agro,25,10.9,4175.2,16618.49,2,312.0,8924.72,6,0.2976,1
CR-101879,2024-03-13,20,Manufactura,0,3.1,11935.15,3879.66,1,778.0,51059.66,48,0.1449,0
CR-105677,2023-10-22,42,Manufactura,19,9.5,6365.26,0.0,0,673.0,32695.07,12,0.1777,0
CR-105582,2025-04-12,55,Servicios,31,1.8,5561.17,13554.51,1,563.0,28134.9,12,0.2075,0
CR-101485,2023-05-22,29,Manufactura,10,9.0,9772.3,1250.3,2,,30280.18,6,0.145,0
CR-105423,2023-06-27,38,Tecnología,14,4.5,6338.02,2170.21,1,667.0,12950.45,12,0.1724,0
CR-102417,2024-04-18,31,Comercio,9,3.3,10372.44,36473.11,2,397.0,60526.56,18,0.2656,1
CR-102737,2024-01-30,35,Construcción,13,3.8,,13229.12,1,502.0,40226.98,6,0.2453,0
CR-102267,2023-01-12,36,Servicios,14,9.1,2875.35,6520.15,2,330.0,7058.06,18,0.2613,0
CR-104173,2023-09-07,30,Tecnología,11,1.7,2207.77,0.0,0,594.0,12346.77,48,0.1908,0
CR-103368,2025-05-20,41,Comercio,19,5.0,2873.29,9955.68,2,370.0,12156.09,24,0.248,1
CR-102808,2023-09-20,41,Comercio,19,13.3,3941.01,8811.27,1,450.0,23434.36,36,0.2326,0
CR-100869,2024-01-07,37,Servicios,13,5.3,1295.88,4375.75,2,300.0,9306.24,24,0.2827,1
CR-102468,2025-05-29,45,Comercio,25,6.3,3418.69,2714.72,2,499.0,20544.21,12,0.2314,0
CR-103893,2023-07-05,26,Tecnología,8,3.6,,1972.18,1,479.0,17626.78,6,0.2251,0
CR-100450,2023-03-10,37,Comercio,16,3.5,5964.41,2770.87,4,662.0,34305.23,12,0.1677,0
CR-105115,2024-01-14,44,Tecnología,25,13.0,4456.35,15541.77,2,422.0,32940.73,12,0.2266,1
CR-105656,2025-04-03,18,Comercio,0,0.7,10670.04,22778.48,3,643.0,65809.79,12,0.188,0
CR-101979,2023-06-16,43,Servicios,23,4.5,4975.79,5224.18,4,609.0,9699.42,48,0.2063,0
CR-100696,2023-09-18,18,Comercio,0,0.9,5445.68,6253.79,2,578.0,41713.41,6,0.1864,0
CR-101741,2024-12-20,54,Manufactura,30,6.3,1234.53,606.91,2,566.0,1859.48,6,0.2043,0
CR-103718,2025-01-21,43,Servicios,20,12.0,3106.72,0.0,0,605.0,19129.7,12,0.2005,0
CR-100811,2024-11-04,32,Agro,8,3.9,5978.58,12710.89,3,508.0,12672.88,12,0.2271,0
CR-103284,2024-06-03,30,Manufactura,6,19.4,2722.52,4027.4,2,529.0,16621.61,12,0.2331,0
CR-102189,2024-04-21,44,Agro,21,4.5,2445.78,0.0,0,597.0,4855.56,6,0.1608,0
CR-105006,2023-04-13,20,Manufactura,0,0.9,4506.76,0.0,0,757.0,33076.2,18,0.186,0
CR-105617,2023-09-12,37,Servicios,13,6.4,4395.1,3832.36,1,592.0,19419.29,12,0.1816,0
CR-105145,2024-11-20,39,Comercio,21,10.4,1512.15,574.5,6,625.0,5680.89,24,0.1948,0
CR-100505,2023-02-26,32,Manufactura,13,1.8,4097.7,0.0,0,636.0,32532.1,18,0.1735,0
CR-103303,2023-04-10,49,Servicios,30,2.9,3944.31,4535.67,2,503.0,13384.73,6,0.2149,0
CR-100405,2023-12-21,35,Manufactura,12,4.5,4305.05,14008.79,5,365.0,33859.22,24,0.2426,1
CR-103640,2024-05-11,21,Comercio,2,1.4,3167.52,11890.31,3,300.0,10957.12,24,0.2578,1
CR-100183,2025-05-02,50,Tecnología,30,15.2,628.03,1614.51,1,367.0,3103.85,18,0.2308,0
CR-105896,2024-02-02,44,Servicios,20,6.5,6610.39,21022.43,1,360.0,35237.84,24,0.2435,0
CR-101876,2023-01-27,46,Comercio,22,2.6,4154.47,3147.36,1,536.0,21737.41,24,0.2301,0
CR-105813,2023-02-09,48,Comercio,26,5.2,2074.21,3459.33,3,476.0,5914.2,18,0.2302,0
CR-100609,2025-03-08,44,Tecnología,21,4.8,2570.63,0.0,0,629.0,11163.45,24,0.1699,0
CR-102674,2023-01-11,35,Servicios,17,6.7,,1268.37,2,601.0,25960.19,24,0.1818,0
CR-102033,2025-04-15,34,Servicios,13,5.7,2091.41,0.0,0,638.0,6650.62,18,0.1935,0
CR-103981,2023-08-14,35,Comercio,15,7.4,989.94,157.01,2,589.0,1853.06,24,0.1881,0
CR-101968,2024-03-20,33,Servicios,12,8.5,2344.43,9296.46,1,300.0,15555.83,12,0.2858,1
CR-100020,2024-11-07,36,Comercio,17,1.6,4817.32,11262.69,2,519.0,14406.74,12,0.2247,0
CR-102218,2025-03-13,31,Manufactura,9,4.7,2752.82,10363.88,4,382.0,6973.74,6,0.2502,1
CR-105521,2024-10-06,45,Manufactura,26,13.0,9854.48,5067.39,3,638.0,28770.74,12,0.1534,0
CR-105686,2023-04-18,55,Tecnología,37,8.3,2589.61,3137.77,2,553.0,15561.94,6,0.2112,0
CR-102224,2024-06-30,26,Tecnología,6,2.6,12285.33,21976.41,2,624.0,72833.54,24,0.1809,0
CR-100327,2024-01-13,37,Tecnología,17,8.6,,13773.85,2,339.0,11851.65,36,0.2714,0
CR-103270,2024-01-08,50,Comercio,32,5.2,3119.77,0.0,0,617.0,23979.63,24,0.1905,0
CR-102518,2023-12-12,44,Construcción,25,5.1,2352.32,6976.51,1,346.0,9139.54,12,0.2691,0
CR-101874,2023-03-06,26,Manufactura,6,12.5,2399.97,3030.6,1,539.0,11621.38,12,0.237,0
CR-104362,2025-03-14,34,Comercio,11,5.8,2600.95,4376.71,1,535.0,16686.03,12,0.2286,0
CR-101756,2024-09-20,57,Servicios,33,17.4,7242.77,0.0,0,696.0,32653.94,24,0.1722,0
CR-102178,2025-05-31,45,Comercio,22,10.5,2301.65,0.0,0,582.0,11249.15,36,0.2073,0
CR-104961,2024-07-11,45,Comercio,27,9.3,1813.27,1335.94,2,656.0,6531.28,6,0.1705,0
CR-105959,2023-01-13,52,Tecnología,28,2.0,3204.5,666.58,1,609.0,5367.23,12,0.1903,0
CR-103410,2023-03-02,18,Comercio,0,3.7,1260.96,1197.21,3,,3789.18,24,0.2454,0
CR-105893,2025-02-09,51,Comercio,30,3.4,2717.72,0.0,0,572.0,12138.34,18,0.2105,0
CR-100489,2024-11-29,45,Comercio,26,7.9,5496.83,3186.08,3,556.0,13362.47,24,0.2142,0
CR-100606,2024-04-17,46,Servicios,28,15.6,2390.2,4561.38,2,433.0,9164.84,48,0.2724,1
CR-103212,2025-03-17,46,Manufactura,23,5.4,3527.87,6688.9,5,494.0,6964.8,18,0.219,0
CR-102464,2024-01-20,30,Manufactura,6,8.1,2182.82,8140.09,1,309.0,10046.41,48,0.2888,1
CR-101738,2023-11-11,29,Agro,6,13.1,1803.79,883.06,3,580.0,11754.82,18,0.1684,0
CR-100152,2024-03-29,20,Servicios,0,2.7,,3804.61,1,499.0,10863.05,12,0.2278,0
CR-100889,2024-04-17,19,Servicios,0,2.0,3823.46,0.0,0,680.0,10661.58,12,0.1669,0
CR-105950,2025-04-28,18,Agro,0,13.6,1326.89,2352.3,3,,4184.88,6,0.2398,0
CR-103082,2023-06-05,41,Construcción,18,3.1,4449.74,1975.84,1,608.0,25314.26,12,0.1869,0
CR-100269,2023-03-16,38,Agro,20,13.5,9817.37,0.0,0,754.0,50450.06,6,0.1278,0
CR-100096,2023-12-08,23,Servicios,2,5.7,3742.2,0.0,0,663.0,10134.78,24,0.1927,0
CR-103824,2024-12-21,34,Construcción,14,2.0,5412.43,9499.53,1,512.0,11354.28,18,0.1819,0
CR-105060,2025-04-09,26,Comercio,5,2.5,4737.44,18286.71,3,300.0,16775.36,24,0.2492,1
CR-103885,2025-05-03,39,Manufactura,20,1.9,1951.77,0.0,0,720.0,14220.84,48,0.1552,0
CR-101799,2024-06-04,33,Construcción,9,6.1,13044.56,37674.89,2,588.0,55267.04,12,0.1719,0
CR-104967,2023-12-03,26,Tecnología,6,10.8,7231.91,0.0,0,741.0,46626.43,48,0.1645,0
CR-101572,2023-04-17,42,Servicios,22,12.4,4033.18,5903.24,3,619.0,11591.99,18,0.1667,0
CR-104628,2025-06-18,30,Agro,8,3.6,4462.78,12187.07,1,410.0,30821.67,48,0.2477,1
CR-101067,2023-07-01,43,Servicios,25,10.0,5970.09,14587.39,1,477.0,9114.62,24,0.2027,0
CR-105195,2023-10-23,48,Comercio,29,5.6,2754.53,0.0,0,616.0,17307.81,36,0.1873,0
CR-102760,2024-06-09,30,Servicios,12,9.3,2434.48,9595.05,1,300.0,15705.43,6,0.3162,1
CR-100715,2023-09-19,25,Agro,3,10.3,4920.27,0.0,0,746.0,13034.51,6,0.1642,0
CR-104059,2024-10-31,37,Comercio,19,3.5,6831.52,22734.25,1,371.0,16615.24,12,0.2468,1
CR-105708,2025-01-11,40,Manufactura,17,2.1,1853.53,2243.76,2,473.0,4636.29,36,0.2329,0
CR-105634,2023-08-28,38,Servicios,19,3.1,2227.72,2196.3,3,569.0,15066.49,24,0.1925,0
CR-105970,2023-02-25,43,Manufactura,25,4.8,2182.81,5085.8,1,468.0,16441.85,12,0.2403,0
CR-104565,2024-05-27,39,Tecnología,20,5.7,4745.35,4135.58,2,597.0,29886.86,48,0.2127,0
CR-104660,2024-12-05,20,Comercio,0,9.3,3146.51,641.46,2,622.0,15287.66,36,0.1932,0
CR-101798,2025-01-21,32,Servicios,14,3.4,3386.39,0.0,0,589.0,20560.04,24,0.2043,0
CR-100461,2025-04-06,29,Servicios,10,7.0,3913.38,1381.01,2,643.0,28485.17,6,0.2209,0
CR-105373,2025-04-25,31,Servicios,10,6.6,5943.22,19046.1,1,411.0,26519.94,48,0.2321,1
CR-102944,2023-07-02,37,Comercio,16,5.1,3050.75,2504.83,3,592.0,16604.99,12,0.1898,0
CR-101795,2023-12-15,34,Construcción,16,8.6,1955.99,4776.88,3,435.0,15444.29,24,0.2332,0
CR-101869,2023-11-10,41,Servicios,17,9.8,2671.05,2348.13,1,577.0,11194.63,48,0.1962,0
CR-105489,2023-01-03,30,Tecnología,12,5.5,3556.27,7015.16,1,436.0,27989.21,24,0.2391,1
CR-101345,2024-05-22,63,Tecnología,44,19.4,6467.08,10410.21,2,534.0,24442.62,36,0.2336,0
CR-104791,2023-12-08,18,Comercio,0,7.7,2070.9,3900.76,1,467.0,11872.18,12,0.219,0
CR-105271,2023-11-23,50,Comercio,28,2.2,5280.49,0.0,0,760.0,14813.92,6,0.1325,0
CR-105848,2024-09-28,44,Comercio,26,7.6,2516.99,0.0,0,588.0,18286.72,6,0.1836,0
CR-105024,2024-06-16,33,Comercio,11,17.0,2820.53,0.0,0,698.0,15200.14,18,0.143,0
CR-101214,2024-04-21,18,Comercio,0,10.6,4024.69,3328.98,1,636.0,18416.5,18,0.1965,0
CR-101372,2023-12-24,42,Manufactura,20,2.8,2723.14,1915.96,1,575.0,10043.47,12,0.1805,0
CR-100243,2024-02-11,22,Servicios,4,12.9,7009.12,18160.03,1,472.0,28208.26,6,0.2155,0
CR-104039,2025-01-24,36,Tecnología,16,2.5,1019.02,2075.6,1,386.0,5394.27,24,0.2621,0
CR-102799,2024-03-06,31,Comercio,10,18.5,3481.22,4109.18,2,577.0,12271.26,48,0.2151,0
CR-101679,2025-02-23,35,Comercio,15,9.9,3050.18,8403.95,2,499.0,8836.02,6,0.2492,0
CR-103850,2024-10-25,45,Tecnología,27,3.3,1504.23,2724.99,1,429.0,11319.22,24,0.2433,0
CR-101312,2023-08-07,31,Tecnología,11,3.3,3702.62,0.0,0,639.0,28657.56,18,0.1734,0
CR-100648,2024-09-22,40,Construcción,17,5.1,5508.3,20143.0,1,,30081.59,24,0.2874,1
CR-103238,2025-03-24,48,Servicios,27,12.1,3628.42,13263.43,1,350.0,18840.1,36,0.2468,0
CR-102643,2024-03-02,27,Agro,8,5.6,2904.64,6204.94,1,496.0,12061.07,24,0.2348,0
CR-104409,2024-11-02,19,Construcción,1,10.2,1608.53,3155.27,1,440.0,7456.25,24,0.2229,1
CR-100155,2024-04-26,57,Tecnología,36,8.9,1534.18,3950.98,1,380.0,3030.29,18,0.2763,1
CR-103428,2023-12-27,59,Comercio,41,3.1,957.29,1612.57,3,512.0,2547.55,12,0.2207,0
CR-103453,2024-06-19,46,Servicios,28,0.7,4532.56,11463.62,3,371.0,19911.73,24,0.2787,0
CR-101303,2024-02-27,46,Manufactura,23,1.9,7071.94,24174.5,5,357.0,33816.24,12,0.2773,1
CR-101150,2024-08-10,40,Construcción,17,10.4,2668.96,8204.38,2,374.0,13792.85,24,0.2554,0
CR-103047,2023-08-30,44,Manufactura,22,10.3,8400.68,0.0,0,782.0,54884.53,36,0.158,0
CR-105897,2024-03-18,56,Agro,37,6.9,3362.19,0.0,0,644.0,13350.77,12,0.1735,0
CR-101046,2024-08-28,32,Construcción,14,13.7,1800.11,5312.43,2,330.0,7717.66,18,0.2741,0
CR-101640,2023-09-13,22,Manufactura,0,6.3,1611.92,0.0,0,573.0,12174.44,6,0.229,0
CR-101306,2025-05-22,27,Servicios,9,8.1,2823.12,1381.67,1,622.0,18862.81,12,0.1735,0
CR-101927,2023-10-09,27,Servicios,7,5.6,3930.29,0.0,0,583.0,29051.89,36,0.1949,0
CR-105591,2023-07-13,40,Servicios,22,9.9,2829.87,8403.78,1,342.0,17306.77,12,0.2637,1
CR-103439,2024-11-03,59,Manufactura,36,3.6,2575.62,1276.14,1,621.0,7474.36,24,0.2316,0
CR-104121,2024-11-10,46,Manufactura,26,15.8,2563.45,0.0,0,717.0,14756.8,18,0.1575,0
CR-102244,2023-11-02,43,Comercio,23,1.8,7955.99,10226.95,3,617.0,48401.48,18,0.1867,0
CR-103136,2023-04-21,52,Servicios,33,2.9,2497.98,0.0,0,654.0,8345.11,36,0.1783,0
CR-100015,2024-09-26,29,Manufactura,9,9.5,6862.21,16278.95,1,497.0,30081.5,12,0.2172,0
CR-103538,2024-04-18,47,Manufactura,23,8.4,3683.46,0.0,0,599.0,8884.38,48,0.1776,0
CR-105417,2023-05-26,49,Servicios,27,4.7,3491.74,6415.9,2,397.0,19504.61,12,0.239,1
CR-104979,2023-02-19,30,Construcción,12,10.0,15139.83,0.0,0,,106398.29,36,0.1293,0
CR-102669,2023-10-30,31,Servicios,7,7.5,2517.69,0.0,0,651.0,17539.26,18,0.1727,0
CR-101360,2024-05-30,34,Servicios,14,2.7,4009.27,10389.67,3,427.0,21170.49,12,0.2381,0
CR-101844,2023-05-12,24,Comercio,3,3.2,4775.61,6448.98,2,475.0,25623.6,36,0.2164,0
CR-103098,2025-05-19,60,Tecnología,40,7.6,4760.29,2812.4,1,572.0,34385.94,48,0.219,0
CR-101612,2025-04-05,38,Comercio,16,9.2,6416.33,20352.23,1,385.0,46363.79,18,0.2451,0
CR-100497,2024-01-31,34,Tecnología,16,6.5,2134.98,0.0,0,596.0,11108.56,6,0.2089,0
CR-102840,2025-05-04,36,Construcción,12,12.7,2286.3,1733.69,1,628.0,17712.4,36,0.1782,0
CR-104611,2024-07-30,60,Comercio,36,6.0,3515.19,5082.14,2,462.0,9259.31,36,0.2074,0
CR-105981,2024-06-30,54,Comercio,32,2.2,,0.0,0,636.0,11269.94,48,0.1674,0
CR-103633,2023-08-02,37,Manufactura,18,8.9,3794.7,13678.98,1,368.0,12817.02,18,0.2549,0
CR-101478,2023-02-18,34,Servicios,11,15.2,5438.1,0.0,0,687.0,17262.1,18,0.1687,0
CR-105507,2024-07-01,25,Servicios,5,17.1,,22210.74,1,356.0,48941.1,12,0.2659,0
CR-101095,2025-05-21,51,Tecnología,27,10.0,4835.99,12850.35,2,367.0,21651.73,36,0.2642,0
CR-100542,2023-01-02,41,Agro,23,5.3,1777.83,5492.61,3,,13844.01,12,0.2499,0
CR-104729,2025-03-20,34,Manufactura,10,1.7,3833.15,0.0,0,658.0,20388.15,36,0.1666,0
CR-104074,2023-10-30,25,Construcción,1,5.1,5390.15,6463.78,1,646.0,26136.81,24,0.1905,0
CR-100431,2024-02-12,43,Comercio,23,15.2,1510.26,0.0,0,654.0,10807.76,18,0.1691,0
CR-100728,2024-03-18,25,Construcción,1,13.3,3130.44,0.0,0,592.0,20552.73,18,0.2116,0
CR-105384,2025-01-02,55,Comercio,36,8.5,1520.14,0.0,0,671.0,11648.13,18,0.1767,0
CR-104412,2024-08-28,46,Manufactura,26,13.8,7039.63,12492.45,1,652.0,22559.84,6,0.1871,0
CR-102561,2023-02-13,39,Servicios,20,4.1,6397.63,9650.66,2,541.0,38286.7,18,0.2023,0
CR-101337,2024-10-28,45,Servicios,27,21.5,2869.56,8036.37,1,417.0,20766.97,6,0.2514,0
CR-103606,2023-11-13,20,Tecnología,0,11.3,4569.1,0.0,0,722.0,10491.36,6,0.1439,0
CR-102877,2023-02-04,32,Servicios,9,6.7,2941.87,7776.09,1,430.0,16115.11,24,0.2509,0
CR-104415,2023-07-14,28,Manufactura,5,8.7,1117.09,2600.81,3,314.0,6023.53,6,0.2823,0
CR-101031,2025-03-30,40,Servicios,20,3.0,3189.47,703.42,1,637.0,13042.93,18,0.1598,0
CR-101110,2023-01-01,54,Servicios,30,2.2,2992.89,0.0,0,660.0,21291.1,18,0.1683,0
CR-101888,2023-06-25,21,Construcción,0,3.0,3620.05,13874.6,1,300.0,23666.51,18,0.2663,0
CR-103550,2025-06-03,30,Agro,8,4.4,1879.65,5025.95,4,375.0,4039.62,6,0.2624,0
CR-101527,2024-09-13,36,Construcción,12,15.5,,2600.29,1,582.0,12363.89,6,0.1959,0
CR-100753,2024-09-18,61,Servicios,40,5.1,1183.21,4468.92,1,335.0,2852.21,24,0.2867,0
CR-103049,2023-01-18,54,Comercio,33,4.7,3847.78,13050.38,3,394.0,11771.07,6,0.2639,1
CR-102628,2024-04-17,29,Servicios,9,9.6,,0.0,0,646.0,7843.59,12,0.2022,0
CR-100562,2023-09-09,39,Construcción,20,0.7,3175.46,2876.67,1,446.0,12816.62,12,0.2357,0
CR-104764,2025-04-08,51,Agro,32,4.4,4265.24,5588.79,1,593.0,19436.26,48,0.2029,0
CR-103562,2023-09-21,24,Comercio,5,14.2,2846.06,5984.75,3,451.0,9044.44,6,0.2523,0
CR-100252,2024-05-10,57,Agro,39,0.4,4974.58,0.0,0,648.0,15516.79,24,0.1784,0
CR-102516,2023-08-07,38,Construcción,15,11.3,11417.57,34840.39,3,530.0,50173.36,6,0.2277,0
CR-102962,2023-07-12,41,Servicios,22,3.6,2762.67,715.98,1,612.0,14007.96,12,0.2003,0
CR-104453,2024-06-14,42,Tecnología,21,3.0,,16527.58,2,580.0,30017.33,18,0.2144,0
CR-105374,2024-12-29,39,Tecnología,18,13.9,8893.2,0.0,0,817.0,32283.39,18,0.1131,0
CR-105396,2024-09-06,43,Servicios,19,1.9,7833.95,7597.93,2,652.0,54256.28,36,0.2016,0
CR-101202,2025-03-08,43,Comercio,23,5.1,2094.1,0.0,0,568.0,11053.15,6,0.1914,0
CR-103462,2023-09-24,24,Construcción,6,1.9,1593.64,0.0,0,556.0,9507.32,48,0.2244,0
CR-102797,2025-04-30,35,Comercio,11,7.8,3195.13,6815.95,1,435.0,17082.04,48,0.2243,0
CR-104225,2024-03-29,43,Servicios,24,5.3,7234.48,24513.95,2,388.0,41648.43,36,0.2482,1
CR-100144,2025-04-13,29,Servicios,9,1.0,2776.89,2438.39,2,532.0,8057.28,36,0.2175,0
CR-105056,2023-08-23,35,Comercio,14,4.7,5166.15,19791.19,2,332.0,15832.68,18,0.2628,1
CR-102895,2023-10-22,25,Manufactura,2,2.3,5783.58,5031.47,3,620.0,24248.97,12,0.169,0
CR-102763,2023-01-23,48,Tecnología,25,7.8,3633.59,3289.13,4,577.0,14317.7,6,0.1919,0
CR-100905,2024-06-13,61,Comercio,42,7.3,,3469.63,1,647.0,23913.16,48,0.1576,0
CR-105192,2023-11-03,42,Comercio,19,5.1,2518.52,8307.68,1,341.0,9199.4,24,0.2725,0
CR-103980,2023-06-16,42,Servicios,24,5.4,5086.59,16318.36,3,361.0,26468.64,18,0.2727,1
CR-100235,2024-05-31,31,Comercio,13,1.8,6049.23,8435.59,2,584.0,37654.43,18,0.1853,0
CR-105157,2023-08-19,43,Comercio,20,2.7,1115.03,4421.39,1,300.0,5392.29,12,0.2775,0
