fecha,categoria,region,unidades_vendidas,precio_promedio,ingresos
2023-01-01,Laptops,Norte,58,1368.88,79395.04
2023-01-02,Laptops,Norte,40,1438.92,57556.8
2023-01-03,Laptops,Norte,40,1438.88,57555.2
2023-01-04,Laptops,Norte,38,1431.52,54397.76
2023-01-05,Laptops,Norte,46,1410.45,64880.7
2023-01-06,Laptops,Norte,29,1538.28,44610.12
2023-01-07,Laptops,Norte,35,1337.06,46797.1
2023-01-08,Laptops,Norte,50,1385.48,69274.0
2023-01-09,Laptops,Norte,43,1222.59,52571.37
2023-01-10,Laptops,Norte,36,1423.13,51232.68
2023-01-11,Laptops,Norte,34,1332.52,45305.68
2023-01-12,Laptops,Norte,39,1391.34,54262.26
2023-01-13,Laptops,Norte,35,1343.39,47018.65
2023-01-14,Laptops,Norte,32,1382.87,44251.84
2023-01-15,Laptops,Norte,55,1404.3,77236.5
2023-01-16,Laptops,Norte,42,1344.89,56485.38
2023-01-17,Laptops,Norte,50,1415.95,70797.5
2023-01-18,Laptops,Norte,38,1364.48,51850.24
2023-01-19,Laptops,Norte,42,1348.87,56652.54
2023-01-20,Laptops,Norte,31,1439.15,44613.65
2023-01-21,Laptops,Norte,40,1409.41,56376.4
2023-01-22,Laptops,Norte,50,1273.14,63657.0
2023-01-23,Laptops,Norte,41,1371.46,56229.86
2023-01-24,Laptops,Norte,53,1325.82,70268.46
2023-01-25,Laptops,Norte,47,1486.45,69863.15
2023-01-26,Laptops,Norte,35,1343.04,47006.4
2023-01-27,Laptops,Norte,27,1350.48,36462.96
2023-01-28,Laptops,Norte,49,1397.38,68471.62
2023-01-29,Laptops,Norte,52,1428.81,74298.12
2023-01-30,Laptops,Norte,58,1347.27,78141.66
2023-01-31,Laptops,Norte,55,1405.13,77282.15
2023-02-01,Laptops,Norte,46,1412.98,64997.08
2023-02-02,Laptops,Norte,41,1280.73,52509.93
2023-02-03,Laptops,Norte,31,1426.45,44219.95
2023-02-04,Laptops,Norte,46,1359.49,62536.54
2023-02-05,Laptops,Norte,43,1314.86,56538.98
2023-02-06,Laptops,Norte,51,1518.57,77447.07
2023-02-07,Laptops,Norte,48,1334.62,64061.76
2023-02-08,Laptops,Norte,35,1446.61,50631.35
2023-02-09,Laptops,Norte,38,1426.93,54223.34
2023-02-10,Laptops,Norte,30,1280.28,38408.4
2023-02-11,Laptops,Norte,42,1342.81,56398.02
2023-02-12,Laptops,Norte,49,1318.71,64616.79
2023-02-13,Laptops,Norte,50,1456.66,72833.0
2023-02-14,Laptops,Norte,38,1448.62,55047.56
2023-02-15,Laptops,Norte,42,1504.05,63170.1
2023-02-16,Laptops,Norte,47,1326.92,62365.24
2023-02-17,Laptops,Norte,38,1557.07,59168.66
2023-02-18,Laptops,Norte,38,1458.73,55431.74
2023-02-19,Laptops,Norte,41,1508.83,61862.03
2023-02-20,Laptops,Norte,60,1405.07,84304.2
2023-02-21,Laptops,Norte,55,1375.65,75660.75
2023-02-22,Laptops,Norte,44,1336.41,58802.04
2023-02-23,Laptops,Norte,40,1482.49,59299.6
2023-02-24,Laptops,Norte,37,1386.43,51297.91
2023-02-25,Laptops,Norte,40,1387.26,55490.4
2023-02-26,Laptops,Norte,58,1473.62,85469.96
2023-02-27,Laptops,Norte,51,1452.39,74071.89
2023-02-28,Laptops,Norte,71,1381.66,98097.86
2023-03-01,Laptops,Norte,34,1405.82,47797.88
2023-03-02,Laptops,Norte,33,1416.04,46729.32
2023-03-03,Laptops,Norte,34,1401.07,47636.38
2023-03-04,Laptops,Norte,33,1478.27,48782.91
2023-03-05,Laptops,Norte,41,1433.07,58755.87
2023-03-06,Laptops,Norte,56,1374.97,76998.32
2023-03-07,Laptops,Norte,55,1486.51,81758.05
2023-03-08,Laptops,Norte,41,1354.27,55525.07
2023-03-09,Laptops,Norte,28,1390.04,38921.12
2023-03-10,Laptops,Norte,31,1381.04,42812.24
2023-03-11,Laptops,Norte,42,1369.76,57529.92
2023-03-12,Laptops,Norte,54,1375.5,74277.0
2023-03-13,Laptops,Norte,52,1464.11,76133.72
2023-03-14,Laptops,Norte,43,1402.09,60289.87
2023-03-15,Laptops,Norte,47,1517.04,71300.88
2023-03-16,Laptops,Norte,39,1362.26,53128.14
2023-03-17,Laptops,Norte,40,1356.4,54256.0
2023-03-18,Laptops,Norte,33,1307.29,43140.57
2023-03-19,Laptops,Norte,59,1307.02,77114.18
2023-03-20,Laptops,Norte,38,1344.62,51095.56
2023-03-21,Laptops,Norte,58,1341.76,77822.08
2023-03-22,Laptops,Norte,52,1358.01,70616.52
2023-03-23,Laptops,Norte,43,1408.85,60580.55
2023-03-24,Laptops,Norte,44,1341.5,59026.0
2023-03-25,Laptops,Norte,39,1513.88,59041.32
2023-03-26,Laptops,Norte,54,1391.03,75115.62
2023-03-27,Laptops,Norte,44,1454.69,64006.36
2023-03-28,Laptops,Norte,44,1337.02,58828.88
2023-03-29,Laptops,Norte,41,1370.95,56208.95
2023-03-30,Laptops,Norte,28,1419.5,39746.0
2023-03-31,Laptops,Norte,32,1427.5,45680.0
2023-04-01,Laptops,Norte,34,1460.16,49645.44
2023-04-02,Laptops,Norte,31,1307.29,40525.99
2023-04-03,Laptops,Norte,56,1582.25,88606.0
2023-04-04,Laptops,Norte,54,1510.33,81557.82
2023-04-05,Laptops,Norte,37,1414.14,52323.18
2023-04-06,Laptops,Norte,44,1422.56,62592.64
2023-04-07,Laptops,Norte,37,1413.56,52301.72
2023-04-08,Laptops,Norte,36,1331.52,47934.72
2023-04-09,Laptops,Norte,51,1303.26,66466.26
2023-04-10,Laptops,Norte,50,1318.35,65917.5
2023-04-11,Laptops,Norte,48,1309.51,62856.48
2023-04-12,Laptops,Norte,44,1516.59,66729.96
2023-04-13,Laptops,Norte,43,1364.56,58676.08
2023-04-14,Laptops,Norte,29,1476.0,42804.0
2023-04-15,Laptops,Norte,41,1381.8,56653.8
2023-04-16,Laptops,Norte,39,1390.13,54215.07
2023-04-17,Laptops,Norte,47,1382.2,64963.4
2023-04-18,Laptops,Norte,48,1358.32,65199.36
2023-04-19,Laptops,Norte,45,1521.28,68457.6
2023-04-20,Laptops,Norte,33,1408.06,46465.98
2023-04-21,Laptops,Norte,28,1496.92,41913.76
2023-04-22,Laptops,Norte,39,1415.13,55190.07
2023-04-23,Laptops,Norte,46,1498.2,68917.2
2023-04-24,Laptops,Norte,67,1405.62,94176.54
2023-04-25,Laptops,Norte,44,1380.3,60733.2
2023-04-26,Laptops,Norte,44,1296.17,57031.48
2023-04-27,Laptops,Norte,40,1451.12,58044.8
2023-04-28,Laptops,Norte,28,1506.6,42184.8
2023-04-29,Laptops,Norte,48,1468.88,70506.24
2023-04-30,Laptops,Norte,46,1369.45,62994.7
2023-05-01,Laptops,Norte,50,1455.15,72757.5
2023-05-02,Laptops,Norte,44,1325.1,58304.4
2023-05-03,Laptops,Norte,50,1328.55,66427.5
2023-05-04,Laptops,Norte,29,1350.98,39178.42
2023-05-05,Laptops,Norte,38,1351.96,51374.48
2023-05-06,Laptops,Norte,33,1440.74,47544.42
2023-05-07,Laptops,Norte,42,1457.44,61212.48
2023-05-08,Laptops,Norte,42,1370.84,57575.28
2023-05-09,Laptops,Norte,42,1511.08,63465.36
2023-05-10,Laptops,Norte,40,1363.97,54558.8
2023-05-11,Laptops,Norte,29,1481.56,42965.24
2023-05-12,Laptops,Norte,24,1374.18,32980.32
2023-05-13,Laptops,Norte,30,1400.76,42022.8
2023-05-14,Laptops,Norte,53,1404.71,74449.63
2023-05-15,Laptops,Norte,66,1458.56,96264.96
2023-05-16,Laptops,Norte,51,1385.84,70677.84
2023-05-17,Laptops,Norte,47,1282.42,60273.74
2023-05-18,Laptops,Norte,35,1453.73,50880.55
2023-05-19,Laptops,Norte,33,1399.5,46183.5
2023-05-20,Laptops,Norte,38,1521.83,57829.54
2023-05-21,Laptops,Norte,39,1309.33,51063.87
2023-05-22,Laptops,Norte,40,1385.45,55418.0
2023-05-23,Laptops,Norte,39,1287.16,50199.24
2023-05-24,Laptops,Norte,47,1407.07,66132.29
2023-05-25,Laptops,Norte,33,1407.16,46436.28
2023-05-26,Laptops,Norte,26,1498.14,38951.64
2023-05-27,Laptops,Norte,41,1433.88,58789.08
2023-05-28,Laptops,Norte,42,1364.36,57303.12
2023-05-29,Laptops,Norte,32,1406.18,44997.76
2023-05-30,Laptops,Norte,49,1468.69,71965.81
2023-05-31,Laptops,Norte,44,1276.83,56180.52
2023-06-01,Laptops,Norte,30,1437.84,43135.2
2023-06-02,Laptops,Norte,36,1349.89,48596.04
2023-06-03,Laptops,Norte,33,1374.45,45356.85
2023-06-04,Laptops,Norte,33,1401.2,46239.6
2023-06-05,Laptops,Norte,40,1293.75,51750.0
2023-06-06,Laptops,Norte,52,1294.47,67312.44
2023-06-07,Laptops,Norte,31,1445.61,44813.91
2023-06-08,Laptops,Norte,26,1370.25,35626.5
2023-06-09,Laptops,Norte,29,1397.3,40521.7
2023-06-10,Laptops,Norte,36,1415.78,50968.08
2023-06-11,Laptops,Norte,49,1312.96,64335.04
2023-06-12,Laptops,Norte,48,1347.9,64699.2
2023-06-13,Laptops,Norte,54,1337.27,72212.58
2023-06-14,Laptops,Norte,39,1237.1,48246.9
2023-06-15,Laptops,Norte,32,1386.13,44356.16
2023-06-16,Laptops,Norte,18,1388.49,24992.82
2023-06-17,Laptops,Norte,30,1433.22,42996.6
2023-06-18,Laptops,Norte,30,1424.63,42738.9
2023-06-19,Laptops,Norte,30,1278.55,38356.5
2023-06-20,Laptops,Norte,37,1280.09,47363.33
2023-06-21,Laptops,Norte,29,1356.49,39338.21
2023-06-22,Laptops,Norte,24,1414.58,33949.92
2023-06-23,Laptops,Norte,25,1363.71,34092.75
2023-06-24,Laptops,Norte,33,1345.27,44393.91
2023-06-25,Laptops,Norte,30,1492.13,44763.9
2023-06-26,Laptops,Norte,41,1440.17,59046.97
2023-06-27,Laptops,Norte,37,1449.44,53629.28
2023-06-28,Laptops,Norte,24,1424.27,34182.48
2023-06-29,Laptops,Norte,31,1322.45,40995.95
2023-06-30,Laptops,Norte,20,1451.21,29024.2
2023-07-01,Laptops,Norte,25,1576.53,39413.25
2023-07-02,Laptops,Norte,39,1442.51,56257.89
2023-07-03,Laptops,Norte,40,1392.83,55713.2
2023-07-04,Laptops,Norte,34,1292.45,43943.3
2023-07-05,Laptops,Norte,35,1347.0,47145.0
2023-07-06,Laptops,Norte,23,1448.62,33318.26
2023-07-07,Laptops,Norte,22,1445.25,31795.5
2023-07-08,Laptops,Norte,25,1327.64,33191.0
2023-07-09,Laptops,Norte,35,1433.69,50179.15
2023-07-10,Laptops,Norte,36,1332.35,47964.6
2023-07-11,Laptops,Norte,34,1460.51,49657.34
2023-07-12,Laptops,Norte,35,1442.55,50489.25
2023-07-13,Laptops,Norte,24,1468.54,35244.96
2023-07-14,Laptops,Norte,24,1365.6,32774.4
2023-07-15,Laptops,Norte,29,1450.8,42073.2
2023-07-16,Laptops,Norte,26,1408.02,36608.52
2023-07-17,Laptops,Norte,25,1427.79,35694.75
2023-07-18,Laptops,Norte,37,1404.53,51967.61
2023-07-19,Laptops,Norte,31,1339.49,41524.19
2023-07-20,Laptops,Norte,14,1422.85,19919.9
2023-07-21,Laptops,Norte,21,1431.7,30065.7
2023-07-22,Laptops,Norte,18,1322.7,23808.6
2023-07-23,Laptops,Norte,32,1439.97,46079.04
2023-07-24,Laptops,Norte,30,1436.29,43088.7
2023-07-25,Laptops,Norte,31,1352.67,41932.77
2023-07-26,Laptops,Norte,25,1418.55,35463.75
2023-07-27,Laptops,Norte,30,1356.96,40708.8
2023-07-28,Laptops,Norte,25,1441.07,36026.75
2023-07-29,Laptops,Norte,19,1337.9,25420.1
2023-07-30,Laptops,Norte,23,1492.63,34330.49
2023-07-31,Laptops,Norte,36,1488.93,53601.48
2023-08-01,Laptops,Norte,32,1457.21,46630.72
2023-08-02,Laptops,Norte,26,1536.45,39947.7
2023-08-03,Laptops,Norte,19,1499.97,28499.43
2023-08-04,Laptops,Norte,21,1465.6,30777.6
2023-08-05,Laptops,Norte,23,1509.4,34716.2
2023-08-06,Laptops,Norte,25,1391.32,34783.0
2023-08-07,Laptops,Norte,33,1361.29,44922.57
2023-08-08,Laptops,Norte,26,1468.62,38184.12
2023-08-09,Laptops,Norte,24,1392.36,33416.64
2023-08-10,Laptops,Norte,17,1464.53,24897.01
2023-08-11,Laptops,Norte,16,1346.05,21536.8
2023-08-12,Laptops,Norte,20,1353.89,27077.8
2023-08-13,Laptops,Norte,30,1297.87,38936.1
2023-08-14,Laptops,Norte,26,1322.16,34376.16
2023-08-15,Laptops,Norte,25,1424.05,35601.25
2023-08-16,Laptops,Norte,22,1301.32,28629.04
2023-08-17,Laptops,Norte,23,1330.72,30606.56
2023-08-18,Laptops,Norte,21,1343.94,28222.74
2023-08-19,Laptops,Norte,25,1371.45,34286.25
2023-08-20,Laptops,Norte,26,1406.15,36559.9
2023-08-21,Laptops,Norte,30,1537.22,46116.6
2023-08-22,Laptops,Norte,29,1455.61,42212.69
2023-08-23,Laptops,Norte,22,1358.74,29892.28
2023-08-24,Laptops,Norte,20,1401.54,28030.8
2023-08-25,Laptops,Norte,20,1362.35,27247.0
2023-08-26,Laptops,Norte,27,1461.94,39472.38
2023-08-27,Laptops,Norte,28,1439.37,40302.36
2023-08-28,Laptops,Norte,36,1362.03,49033.08
2023-08-29,Laptops,Norte,28,1426.97,39955.16
2023-08-30,Laptops,Norte,26,1431.77,37226.02
2023-08-31,Laptops,Norte,15,1403.81,21057.15
2023-09-01,Laptops,Norte,19,1427.41,27120.79
2023-09-02,Laptops,Norte,19,1440.44,27368.36
2023-09-03,Laptops,Norte,23,1549.11,35629.53
2023-09-04,Laptops,Norte,36,1483.87,53419.32
2023-09-05,Laptops,Norte,35,1332.68,46643.8
2023-09-06,Laptops,Norte,26,1417.58,36857.08
2023-09-07,Laptops,Norte,20,1548.98,30979.6
2023-09-08,Laptops,Norte,20,1425.53,28510.6
2023-09-09,Laptops,Norte,15,1529.13,22936.95
2023-09-10,Laptops,Norte,25,1583.55,39588.75
2023-09-11,Laptops,Norte,28,1334.97,37379.16
2023-09-12,Laptops,Norte,22,1395.13,30692.86
2023-09-13,Laptops,Norte,18,1405.11,25291.98
2023-09-14,Laptops,Norte,24,1308.73,31409.52
2023-09-15,Laptops,Norte,21,1497.34,31444.14
2023-09-16,Laptops,Norte,27,1424.11,38450.97
2023-09-17,Laptops,Norte,26,1284.33,33392.58
2023-09-18,Laptops,Norte,38,1422.62,54059.56
2023-09-19,Laptops,Norte,25,1344.85,33621.25
2023-09-20,Laptops,Norte,27,1398.4,37756.8
2023-09-21,Laptops,Norte,15,1225.55,18383.25
2023-09-22,Laptops,Norte,19,1387.03,26353.57
2023-09-23,Laptops,Norte,25,1458.96,36474.0
2023-09-24,Laptops,Norte,28,1370.51,38374.28
2023-09-25,Laptops,Norte,35,1275.63,44647.05
2023-09-26,Laptops,Norte,27,1395.95,37690.65
2023-09-27,Laptops,Norte,21,1385.87,29103.27
2023-09-28,Laptops,Norte,22,1509.8,33215.6
2023-09-29,Laptops,Norte,17,1430.91,24325.47
2023-09-30,Laptops,Norte,27,1383.86,37364.22
2023-10-01,Laptops,Norte,22,1315.85,28948.7
2023-10-02,Laptops,Norte,30,1396.86,41905.8
2023-10-03,Laptops,Norte,30,1535.57,46067.1
2023-10-04,Laptops,Norte,27,1426.6,38518.2
2023-10-05,Laptops,Norte,18,1446.01,26028.18
2023-10-06,Laptops,Norte,22,1226.84,26990.48
2023-10-07,Laptops,Norte,23,1464.19,33676.37
2023-10-08,Laptops,Norte,27,1406.56,37977.12
2023-10-09,Laptops,Norte,27,1401.63,37844.01
2023-10-10,Laptops,Norte,24,1412.11,33890.64
2023-10-11,Laptops,Norte,26,1414.07,36765.82
2023-10-12,Laptops,Norte,25,1381.92,34548.0
2023-10-13,Laptops,Norte,22,1365.36,30037.92
2023-10-14,Laptops,Norte,23,1301.79,29941.17
2023-10-15,Laptops,Norte,25,1374.13,34353.25
2023-10-16,Laptops,Norte,24,1477.84,35468.16
2023-10-17,Laptops,Norte,46,1360.92,62602.32
2023-10-18,Laptops,Norte,23,1455.75,33482.25
2023-10-19,Laptops,Norte,32,1325.02,42400.64
2023-10-20,Laptops,Norte,19,1305.17,24798.23
2023-10-21,Laptops,Norte,19,1369.96,26029.24
2023-10-22,Laptops,Norte,29,1464.75,42477.75
2023-10-23,Laptops,Norte,29,1297.1,37615.9
2023-10-24,Laptops,Norte,33,1524.22,50299.26
2023-10-25,Laptops,Norte,27,1549.63,41840.01
2023-10-26,Laptops,Norte,17,1449.52,24641.84
2023-10-27,Laptops,Norte,19,1362.46,25886.74
2023-10-28,Laptops,Norte,27,1366.78,36903.06
2023-10-29,Laptops,Norte,28,1351.8,37850.4
2023-10-30,Laptops,Norte,35,1351.71,47309.85
2023-10-31,Laptops,Norte,32,1384.72,44311.04
2023-11-01,Laptops,Norte,31,1272.05,39433.55
2023-11-02,Laptops,Norte,23,1424.44,32762.12
2023-11-03,Laptops,Norte,28,1320.77,36981.56
2023-11-04,Laptops,Norte,30,1339.75,40192.5
2023-11-05,Laptops,Norte,23,1346.72,30974.56
2023-11-06,Laptops,Norte,39,1425.32,55587.48
2023-11-07,Laptops,Norte,28,1477.38,41366.64
2023-11-08,Laptops,Norte,24,1328.88,31893.12
2023-11-09,Laptops,Norte,27,1484.27,40075.29
2023-11-10,Laptops,Norte,23,1321.3,30389.9
2023-11-11,Laptops,Norte,33,1349.02,44517.66
2023-11-12,Laptops,Norte,28,1462.78,40957.84
2023-11-13,Laptops,Norte,33,1283.68,42361.44
2023-11-14,Laptops,Norte,44,1361.37,59900.28
2023-11-15,Laptops,Norte,71,1335.03,94787.13
2023-11-16,Laptops,Norte,47,1367.92,64292.24
2023-11-17,Laptops,Norte,43,1351.95,58133.85
2023-11-18,Laptops,Norte,49,1278.12,62627.88
2023-11-19,Laptops,Norte,62,1442.52,89436.24
2023-11-20,Laptops,Norte,42,1424.25,59818.5
2023-11-21,Laptops,Norte,66,1462.64,96534.24
2023-11-22,Laptops,Norte,70,1371.41,95998.7
2023-11-23,Laptops,Norte,55,1393.42,76638.1
2023-11-24,Laptops,Norte,43,1462.49,62887.07
2023-11-25,Laptops,Norte,57,1415.69,80694.33
2023-11-26,Laptops,Norte,66,1463.41,96585.06
2023-11-27,Laptops,Norte,67,1458.34,97708.78
2023-11-28,Laptops,Norte,81,1403.12,113652.72
2023-11-29,Laptops,Norte,72,1406.67,101280.24
2023-11-30,Laptops,Norte,40,1395.25,55810.0
2023-12-01,Laptops,Norte,34,1406.75,47829.5
2023-12-02,Laptops,Norte,40,1361.73,54469.2
2023-12-03,Laptops,Norte,50,1423.85,71192.5
2023-12-04,Laptops,Norte,54,1412.86,76294.44
2023-12-05,Laptops,Norte,60,1357.78,81466.8
2023-12-06,Laptops,Norte,44,1427.07,62791.08
2023-12-07,Laptops,Norte,51,1486.3,75801.3
2023-12-08,Laptops,Norte,39,1400.58,54622.62
2023-12-09,Laptops,Norte,58,1404.85,81481.3
2023-12-10,Laptops,Norte,61,1412.89,86186.29
2023-12-11,Laptops,Norte,63,1266.61,79796.43
2023-12-12,Laptops,Norte,63,1374.52,86594.76
2023-12-13,Laptops,Norte,44,1562.07,68731.08
2023-12-14,Laptops,Norte,34,1402.99,47701.66
2023-12-15,Laptops,Norte,46,1337.17,61509.82
2023-12-16,Laptops,Norte,60,1397.33,83839.8
2023-12-17,Laptops,Norte,76,1360.51,103398.76
2023-12-18,Laptops,Norte,85,1411.84,120006.4
2023-12-19,Laptops,Norte,48,1412.83,67815.84
2023-12-20,Laptops,Norte,68,1395.6,94900.8
2023-12-21,Laptops,Norte,47,1462.43,68734.21
2023-12-22,Laptops,Norte,54,1315.26,71024.04
2023-12-23,Laptops,Norte,50,1423.13,71156.5
2023-12-24,Laptops,Norte,67,1473.1,98697.7
2023-12-25,Laptops,Norte,46,1380.62,63508.52
2023-12-26,Laptops,Norte,40,1456.84,58273.6
2023-12-27,Laptops,Norte,39,1383.97,53974.83
2023-12-28,Laptops,Norte,39,1323.6,51620.4
2023-12-29,Laptops,Norte,35,1266.85,44339.75
2023-12-30,Laptops,Norte,38,1361.11,51722.18
2023-12-31,Laptops,Norte,37,1377.9,50982.3
2024-01-01,Laptops,Norte,52,1553.51,80782.52
2024-01-02,Laptops,Norte,57,1403.2,79982.4
2024-01-03,Laptops,Norte,38,1360.53,51700.14
2024-01-04,Laptops,Norte,39,1437.17,56049.63
2024-01-05,Laptops,Norte,33,1372.72,45299.76
2024-01-06,Laptops,Norte,38,1472.32,55948.16
2024-01-07,Laptops,Norte,39,1507.95,58810.05
2024-01-08,Laptops,Norte,62,1411.29,87499.98
2024-01-09,Laptops,Norte,42,1275.36,53565.12
2024-01-10,Laptops,Norte,47,1392.97,65469.59
2024-01-11,Laptops,Norte,43,1388.69,59713.67
2024-01-12,Laptops,Norte,41,1514.56,62096.96
2024-01-13,Laptops,Norte,50,1431.27,71563.5
2024-01-14,Laptops,Norte,45,1372.61,61767.45
2024-01-15,Laptops,Norte,71,1497.87,106348.77
2024-01-16,Laptops,Norte,53,1391.74,73762.22
2024-01-17,Laptops,Norte,37,1391.07,51469.59
2024-01-18,Laptops,Norte,52,1364.97,70978.44
2024-01-19,Laptops,Norte,41,1481.2,60729.2
2024-01-20,Laptops,Norte,34,1362.4,46321.6
2024-01-21,Laptops,Norte,40,1445.49,57819.6
2024-01-22,Laptops,Norte,62,1428.04,88538.48
2024-01-23,Laptops,Norte,50,1404.79,70239.5
2024-01-24,Laptops,Norte,49,1463.88,71730.12
2024-01-25,Laptops,Norte,38,1507.91,57300.58
2024-01-26,Laptops,Norte,45,1313.8,59121.0
2024-01-27,Laptops,Norte,38,1388.6,52766.8
2024-01-28,Laptops,Norte,50,1382.96,69148.0
2024-01-29,Laptops,Norte,65,1407.45,91484.25
2024-01-30,Laptops,Norte,68,1359.43,92441.24
2024-01-31,Laptops,Norte,34,1328.05,45153.7
2024-02-01,Laptops,Norte,55,1392.42,76583.1
2024-02-02,Laptops,Norte,47,1471.2,69146.4
2024-02-03,Laptops,Norte,40,1385.84,55433.6
2024-02-04,Laptops,Norte,50,1429.09,71454.5
2024-02-05,Laptops,Norte,61,1507.18,91937.98
2024-02-06,Laptops,Norte,63,1411.64,88933.32
2024-02-07,Laptops,Norte,49,1469.32,71996.68
2024-02-08,Laptops,Norte,37,1475.83,54605.71
2024-02-09,Laptops,Norte,50,1486.91,74345.5
2024-02-10,Laptops,Norte,41,1545.71,63374.11
2024-02-11,Laptops,Norte,62,1391.08,86246.96
2024-02-12,Laptops,Norte,70,1463.93,102475.1
2024-02-13,Laptops,Norte,68,1415.22,96234.96
2024-02-14,Laptops,Norte,48,1434.9,68875.2
2024-02-15,Laptops,Norte,37,1428.8,52865.6
2024-02-16,Laptops,Norte,45,1483.57,66760.65
2024-02-17,Laptops,Norte,62,1364.49,84598.38
2024-02-18,Laptops,Norte,53,1427.51,75658.03
2024-02-19,Laptops,Norte,51,1311.03,66862.53
2024-02-20,Laptops,Norte,63,1344.17,84682.71
2024-02-21,Laptops,Norte,48,1359.62,65261.76
2024-02-22,Laptops,Norte,36,1441.44,51891.84
2024-02-23,Laptops,Norte,35,1429.35,50027.25
2024-02-24,Laptops,Norte,39,1498.01,58422.39
2024-02-25,Laptops,Norte,55,1469.09,80799.95
2024-02-26,Laptops,Norte,41,1398.93,57356.13
2024-02-27,Laptops,Norte,68,1610.83,109536.44
2024-02-28,Laptops,Norte,68,1413.24,96100.32
2024-02-29,Laptops,Norte,30,1302.09,39062.7
2024-03-01,Laptops,Norte,52,1311.42,68193.84
2024-03-02,Laptops,Norte,44,1448.82,63748.08
2024-03-03,Laptops,Norte,51,1290.58,65819.58
2024-03-04,Laptops,Norte,60,1412.75,84765.0
2024-03-05,Laptops,Norte,70,1376.54,96357.8
2024-03-06,Laptops,Norte,54,1533.59,82813.86
2024-03-07,Laptops,Norte,46,1318.29,60641.34
2024-03-08,Laptops,Norte,65,1469.67,95528.55
2024-03-09,Laptops,Norte,46,1375.62,63278.52
2024-03-10,Laptops,Norte,64,1369.22,87630.08
2024-03-11,Laptops,Norte,57,1506.66,85879.62
2024-03-12,Laptops,Norte,53,1363.92,72287.76
2024-03-13,Laptops,Norte,51,1337.06,68190.06
2024-03-14,Laptops,Norte,38,1367.11,51950.18
2024-03-15,Laptops,Norte,55,1329.39,73116.45
2024-03-16,Laptops,Norte,44,1292.85,56885.4
2024-03-17,Laptops,Norte,57,1345.35,76684.95
2024-03-18,Laptops,Norte,64,1287.21,82381.44
2024-03-19,Laptops,Norte,54,1339.53,72334.62
2024-03-20,Laptops,Norte,45,1337.77,60199.65
2024-03-21,Laptops,Norte,41,1417.42,58114.22
2024-03-22,Laptops,Norte,34,1309.47,44521.98
2024-03-23,Laptops,Norte,58,1441.59,83612.22
2024-03-24,Laptops,Norte,48,1248.9,59947.2
2024-03-25,Laptops,Norte,57,1334.98,76093.86
2024-03-26,Laptops,Norte,67,1384.93,92790.31
2024-03-27,Laptops,Norte,48,1371.7,65841.6
2024-03-28,Laptops,Norte,41,1403.89,57559.49
2024-03-29,Laptops,Norte,40,1305.79,52231.6
2024-03-30,Laptops,Norte,41,1533.0,62853.0
2024-03-31,Laptops,Norte,45,1513.38,68102.1
2024-04-01,Laptops,Norte,59,1218.22,71874.98
2024-04-02,Laptops,Norte,52,1442.17,74992.84
2024-04-03,Laptops,Norte,58,1375.25,79764.5
2024-04-04,Laptops,Norte,45,1391.26,62606.7
2024-04-05,Laptops,Norte,50,1392.72,69636.0
2024-04-06,Laptops,Norte,46,1343.99,61823.54
2024-04-07,Laptops,Norte,59,1391.66,82107.94
2024-04-08,Laptops,Norte,55,1506.58,82861.9
2024-04-09,Laptops,Norte,65,1527.27,99272.55
2024-04-10,Laptops,Norte,47,1391.41,65396.27
2024-04-11,Laptops,Norte,49,1285.92,63010.08
2024-04-12,Laptops,Norte,29,1381.71,40069.59
2024-04-13,Laptops,Norte,39,1377.9,53738.1
2024-04-14,Laptops,Norte,55,1500.19,82510.45
2024-04-15,Laptops,Norte,58,1315.05,76272.9
2024-04-16,Laptops,Norte,68,1267.7,86203.6
2024-04-17,Laptops,Norte,45,1349.9,60745.5
2024-04-18,Laptops,Norte,41,1445.3,59257.3
2024-04-19,Laptops,Norte,43,1333.38,57335.34
2024-04-20,Laptops,Norte,41,1381.44,56639.04
2024-04-21,Laptops,Norte,51,1451.08,74005.08
2024-04-22,Laptops,Norte,51,1290.88,65834.88
2024-04-23,Laptops,Norte,51,1391.23,70952.73
2024-04-24,Laptops,Norte,68,1415.47,96251.96
2024-04-25,Laptops,Norte,33,1443.67,47641.11
2024-04-26,Laptops,Norte,35,1369.53,47933.55
2024-04-27,Laptops,Norte,44,1506.35,66279.4
2024-04-28,Laptops,Norte,57,1364.17,77757.69
2024-04-29,Laptops,Norte,58,1455.13,84397.54
2024-04-30,Laptops,Norte,52,1477.21,76814.92
2024-05-01,Laptops,Norte,43,1220.05,52462.15
2024-05-02,Laptops,Norte,45,1506.44,67789.8
2024-05-03,Laptops,Norte,30,1322.41,39672.3
2024-05-04,Laptops,Norte,39,1367.96,53350.44
2024-05-05,Laptops,Norte,41,1475.05,60477.05
2024-05-06,Laptops,Norte,44,1368.09,60195.96
2024-05-07,Laptops,Norte,42,1392.63,58490.46
2024-05-08,Laptops,Norte,43,1463.35,62924.05
2024-05-09,Laptops,Norte,41,1410.41,57826.81
2024-05-10,Laptops,Norte,49,1328.17,65080.33
2024-05-11,Laptops,Norte,56,1482.09,82997.04
2024-05-12,Laptops,Norte,48,1422.78,68293.44
2024-05-13,Laptops,Norte,59,1289.18,76061.62
2024-05-14,Laptops,Norte,51,1390.34,70907.34
2024-05-15,Laptops,Norte,49,1422.18,69686.82
2024-05-16,Laptops,Norte,35,1370.58,47970.3
2024-05-17,Laptops,Norte,41,1284.49,52664.09
2024-05-18,Laptops,Norte,48,1301.7,62481.6
2024-05-19,Laptops,Norte,51,1351.72,68937.72
2024-05-20,Laptops,Norte,55,1423.78,78307.9
2024-05-21,Laptops,Norte,48,1479.96,71038.08
2024-05-22,Laptops,Norte,45,1300.21,58509.45
2024-05-23,Laptops,Norte,39,1357.7,52950.3
2024-05-24,Laptops,Norte,35,1251.48,43801.8
2024-05-25,Laptops,Norte,32,1395.93,44669.76
2024-05-26,Laptops,Norte,44,1504.0,66176.0
2024-05-27,Laptops,Norte,41,1469.97,60268.77
2024-05-28,Laptops,Norte,67,1379.26,92410.42
2024-05-29,Laptops,Norte,39,1374.82,53617.98
2024-05-30,Laptops,Norte,44,1372.81,60403.64
2024-05-31,Laptops,Norte,36,1377.18,49578.48
2024-06-01,Laptops,Norte,48,1399.81,67190.88
2024-06-02,Laptops,Norte,36,1372.6,49413.6
2024-06-03,Laptops,Norte,48,1397.46,67078.08
2024-06-04,Laptops,Norte,42,1319.02,55398.84
2024-06-05,Laptops,Norte,40,1429.33,57173.2
2024-06-06,Laptops,Norte,45,1441.37,64861.65
2024-06-07,Laptops,Norte,29,1571.92,45585.68
2024-06-08,Laptops,Norte,50,1432.79,71639.5
2024-06-09,Laptops,Norte,44,1387.4,61045.6
2024-06-10,Laptops,Norte,48,1510.62,72509.76
2024-06-11,Laptops,Norte,44,1496.66,65853.04
2024-06-12,Laptops,Norte,44,1348.37,59328.28
2024-06-13,Laptops,Norte,29,1520.27,44087.83
2024-06-14,Laptops,Norte,32,1422.46,45518.72
2024-06-15,Laptops,Norte,38,1300.81,49430.78
2024-06-16,Laptops,Norte,45,1348.28,60672.6
2024-06-17,Laptops,Norte,50,1355.7,67785.0
2024-06-18,Laptops,Norte,53,1503.3,79674.9
2024-06-19,Laptops,Norte,34,1411.85,48002.9
2024-06-20,Laptops,Norte,32,1406.58,45010.56
2024-06-21,Laptops,Norte,32,1395.46,44654.72
2024-06-22,Laptops,Norte,30,1538.26,46147.8
2024-06-23,Laptops,Norte,41,1385.08,56788.28
2024-06-24,Laptops,Norte,44,1370.5,60302.0
2024-06-25,Laptops,Norte,43,1482.77,63759.11
2024-06-26,Laptops,Norte,27,1411.27,38104.29
2024-06-27,Laptops,Norte,27,1498.42,40457.34
2024-06-28,Laptops,Norte,26,1370.58,35635.08
2024-06-29,Laptops,Norte,29,1412.11,40951.19
2024-06-30,Laptops,Norte,36,1525.44,54915.84
2024-07-01,Laptops,Norte,33,1364.85,45040.05
2024-07-02,Laptops,Norte,37,1467.86,54310.82
2024-07-03,Laptops,Norte,34,1291.33,43905.22
2024-07-04,Laptops,Norte,29,1451.31,42087.99
2024-07-05,Laptops,Norte,31,1353.99,41973.69
2024-07-06,Laptops,Norte,32,1461.63,46772.16
2024-07-07,Laptops,Norte,29,1320.95,38307.55
2024-07-08,Laptops,Norte,38,1471.07,55900.66
2024-07-09,Laptops,Norte,53,1394.74,73921.22
2024-07-10,Laptops,Norte,30,1427.81,42834.3
2024-07-11,Laptops,Norte,36,1407.53,50671.08
2024-07-12,Laptops,Norte,33,1391.66,45924.78
2024-07-13,Laptops,Norte,25,1352.66,33816.5
2024-07-14,Laptops,Norte,40,1331.49,53259.6
2024-07-15,Laptops,Norte,50,1447.63,72381.5
2024-07-16,Laptops,Norte,30,1319.18,39575.4
2024-07-17,Laptops,Norte,29,1387.72,40243.88
2024-07-18,Laptops,Norte,31,1327.78,41161.18
2024-07-19,Laptops,Norte,28,1374.48,38485.44
2024-07-20,Laptops,Norte,22,1266.77,27868.94
2024-07-21,Laptops,Norte,31,1481.12,45914.72
2024-07-22,Laptops,Norte,32,1448.85,46363.2
2024-07-23,Laptops,Norte,42,1395.08,58593.36
2024-07-24,Laptops,Norte,37,1411.37,52220.69
2024-07-25,Laptops,Norte,28,1481.04,41469.12
2024-07-26,Laptops,Norte,23,1361.03,31303.69
2024-07-27,Laptops,Norte,29,1490.44,43222.76
2024-07-28,Laptops,Norte,35,1349.24,47223.4
2024-07-29,Laptops,Norte,34,1396.0,47464.0
2024-07-30,Laptops,Norte,41,1301.39,53356.99
2024-07-31,Laptops,Norte,28,1495.03,41860.84
2024-08-01,Laptops,Norte,20,1378.77,27575.4
2024-08-02,Laptops,Norte,27,1422.53,38408.31
2024-08-03,Laptops,Norte,32,1344.95,43038.4
2024-08-04,Laptops,Norte,44,1384.36,60911.84
2024-08-05,Laptops,Norte,31,1328.27,41176.37
2024-08-06,Laptops,Norte,37,1339.36,49556.32
2024-08-07,Laptops,Norte,29,1284.42,37248.18
2024-08-08,Laptops,Norte,29,1380.06,40021.74
2024-08-09,Laptops,Norte,26,1348.49,35060.74
2024-08-10,Laptops,Norte,20,1552.75,31055.0
2024-08-11,Laptops,Norte,30,1318.99,39569.7
2024-08-12,Laptops,Norte,27,1348.75,36416.25
2024-08-13,Laptops,Norte,28,1450.41,40611.48
2024-08-14,Laptops,Norte,27,1327.37,35838.99
2024-08-15,Laptops,Norte,22,1386.66,30506.52
2024-08-16,Laptops,Norte,19,1446.31,27479.89
2024-08-17,Laptops,Norte,29,1441.02,41789.58
2024-08-18,Laptops,Norte,35,1398.55,48949.25
2024-08-19,Laptops,Norte,30,1388.61,41658.3
2024-08-20,Laptops,Norte,28,1462.59,40952.52
2024-08-21,Laptops,Norte,26,1480.16,38484.16
2024-08-22,Laptops,Norte,25,1399.54,34988.5
2024-08-23,Laptops,Norte,25,1430.83,35770.75
2024-08-24,Laptops,Norte,22,1358.27,29881.94
2024-08-25,Laptops,Norte,34,1474.72,50140.48
2024-08-26,Laptops,Norte,32,1448.67,46357.44
2024-08-27,Laptops,Norte,33,1371.96,45274.68
2024-08-28,Laptops,Norte,30,1357.73,40731.9
2024-08-29,Laptops,Norte,21,1520.87,31938.27
2024-08-30,Laptops,Norte,17,1359.1,23104.7
2024-08-31,Laptops,Norte,21,1379.75,28974.75
2024-09-01,Laptops,Norte,25,1306.98,32674.5
2024-09-02,Laptops,Norte,37,1466.28,54252.36
2024-09-03,Laptops,Norte,29,1358.47,39395.63
2024-09-04,Laptops,Norte,24,1396.18,33508.32
2024-09-05,Laptops,Norte,24,1390.02,33360.48
2024-09-06,Laptops,Norte,23,1560.52,35891.96
2024-09-07,Laptops,Norte,23,1520.41,34969.43
2024-09-08,Laptops,Norte,30,1418.07,42542.1
2024-09-09,Laptops,Norte,29,1350.23,39156.67
2024-09-10,Laptops,Norte,29,1404.78,40738.62
2024-09-11,Laptops,Norte,25,1391.21,34780.25
2024-09-12,Laptops,Norte,23,1507.38,34669.74
2024-09-13,Laptops,Norte,17,1576.48,26800.16
2024-09-14,Laptops,Norte,25,1419.39,35484.75
2024-09-15,Laptops,Norte,24,1452.42,34858.08
2024-09-16,Laptops,Norte,37,1533.86,56752.82
2024-09-17,Laptops,Norte,35,1433.52,50173.2
2024-09-18,Laptops,Norte,21,1340.48,28150.08
2024-09-19,Laptops,Norte,23,1389.36,31955.28
2024-09-20,Laptops,Norte,17,1396.88,23746.96
2024-09-21,Laptops,Norte,27,1346.64,36359.28
2024-09-22,Laptops,Norte,38,1400.69,53226.22
2024-09-23,Laptops,Norte,34,1291.05,43895.7
2024-09-24,Laptops,Norte,33,1259.05,41548.65
2024-09-25,Laptops,Norte,31,1393.53,43199.43
2024-09-26,Laptops,Norte,19,1382.35,26264.65
2024-09-27,Laptops,Norte,19,1523.07,28938.33
2024-09-28,Laptops,Norte,27,1364.95,36853.65
2024-09-29,Laptops,Norte,32,1419.86,45435.52
2024-09-30,Laptops,Norte,32,1369.32,43818.24
2024-10-01,Laptops,Norte,34,1270.4,43193.6
2024-10-02,Laptops,Norte,25,1395.41,34885.25
2024-10-03,Laptops,Norte,27,1414.76,38198.52
2024-10-04,Laptops,Norte,17,1360.9,23135.3
2024-10-05,Laptops,Norte,23,1385.38,31863.74
2024-10-06,Laptops,Norte,35,1465.55,51294.25
2024-10-07,Laptops,Norte,32,1380.47,44175.04
2024-10-08,Laptops,Norte,27,1488.84,40198.68
2024-10-09,Laptops,Norte,31,1414.85,43860.35
2024-10-10,Laptops,Norte,26,1473.81,38319.06
2024-10-11,Laptops,Norte,24,1510.72,36257.28
2024-10-12,Laptops,Norte,20,1336.75,26735.0
2024-10-13,Laptops,Norte,35,1475.19,51631.65
2024-10-14,Laptops,Norte,38,1492.49,56714.62
2024-10-15,Laptops,Norte,43,1475.1,63429.3
2024-10-16,Laptops,Norte,32,1381.33,44202.56
2024-10-17,Laptops,Norte,24,1207.26,28974.24
2024-10-18,Laptops,Norte,36,1571.54,56575.44
2024-10-19,Laptops,Norte,21,1290.06,27091.26
2024-10-20,Laptops,Norte,32,1539.72,49271.04
2024-10-21,Laptops,Norte,39,1318.42,51418.38
2024-10-22,Laptops,Norte,35,1312.11,45923.85
2024-10-23,Laptops,Norte,33,1405.6,46384.8
2024-10-24,Laptops,Norte,30,1395.36,41860.8
2024-10-25,Laptops,Norte,25,1552.9,38822.5
2024-10-26,Laptops,Norte,32,1354.28,43336.96
2024-10-27,Laptops,Norte,42,1464.27,61499.34
2024-10-28,Laptops,Norte,39,1435.8,55996.2
2024-10-29,Laptops,Norte,33,1338.07,44156.31
2024-10-30,Laptops,Norte,37,1439.31,53254.47
2024-10-31,Laptops,Norte,30,1394.82,41844.6
2024-11-01,Laptops,Norte,28,1482.98,41523.44
2024-11-02,Laptops,Norte,27,1385.27,37402.29
2024-11-03,Laptops,Norte,27,1504.38,40618.26
2024-11-04,Laptops,Norte,34,1426.59,48504.06
2024-11-05,Laptops,Norte,41,1315.92,53952.72
2024-11-06,Laptops,Norte,34,1275.94,43381.96
2024-11-07,Laptops,Norte,30,1528.63,45858.9
2024-11-08,Laptops,Norte,27,1396.55,37706.85
2024-11-09,Laptops,Norte,33,1396.06,46069.98
2024-11-10,Laptops,Norte,37,1418.11,52470.07
2024-11-11,Laptops,Norte,46,1397.74,64296.04
2024-11-12,Laptops,Norte,45,1408.64,63388.8
2024-11-13,Laptops,Norte,30,1286.2,38586.0
2024-11-14,Laptops,Norte,27,1465.99,39581.73
2024-11-15,Laptops,Norte,61,1412.55,86165.55
2024-11-16,Laptops,Norte,63,1449.5,91318.5
2024-11-17,Laptops,Norte,73,1361.75,99407.75
2024-11-18,Laptops,Norte,56,1399.91,78394.96
2024-11-19,Laptops,Norte,76,1300.1,98807.6
2024-11-20,Laptops,Norte,68,1478.43,100533.24
2024-11-21,Laptops,Norte,56,1392.11,77958.16
2024-11-22,Laptops,Norte,45,1232.3,55453.5
2024-11-23,Laptops,Norte,66,1375.34,90772.44
2024-11-24,Laptops,Norte,88,1427.31,125603.28
2024-11-25,Laptops,Norte,84,1503.77,126316.68
2024-11-26,Laptops,Norte,79,1298.11,102550.69
2024-11-27,Laptops,Norte,75,1491.98,111898.5
2024-11-28,Laptops,Norte,80,1450.26,116020.8
2024-11-29,Laptops,Norte,54,1368.9,73920.6
2024-11-30,Laptops,Norte,72,1463.1,105343.2
2024-12-01,Laptops,Norte,65,1422.39,92455.35
2024-12-02,Laptops,Norte,74,1361.51,100751.74
2024-12-03,Laptops,Norte,52,1477.84,76847.68
2024-12-04,Laptops,Norte,55,1498.12,82396.6
2024-12-05,Laptops,Norte,56,1301.79,72900.24
2024-12-06,Laptops,Norte,68,1425.72,96948.96
2024-12-07,Laptops,Norte,57,1389.17,79182.69
2024-12-08,Laptops,Norte,93,1433.19,133286.67
2024-12-09,Laptops,Norte,64,1377.18,88139.52
2024-12-10,Laptops,Norte,71,1506.17,106938.07
2024-12-11,Laptops,Norte,56,1268.7,71047.2
2024-12-12,Laptops,Norte,60,1412.72,84763.2
2024-12-13,Laptops,Norte,64,1363.03,87233.92
2024-12-14,Laptops,Norte,53,1383.63,73332.39
2024-12-15,Laptops,Norte,51,1264.79,64504.29
2024-12-16,Laptops,Norte,84,1489.24,125096.16
2024-12-17,Laptops,Norte,66,1301.83,85920.78
2024-12-18,Laptops,Norte,57,1431.82,81613.74
2024-12-19,Laptops,Norte,57,1361.07,77580.99
2024-12-20,Laptops,Norte,70,1380.56,96639.2
2024-12-21,Laptops,Norte,71,1441.05,102314.55
2024-12-22,Laptops,Norte,52,1486.53,77299.56
2024-12-23,Laptops,Norte,86,1307.05,112406.3
2024-12-24,Laptops,Norte,72,1371.1,98719.2
2024-12-25,Laptops,Norte,53,1419.49,75232.97
2024-12-26,Laptops,Norte,46,1396.87,64256.02
2024-12-27,Laptops,Norte,44,1459.5,64218.0
2024-12-28,Laptops,Norte,44,1505.45,66239.8
2024-12-29,Laptops,Norte,63,1353.25,85254.75
2024-12-30,Laptops,Norte,50,1341.4,67070.0
2023-01-01,Laptops,Centro,40,1329.62,53184.8
2023-01-02,Laptops,Centro,27,1500.38,40510.26
2023-01-03,Laptops,Centro,29,1381.38,40060.02
2023-01-04,Laptops,Centro,22,1307.8,28771.6
2023-01-05,Laptops,Centro,28,1327.19,37161.32
2023-01-06,Laptops,Centro,23,1399.6,32190.8
2023-01-07,Laptops,Centro,29,1365.92,39611.68
2023-01-08,Laptops,Centro,36,1396.34,50268.24
2023-01-09,Laptops,Centro,33,1593.83,52596.39
2023-01-10,Laptops,Centro,35,1315.98,46059.3
2023-01-11,Laptops,Centro,26,1442.0,37492.0
2023-01-12,Laptops,Centro,22,1481.96,32603.12
2023-01-13,Laptops,Centro,28,1472.76,41237.28
2023-01-14,Laptops,Centro,29,1318.76,38244.04
2023-01-15,Laptops,Centro,39,1396.61,54467.79
2023-01-16,Laptops,Centro,35,1288.39,45093.65
2023-01-17,Laptops,Centro,32,1444.35,46219.2
2023-01-18,Laptops,Centro,37,1356.84,50203.08
2023-01-19,Laptops,Centro,34,1412.37,48020.58
2023-01-20,Laptops,Centro,28,1485.19,41585.32
2023-01-21,Laptops,Centro,28,1406.07,39369.96
2023-01-22,Laptops,Centro,32,1404.85,44955.2
2023-01-23,Laptops,Centro,37,1373.93,50835.41
2023-01-24,Laptops,Centro,37,1477.48,54666.76
2023-01-25,Laptops,Centro,30,1351.03,40530.9
2023-01-26,Laptops,Centro,23,1419.73,32653.79
2023-01-27,Laptops,Centro,27,1430.36,38619.72
2023-01-28,Laptops,Centro,38,1443.11,54838.18
2023-01-29,Laptops,Centro,39,1412.39,55083.21
2023-01-30,Laptops,Centro,39,1320.77,51510.03
2023-01-31,Laptops,Centro,40,1390.65,55626.0
2023-02-01,Laptops,Centro,29,1274.49,36960.21
2023-02-02,Laptops,Centro,25,1373.58,34339.5
2023-02-03,Laptops,Centro,27,1436.23,38778.21
2023-02-04,Laptops,Centro,34,1460.86,49669.24
2023-02-05,Laptops,Centro,32,1346.85,43099.2
2023-02-06,Laptops,Centro,47,1535.01,72145.47
2023-02-07,Laptops,Centro,37,1283.71,47497.27
2023-02-08,Laptops,Centro,27,1424.33,38456.91
2023-02-09,Laptops,Centro,31,1431.24,44368.44
2023-02-10,Laptops,Centro,27,1432.48,38676.96
2023-02-11,Laptops,Centro,31,1420.07,44022.17
2023-02-12,Laptops,Centro,30,1398.16,41944.8
2023-02-13,Laptops,Centro,33,1510.97,49862.01
2023-02-14,Laptops,Centro,25,1319.87,32996.75
2023-02-15,Laptops,Centro,36,1369.87,49315.32
2023-02-16,Laptops,Centro,30,1400.97,42029.1
2023-02-17,Laptops,Centro,26,1382.93,35956.18
2023-02-18,Laptops,Centro,29,1327.66,38502.14
2023-02-19,Laptops,Centro,40,1435.55,57422.0
2023-02-20,Laptops,Centro,36,1410.62,50782.32
2023-02-21,Laptops,Centro,42,1510.81,63454.02
2023-02-22,Laptops,Centro,33,1450.21,47856.93
2023-02-23,Laptops,Centro,27,1469.28,39670.56
2023-02-24,Laptops,Centro,26,1466.59,38131.34
2023-02-25,Laptops,Centro,29,1322.62,38355.98
2023-02-26,Laptops,Centro,34,1370.6,46600.4
2023-02-27,Laptops,Centro,50,1372.62,68631.0
2023-02-28,Laptops,Centro,51,1472.99,75122.49
2023-03-01,Laptops,Centro,33,1407.14,46435.62
2023-03-02,Laptops,Centro,32,1397.7,44726.4
2023-03-03,Laptops,Centro,32,1392.94,44574.08
2023-03-04,Laptops,Centro,26,1472.64,38288.64
2023-03-05,Laptops,Centro,35,1328.22,46487.7
2023-03-06,Laptops,Centro,45,1400.6,63027.0
2023-03-07,Laptops,Centro,38,1502.38,57090.44
2023-03-08,Laptops,Centro,36,1433.95,51622.2
2023-03-09,Laptops,Centro,27,1372.22,37049.94
2023-03-10,Laptops,Centro,26,1417.52,36855.52
2023-03-11,Laptops,Centro,25,1296.81,32420.25
2023-03-12,Laptops,Centro,39,1351.52,52709.28
2023-03-13,Laptops,Centro,37,1376.48,50929.76
2023-03-14,Laptops,Centro,43,1321.36,56818.48
2023-03-15,Laptops,Centro,36,1445.98,52055.28
2023-03-16,Laptops,Centro,29,1316.15,38168.35
2023-03-17,Laptops,Centro,31,1481.52,45927.12
2023-03-18,Laptops,Centro,32,1435.98,45951.36
2023-03-19,Laptops,Centro,43,1352.74,58167.82
2023-03-20,Laptops,Centro,32,1362.68,43605.76
2023-03-21,Laptops,Centro,40,1397.81,55912.4
2023-03-22,Laptops,Centro,39,1461.25,56988.75
2023-03-23,Laptops,Centro,38,1393.7,52960.6
2023-03-24,Laptops,Centro,29,1468.34,42581.86
2023-03-25,Laptops,Centro,23,1397.6,32144.8
2023-03-26,Laptops,Centro,46,1443.39,66395.94
2023-03-27,Laptops,Centro,32,1499.68,47989.76
2023-03-28,Laptops,Centro,38,1413.49,53712.62
2023-03-29,Laptops,Centro,35,1324.81,46368.35
2023-03-30,Laptops,Centro,27,1385.1,37397.7
2023-03-31,Laptops,Centro,25,1534.0,38350.0
2023-04-01,Laptops,Centro,32,1362.87,43611.84
2023-04-02,Laptops,Centro,26,1270.31,33028.06
2023-04-03,Laptops,Centro,36,1332.06,47954.16
2023-04-04,Laptops,Centro,39,1381.87,53892.93
2023-04-05,Laptops,Centro,35,1432.25,50128.75
2023-04-06,Laptops,Centro,29,1478.36,42872.44
2023-04-07,Laptops,Centro,24,1341.55,32197.2
2023-04-08,Laptops,Centro,27,1491.36,40266.72
2023-04-09,Laptops,Centro,34,1448.6,49252.4
2023-04-10,Laptops,Centro,34,1472.5,50065.0
2023-04-11,Laptops,Centro,39,1467.27,57223.53
2023-04-12,Laptops,Centro,33,1371.69,45265.77
2023-04-13,Laptops,Centro,34,1524.39,51829.26
2023-04-14,Laptops,Centro,23,1490.26,34275.98
2023-04-15,Laptops,Centro,37,1405.14,51990.18
2023-04-16,Laptops,Centro,30,1497.17,44915.1
2023-04-17,Laptops,Centro,40,1582.95,63318.0
2023-04-18,Laptops,Centro,34,1468.64,49933.76
2023-04-19,Laptops,Centro,30,1265.07,37952.1
2023-04-20,Laptops,Centro,24,1286.51,30876.24
2023-04-21,Laptops,Centro,24,1420.38,34089.12
2023-04-22,Laptops,Centro,30,1336.89,40106.7
2023-04-23,Laptops,Centro,30,1349.46,40483.8
2023-04-24,Laptops,Centro,44,1417.08,62351.52
2023-04-25,Laptops,Centro,36,1374.4,49478.4
2023-04-26,Laptops,Centro,30,1460.65,43819.5
2023-04-27,Laptops,Centro,32,1469.48,47023.36
2023-04-28,Laptops,Centro,25,1328.63,33215.75
2023-04-29,Laptops,Centro,34,1420.49,48296.66
2023-04-30,Laptops,Centro,34,1366.1,46447.4
2023-05-01,Laptops,Centro,43,1451.26,62404.18
2023-05-02,Laptops,Centro,35,1385.55,48494.25
2023-05-03,Laptops,Centro,32,1466.0,46912.0
2023-05-04,Laptops,Centro,23,1395.28,32091.44
2023-05-05,Laptops,Centro,25,1510.51,37762.75
2023-05-06,Laptops,Centro,26,1418.81,36889.06
2023-05-07,Laptops,Centro,33,1293.15,42673.95
2023-05-08,Laptops,Centro,36,1439.66,51827.76
2023-05-09,Laptops,Centro,34,1379.02,46886.68
2023-05-10,Laptops,Centro,24,1258.39,30201.36
2023-05-11,Laptops,Centro,24,1377.25,33054.0
2023-05-12,Laptops,Centro,17,1438.68,24457.56
2023-05-13,Laptops,Centro,25,1454.38,36359.5
2023-05-14,Laptops,Centro,32,1446.7,46294.4
2023-05-15,Laptops,Centro,50,1398.66,69933.0
2023-05-16,Laptops,Centro,32,1374.11,43971.52
2023-05-17,Laptops,Centro,35,1336.63,46782.05
2023-05-18,Laptops,Centro,24,1458.86,35012.64
2023-05-19,Laptops,Centro,28,1449.18,40577.04
2023-05-20,Laptops,Centro,28,1358.7,38043.6
2023-05-21,Laptops,Centro,31,1503.26,46601.06
2023-05-22,Laptops,Centro,38,1463.57,55615.66
2023-05-23,Laptops,Centro,35,1464.48,51256.8
2023-05-24,Laptops,Centro,38,1398.55,53144.9
2023-05-25,Laptops,Centro,27,1540.75,41600.25
2023-05-26,Laptops,Centro,22,1343.38,29554.36
2023-05-27,Laptops,Centro,31,1251.04,38782.24
2023-05-28,Laptops,Centro,31,1463.79,45377.49
2023-05-29,Laptops,Centro,29,1467.63,42561.27
2023-05-30,Laptops,Centro,41,1459.85,59853.85
2023-05-31,Laptops,Centro,34,1487.23,50565.82
2023-06-01,Laptops,Centro,25,1481.31,37032.75
2023-06-02,Laptops,Centro,29,1484.97,43064.13
2023-06-03,Laptops,Centro,25,1428.02,35700.5
2023-06-04,Laptops,Centro,32,1428.07,45698.24
2023-06-05,Laptops,Centro,33,1410.85,46558.05
2023-06-06,Laptops,Centro,40,1476.29,59051.6
2023-06-07,Laptops,Centro,26,1352.34,35160.84
2023-06-08,Laptops,Centro,23,1391.28,31999.44
2023-06-09,Laptops,Centro,22,1326.93,29192.46
2023-06-10,Laptops,Centro,21,1446.22,30370.62
2023-06-11,Laptops,Centro,37,1515.65,56079.05
2023-06-12,Laptops,Centro,41,1343.69,55091.29
2023-06-13,Laptops,Centro,33,1285.73,42429.09
2023-06-14,Laptops,Centro,29,1396.24,40490.96
2023-06-15,Laptops,Centro,20,1422.29,28445.8
2023-06-16,Laptops,Centro,17,1389.3,23618.1
2023-06-17,Laptops,Centro,23,1316.34,30275.82
2023-06-18,Laptops,Centro,27,1477.45,39891.15
2023-06-19,Laptops,Centro,22,1423.81,31323.82
2023-06-20,Laptops,Centro,33,1526.45,50372.85
2023-06-21,Laptops,Centro,25,1468.36,36709.0
2023-06-22,Laptops,Centro,18,1341.26,24142.68
2023-06-23,Laptops,Centro,17,1433.84,24375.28
2023-06-24,Laptops,Centro,24,1441.83,34603.92
2023-06-25,Laptops,Centro,23,1514.5,34833.5
2023-06-26,Laptops,Centro,30,1359.97,40799.1
2023-06-27,Laptops,Centro,28,1312.79,36758.12
2023-06-28,Laptops,Centro,20,1402.52,28050.4
2023-06-29,Laptops,Centro,21,1386.39,29114.19
2023-06-30,Laptops,Centro,19,1384.53,26306.07
2023-07-01,Laptops,Centro,17,1423.55,24200.35
2023-07-02,Laptops,Centro,34,1203.59,40922.06
2023-07-03,Laptops,Centro,29,1320.96,38307.84
2023-07-04,Laptops,Centro,33,1408.81,46490.73
2023-07-05,Laptops,Centro,27,1394.27,37645.29
2023-07-06,Laptops,Centro,24,1540.27,36966.48
2023-07-07,Laptops,Centro,19,1400.83,26615.77
2023-07-08,Laptops,Centro,20,1305.15,26103.0
2023-07-09,Laptops,Centro,32,1351.43,43245.76
2023-07-10,Laptops,Centro,27,1469.49,39676.23
2023-07-11,Laptops,Centro,28,1382.3,38704.4
2023-07-12,Laptops,Centro,24,1257.67,30184.08
2023-07-13,Laptops,Centro,20,1446.67,28933.4
2023-07-14,Laptops,Centro,17,1480.25,25164.25
2023-07-15,Laptops,Centro,18,1392.52,25065.36
2023-07-16,Laptops,Centro,20,1361.64,27232.8
2023-07-17,Laptops,Centro,22,1459.59,32110.98
2023-07-18,Laptops,Centro,24,1260.51,30252.24
2023-07-19,Laptops,Centro,22,1453.01,31966.22
2023-07-20,Laptops,Centro,9,1402.86,12625.74
2023-07-21,Laptops,Centro,16,1461.88,23390.08
2023-07-22,Laptops,Centro,13,1320.82,17170.66
2023-07-23,Laptops,Centro,22,1395.94,30710.68
2023-07-24,Laptops,Centro,24,1468.14,35235.36
2023-07-25,Laptops,Centro,20,1438.45,28769.0
2023-07-26,Laptops,Centro,16,1225.41,19606.56
2023-07-27,Laptops,Centro,24,1459.76,35034.24
2023-07-28,Laptops,Centro,23,1474.64,33916.72
2023-07-29,Laptops,Centro,16,1429.59,22873.44
2023-07-30,Laptops,Centro,17,1404.99,23884.83
2023-07-31,Laptops,Centro,22,1470.42,32349.24
2023-08-01,Laptops,Centro,24,1408.73,33809.52
2023-08-02,Laptops,Centro,20,1275.58,25511.6
2023-08-03,Laptops,Centro,15,1348.61,20229.15
2023-08-04,Laptops,Centro,21,1508.37,31675.77
2023-08-05,Laptops,Centro,18,1383.5,24903.0
2023-08-06,Laptops,Centro,22,1416.29,31158.38
2023-08-07,Laptops,Centro,25,1283.14,32078.5
2023-08-08,Laptops,Centro,16,1437.92,23006.72
2023-08-09,Laptops,Centro,16,1442.26,23076.16
2023-08-10,Laptops,Centro,13,1560.03,20280.39
2023-08-11,Laptops,Centro,11,1456.48,16021.28
2023-08-12,Laptops,Centro,14,1467.72,20548.08
2023-08-13,Laptops,Centro,22,1272.67,27998.74
2023-08-14,Laptops,Centro,19,1360.94,25857.86
2023-08-15,Laptops,Centro,21,1548.21,32512.41
2023-08-16,Laptops,Centro,18,1463.36,26340.48
2023-08-17,Laptops,Centro,16,1433.87,22941.92
2023-08-18,Laptops,Centro,17,1528.11,25977.87
2023-08-19,Laptops,Centro,18,1341.33,24143.94
2023-08-20,Laptops,Centro,22,1427.1,31396.2
2023-08-21,Laptops,Centro,27,1434.55,38732.85
2023-08-22,Laptops,Centro,22,1391.05,30603.1
2023-08-23,Laptops,Centro,15,1300.81,19512.15
2023-08-24,Laptops,Centro,18,1504.97,27089.46
2023-08-25,Laptops,Centro,15,1406.91,21103.65
2023-08-26,Laptops,Centro,19,1431.45,27197.55
2023-08-27,Laptops,Centro,25,1352.21,33805.25
2023-08-28,Laptops,Centro,24,1349.62,32390.88
2023-08-29,Laptops,Centro,25,1376.9,34422.5
2023-08-30,Laptops,Centro,17,1384.15,23530.55
2023-08-31,Laptops,Centro,12,1478.54,17742.48
2023-09-01,Laptops,Centro,15,1427.09,21406.35
2023-09-02,Laptops,Centro,16,1330.85,21293.6
2023-09-03,Laptops,Centro,19,1294.92,24603.48
2023-09-04,Laptops,Centro,25,1465.77,36644.25
2023-09-05,Laptops,Centro,23,1473.2,33883.6
2023-09-06,Laptops,Centro,19,1378.67,26194.73
2023-09-07,Laptops,Centro,13,1356.07,17628.91
2023-09-08,Laptops,Centro,16,1403.82,22461.12
2023-09-09,Laptops,Centro,12,1404.16,16849.92
2023-09-10,Laptops,Centro,21,1419.68,29813.28
2023-09-11,Laptops,Centro,22,1474.9,32447.8
2023-09-12,Laptops,Centro,18,1469.25,26446.5
2023-09-13,Laptops,Centro,16,1460.77,23372.32
2023-09-14,Laptops,Centro,17,1328.93,22591.81
2023-09-15,Laptops,Centro,15,1436.93,21553.95
2023-09-16,Laptops,Centro,22,1423.53,31317.66
2023-09-17,Laptops,Centro,15,1310.45,19656.75
2023-09-18,Laptops,Centro,29,1373.87,39842.23
2023-09-19,Laptops,Centro,21,1434.8,30130.8
2023-09-20,Laptops,Centro,16,1300.92,20814.72
2023-09-21,Laptops,Centro,13,1358.46,17659.98
2023-09-22,Laptops,Centro,12,1406.57,16878.84
2023-09-23,Laptops,Centro,16,1370.54,21928.64
2023-09-24,Laptops,Centro,17,1475.7,25086.9
2023-09-25,Laptops,Centro,25,1451.76,36294.0
2023-09-26,Laptops,Centro,17,1308.54,22245.18
2023-09-27,Laptops,Centro,18,1339.69,24114.42
2023-09-28,Laptops,Centro,16,1479.93,23678.88
2023-09-29,Laptops,Centro,13,1439.93,18719.09
2023-09-30,Laptops,Centro,18,1198.15,21566.7
2023-10-01,Laptops,Centro,21,1499.81,31496.01
2023-10-02,Laptops,Centro,24,1401.05,33625.2
2023-10-03,Laptops,Centro,21,1397.39,29345.19
2023-10-04,Laptops,Centro,22,1338.05,29437.1
2023-10-05,Laptops,Centro,18,1488.41,26791.38
2023-10-06,Laptops,Centro,15,1436.41,21546.15
2023-10-07,Laptops,Centro,15,1390.52,20857.8
2023-10-08,Laptops,Centro,22,1208.14,26579.08
2023-10-09,Laptops,Centro,23,1365.85,31414.55
2023-10-10,Laptops,Centro,21,1323.78,27799.38
2023-10-11,Laptops,Centro,19,1372.6,26079.4
2023-10-12,Laptops,Centro,20,1338.01,26760.2
2023-10-13,Laptops,Centro,16,1456.0,23296.0
2023-10-14,Laptops,Centro,17,1508.4,25642.8
2023-10-15,Laptops,Centro,16,1394.85,22317.6
2023-10-16,Laptops,Centro,19,1318.99,25060.81
2023-10-17,Laptops,Centro,30,1375.01,41250.3
2023-10-18,Laptops,Centro,16,1369.12,21905.92
2023-10-19,Laptops,Centro,19,1510.24,28694.56
2023-10-20,Laptops,Centro,18,1402.96,25253.28
2023-10-21,Laptops,Centro,16,1501.54,24024.64
2023-10-22,Laptops,Centro,25,1300.87,32521.75
2023-10-23,Laptops,Centro,30,1400.21,42006.3
2023-10-24,Laptops,Centro,26,1327.19,34506.94
2023-10-25,Laptops,Centro,21,1391.2,29215.2
2023-10-26,Laptops,Centro,15,1435.17,21527.55
2023-10-27,Laptops,Centro,17,1294.57,22007.69
2023-10-28,Laptops,Centro,18,1361.76,24511.68
2023-10-29,Laptops,Centro,17,1386.62,23572.54
2023-10-30,Laptops,Centro,21,1412.97,29672.37
2023-10-31,Laptops,Centro,28,1291.47,36161.16
2023-11-01,Laptops,Centro,23,1428.67,32859.41
2023-11-02,Laptops,Centro,19,1431.13,27191.47
2023-11-03,Laptops,Centro,23,1469.62,33801.26
2023-11-04,Laptops,Centro,25,1288.49,32212.25
2023-11-05,Laptops,Centro,22,1377.56,30306.32
2023-11-06,Laptops,Centro,24,1398.66,33567.84
2023-11-07,Laptops,Centro,24,1413.15,33915.6
2023-11-08,Laptops,Centro,17,1404.77,23881.09
2023-11-09,Laptops,Centro,17,1360.92,23135.64
2023-11-10,Laptops,Centro,19,1406.88,26730.72
2023-11-11,Laptops,Centro,21,1600.23,33604.83
2023-11-12,Laptops,Centro,22,1439.69,31673.18
2023-11-13,Laptops,Centro,25,1291.65,32291.25
2023-11-14,Laptops,Centro,27,1506.36,40671.72
2023-11-15,Laptops,Centro,41,1515.93,62153.13
2023-11-16,Laptops,Centro,36,1457.93,52485.48
2023-11-17,Laptops,Centro,28,1490.61,41737.08
2023-11-18,Laptops,Centro,30,1563.58,46907.4
2023-11-19,Laptops,Centro,52,1420.0,73840.0
2023-11-20,Laptops,Centro,36,1474.13,53068.68
2023-11-21,Laptops,Centro,49,1506.55,73820.95
2023-11-22,Laptops,Centro,48,1346.2,64617.6
2023-11-23,Laptops,Centro,38,1505.52,57209.76
2023-11-24,Laptops,Centro,39,1414.07,55148.73
2023-11-25,Laptops,Centro,46,1467.74,67516.04
2023-11-26,Laptops,Centro,50,1464.43,73221.5
2023-11-27,Laptops,Centro,48,1352.85,64936.8
2023-11-28,Laptops,Centro,56,1495.48,83746.88
2023-11-29,Laptops,Centro,65,1369.67,89028.55
2023-11-30,Laptops,Centro,31,1419.44,44002.64
2023-12-01,Laptops,Centro,29,1458.29,42290.41
2023-12-02,Laptops,Centro,33,1440.1,47523.3
2023-12-03,Laptops,Centro,42,1360.34,57134.28
2023-12-04,Laptops,Centro,47,1310.3,61584.1
2023-12-05,Laptops,Centro,45,1342.22,60399.9
2023-12-06,Laptops,Centro,37,1450.63,53673.31
2023-12-07,Laptops,Centro,40,1437.56,57502.4
2023-12-08,Laptops,Centro,31,1386.19,42971.89
2023-12-09,Laptops,Centro,48,1383.83,66423.84
2023-12-10,Laptops,Centro,56,1378.31,77185.36
2023-12-11,Laptops,Centro,51,1323.66,67506.66
2023-12-12,Laptops,Centro,54,1464.13,79063.02
2023-12-13,Laptops,Centro,30,1322.59,39677.7
2023-12-14,Laptops,Centro,27,1408.68,38034.36
2023-12-15,Laptops,Centro,45,1489.11,67009.95
2023-12-16,Laptops,Centro,44,1397.47,61488.68
2023-12-17,Laptops,Centro,61,1510.83,92160.63
2023-12-18,Laptops,Centro,66,1325.24,87465.84
2023-12-19,Laptops,Centro,47,1307.04,61430.88
2023-12-20,Laptops,Centro,49,1238.86,60704.14
2023-12-21,Laptops,Centro,34,1452.87,49397.58
2023-12-22,Laptops,Centro,41,1262.0,51742.0
2023-12-23,Laptops,Centro,39,1511.29,58940.31
2023-12-24,Laptops,Centro,48,1521.36,73025.28
2023-12-25,Laptops,Centro,35,1418.67,49653.45
2023-12-26,Laptops,Centro,35,1343.37,47017.95
2023-12-27,Laptops,Centro,31,1270.05,39371.55
2023-12-28,Laptops,Centro,26,1427.92,37125.92
2023-12-29,Laptops,Centro,24,1398.83,33571.92
2023-12-30,Laptops,Centro,28,1416.32,39656.96
2023-12-31,Laptops,Centro,31,1437.51,44562.81
2024-01-01,Laptops,Centro,35,1323.4,46319.0
2024-01-02,Laptops,Centro,35,1384.74,48465.9
2024-01-03,Laptops,Centro,33,1410.57,46548.81
2024-01-04,Laptops,Centro,24,1559.55,37429.2
2024-01-05,Laptops,Centro,25,1454.91,36372.75
2024-01-06,Laptops,Centro,31,1410.47,43724.57
2024-01-07,Laptops,Centro,30,1329.1,39873.0
2024-01-08,Laptops,Centro,49,1489.55,72987.95
2024-01-09,Laptops,Centro,34,1518.45,51627.3
2024-01-10,Laptops,Centro,33,1294.56,42720.48
2024-01-11,Laptops,Centro,29,1270.71,36850.59
2024-01-12,Laptops,Centro,30,1404.28,42128.4
2024-01-13,Laptops,Centro,43,1386.59,59623.37
2024-01-14,Laptops,Centro,41,1499.29,61470.89
2024-01-15,Laptops,Centro,55,1320.94,72651.7
2024-01-16,Laptops,Centro,42,1333.89,56023.38
2024-01-17,Laptops,Centro,30,1293.02,38790.6
2024-01-18,Laptops,Centro,34,1329.89,45216.26
2024-01-19,Laptops,Centro,34,1411.4,47987.6
2024-01-20,Laptops,Centro,28,1293.46,36216.88
2024-01-21,Laptops,Centro,36,1626.62,58558.32
2024-01-22,Laptops,Centro,46,1223.61,56286.06
2024-01-23,Laptops,Centro,42,1361.76,57193.92
2024-01-24,Laptops,Centro,35,1416.15,49565.25
2024-01-25,Laptops,Centro,32,1489.67,47669.44
2024-01-26,Laptops,Centro,31,1328.8,41192.8
2024-01-27,Laptops,Centro,31,1270.77,39393.87
2024-01-28,Laptops,Centro,45,1328.03,59761.35
2024-01-29,Laptops,Centro,42,1528.32,64189.44
2024-01-30,Laptops,Centro,48,1256.99,60335.52
2024-01-31,Laptops,Centro,26,1473.08,38300.08
2024-02-01,Laptops,Centro,36,1419.96,51118.56
2024-02-02,Laptops,Centro,33,1427.98,47123.34
2024-02-03,Laptops,Centro,29,1483.94,43034.26
2024-02-04,Laptops,Centro,40,1347.74,53909.6
2024-02-05,Laptops,Centro,53,1468.43,77826.79
2024-02-06,Laptops,Centro,48,1411.04,67729.92
2024-02-07,Laptops,Centro,41,1307.94,53625.54
2024-02-08,Laptops,Centro,28,1393.45,39016.6
2024-02-09,Laptops,Centro,33,1396.95,46099.35
2024-02-10,Laptops,Centro,40,1228.43,49137.2
2024-02-11,Laptops,Centro,51,1331.33,67897.83
2024-02-12,Laptops,Centro,51,1434.08,73138.08
2024-02-13,Laptops,Centro,49,1410.23,69101.27
2024-02-14,Laptops,Centro,46,1473.56,67783.76
2024-02-15,Laptops,Centro,28,1490.05,41721.4
2024-02-16,Laptops,Centro,30,1337.5,40125.0
2024-02-17,Laptops,Centro,43,1348.34,57978.62
2024-02-18,Laptops,Centro,43,1289.76,55459.68
2024-02-19,Laptops,Centro,33,1435.69,47377.77
2024-02-20,Laptops,Centro,45,1361.7,61276.5
2024-02-21,Laptops,Centro,33,1481.67,48895.11
2024-02-22,Laptops,Centro,28,1472.6,41232.8
2024-02-23,Laptops,Centro,26,1434.42,37294.92
2024-02-24,Laptops,Centro,35,1369.16,47920.6
2024-02-25,Laptops,Centro,44,1476.47,64964.68
2024-02-26,Laptops,Centro,38,1399.83,53193.54
2024-02-27,Laptops,Centro,43,1416.8,60922.4
2024-02-28,Laptops,Centro,40,1264.55,50582.0
2024-02-29,Laptops,Centro,29,1426.53,41369.37
2024-03-01,Laptops,Centro,32,1403.02,44896.64
2024-03-02,Laptops,Centro,35,1391.91,48716.85
2024-03-03,Laptops,Centro,50,1358.92,67946.0
2024-03-04,Laptops,Centro,41,1291.87,52966.67
2024-03-05,Laptops,Centro,46,1395.79,64206.34
2024-03-06,Laptops,Centro,49,1248.24,61163.76
2024-03-07,Laptops,Centro,33,1383.63,45659.79
2024-03-08,Laptops,Centro,43,1360.24,58490.32
2024-03-09,Laptops,Centro,38,1491.67,56683.46
2024-03-10,Laptops,Centro,48,1530.86,73481.28
2024-03-11,Laptops,Centro,50,1293.29,64664.5
2024-03-12,Laptops,Centro,45,1454.72,65462.4
2024-03-13,Laptops,Centro,48,1353.13,64950.24
2024-03-14,Laptops,Centro,32,1366.48,43727.36
2024-03-15,Laptops,Centro,42,1365.24,57340.08
2024-03-16,Laptops,Centro,34,1490.7,50683.8
2024-03-17,Laptops,Centro,55,1391.67,76541.85
2024-03-18,Laptops,Centro,47,1429.29,67176.63
2024-03-19,Laptops,Centro,39,1282.76,50027.64
2024-03-20,Laptops,Centro,33,1319.53,43544.49
2024-03-21,Laptops,Centro,33,1360.91,44910.03
2024-03-22,Laptops,Centro,30,1399.85,41995.5
2024-03-23,Laptops,Centro,42,1446.78,60764.76
2024-03-24,Laptops,Centro,38,1358.76,51632.88
2024-03-25,Laptops,Centro,46,1497.87,68902.02
2024-03-26,Laptops,Centro,41,1380.54,56602.14
2024-03-27,Laptops,Centro,34,1351.4,45947.6
2024-03-28,Laptops,Centro,36,1460.09,52563.24
2024-03-29,Laptops,Centro,40,1449.34,57973.6
2024-03-30,Laptops,Centro,27,1273.95,34396.65
2024-03-31,Laptops,Centro,35,1510.76,52876.6
2024-04-01,Laptops,Centro,41,1361.59,55825.19
2024-04-02,Laptops,Centro,39,1384.45,53993.55
2024-04-03,Laptops,Centro,41,1338.03,54859.23
2024-04-04,Laptops,Centro,39,1369.44,53408.16
2024-04-05,Laptops,Centro,37,1279.35,47335.95
2024-04-06,Laptops,Centro,34,1420.09,48283.06
2024-04-07,Laptops,Centro,45,1354.91,60970.95
2024-04-08,Laptops,Centro,43,1377.42,59229.06
2024-04-09,Laptops,Centro,46,1468.13,67533.98
2024-04-10,Laptops,Centro,39,1430.85,55803.15
2024-04-11,Laptops,Centro,38,1398.62,53147.56
2024-04-12,Laptops,Centro,30,1536.62,46098.6
2024-04-13,Laptops,Centro,25,1316.91,32922.75
2024-04-14,Laptops,Centro,44,1403.49,61753.56
2024-04-15,Laptops,Centro,44,1487.75,65461.0
2024-04-16,Laptops,Centro,55,1505.55,82805.25
2024-04-17,Laptops,Centro,31,1295.22,40151.82
2024-04-18,Laptops,Centro,33,1347.42,44464.86
2024-04-19,Laptops,Centro,36,1478.51,53226.36
2024-04-20,Laptops,Centro,31,1366.2,42352.2
2024-04-21,Laptops,Centro,40,1402.92,56116.8
2024-04-22,Laptops,Centro,40,1364.95,54598.0
2024-04-23,Laptops,Centro,36,1398.07,50330.52
2024-04-24,Laptops,Centro,45,1156.81,52056.45
2024-04-25,Laptops,Centro,31,1372.22,42538.82
2024-04-26,Laptops,Centro,29,1394.92,40452.68
2024-04-27,Laptops,Centro,36,1367.82,49241.52
2024-04-28,Laptops,Centro,38,1407.52,53485.76
2024-04-29,Laptops,Centro,41,1306.83,53580.03
2024-04-30,Laptops,Centro,37,1418.89,52498.93
2024-05-01,Laptops,Centro,28,1515.4,42431.2
2024-05-02,Laptops,Centro,28,1490.42,41731.76
2024-05-03,Laptops,Centro,28,1449.25,40579.0
2024-05-04,Laptops,Centro,32,1418.32,45386.24
2024-05-05,Laptops,Centro,30,1350.1,40503.0
2024-05-06,Laptops,Centro,42,1365.31,57343.02
2024-05-07,Laptops,Centro,38,1460.48,55498.24
2024-05-08,Laptops,Centro,35,1389.84,48644.4
2024-05-09,Laptops,Centro,27,1547.92,41793.84
2024-05-10,Laptops,Centro,36,1277.67,45996.12
2024-05-11,Laptops,Centro,42,1385.35,58184.7
2024-05-12,Laptops,Centro,44,1360.7,59870.8
2024-05-13,Laptops,Centro,37,1454.27,53807.99
2024-05-14,Laptops,Centro,44,1469.23,64646.12
2024-05-15,Laptops,Centro,29,1309.88,37986.52
2024-05-16,Laptops,Centro,35,1306.08,45712.8
2024-05-17,Laptops,Centro,28,1345.84,37683.52
2024-05-18,Laptops,Centro,38,1438.44,54660.72
2024-05-19,Laptops,Centro,44,1430.57,62945.08
2024-05-20,Laptops,Centro,39,1285.82,50146.98
2024-05-21,Laptops,Centro,34,1420.56,48299.04
2024-05-22,Laptops,Centro,37,1411.08,52209.96
2024-05-23,Laptops,Centro,23,1395.89,32105.47
2024-05-24,Laptops,Centro,30,1441.2,43236.0
2024-05-25,Laptops,Centro,28,1415.91,39645.48
2024-05-26,Laptops,Centro,26,1405.66,36547.16
2024-05-27,Laptops,Centro,34,1481.64,50375.76
2024-05-28,Laptops,Centro,48,1507.0,72336.0
2024-05-29,Laptops,Centro,31,1371.3,42510.3
2024-05-30,Laptops,Centro,35,1395.54,48843.9
2024-05-31,Laptops,Centro,26,1447.04,37623.04
2024-06-01,Laptops,Centro,34,1386.8,47151.2
2024-06-02,Laptops,Centro,28,1448.73,40564.44
2024-06-03,Laptops,Centro,36,1409.05,50725.8
2024-06-04,Laptops,Centro,28,1454.34,40721.52
2024-06-05,Laptops,Centro,33,1446.98,47750.34
2024-06-06,Laptops,Centro,35,1394.12,48794.2
2024-06-07,Laptops,Centro,23,1462.77,33643.71
2024-06-08,Laptops,Centro,34,1449.85,49294.9
2024-06-09,Laptops,Centro,37,1562.31,57805.47
2024-06-10,Laptops,Centro,32,1271.45,40686.4
2024-06-11,Laptops,Centro,35,1446.63,50632.05
2024-06-12,Laptops,Centro,29,1473.01,42717.29
2024-06-13,Laptops,Centro,19,1555.92,29562.48
2024-06-14,Laptops,Centro,23,1363.96,31371.08
2024-06-15,Laptops,Centro,25,1407.78,35194.5
2024-06-16,Laptops,Centro,27,1367.76,36929.52
2024-06-17,Laptops,Centro,35,1524.42,53354.7
2024-06-18,Laptops,Centro,36,1346.12,48460.32
2024-06-19,Laptops,Centro,25,1365.71,34142.75
2024-06-20,Laptops,Centro,18,1298.15,23366.7
2024-06-21,Laptops,Centro,25,1204.35,30108.75
2024-06-22,Laptops,Centro,28,1400.48,39213.44
2024-06-23,Laptops,Centro,35,1392.85,48749.75
2024-06-24,Laptops,Centro,28,1383.84,38747.52
2024-06-25,Laptops,Centro,33,1442.73,47610.09
2024-06-26,Laptops,Centro,20,1453.82,29076.4
2024-06-27,Laptops,Centro,20,1351.93,27038.6
2024-06-28,Laptops,Centro,23,1404.38,32300.74
2024-06-29,Laptops,Centro,24,1391.84,33404.16
2024-06-30,Laptops,Centro,23,1400.24,32205.52
2024-07-01,Laptops,Centro,23,1504.6,34605.8
2024-07-02,Laptops,Centro,31,1428.88,44295.28
2024-07-03,Laptops,Centro,28,1472.53,41230.84
2024-07-04,Laptops,Centro,22,1385.59,30482.98
2024-07-05,Laptops,Centro,22,1320.4,29048.8
2024-07-06,Laptops,Centro,29,1475.03,42775.87
2024-07-07,Laptops,Centro,23,1451.15,33376.45
2024-07-08,Laptops,Centro,29,1366.75,39635.75
2024-07-09,Laptops,Centro,34,1387.29,47167.86
2024-07-10,Laptops,Centro,27,1438.29,38833.83
2024-07-11,Laptops,Centro,25,1425.34,35633.5
2024-07-12,Laptops,Centro,24,1391.16,33387.84
2024-07-13,Laptops,Centro,21,1323.41,27791.61
2024-07-14,Laptops,Centro,35,1533.73,53680.55
2024-07-15,Laptops,Centro,36,1399.45,50380.2
2024-07-16,Laptops,Centro,20,1480.47,29609.4
2024-07-17,Laptops,Centro,22,1228.53,27027.66
2024-07-18,Laptops,Centro,24,1313.56,31525.44
2024-07-19,Laptops,Centro,23,1477.22,33976.06
2024-07-20,Laptops,Centro,15,1386.99,20804.85
2024-07-21,Laptops,Centro,22,1473.78,32423.16
2024-07-22,Laptops,Centro,27,1358.66,36683.82
2024-07-23,Laptops,Centro,33,1390.74,45894.42
2024-07-24,Laptops,Centro,27,1346.78,36363.06
2024-07-25,Laptops,Centro,19,1468.47,27900.93
2024-07-26,Laptops,Centro,16,1376.75,22028.0
2024-07-27,Laptops,Centro,23,1458.18,33538.14
2024-07-28,Laptops,Centro,23,1505.57,34628.11
2024-07-29,Laptops,Centro,26,1385.89,36033.14
2024-07-30,Laptops,Centro,28,1393.5,39018.0
2024-07-31,Laptops,Centro,22,1363.88,30005.36
2024-08-01,Laptops,Centro,14,1538.97,21545.58
2024-08-02,Laptops,Centro,18,1392.47,25064.46
2024-08-03,Laptops,Centro,23,1383.54,31821.42
2024-08-04,Laptops,Centro,28,1322.12,37019.36
2024-08-05,Laptops,Centro,26,1361.13,35389.38
2024-08-06,Laptops,Centro,30,1369.13,41073.9
2024-08-07,Laptops,Centro,28,1476.7,41347.6
2024-08-08,Laptops,Centro,20,1379.07,27581.4
2024-08-09,Laptops,Centro,19,1374.84,26121.96
2024-08-10,Laptops,Centro,20,1453.56,29071.2
2024-08-11,Laptops,Centro,21,1402.0,29442.0
2024-08-12,Laptops,Centro,25,1323.98,33099.5
2024-08-13,Laptops,Centro,18,1508.65,27155.7
2024-08-14,Laptops,Centro,21,1361.38,28588.98
2024-08-15,Laptops,Centro,18,1419.88,25557.84
2024-08-16,Laptops,Centro,15,1431.4,21471.0
2024-08-17,Laptops,Centro,21,1245.79,26161.59
2024-08-18,Laptops,Centro,22,1377.15,30297.3
2024-08-19,Laptops,Centro,24,1358.74,32609.76
2024-08-20,Laptops,Centro,22,1316.87,28971.14
2024-08-21,Laptops,Centro,22,1391.53,30613.66
2024-08-22,Laptops,Centro,19,1408.1,26753.9
2024-08-23,Laptops,Centro,20,1437.71,28754.2
2024-08-24,Laptops,Centro,20,1407.73,28154.6
2024-08-25,Laptops,Centro,24,1396.61,33518.64
2024-08-26,Laptops,Centro,26,1512.04,39313.04
2024-08-27,Laptops,Centro,27,1375.46,37137.42
2024-08-28,Laptops,Centro,22,1282.45,28213.9
2024-08-29,Laptops,Centro,14,1343.03,18802.42
2024-08-30,Laptops,Centro,13,1478.73,19223.49
2024-08-31,Laptops,Centro,18,1385.84,24945.12
2024-09-01,Laptops,Centro,17,1338.57,22755.69
2024-09-02,Laptops,Centro,29,1450.47,42063.63
2024-09-03,Laptops,Centro,24,1509.1,36218.4
2024-09-04,Laptops,Centro,19,1387.01,26353.19
2024-09-05,Laptops,Centro,17,1445.53,24574.01
2024-09-06,Laptops,Centro,17,1503.4,25557.8
2024-09-07,Laptops,Centro,19,1545.98,29373.62
2024-09-08,Laptops,Centro,20,1439.82,28796.4
2024-09-09,Laptops,Centro,26,1396.83,36317.58
2024-09-10,Laptops,Centro,21,1395.95,29314.95
2024-09-11,Laptops,Centro,23,1247.92,28702.16
2024-09-12,Laptops,Centro,19,1310.98,24908.62
2024-09-13,Laptops,Centro,16,1435.56,22968.96
2024-09-14,Laptops,Centro,21,1583.92,33262.32
2024-09-15,Laptops,Centro,21,1360.77,28576.17
2024-09-16,Laptops,Centro,24,1384.9,33237.6
2024-09-17,Laptops,Centro,28,1429.73,40032.44
2024-09-18,Laptops,Centro,20,1510.4,30208.0
2024-09-19,Laptops,Centro,18,1342.42,24163.56
2024-09-20,Laptops,Centro,15,1369.39,20540.85
2024-09-21,Laptops,Centro,20,1402.38,28047.6
2024-09-22,Laptops,Centro,25,1411.45,35286.25
2024-09-23,Laptops,Centro,29,1415.63,41053.27
2024-09-24,Laptops,Centro,19,1428.76,27146.44
2024-09-25,Laptops,Centro,25,1442.9,36072.5
2024-09-26,Laptops,Centro,15,1426.0,21390.0
2024-09-27,Laptops,Centro,14,1402.61,19636.54
2024-09-28,Laptops,Centro,20,1306.34,26126.8
2024-09-29,Laptops,Centro,25,1311.73,32793.25
2024-09-30,Laptops,Centro,26,1350.79,35120.54
2024-10-01,Laptops,Centro,23,1482.36,34094.28
2024-10-02,Laptops,Centro,20,1502.56,30051.2
2024-10-03,Laptops,Centro,24,1309.33,31423.92
2024-10-04,Laptops,Centro,13,1469.53,19103.89
2024-10-05,Laptops,Centro,20,1293.28,25865.6
2024-10-06,Laptops,Centro,26,1446.6,37611.6
2024-10-07,Laptops,Centro,21,1372.46,28821.66
2024-10-08,Laptops,Centro,24,1253.9,30093.6
2024-10-09,Laptops,Centro,27,1332.89,35988.03
2024-10-10,Laptops,Centro,15,1362.4,20436.0
2024-10-11,Laptops,Centro,23,1434.68,32997.64
2024-10-12,Laptops,Centro,16,1400.66,22410.56
2024-10-13,Laptops,Centro,32,1395.35,44651.2
2024-10-14,Laptops,Centro,30,1383.91,41517.3
2024-10-15,Laptops,Centro,26,1473.11,38300.86
2024-10-16,Laptops,Centro,19,1333.53,25337.07
2024-10-17,Laptops,Centro,22,1440.52,31691.44
2024-10-18,Laptops,Centro,25,1571.2,39280.0
2024-10-19,Laptops,Centro,19,1441.35,27385.65
2024-10-20,Laptops,Centro,20,1438.85,28777.0
2024-10-21,Laptops,Centro,29,1357.18,39358.22
2024-10-22,Laptops,Centro,30,1546.08,46382.4
2024-10-23,Laptops,Centro,26,1347.5,35035.0
2024-10-24,Laptops,Centro,20,1397.26,27945.2
2024-10-25,Laptops,Centro,15,1250.24,18753.6
2024-10-26,Laptops,Centro,23,1357.08,31212.84
2024-10-27,Laptops,Centro,28,1455.67,40758.76
2024-10-28,Laptops,Centro,27,1393.17,37615.59
2024-10-29,Laptops,Centro,23,1476.02,33948.46
2024-10-30,Laptops,Centro,23,1416.86,32587.78
2024-10-31,Laptops,Centro,22,1436.82,31610.04
2024-11-01,Laptops,Centro,19,1472.2,27971.8
2024-11-02,Laptops,Centro,26,1291.48,33578.48
2024-11-03,Laptops,Centro,22,1461.16,32145.52
2024-11-04,Laptops,Centro,27,1376.08,37154.16
2024-11-05,Laptops,Centro,32,1368.27,43784.64
2024-11-06,Laptops,Centro,29,1326.54,38469.66
2024-11-07,Laptops,Centro,25,1433.53,35838.25
2024-11-08,Laptops,Centro,23,1411.17,32456.91
2024-11-09,Laptops,Centro,31,1460.9,45287.9
2024-11-10,Laptops,Centro,25,1293.71,32342.75
2024-11-11,Laptops,Centro,39,1475.42,57541.38
2024-11-12,Laptops,Centro,33,1437.32,47431.56
2024-11-13,Laptops,Centro,22,1339.66,29472.52
2024-11-14,Laptops,Centro,24,1471.81,35323.44
2024-11-15,Laptops,Centro,51,1428.71,72864.21
2024-11-16,Laptops,Centro,48,1311.77,62964.96
2024-11-17,Laptops,Centro,53,1413.02,74890.06
2024-11-18,Laptops,Centro,48,1224.02,58752.96
2024-11-19,Laptops,Centro,61,1448.46,88356.06
2024-11-20,Laptops,Centro,68,1353.99,92071.32
2024-11-21,Laptops,Centro,39,1284.06,50078.34
2024-11-22,Laptops,Centro,29,1234.87,35811.23
2024-11-23,Laptops,Centro,48,1421.48,68231.04
2024-11-24,Laptops,Centro,58,1390.86,80669.88
2024-11-25,Laptops,Centro,58,1376.9,79860.2
2024-11-26,Laptops,Centro,54,1417.5,76545.0
2024-11-27,Laptops,Centro,62,1400.81,86850.22
2024-11-28,Laptops,Centro,62,1451.71,90006.02
2024-11-29,Laptops,Centro,50,1399.13,69956.5
2024-11-30,Laptops,Centro,52,1366.81,71074.12
2024-12-01,Laptops,Centro,48,1368.03,65665.44
2024-12-02,Laptops,Centro,53,1415.05,74997.65
2024-12-03,Laptops,Centro,47,1432.34,67319.98
2024-12-04,Laptops,Centro,44,1358.46,59772.24
2024-12-05,Laptops,Centro,40,1366.33,54653.2
2024-12-06,Laptops,Centro,51,1418.56,72346.56
2024-12-07,Laptops,Centro,44,1422.74,62600.56
2024-12-08,Laptops,Centro,76,1334.53,101424.28
2024-12-09,Laptops,Centro,62,1310.85,81272.7
2024-12-10,Laptops,Centro,51,1403.71,71589.21
2024-12-11,Laptops,Centro,39,1433.38,55901.82
2024-12-12,Laptops,Centro,42,1419.14,59603.88
2024-12-13,Laptops,Centro,48,1302.29,62509.92
2024-12-14,Laptops,Centro,41,1423.34,58356.94
2024-12-15,Laptops,Centro,44,1460.42,64258.48
2024-12-16,Laptops,Centro,70,1369.89,95892.3
2024-12-17,Laptops,Centro,57,1354.02,77179.14
2024-12-18,Laptops,Centro,47,1482.4,69672.8
2024-12-19,Laptops,Centro,40,1474.68,58987.2
2024-12-20,Laptops,Centro,55,1334.38,73390.9
2024-12-21,Laptops,Centro,51,1413.88,72107.88
2024-12-22,Laptops,Centro,43,1323.64,56916.52
2024-12-23,Laptops,Centro,77,1430.32,110134.64
2024-12-24,Laptops,Centro,61,1366.22,83339.42
2024-12-25,Laptops,Centro,37,1330.7,49235.9
2024-12-26,Laptops,Centro,32,1300.16,41605.12
2024-12-27,Laptops,Centro,32,1487.16,47589.12
2024-12-28,Laptops,Centro,30,1367.3,41019.0
2024-12-29,Laptops,Centro,40,1621.89,64875.6
2024-12-30,Laptops,Centro,43,1499.6,64482.8
2023-01-01,Laptops,Sur,30,1380.15,41404.5
2023-01-02,Laptops,Sur,23,1389.91,31967.93
2023-01-03,Laptops,Sur,24,1422.58,34141.92
2023-01-04,Laptops,Sur,17,1487.35,25284.95
2023-01-05,Laptops,Sur,26,1418.19,36872.94
2023-01-06,Laptops,Sur,18,1365.03,24570.54
2023-01-07,Laptops,Sur,19,1437.99,27321.81
2023-01-08,Laptops,Sur,28,1476.52,41342.56
2023-01-09,Laptops,Sur,20,1468.95,29379.0
2023-01-10,Laptops,Sur,21,1412.23,29656.83
2023-01-11,Laptops,Sur,18,1414.13,25454.34
2023-01-12,Laptops,Sur,19,1425.36,27081.84
2023-01-13,Laptops,Sur,18,1457.36,26232.48
2023-01-14,Laptops,Sur,20,1388.69,27773.8
2023-01-15,Laptops,Sur,27,1410.36,38079.72
2023-01-16,Laptops,Sur,29,1408.34,40841.86
2023-01-17,Laptops,Sur,28,1300.08,36402.24
2023-01-18,Laptops,Sur,22,1355.18,29813.96
2023-01-19,Laptops,Sur,26,1468.99,38193.74
2023-01-20,Laptops,Sur,20,1536.7,30734.0
2023-01-21,Laptops,Sur,21,1404.33,29490.93
2023-01-22,Laptops,Sur,27,1390.91,37554.57
2023-01-23,Laptops,Sur,29,1360.8,39463.2
2023-01-24,Laptops,Sur,24,1230.34,29528.16
2023-01-25,Laptops,Sur,23,1508.48,34695.04
2023-01-26,Laptops,Sur,19,1344.41,25543.79
2023-01-27,Laptops,Sur,21,1283.16,26946.36
2023-01-28,Laptops,Sur,24,1420.66,34095.84
2023-01-29,Laptops,Sur,26,1399.44,36385.44
2023-01-30,Laptops,Sur,28,1549.25,43379.0
2023-01-31,Laptops,Sur,29,1433.93,41583.97
2023-02-01,Laptops,Sur,24,1511.0,36264.0
2023-02-02,Laptops,Sur,24,1450.18,34804.32
2023-02-03,Laptops,Sur,20,1358.23,27164.6
2023-02-04,Laptops,Sur,26,1576.12,40979.12
2023-02-05,Laptops,Sur,25,1514.18,37854.5
2023-02-06,Laptops,Sur,36,1440.49,51857.64
2023-02-07,Laptops,Sur,31,1478.38,45829.78
2023-02-08,Laptops,Sur,19,1424.92,27073.48
2023-02-09,Laptops,Sur,22,1416.65,31166.3
2023-02-10,Laptops,Sur,17,1434.78,24391.26
2023-02-11,Laptops,Sur,24,1547.91,37149.84
2023-02-12,Laptops,Sur,30,1486.95,44608.5
2023-02-13,Laptops,Sur,31,1400.08,43402.48
2023-02-14,Laptops,Sur,20,1416.32,28326.4
2023-02-15,Laptops,Sur,23,1290.67,29685.41
2023-02-16,Laptops,Sur,29,1410.34,40899.86
2023-02-17,Laptops,Sur,20,1444.1,28882.0
2023-02-18,Laptops,Sur,24,1429.45,34306.8
2023-02-19,Laptops,Sur,31,1414.79,43858.49
2023-02-20,Laptops,Sur,34,1353.88,46031.92
2023-02-21,Laptops,Sur,39,1463.89,57091.71
2023-02-22,Laptops,Sur,27,1471.9,39741.3
2023-02-23,Laptops,Sur,24,1406.26,33750.24
2023-02-24,Laptops,Sur,20,1406.43,28128.6
2023-02-25,Laptops,Sur,23,1398.59,32167.57
2023-02-26,Laptops,Sur,32,1422.34,45514.88
2023-02-27,Laptops,Sur,29,1437.31,41681.99
2023-02-28,Laptops,Sur,39,1284.32,50088.48
2023-03-01,Laptops,Sur,23,1367.22,31446.06
2023-03-02,Laptops,Sur,23,1310.92,30151.16
2023-03-03,Laptops,Sur,20,1361.88,27237.6
2023-03-04,Laptops,Sur,23,1485.65,34169.95
2023-03-05,Laptops,Sur,26,1330.55,34594.3
2023-03-06,Laptops,Sur,28,1288.25,36071.0
2023-03-07,Laptops,Sur,30,1306.72,39201.6
2023-03-08,Laptops,Sur,24,1418.75,34050.0
2023-03-09,Laptops,Sur,19,1450.03,27550.57
2023-03-10,Laptops,Sur,19,1401.56,26629.64
2023-03-11,Laptops,Sur,21,1253.78,26329.38
2023-03-12,Laptops,Sur,30,1350.17,40505.1
2023-03-13,Laptops,Sur,31,1514.55,46951.05
2023-03-14,Laptops,Sur,34,1406.7,47827.8
2023-03-15,Laptops,Sur,24,1253.91,30093.84
2023-03-16,Laptops,Sur,24,1342.09,32210.16
2023-03-17,Laptops,Sur,22,1254.02,27588.44
2023-03-18,Laptops,Sur,22,1365.86,30048.92
2023-03-19,Laptops,Sur,40,1407.89,56315.6
2023-03-20,Laptops,Sur,20,1388.6,27772.0
2023-03-21,Laptops,Sur,36,1372.43,49407.48
2023-03-22,Laptops,Sur,33,1545.87,51013.71
2023-03-23,Laptops,Sur,27,1415.44,38216.88
2023-03-24,Laptops,Sur,23,1375.22,31630.06
2023-03-25,Laptops,Sur,21,1454.23,30538.83
2023-03-26,Laptops,Sur,37,1454.75,53825.75
2023-03-27,Laptops,Sur,29,1428.82,41435.78
2023-03-28,Laptops,Sur,25,1591.94,39798.5
2023-03-29,Laptops,Sur,28,1347.6,37732.8
2023-03-30,Laptops,Sur,18,1488.56,26794.08
2023-03-31,Laptops,Sur,18,1481.71,26670.78
2023-04-01,Laptops,Sur,21,1298.23,27262.83
2023-04-02,Laptops,Sur,19,1438.37,27329.03
2023-04-03,Laptops,Sur,28,1332.75,37317.0
2023-04-04,Laptops,Sur,31,1405.57,43572.67
2023-04-05,Laptops,Sur,29,1487.02,43123.58
2023-04-06,Laptops,Sur,26,1409.97,36659.22
2023-04-07,Laptops,Sur,19,1246.72,23687.68
2023-04-08,Laptops,Sur,21,1455.48,30565.08
2023-04-09,Laptops,Sur,26,1290.11,33542.86
2023-04-10,Laptops,Sur,31,1366.85,42372.35
2023-04-11,Laptops,Sur,23,1486.49,34189.27
2023-04-12,Laptops,Sur,27,1318.22,35591.94
2023-04-13,Laptops,Sur,24,1434.8,34435.2
2023-04-14,Laptops,Sur,21,1349.18,28332.78
2023-04-15,Laptops,Sur,23,1241.78,28560.94
2023-04-16,Laptops,Sur,27,1348.81,36417.87
2023-04-17,Laptops,Sur,27,1353.25,36537.75
2023-04-18,Laptops,Sur,26,1309.6,34049.6
2023-04-19,Laptops,Sur,20,1401.47,28029.4
2023-04-20,Laptops,Sur,19,1405.24,26699.56
2023-04-21,Laptops,Sur,19,1369.75,26025.25
2023-04-22,Laptops,Sur,20,1371.76,27435.2
2023-04-23,Laptops,Sur,27,1447.46,39081.42
2023-04-24,Laptops,Sur,36,1303.3,46918.8
2023-04-25,Laptops,Sur,32,1485.02,47520.64
2023-04-26,Laptops,Sur,27,1355.42,36596.34
2023-04-27,Laptops,Sur,25,1374.79,34369.75
2023-04-28,Laptops,Sur,15,1334.23,20013.45
2023-04-29,Laptops,Sur,23,1316.74,30285.02
2023-04-30,Laptops,Sur,23,1471.48,33844.04
2023-05-01,Laptops,Sur,27,1341.28,36214.56
2023-05-02,Laptops,Sur,29,1436.46,41657.34
2023-05-03,Laptops,Sur,30,1428.73,42861.9
2023-05-04,Laptops,Sur,19,1382.32,26264.08
2023-05-05,Laptops,Sur,25,1478.91,36972.75
2023-05-06,Laptops,Sur,22,1407.05,30955.1
2023-05-07,Laptops,Sur,21,1246.09,26167.89
2023-05-08,Laptops,Sur,30,1354.73,40641.9
2023-05-09,Laptops,Sur,31,1595.55,49462.05
2023-05-10,Laptops,Sur,22,1403.31,30872.82
2023-05-11,Laptops,Sur,16,1394.23,22307.68
2023-05-12,Laptops,Sur,13,1471.77,19133.01
2023-05-13,Laptops,Sur,23,1502.33,34553.59
2023-05-14,Laptops,Sur,30,1333.53,40005.9
2023-05-15,Laptops,Sur,39,1401.31,54651.09
2023-05-16,Laptops,Sur,29,1399.9,40597.1
2023-05-17,Laptops,Sur,28,1297.42,36327.76
2023-05-18,Laptops,Sur,20,1385.16,27703.2
2023-05-19,Laptops,Sur,22,1415.47,31140.34
2023-05-20,Laptops,Sur,18,1385.87,24945.66
2023-05-21,Laptops,Sur,23,1542.82,35484.86
2023-05-22,Laptops,Sur,23,1455.16,33468.68
2023-05-23,Laptops,Sur,23,1424.25,32757.75
2023-05-24,Laptops,Sur,30,1402.19,42065.7
2023-05-25,Laptops,Sur,22,1453.81,31983.82
2023-05-26,Laptops,Sur,17,1383.51,23519.67
2023-05-27,Laptops,Sur,20,1289.67,25793.4
2023-05-28,Laptops,Sur,26,1312.69,34129.94
2023-05-29,Laptops,Sur,22,1417.88,31193.36
2023-05-30,Laptops,Sur,25,1490.79,37269.75
2023-05-31,Laptops,Sur,21,1369.15,28752.15
2023-06-01,Laptops,Sur,18,1464.53,26361.54
2023-06-02,Laptops,Sur,23,1432.31,32943.13
2023-06-03,Laptops,Sur,22,1483.19,32630.18
2023-06-04,Laptops,Sur,23,1320.65,30374.95
2023-06-05,Laptops,Sur,22,1318.23,29001.06
2023-06-06,Laptops,Sur,26,1526.16,39680.16
2023-06-07,Laptops,Sur,18,1276.92,22984.56
2023-06-08,Laptops,Sur,19,1427.15,27115.85
2023-06-09,Laptops,Sur,16,1512.53,24200.48
2023-06-10,Laptops,Sur,17,1430.06,24311.02
2023-06-11,Laptops,Sur,30,1501.45,45043.5
2023-06-12,Laptops,Sur,29,1495.33,43364.57
2023-06-13,Laptops,Sur,32,1458.84,46682.88
2023-06-14,Laptops,Sur,26,1426.35,37085.1
2023-06-15,Laptops,Sur,19,1320.09,25081.71
2023-06-16,Laptops,Sur,13,1297.97,16873.61
2023-06-17,Laptops,Sur,17,1384.62,23538.54
2023-06-18,Laptops,Sur,18,1268.68,22836.24
2023-06-19,Laptops,Sur,16,1442.42,23078.72
2023-06-20,Laptops,Sur,25,1571.16,39279.0
2023-06-21,Laptops,Sur,18,1403.14,25256.52
2023-06-22,Laptops,Sur,15,1426.28,21394.2
2023-06-23,Laptops,Sur,14,1314.64,18404.96
2023-06-24,Laptops,Sur,20,1390.65,27813.0
2023-06-25,Laptops,Sur,19,1404.7,26689.3
2023-06-26,Laptops,Sur,22,1382.68,30418.96
2023-06-27,Laptops,Sur,23,1428.7,32860.1
2023-06-28,Laptops,Sur,15,1352.9,20293.5
2023-06-29,Laptops,Sur,18,1408.68,25356.24
2023-06-30,Laptops,Sur,12,1433.74,17204.88
2023-07-01,Laptops,Sur,17,1498.49,25474.33
2023-07-02,Laptops,Sur,22,1406.27,30937.94
2023-07-03,Laptops,Sur,21,1357.48,28507.08
2023-07-04,Laptops,Sur,20,1389.53,27790.6
2023-07-05,Laptops,Sur,19,1432.66,27220.54
2023-07-06,Laptops,Sur,16,1334.89,21358.24
2023-07-07,Laptops,Sur,13,1348.45,17529.85
2023-07-08,Laptops,Sur,13,1408.77,18314.01
2023-07-09,Laptops,Sur,22,1255.92,27630.24
2023-07-10,Laptops,Sur,16,1390.25,22244.0
2023-07-11,Laptops,Sur,18,1368.01,24624.18
2023-07-12,Laptops,Sur,20,1440.75,28815.0
2023-07-13,Laptops,Sur,13,1337.38,17385.94
2023-07-14,Laptops,Sur,12,1368.48,16421.76
2023-07-15,Laptops,Sur,15,1396.67,20950.05
2023-07-16,Laptops,Sur,19,1349.45,25639.55
2023-07-17,Laptops,Sur,15,1329.29,19939.35
2023-07-18,Laptops,Sur,22,1352.67,29758.74
2023-07-19,Laptops,Sur,20,1249.74,24994.8
2023-07-20,Laptops,Sur,7,1328.73,9301.11
2023-07-21,Laptops,Sur,15,1440.93,21613.95
2023-07-22,Laptops,Sur,10,1290.61,12906.1
2023-07-23,Laptops,Sur,21,1322.39,27770.19
2023-07-24,Laptops,Sur,17,1378.49,23434.33
2023-07-25,Laptops,Sur,20,1447.63,28952.6
2023-07-26,Laptops,Sur,15,1309.24,19638.6
2023-07-27,Laptops,Sur,14,1351.86,18926.04
2023-07-28,Laptops,Sur,15,1493.23,22398.45
2023-07-29,Laptops,Sur,12,1409.51,16914.12
2023-07-30,Laptops,Sur,16,1445.13,23122.08
2023-07-31,Laptops,Sur,20,1323.58,26471.6
2023-08-01,Laptops,Sur,18,1352.99,24353.82
2023-08-02,Laptops,Sur,13,1469.57,19104.41
2023-08-03,Laptops,Sur,12,1422.93,17075.16
2023-08-04,Laptops,Sur,16,1439.52,23032.32
2023-08-05,Laptops,Sur,15,1447.15,21707.25
2023-08-06,Laptops,Sur,16,1458.21,23331.36
2023-08-07,Laptops,Sur,18,1371.42,24685.56
2023-08-08,Laptops,Sur,14,1322.27,18511.78
2023-08-09,Laptops,Sur,15,1349.71,20245.65
2023-08-10,Laptops,Sur,11,1369.26,15061.86
2023-08-11,Laptops,Sur,8,1240.73,9925.84
2023-08-12,Laptops,Sur,11,1432.08,15752.88
2023-08-13,Laptops,Sur,16,1460.06,23360.96
2023-08-14,Laptops,Sur,17,1406.19,23905.23
2023-08-15,Laptops,Sur,17,1351.91,22982.47
2023-08-16,Laptops,Sur,13,1405.38,18269.94
2023-08-17,Laptops,Sur,11,1279.41,14073.51
2023-08-18,Laptops,Sur,15,1272.95,19094.25
2023-08-19,Laptops,Sur,13,1517.26,19724.38
2023-08-20,Laptops,Sur,14,1255.47,17576.58
2023-08-21,Laptops,Sur,17,1455.84,24749.28
2023-08-22,Laptops,Sur,14,1495.23,20933.22
2023-08-23,Laptops,Sur,11,1396.28,15359.08
2023-08-24,Laptops,Sur,10,1392.83,13928.3
2023-08-25,Laptops,Sur,12,1409.74,16916.88
2023-08-26,Laptops,Sur,14,1246.97,17457.58
2023-08-27,Laptops,Sur,16,1353.43,21654.88
2023-08-28,Laptops,Sur,21,1497.18,31440.78
2023-08-29,Laptops,Sur,18,1405.89,25306.02
2023-08-30,Laptops,Sur,16,1386.56,22184.96
2023-08-31,Laptops,Sur,9,1402.63,12623.67
2023-09-01,Laptops,Sur,11,1348.48,14833.28
2023-09-02,Laptops,Sur,10,1311.12,13111.2
2023-09-03,Laptops,Sur,15,1463.05,21945.75
2023-09-04,Laptops,Sur,21,1331.95,27970.95
2023-09-05,Laptops,Sur,16,1553.57,24857.12
2023-09-06,Laptops,Sur,13,1376.45,17893.85
2023-09-07,Laptops,Sur,12,1423.05,17076.6
2023-09-08,Laptops,Sur,10,1514.65,15146.5
2023-09-09,Laptops,Sur,9,1430.62,12875.58
2023-09-10,Laptops,Sur,15,1300.74,19511.1
2023-09-11,Laptops,Sur,16,1356.21,21699.36
2023-09-12,Laptops,Sur,12,1277.34,15328.08
2023-09-13,Laptops,Sur,13,1382.96,17978.48
2023-09-14,Laptops,Sur,12,1324.72,15896.64
2023-09-15,Laptops,Sur,13,1381.26,17956.38
2023-09-16,Laptops,Sur,17,1493.76,25393.92
2023-09-17,Laptops,Sur,15,1516.32,22744.8
2023-09-18,Laptops,Sur,20,1273.72,25474.4
2023-09-19,Laptops,Sur,14,1272.54,17815.56
2023-09-20,Laptops,Sur,14,1402.04,19628.56
2023-09-21,Laptops,Sur,10,1382.41,13824.1
2023-09-22,Laptops,Sur,12,1301.71,15620.52
2023-09-23,Laptops,Sur,12,1379.89,16558.68
2023-09-24,Laptops,Sur,13,1394.03,18122.39
2023-09-25,Laptops,Sur,16,1372.15,21954.4
2023-09-26,Laptops,Sur,15,1482.29,22234.35
2023-09-27,Laptops,Sur,14,1470.44,20586.16
2023-09-28,Laptops,Sur,13,1385.74,18014.62
2023-09-29,Laptops,Sur,11,1483.6,16319.6
2023-09-30,Laptops,Sur,15,1458.38,21875.7
2023-10-01,Laptops,Sur,16,1402.88,22446.08
2023-10-02,Laptops,Sur,18,1213.78,21848.04
2023-10-03,Laptops,Sur,14,1294.6,18124.4
2023-10-04,Laptops,Sur,19,1365.6,25946.4
2023-10-05,Laptops,Sur,13,1428.35,18568.55
2023-10-06,Laptops,Sur,12,1300.64,15607.68
2023-10-07,Laptops,Sur,14,1471.76,20604.64
2023-10-08,Laptops,Sur,16,1497.34,23957.44
2023-10-09,Laptops,Sur,14,1427.48,19984.72
2023-10-10,Laptops,Sur,14,1430.6,20028.4
2023-10-11,Laptops,Sur,15,1446.74,21701.1
2023-10-12,Laptops,Sur,13,1423.2,18501.6
2023-10-13,Laptops,Sur,15,1400.28,21004.2
2023-10-14,Laptops,Sur,15,1385.31,20779.65
2023-10-15,Laptops,Sur,14,1460.1,20441.4
2023-10-16,Laptops,Sur,15,1457.51,21862.65
2023-10-17,Laptops,Sur,22,1297.42,28543.24
2023-10-18,Laptops,Sur,14,1392.8,19499.2
2023-10-19,Laptops,Sur,17,1430.03,24310.51
2023-10-20,Laptops,Sur,13,1291.02,16783.26
2023-10-21,Laptops,Sur,13,1439.88,18718.44
2023-10-22,Laptops,Sur,17,1382.77,23507.09
2023-10-23,Laptops,Sur,22,1533.32,33733.04
2023-10-24,Laptops,Sur,20,1447.41,28948.2
2023-10-25,Laptops,Sur,15,1403.19,21047.85
2023-10-26,Laptops,Sur,13,1427.78,18561.14
2023-10-27,Laptops,Sur,13,1404.72,18261.36
2023-10-28,Laptops,Sur,15,1287.27,19309.05
2023-10-29,Laptops,Sur,14,1392.22,19491.08
2023-10-30,Laptops,Sur,20,1280.34,25606.8
2023-10-31,Laptops,Sur,20,1374.23,27484.6
2023-11-01,Laptops,Sur,21,1406.6,29538.6
2023-11-02,Laptops,Sur,13,1309.87,17028.31
2023-11-03,Laptops,Sur,15,1390.86,20862.9
2023-11-04,Laptops,Sur,17,1500.45,25507.65
2023-11-05,Laptops,Sur,16,1358.21,21731.36
2023-11-06,Laptops,Sur,22,1329.74,29254.28
2023-11-07,Laptops,Sur,20,1473.72,29474.4
2023-11-08,Laptops,Sur,13,1412.0,18356.0
2023-11-09,Laptops,Sur,16,1394.42,22310.72
2023-11-10,Laptops,Sur,15,1434.16,21512.4
2023-11-11,Laptops,Sur,19,1408.21,26755.99
2023-11-12,Laptops,Sur,17,1342.83,22828.11
2023-11-13,Laptops,Sur,17,1316.21,22375.57
2023-11-14,Laptops,Sur,20,1522.39,30447.8
2023-11-15,Laptops,Sur,36,1429.8,51472.8
2023-11-16,Laptops,Sur,26,1506.44,39167.44
2023-11-17,Laptops,Sur,25,1379.92,34498.0
2023-11-18,Laptops,Sur,26,1483.72,38576.72
2023-11-19,Laptops,Sur,43,1341.89,57701.27
2023-11-20,Laptops,Sur,28,1286.5,36022.0
2023-11-21,Laptops,Sur,32,1429.95,45758.4
2023-11-22,Laptops,Sur,39,1462.58,57040.62
2023-11-23,Laptops,Sur,27,1470.63,39707.01
2023-11-24,Laptops,Sur,28,1426.76,39949.28
2023-11-25,Laptops,Sur,40,1349.41,53976.4
2023-11-26,Laptops,Sur,41,1424.06,58386.46
2023-11-27,Laptops,Sur,42,1422.98,59765.16
2023-11-28,Laptops,Sur,51,1391.97,70990.47
2023-11-29,Laptops,Sur,43,1365.37,58710.91
2023-11-30,Laptops,Sur,23,1317.98,30313.54
2023-12-01,Laptops,Sur,22,1411.37,31050.14
2023-12-02,Laptops,Sur,26,1413.81,36759.06
2023-12-03,Laptops,Sur,33,1294.28,42711.24
2023-12-04,Laptops,Sur,39,1533.23,59795.97
2023-12-05,Laptops,Sur,32,1296.67,41493.44
2023-12-06,Laptops,Sur,30,1349.8,40494.0
2023-12-07,Laptops,Sur,27,1414.43,38189.61
2023-12-08,Laptops,Sur,24,1423.76,34170.24
2023-12-09,Laptops,Sur,33,1339.35,44198.55
2023-12-10,Laptops,Sur,38,1330.9,50574.2
2023-12-11,Laptops,Sur,40,1389.49,55579.6
2023-12-12,Laptops,Sur,43,1394.7,59972.1
2023-12-13,Laptops,Sur,26,1496.86,38918.36
2023-12-14,Laptops,Sur,22,1321.31,29068.82
2023-12-15,Laptops,Sur,29,1401.57,40645.53
2023-12-16,Laptops,Sur,28,1385.59,38796.52
2023-12-17,Laptops,Sur,48,1423.24,68315.52
2023-12-18,Laptops,Sur,41,1377.44,56475.04
2023-12-19,Laptops,Sur,32,1470.68,47061.76
2023-12-20,Laptops,Sur,41,1443.97,59202.77
2023-12-21,Laptops,Sur,28,1488.37,41674.36
2023-12-22,Laptops,Sur,32,1405.41,44973.12
2023-12-23,Laptops,Sur,31,1395.81,43270.11
2023-12-24,Laptops,Sur,47,1368.86,64336.42
2023-12-25,Laptops,Sur,29,1292.59,37485.11
2023-12-26,Laptops,Sur,28,1423.07,39845.96
2023-12-27,Laptops,Sur,23,1427.94,32842.62
2023-12-28,Laptops,Sur,26,1435.7,37328.2
2023-12-29,Laptops,Sur,17,1369.07,23274.19
2023-12-30,Laptops,Sur,18,1315.25,23674.5
2023-12-31,Laptops,Sur,25,1339.76,33494.0
2024-01-01,Laptops,Sur,26,1412.41,36722.66
2024-01-02,Laptops,Sur,32,1474.15,47172.8
2024-01-03,Laptops,Sur,29,1286.04,37295.16
2024-01-04,Laptops,Sur,22,1509.86,33216.92
2024-01-05,Laptops,Sur,16,1248.98,19983.68
2024-01-06,Laptops,Sur,21,1525.38,32032.98
2024-01-07,Laptops,Sur,28,1324.06,37073.68
2024-01-08,Laptops,Sur,34,1499.09,50969.06
2024-01-09,Laptops,Sur,24,1365.56,32773.44
2024-01-10,Laptops,Sur,24,1495.83,35899.92
2024-01-11,Laptops,Sur,21,1234.91,25933.11
2024-01-12,Laptops,Sur,21,1437.98,30197.58
2024-01-13,Laptops,Sur,26,1468.73,38186.98
2024-01-14,Laptops,Sur,32,1418.64,45396.48
2024-01-15,Laptops,Sur,45,1438.67,64740.15
2024-01-16,Laptops,Sur,27,1470.64,39707.28
2024-01-17,Laptops,Sur,25,1411.12,35278.0
2024-01-18,Laptops,Sur,30,1366.14,40984.2
2024-01-19,Laptops,Sur,27,1306.34,35271.18
2024-01-20,Laptops,Sur,22,1463.54,32197.88
2024-01-21,Laptops,Sur,25,1475.06,36876.5
2024-01-22,Laptops,Sur,38,1447.07,54988.66
2024-01-23,Laptops,Sur,29,1452.41,42119.89
2024-01-24,Laptops,Sur,25,1416.5,35412.5
2024-01-25,Laptops,Sur,21,1367.47,28716.87
2024-01-26,Laptops,Sur,26,1478.8,38448.8
2024-01-27,Laptops,Sur,28,1365.13,38223.64
2024-01-28,Laptops,Sur,33,1407.47,46446.51
2024-01-29,Laptops,Sur,33,1437.72,47444.76
2024-01-30,Laptops,Sur,37,1496.26,55361.62
2024-01-31,Laptops,Sur,22,1194.98,26289.56
2024-02-01,Laptops,Sur,31,1460.53,45276.43
2024-02-02,Laptops,Sur,25,1368.09,34202.25
2024-02-03,Laptops,Sur,22,1434.78,31565.16
2024-02-04,Laptops,Sur,31,1267.57,39294.67
2024-02-05,Laptops,Sur,35,1347.05,47146.75
2024-02-06,Laptops,Sur,34,1481.58,50373.72
2024-02-07,Laptops,Sur,32,1481.65,47412.8
2024-02-08,Laptops,Sur,26,1386.02,36036.52
2024-02-09,Laptops,Sur,32,1518.68,48597.76
2024-02-10,Laptops,Sur,26,1399.2,36379.2
2024-02-11,Laptops,Sur,34,1422.4,48361.6
2024-02-12,Laptops,Sur,42,1341.34,56336.28
2024-02-13,Laptops,Sur,33,1367.28,45120.24
2024-02-14,Laptops,Sur,27,1428.41,38567.07
2024-02-15,Laptops,Sur,22,1236.85,27210.7
2024-02-16,Laptops,Sur,26,1406.42,36566.92
2024-02-17,Laptops,Sur,30,1430.32,42909.6
2024-02-18,Laptops,Sur,29,1399.8,40594.2
2024-02-19,Laptops,Sur,27,1500.3,40508.1
2024-02-20,Laptops,Sur,36,1365.82,49169.52
2024-02-21,Laptops,Sur,28,1382.91,38721.48
2024-02-22,Laptops,Sur,28,1371.4,38399.2
2024-02-23,Laptops,Sur,27,1378.4,37216.8
2024-02-24,Laptops,Sur,24,1388.22,33317.28
2024-02-25,Laptops,Sur,30,1360.36,40810.8
2024-02-26,Laptops,Sur,24,1478.17,35476.08
2024-02-27,Laptops,Sur,38,1497.17,56892.46
2024-02-28,Laptops,Sur,39,1479.69,57707.91
2024-02-29,Laptops,Sur,22,1449.41,31887.02
2024-03-01,Laptops,Sur,26,1331.29,34613.54
2024-03-02,Laptops,Sur,29,1394.03,40426.87
2024-03-03,Laptops,Sur,37,1545.47,57182.39
2024-03-04,Laptops,Sur,34,1384.44,47070.96
2024-03-05,Laptops,Sur,34,1426.95,48516.3
2024-03-06,Laptops,Sur,37,1294.73,47905.01
2024-03-07,Laptops,Sur,26,1437.31,37370.06
2024-03-08,Laptops,Sur,28,1352.22,37862.16
2024-03-09,Laptops,Sur,29,1380.95,40047.55
2024-03-10,Laptops,Sur,44,1206.53,53087.32
2024-03-11,Laptops,Sur,39,1395.85,54438.15
2024-03-12,Laptops,Sur,33,1462.37,48258.21
2024-03-13,Laptops,Sur,37,1465.24,54213.88
2024-03-14,Laptops,Sur,27,1372.04,37045.08
2024-03-15,Laptops,Sur,30,1453.45,43603.5
2024-03-16,Laptops,Sur,24,1466.94,35206.56
2024-03-17,Laptops,Sur,43,1345.79,57868.97
2024-03-18,Laptops,Sur,38,1467.41,55761.58
2024-03-19,Laptops,Sur,31,1376.34,42666.54
2024-03-20,Laptops,Sur,24,1306.91,31365.84
2024-03-21,Laptops,Sur,22,1350.81,29717.82
2024-03-22,Laptops,Sur,22,1414.95,31128.9
2024-03-23,Laptops,Sur,28,1294.17,36236.76
2024-03-24,Laptops,Sur,32,1255.48,40175.36
2024-03-25,Laptops,Sur,36,1427.0,51372.0
2024-03-26,Laptops,Sur,40,1424.18,56967.2
2024-03-27,Laptops,Sur,28,1380.45,38652.6
2024-03-28,Laptops,Sur,27,1405.87,37958.49
2024-03-29,Laptops,Sur,28,1445.35,40469.8
2024-03-30,Laptops,Sur,25,1279.64,31991.0
2024-03-31,Laptops,Sur,26,1211.25,31492.5
2024-04-01,Laptops,Sur,34,1456.13,49508.42
2024-04-02,Laptops,Sur,28,1425.36,39910.08
2024-04-03,Laptops,Sur,32,1436.12,45955.84
2024-04-04,Laptops,Sur,28,1340.76,37541.28
2024-04-05,Laptops,Sur,25,1412.39,35309.75
2024-04-06,Laptops,Sur,32,1473.24,47143.68
2024-04-07,Laptops,Sur,28,1413.33,39573.24
2024-04-08,Laptops,Sur,37,1362.56,50414.72
2024-04-09,Laptops,Sur,38,1414.41,53747.58
2024-04-10,Laptops,Sur,30,1492.8,44784.0
2024-04-11,Laptops,Sur,32,1410.07,45122.24
2024-04-12,Laptops,Sur,19,1319.73,25074.87
2024-04-13,Laptops,Sur,23,1519.15,34940.45
2024-04-14,Laptops,Sur,26,1377.51,35815.26
2024-04-15,Laptops,Sur,34,1350.19,45906.46
2024-04-16,Laptops,Sur,45,1355.26,60986.7
2024-04-17,Laptops,Sur,23,1433.74,32976.02
2024-04-18,Laptops,Sur,25,1356.27,33906.75
2024-04-19,Laptops,Sur,28,1283.94,35950.32
2024-04-20,Laptops,Sur,23,1430.17,32893.91
2024-04-21,Laptops,Sur,26,1413.66,36755.16
2024-04-22,Laptops,Sur,31,1405.44,43568.64
2024-04-23,Laptops,Sur,26,1326.71,34494.46
2024-04-24,Laptops,Sur,36,1369.9,49316.4
2024-04-25,Laptops,Sur,20,1429.84,28596.8
2024-04-26,Laptops,Sur,22,1405.9,30929.8
2024-04-27,Laptops,Sur,26,1420.95,36944.7
2024-04-28,Laptops,Sur,34,1505.64,51191.76
2024-04-29,Laptops,Sur,39,1417.13,55268.07
2024-04-30,Laptops,Sur,29,1433.44,41569.76
2024-05-01,Laptops,Sur,20,1333.66,26673.2
2024-05-02,Laptops,Sur,25,1319.19,32979.75
2024-05-03,Laptops,Sur,20,1446.23,28924.6
2024-05-04,Laptops,Sur,21,1365.85,28682.85
2024-05-05,Laptops,Sur,27,1276.31,34460.37
2024-05-06,Laptops,Sur,34,1433.21,48729.14
2024-05-07,Laptops,Sur,24,1471.56,35317.44
2024-05-08,Laptops,Sur,21,1324.99,27824.79
2024-05-09,Laptops,Sur,20,1278.66,25573.2
2024-05-10,Laptops,Sur,24,1499.42,35986.08
2024-05-11,Laptops,Sur,31,1490.5,46205.5
2024-05-12,Laptops,Sur,29,1470.88,42655.52
2024-05-13,Laptops,Sur,35,1341.55,46954.25
2024-05-14,Laptops,Sur,39,1379.07,53783.73
2024-05-15,Laptops,Sur,30,1427.81,42834.3
2024-05-16,Laptops,Sur,24,1462.14,35091.36
2024-05-17,Laptops,Sur,21,1390.61,29202.81
2024-05-18,Laptops,Sur,28,1585.36,44390.08
2024-05-19,Laptops,Sur,35,1442.08,50472.8
2024-05-20,Laptops,Sur,31,1409.02,43679.62
2024-05-21,Laptops,Sur,28,1389.29,38900.12
2024-05-22,Laptops,Sur,26,1416.23,36821.98
2024-05-23,Laptops,Sur,21,1427.1,29969.1
2024-05-24,Laptops,Sur,25,1321.49,33037.25
2024-05-25,Laptops,Sur,21,1316.11,27638.31
2024-05-26,Laptops,Sur,20,1348.07,26961.4
2024-05-27,Laptops,Sur,24,1377.61,33062.64
2024-05-28,Laptops,Sur,33,1411.66,46584.78
2024-05-29,Laptops,Sur,21,1368.84,28745.64
2024-05-30,Laptops,Sur,27,1398.28,37753.56
2024-05-31,Laptops,Sur,19,1300.36,24706.84
2024-06-01,Laptops,Sur,24,1484.7,35632.8
2024-06-02,Laptops,Sur,23,1303.27,29975.21
2024-06-03,Laptops,Sur,27,1421.5,38380.5
2024-06-04,Laptops,Sur,22,1328.53,29227.66
2024-06-05,Laptops,Sur,29,1427.96,41410.84
2024-06-06,Laptops,Sur,23,1509.12,34709.76
2024-06-07,Laptops,Sur,17,1457.22,24772.74
2024-06-08,Laptops,Sur,30,1337.88,40136.4
2024-06-09,Laptops,Sur,28,1416.39,39658.92
2024-06-10,Laptops,Sur,27,1374.72,37117.44
2024-06-11,Laptops,Sur,25,1307.81,32695.25
2024-06-12,Laptops,Sur,28,1469.47,41145.16
2024-06-13,Laptops,Sur,15,1563.15,23447.25
2024-06-14,Laptops,Sur,19,1490.58,28321.02
2024-06-15,Laptops,Sur,23,1314.81,30240.63
2024-06-16,Laptops,Sur,25,1545.32,38633.0
2024-06-17,Laptops,Sur,26,1356.69,35273.94
2024-06-18,Laptops,Sur,28,1371.26,38395.28
2024-06-19,Laptops,Sur,21,1347.91,28306.11
2024-06-20,Laptops,Sur,18,1411.17,25401.06
2024-06-21,Laptops,Sur,21,1256.4,26384.4
2024-06-22,Laptops,Sur,21,1331.82,27968.22
2024-06-23,Laptops,Sur,23,1481.95,34084.85
2024-06-24,Laptops,Sur,28,1581.45,44280.6
2024-06-25,Laptops,Sur,22,1244.91,27388.02
2024-06-26,Laptops,Sur,17,1473.88,25055.96
2024-06-27,Laptops,Sur,17,1315.47,22362.99
2024-06-28,Laptops,Sur,19,1367.72,25986.68
2024-06-29,Laptops,Sur,21,1311.43,27540.03
2024-06-30,Laptops,Sur,20,1470.12,29402.4
2024-07-01,Laptops,Sur,21,1440.13,30242.73
2024-07-02,Laptops,Sur,25,1408.46,35211.5
2024-07-03,Laptops,Sur,21,1454.35,30541.35
2024-07-04,Laptops,Sur,18,1443.82,25988.76
2024-07-05,Laptops,Sur,16,1320.73,21131.68
2024-07-06,Laptops,Sur,18,1423.22,25617.96
2024-07-07,Laptops,Sur,19,1355.66,25757.54
2024-07-08,Laptops,Sur,26,1346.9,35019.4
2024-07-09,Laptops,Sur,29,1435.68,41634.72
2024-07-10,Laptops,Sur,21,1493.26,31358.46
2024-07-11,Laptops,Sur,19,1394.79,26501.01
2024-07-12,Laptops,Sur,17,1515.81,25768.77
2024-07-13,Laptops,Sur,18,1377.21,24789.78
2024-07-14,Laptops,Sur,23,1281.66,29478.18
2024-07-15,Laptops,Sur,26,1305.74,33949.24
2024-07-16,Laptops,Sur,16,1289.65,20634.4
2024-07-17,Laptops,Sur,19,1428.79,27147.01
2024-07-18,Laptops,Sur,19,1535.15,29167.85
2024-07-19,Laptops,Sur,14,1482.03,20748.42
2024-07-20,Laptops,Sur,11,1464.02,16104.22
2024-07-21,Laptops,Sur,20,1514.97,30299.4
2024-07-22,Laptops,Sur,17,1448.03,24616.51
2024-07-23,Laptops,Sur,28,1480.34,41449.52
2024-07-24,Laptops,Sur,18,1407.6,25336.8
2024-07-25,Laptops,Sur,17,1338.48,22754.16
2024-07-26,Laptops,Sur,13,1313.33,17073.29
2024-07-27,Laptops,Sur,19,1372.76,26082.44
2024-07-28,Laptops,Sur,17,1278.47,21733.99
2024-07-29,Laptops,Sur,19,1375.7,26138.3
2024-07-30,Laptops,Sur,22,1377.41,30303.02
2024-07-31,Laptops,Sur,20,1462.03,29240.6
2024-08-01,Laptops,Sur,14,1389.68,19455.52
2024-08-02,Laptops,Sur,17,1489.25,25317.25
2024-08-03,Laptops,Sur,19,1368.26,25996.94
2024-08-04,Laptops,Sur,26,1329.7,34572.2
2024-08-05,Laptops,Sur,20,1526.42,30528.4
2024-08-06,Laptops,Sur,22,1481.86,32600.92
2024-08-07,Laptops,Sur,19,1410.1,26791.9
2024-08-08,Laptops,Sur,16,1358.88,21742.08
2024-08-09,Laptops,Sur,16,1560.48,24967.68
2024-08-10,Laptops,Sur,12,1403.0,16836.0
2024-08-11,Laptops,Sur,19,1462.14,27780.66
2024-08-12,Laptops,Sur,19,1506.16,28617.04
2024-08-13,Laptops,Sur,14,1432.14,20049.96
2024-08-14,Laptops,Sur,15,1319.81,19797.15
2024-08-15,Laptops,Sur,13,1388.08,18045.04
2024-08-16,Laptops,Sur,9,1365.24,12287.16
2024-08-17,Laptops,Sur,16,1399.13,22386.08
2024-08-18,Laptops,Sur,18,1423.71,25626.78
2024-08-19,Laptops,Sur,19,1373.42,26094.98
2024-08-20,Laptops,Sur,15,1375.24,20628.6
2024-08-21,Laptops,Sur,16,1411.38,22582.08
2024-08-22,Laptops,Sur,16,1295.0,20720.0
2024-08-23,Laptops,Sur,13,1377.25,17904.25
2024-08-24,Laptops,Sur,14,1420.08,19881.12
2024-08-25,Laptops,Sur,20,1413.06,28261.2
2024-08-26,Laptops,Sur,21,1347.46,28296.66
2024-08-27,Laptops,Sur,21,1364.92,28663.32
2024-08-28,Laptops,Sur,18,1294.68,23304.24
2024-08-29,Laptops,Sur,11,1345.64,14802.04
2024-08-30,Laptops,Sur,9,1269.11,11421.99
2024-08-31,Laptops,Sur,11,1383.05,15213.55
2024-09-01,Laptops,Sur,13,1431.96,18615.48
2024-09-02,Laptops,Sur,21,1348.73,28323.33
2024-09-03,Laptops,Sur,17,1241.38,21103.46
2024-09-04,Laptops,Sur,16,1460.25,23364.0
2024-09-05,Laptops,Sur,14,1414.67,19805.38
2024-09-06,Laptops,Sur,15,1338.79,20081.85
2024-09-07,Laptops,Sur,15,1335.65,20034.75
2024-09-08,Laptops,Sur,15,1462.73,21940.95
2024-09-09,Laptops,Sur,16,1430.48,22887.68
2024-09-10,Laptops,Sur,16,1449.25,23188.0
2024-09-11,Laptops,Sur,17,1293.95,21997.15
2024-09-12,Laptops,Sur,11,1438.03,15818.33
2024-09-13,Laptops,Sur,12,1326.35,15916.2
2024-09-14,Laptops,Sur,15,1300.77,19511.55
2024-09-15,Laptops,Sur,16,1397.79,22364.64
2024-09-16,Laptops,Sur,23,1433.76,32976.48
2024-09-17,Laptops,Sur,19,1402.35,26644.65
2024-09-18,Laptops,Sur,14,1405.53,19677.42
2024-09-19,Laptops,Sur,12,1318.28,15819.36
2024-09-20,Laptops,Sur,9,1261.81,11356.29
2024-09-21,Laptops,Sur,15,1431.42,21471.3
2024-09-22,Laptops,Sur,21,1416.78,29752.38
2024-09-23,Laptops,Sur,17,1365.46,23212.82
2024-09-24,Laptops,Sur,17,1368.26,23260.42
2024-09-25,Laptops,Sur,20,1406.53,28130.6
2024-09-26,Laptops,Sur,10,1370.53,13705.3
2024-09-27,Laptops,Sur,11,1449.21,15941.31
2024-09-28,Laptops,Sur,17,1452.22,24687.74
2024-09-29,Laptops,Sur,19,1393.71,26480.49
2024-09-30,Laptops,Sur,19,1384.02,26296.38
2024-10-01,Laptops,Sur,18,1418.52,25533.36
2024-10-02,Laptops,Sur,14,1198.21,16774.94
2024-10-03,Laptops,Sur,15,1395.37,20930.55
2024-10-04,Laptops,Sur,13,1287.33,16735.29
2024-10-05,Laptops,Sur,12,1429.45,17153.4
2024-10-06,Laptops,Sur,19,1463.21,27800.99
2024-10-07,Laptops,Sur,17,1221.68,20768.56
2024-10-08,Laptops,Sur,19,1447.19,27496.61
2024-10-09,Laptops,Sur,17,1392.6,23674.2
2024-10-10,Laptops,Sur,14,1434.76,20086.64
2024-10-11,Laptops,Sur,16,1469.66,23514.56
2024-10-12,Laptops,Sur,15,1415.46,21231.9
2024-10-13,Laptops,Sur,27,1409.76,38063.52
2024-10-14,Laptops,Sur,23,1318.69,30329.87
2024-10-15,Laptops,Sur,23,1338.93,30795.39
2024-10-16,Laptops,Sur,15,1540.23,23103.45
2024-10-17,Laptops,Sur,15,1469.66,22044.9
2024-10-18,Laptops,Sur,21,1432.43,30081.03
2024-10-19,Laptops,Sur,16,1332.95,21327.2
2024-10-20,Laptops,Sur,16,1424.89,22798.24
2024-10-21,Laptops,Sur,18,1369.59,24652.62
2024-10-22,Laptops,Sur,23,1555.91,35785.93
2024-10-23,Laptops,Sur,18,1496.94,26944.92
2024-10-24,Laptops,Sur,18,1341.67,24150.06
2024-10-25,Laptops,Sur,12,1348.67,16184.04
2024-10-26,Laptops,Sur,21,1384.2,29068.2
2024-10-27,Laptops,Sur,24,1490.31,35767.44
2024-10-28,Laptops,Sur,23,1477.06,33972.38
2024-10-29,Laptops,Sur,18,1247.43,22453.74
2024-10-30,Laptops,Sur,20,1429.41,28588.2
2024-10-31,Laptops,Sur,14,1481.43,20740.02
2024-11-01,Laptops,Sur,14,1385.09,19391.26
2024-11-02,Laptops,Sur,19,1438.67,27334.73
2024-11-03,Laptops,Sur,17,1532.85,26058.45
2024-11-04,Laptops,Sur,20,1497.65,29953.0
2024-11-05,Laptops,Sur,25,1434.29,35857.25
2024-11-06,Laptops,Sur,25,1423.81,35595.25
2024-11-07,Laptops,Sur,18,1397.5,25155.0
2024-11-08,Laptops,Sur,16,1439.22,23027.52
2024-11-09,Laptops,Sur,20,1386.32,27726.4
2024-11-10,Laptops,Sur,18,1473.8,26528.4
2024-11-11,Laptops,Sur,29,1328.19,38517.51
2024-11-12,Laptops,Sur,24,1357.07,32569.68
2024-11-13,Laptops,Sur,19,1371.97,26067.43
2024-11-14,Laptops,Sur,20,1486.23,29724.6
2024-11-15,Laptops,Sur,35,1456.12,50964.2
2024-11-16,Laptops,Sur,36,1421.43,51171.48
2024-11-17,Laptops,Sur,45,1424.81,64116.45
2024-11-18,Laptops,Sur,40,1260.56,50422.4
2024-11-19,Laptops,Sur,42,1445.75,60721.5
2024-11-20,Laptops,Sur,42,1322.59,55548.78
2024-11-21,Laptops,Sur,27,1352.28,36511.56
2024-11-22,Laptops,Sur,24,1617.33,38815.92
2024-11-23,Laptops,Sur,39,1433.47,55905.33
2024-11-24,Laptops,Sur,48,1408.53,67609.44
2024-11-25,Laptops,Sur,47,1382.78,64990.66
2024-11-26,Laptops,Sur,43,1485.69,63884.67
2024-11-27,Laptops,Sur,42,1322.04,55525.68
2024-11-28,Laptops,Sur,45,1358.88,61149.6
2024-11-29,Laptops,Sur,34,1479.04,50287.36
2024-11-30,Laptops,Sur,38,1398.26,53133.88
2024-12-01,Laptops,Sur,38,1425.64,54174.32
2024-12-02,Laptops,Sur,41,1355.86,55590.26
2024-12-03,Laptops,Sur,29,1439.18,41736.22
2024-12-04,Laptops,Sur,28,1360.8,38102.4
2024-12-05,Laptops,Sur,33,1285.38,42417.54
2024-12-06,Laptops,Sur,34,1467.41,49891.94
2024-12-07,Laptops,Sur,26,1334.93,34708.18
2024-12-08,Laptops,Sur,58,1309.23,75935.34
2024-12-09,Laptops,Sur,39,1328.56,51813.84
2024-12-10,Laptops,Sur,35,1401.88,49065.8
2024-12-11,Laptops,Sur,36,1345.61,48441.96
2024-12-12,Laptops,Sur,37,1527.63,56522.31
2024-12-13,Laptops,Sur,36,1475.75,53127.0
2024-12-14,Laptops,Sur,31,1406.21,43592.51
2024-12-15,Laptops,Sur,35,1333.21,46662.35
2024-12-16,Laptops,Sur,53,1465.49,77670.97
2024-12-17,Laptops,Sur,37,1420.37,52553.69
2024-12-18,Laptops,Sur,32,1349.53,43184.96
2024-12-19,Laptops,Sur,37,1415.36,52368.32
2024-12-20,Laptops,Sur,42,1413.57,59369.94
2024-12-21,Laptops,Sur,46,1345.5,61893.0
2024-12-22,Laptops,Sur,38,1301.01,49438.38
2024-12-23,Laptops,Sur,53,1483.09,78603.77
2024-12-24,Laptops,Sur,42,1449.57,60881.94
2024-12-25,Laptops,Sur,27,1389.38,37513.26
2024-12-26,Laptops,Sur,25,1435.91,35897.75
2024-12-27,Laptops,Sur,26,1461.53,37999.78
2024-12-28,Laptops,Sur,23,1370.24,31515.52
2024-12-29,Laptops,Sur,38,1376.4,52303.2
2024-12-30,Laptops,Sur,36,1521.5,54774.0
2023-01-01,Laptops,Bajío,55,1341.11,73761.05
2023-01-02,Laptops,Bajío,38,1391.03,52859.14
2023-01-03,Laptops,Bajío,38,1435.85,54562.3
2023-01-04,Laptops,Bajío,33,1565.84,51672.72
2023-01-05,Laptops,Bajío,44,1353.28,59544.32
2023-01-06,Laptops,Bajío,30,1211.66,36349.8
2023-01-07,Laptops,Bajío,32,1358.6,43475.2
2023-01-08,Laptops,Bajío,54,1423.94,76892.76
2023-01-09,Laptops,Bajío,32,1433.17,45861.44
2023-01-10,Laptops,Bajío,35,1385.15,48480.25
2023-01-11,Laptops,Bajío,35,1324.13,46344.55
2023-01-12,Laptops,Bajío,28,1425.45,39912.6
2023-01-13,Laptops,Bajío,36,1406.37,50629.32
2023-01-14,Laptops,Bajío,36,1416.47,50992.92
2023-01-15,Laptops,Bajío,48,1348.29,64717.92
2023-01-16,Laptops,Bajío,43,1459.04,62738.72
2023-01-17,Laptops,Bajío,46,1413.11,65003.06
2023-01-18,Laptops,Bajío,42,1392.46,58483.32
2023-01-19,Laptops,Bajío,37,1472.59,54485.83
2023-01-20,Laptops,Bajío,36,1375.01,49500.36
2023-01-21,Laptops,Bajío,36,1461.88,52627.68
2023-01-22,Laptops,Bajío,51,1359.46,69332.46
2023-01-23,Laptops,Bajío,49,1319.91,64675.59
2023-01-24,Laptops,Bajío,44,1398.56,61536.64
2023-01-25,Laptops,Bajío,40,1255.96,50238.4
2023-01-26,Laptops,Bajío,31,1424.0,44144.0
2023-01-27,Laptops,Bajío,29,1472.02,42688.58
2023-01-28,Laptops,Bajío,49,1568.97,76879.53
2023-01-29,Laptops,Bajío,46,1471.51,67689.46
2023-01-30,Laptops,Bajío,53,1526.26,80891.78
2023-01-31,Laptops,Bajío,48,1420.89,68202.72
2023-02-01,Laptops,Bajío,34,1497.76,50923.84
2023-02-02,Laptops,Bajío,38,1413.23,53702.74
2023-02-03,Laptops,Bajío,29,1499.27,43478.83
2023-02-04,Laptops,Bajío,42,1248.74,52447.08
2023-02-05,Laptops,Bajío,35,1321.98,46269.3
2023-02-06,Laptops,Bajío,46,1373.93,63200.78
2023-02-07,Laptops,Bajío,49,1461.74,71625.26
2023-02-08,Laptops,Bajío,34,1450.65,49322.1
2023-02-09,Laptops,Bajío,29,1334.15,38690.35
2023-02-10,Laptops,Bajío,36,1300.77,46827.72
2023-02-11,Laptops,Bajío,43,1390.75,59802.25
2023-02-12,Laptops,Bajío,45,1367.03,61516.35
2023-02-13,Laptops,Bajío,43,1371.59,58978.37
2023-02-14,Laptops,Bajío,35,1380.6,48321.0
2023-02-15,Laptops,Bajío,35,1383.7,48429.5
2023-02-16,Laptops,Bajío,36,1467.71,52837.56
2023-02-17,Laptops,Bajío,37,1462.78,54122.86
2023-02-18,Laptops,Bajío,36,1369.22,49291.92
2023-02-19,Laptops,Bajío,45,1372.84,61777.8
2023-02-20,Laptops,Bajío,58,1455.69,84430.02
2023-02-21,Laptops,Bajío,62,1419.09,87983.58
2023-02-22,Laptops,Bajío,47,1465.06,68857.82
2023-02-23,Laptops,Bajío,30,1435.11,43053.3
2023-02-24,Laptops,Bajío,32,1397.84,44730.88
2023-02-25,Laptops,Bajío,37,1414.26,52327.62
2023-02-26,Laptops,Bajío,52,1267.39,65904.28
2023-02-27,Laptops,Bajío,62,1356.07,84076.34
2023-02-28,Laptops,Bajío,56,1503.12,84174.72
2023-03-01,Laptops,Bajío,41,1472.93,60390.13
2023-03-02,Laptops,Bajío,33,1382.23,45613.59
2023-03-03,Laptops,Bajío,37,1322.26,48923.62
2023-03-04,Laptops,Bajío,29,1446.06,41935.74
2023-03-05,Laptops,Bajío,38,1264.54,48052.52
2023-03-06,Laptops,Bajío,49,1433.54,70243.46
2023-03-07,Laptops,Bajío,48,1403.49,67367.52
2023-03-08,Laptops,Bajío,39,1380.87,53853.93
2023-03-09,Laptops,Bajío,29,1473.98,42745.42
2023-03-10,Laptops,Bajío,27,1463.28,39508.56
2023-03-11,Laptops,Bajío,36,1454.01,52344.36
2023-03-12,Laptops,Bajío,43,1509.04,64888.72
2023-03-13,Laptops,Bajío,45,1361.19,61253.55
2023-03-14,Laptops,Bajío,49,1362.55,66764.95
2023-03-15,Laptops,Bajío,46,1404.66,64614.36
2023-03-16,Laptops,Bajío,39,1526.34,59527.26
2023-03-17,Laptops,Bajío,32,1284.9,41116.8
2023-03-18,Laptops,Bajío,31,1362.95,42251.45
2023-03-19,Laptops,Bajío,62,1356.73,84117.26
2023-03-20,Laptops,Bajío,38,1434.71,54518.98
2023-03-21,Laptops,Bajío,56,1319.9,73914.4
2023-03-22,Laptops,Bajío,53,1404.69,74448.57
2023-03-23,Laptops,Bajío,38,1519.86,57754.68
2023-03-24,Laptops,Bajío,42,1313.48,55166.16
2023-03-25,Laptops,Bajío,34,1339.62,45547.08
2023-03-26,Laptops,Bajío,65,1408.87,91576.55
2023-03-27,Laptops,Bajío,43,1464.15,62958.45
2023-03-28,Laptops,Bajío,47,1413.27,66423.69
2023-03-29,Laptops,Bajío,41,1467.09,60150.69
2023-03-30,Laptops,Bajío,29,1466.1,42516.9
2023-03-31,Laptops,Bajío,34,1320.64,44901.76
2023-04-01,Laptops,Bajío,35,1390.08,48652.8
2023-04-02,Laptops,Bajío,33,1259.64,41568.12
2023-04-03,Laptops,Bajío,56,1436.93,80468.08
2023-04-04,Laptops,Bajío,45,1549.12,69710.4
2023-04-05,Laptops,Bajío,39,1358.7,52989.3
2023-04-06,Laptops,Bajío,41,1377.91,56494.31
2023-04-07,Laptops,Bajío,33,1350.78,44575.74
2023-04-08,Laptops,Bajío,34,1504.33,51147.22
2023-04-09,Laptops,Bajío,53,1445.04,76587.12
2023-04-10,Laptops,Bajío,51,1379.23,70340.73
2023-04-11,Laptops,Bajío,40,1303.92,52156.8
2023-04-12,Laptops,Bajío,37,1380.39,51074.43
2023-04-13,Laptops,Bajío,41,1325.61,54350.01
2023-04-14,Laptops,Bajío,32,1392.7,44566.4
2023-04-15,Laptops,Bajío,38,1410.11,53584.18
2023-04-16,Laptops,Bajío,45,1339.76,60289.2
2023-04-17,Laptops,Bajío,46,1372.69,63143.74
2023-04-18,Laptops,Bajío,44,1468.83,64628.52
2023-04-19,Laptops,Bajío,33,1355.75,44739.75
2023-04-20,Laptops,Bajío,30,1510.86,45325.8
2023-04-21,Laptops,Bajío,28,1436.51,40222.28
2023-04-22,Laptops,Bajío,30,1424.45,42733.5
2023-04-23,Laptops,Bajío,46,1433.37,65935.02
2023-04-24,Laptops,Bajío,60,1244.19,74651.4
2023-04-25,Laptops,Bajío,43,1465.78,63028.54
2023-04-26,Laptops,Bajío,45,1482.11,66694.95
2023-04-27,Laptops,Bajío,44,1438.38,63288.72
2023-04-28,Laptops,Bajío,27,1302.92,35178.84
2023-04-29,Laptops,Bajío,41,1432.05,58714.05
2023-04-30,Laptops,Bajío,37,1327.73,49126.01
2023-05-01,Laptops,Bajío,48,1449.94,69597.12
2023-05-02,Laptops,Bajío,49,1442.9,70702.1
2023-05-03,Laptops,Bajío,41,1374.44,56352.04
2023-05-04,Laptops,Bajío,29,1417.7,41113.3
2023-05-05,Laptops,Bajío,32,1421.49,45487.68
2023-05-06,Laptops,Bajío,38,1489.71,56608.98
2023-05-07,Laptops,Bajío,36,1434.28,51634.08
2023-05-08,Laptops,Bajío,51,1332.37,67950.87
2023-05-09,Laptops,Bajío,49,1277.0,62573.0
2023-05-10,Laptops,Bajío,36,1496.83,53885.88
2023-05-11,Laptops,Bajío,29,1308.28,37940.12
2023-05-12,Laptops,Bajío,22,1319.34,29025.48
2023-05-13,Laptops,Bajío,33,1368.21,45150.93
2023-05-14,Laptops,Bajío,48,1369.43,65732.64
2023-05-15,Laptops,Bajío,62,1290.12,79987.44
2023-05-16,Laptops,Bajío,50,1404.66,70233.0
2023-05-17,Laptops,Bajío,40,1313.04,52521.6
2023-05-18,Laptops,Bajío,35,1427.74,49970.9
2023-05-19,Laptops,Bajío,31,1434.52,44470.12
2023-05-20,Laptops,Bajío,35,1477.3,51705.5
2023-05-21,Laptops,Bajío,36,1432.15,51557.4
2023-05-22,Laptops,Bajío,45,1445.5,65047.5
2023-05-23,Laptops,Bajío,41,1296.68,53163.88
2023-05-24,Laptops,Bajío,51,1342.43,68463.93
2023-05-25,Laptops,Bajío,35,1389.33,48626.55
2023-05-26,Laptops,Bajío,27,1460.16,39424.32
2023-05-27,Laptops,Bajío,32,1396.6,44691.2
2023-05-28,Laptops,Bajío,39,1380.89,53854.71
2023-05-29,Laptops,Bajío,35,1440.98,50434.3
2023-05-30,Laptops,Bajío,48,1265.83,60759.84
2023-05-31,Laptops,Bajío,35,1328.42,46494.7
2023-06-01,Laptops,Bajío,35,1412.45,49435.75
2023-06-02,Laptops,Bajío,38,1402.4,53291.2
2023-06-03,Laptops,Bajío,30,1433.05,42991.5
2023-06-04,Laptops,Bajío,38,1418.56,53905.28
2023-06-05,Laptops,Bajío,46,1427.81,65679.26
2023-06-06,Laptops,Bajío,47,1359.29,63886.63
2023-06-07,Laptops,Bajío,34,1493.39,50775.26
2023-06-08,Laptops,Bajío,25,1326.01,33150.25
2023-06-09,Laptops,Bajío,29,1383.27,40114.83
2023-06-10,Laptops,Bajío,29,1402.25,40665.25
2023-06-11,Laptops,Bajío,44,1444.61,63562.84
2023-06-12,Laptops,Bajío,45,1334.76,60064.2
2023-06-13,Laptops,Bajío,41,1394.14,57159.74
2023-06-14,Laptops,Bajío,35,1472.9,51551.5
2023-06-15,Laptops,Bajío,27,1399.65,37790.55
2023-06-16,Laptops,Bajío,18,1411.55,25407.9
2023-06-17,Laptops,Bajío,28,1373.19,38449.32
2023-06-18,Laptops,Bajío,30,1400.16,42004.8
2023-06-19,Laptops,Bajío,34,1397.95,47530.3
2023-06-20,Laptops,Bajío,42,1428.75,60007.5
2023-06-21,Laptops,Bajío,29,1313.7,38097.3
2023-06-22,Laptops,Bajío,23,1390.37,31978.51
2023-06-23,Laptops,Bajío,27,1409.79,38064.33
2023-06-24,Laptops,Bajío,27,1456.0,39312.0
2023-06-25,Laptops,Bajío,37,1446.82,53532.34
2023-06-26,Laptops,Bajío,43,1497.71,64401.53
2023-06-27,Laptops,Bajío,41,1401.61,57466.01
2023-06-28,Laptops,Bajío,28,1308.83,36647.24
2023-06-29,Laptops,Bajío,34,1394.8,47423.2
2023-06-30,Laptops,Bajío,24,1286.6,30878.4
2023-07-01,Laptops,Bajío,24,1286.09,30866.16
2023-07-02,Laptops,Bajío,35,1355.46,47441.1
2023-07-03,Laptops,Bajío,35,1416.37,49572.95
2023-07-04,Laptops,Bajío,37,1324.93,49022.41
2023-07-05,Laptops,Bajío,28,1493.13,41807.64
2023-07-06,Laptops,Bajío,29,1415.49,41049.21
2023-07-07,Laptops,Bajío,18,1486.78,26762.04
2023-07-08,Laptops,Bajío,24,1521.75,36522.0
2023-07-09,Laptops,Bajío,31,1469.06,45540.86
2023-07-10,Laptops,Bajío,29,1366.32,39623.28
2023-07-11,Laptops,Bajío,28,1326.44,37140.32
2023-07-12,Laptops,Bajío,32,1333.71,42678.72
2023-07-13,Laptops,Bajío,24,1409.61,33830.64
2023-07-14,Laptops,Bajío,18,1369.06,24643.08
2023-07-15,Laptops,Bajío,22,1327.4,29202.8
2023-07-16,Laptops,Bajío,25,1441.45,36036.25
2023-07-17,Laptops,Bajío,28,1435.65,40198.2
2023-07-18,Laptops,Bajío,32,1335.43,42733.76
2023-07-19,Laptops,Bajío,31,1360.87,42186.97
2023-07-20,Laptops,Bajío,15,1296.77,19451.55
2023-07-21,Laptops,Bajío,20,1405.79,28115.8
2023-07-22,Laptops,Bajío,14,1367.97,19151.58
2023-07-23,Laptops,Bajío,36,1468.55,52867.8
2023-07-24,Laptops,Bajío,24,1398.57,33565.68
2023-07-25,Laptops,Bajío,31,1346.05,41727.55
2023-07-26,Laptops,Bajío,23,1400.45,32210.35
2023-07-27,Laptops,Bajío,27,1378.37,37215.99
2023-07-28,Laptops,Bajío,22,1345.59,29602.98
2023-07-29,Laptops,Bajío,18,1388.22,24987.96
2023-07-30,Laptops,Bajío,22,1305.64,28724.08
2023-07-31,Laptops,Bajío,33,1408.32,46474.56
2023-08-01,Laptops,Bajío,28,1413.66,39582.48
2023-08-02,Laptops,Bajío,27,1472.68,39762.36
2023-08-03,Laptops,Bajío,21,1409.47,29598.87
2023-08-04,Laptops,Bajío,26,1328.58,34543.08
2023-08-05,Laptops,Bajío,23,1183.05,27210.15
2023-08-06,Laptops,Bajío,27,1320.85,35662.95
2023-08-07,Laptops,Bajío,30,1420.7,42621.0
2023-08-08,Laptops,Bajío,22,1483.74,32642.28
2023-08-09,Laptops,Bajío,20,1405.11,28102.2
2023-08-10,Laptops,Bajío,16,1340.86,21453.76
2023-08-11,Laptops,Bajío,16,1415.34,22645.44
2023-08-12,Laptops,Bajío,22,1229.43,27047.46
2023-08-13,Laptops,Bajío,25,1401.45,35036.25
2023-08-14,Laptops,Bajío,26,1440.76,37459.76
2023-08-15,Laptops,Bajío,28,1343.79,37626.12
2023-08-16,Laptops,Bajío,21,1467.77,30823.17
2023-08-17,Laptops,Bajío,19,1498.25,28466.75
2023-08-18,Laptops,Bajío,18,1439.12,25904.16
2023-08-19,Laptops,Bajío,21,1425.91,29944.11
2023-08-20,Laptops,Bajío,23,1156.41,26597.43
2023-08-21,Laptops,Bajío,27,1420.97,38366.19
2023-08-22,Laptops,Bajío,24,1467.46,35219.04
2023-08-23,Laptops,Bajío,21,1391.26,29216.46
2023-08-24,Laptops,Bajío,17,1457.02,24769.34
2023-08-25,Laptops,Bajío,18,1409.72,25374.96
2023-08-26,Laptops,Bajío,26,1403.04,36479.04
2023-08-27,Laptops,Bajío,34,1433.75,48747.5
2023-08-28,Laptops,Bajío,38,1386.83,52699.54
2023-08-29,Laptops,Bajío,30,1346.43,40392.9
2023-08-30,Laptops,Bajío,21,1382.2,29026.2
2023-08-31,Laptops,Bajío,16,1375.26,22004.16
2023-09-01,Laptops,Bajío,19,1426.63,27105.97
2023-09-02,Laptops,Bajío,18,1337.39,24073.02
2023-09-03,Laptops,Bajío,25,1481.29,37032.25
2023-09-04,Laptops,Bajío,28,1422.6,39832.8
2023-09-05,Laptops,Bajío,33,1483.86,48967.38
2023-09-06,Laptops,Bajío,22,1382.33,30411.26
2023-09-07,Laptops,Bajío,17,1307.26,22223.42
2023-09-08,Laptops,Bajío,20,1313.79,26275.8
2023-09-09,Laptops,Bajío,15,1354.59,20318.85
2023-09-10,Laptops,Bajío,25,1325.82,33145.5
2023-09-11,Laptops,Bajío,33,1290.24,42577.92
2023-09-12,Laptops,Bajío,21,1413.08,29674.68
2023-09-13,Laptops,Bajío,18,1423.64,25625.52
2023-09-14,Laptops,Bajío,22,1384.26,30453.72
2023-09-15,Laptops,Bajío,18,1498.19,26967.42
2023-09-16,Laptops,Bajío,27,1398.05,37747.35
2023-09-17,Laptops,Bajío,21,1376.93,28915.53
2023-09-18,Laptops,Bajío,28,1379.23,38618.44
2023-09-19,Laptops,Bajío,26,1452.47,37764.22
2023-09-20,Laptops,Bajío,25,1304.56,32614.0
2023-09-21,Laptops,Bajío,13,1271.64,16531.32
2023-09-22,Laptops,Bajío,20,1414.87,28297.4
2023-09-23,Laptops,Bajío,24,1414.78,33954.72
2023-09-24,Laptops,Bajío,24,1441.38,34593.12
2023-09-25,Laptops,Bajío,29,1398.19,40547.51
2023-09-26,Laptops,Bajío,23,1523.16,35032.68
2023-09-27,Laptops,Bajío,24,1457.69,34984.56
2023-09-28,Laptops,Bajío,17,1238.95,21062.15
2023-09-29,Laptops,Bajío,21,1303.96,27383.16
2023-09-30,Laptops,Bajío,20,1269.22,25384.4
2023-10-01,Laptops,Bajío,20,1405.47,28109.4
2023-10-02,Laptops,Bajío,30,1413.35,42400.5
2023-10-03,Laptops,Bajío,27,1519.64,41030.28
2023-10-04,Laptops,Bajío,28,1348.25,37751.0
2023-10-05,Laptops,Bajío,19,1337.15,25405.85
2023-10-06,Laptops,Bajío,20,1417.71,28354.2
2023-10-07,Laptops,Bajío,23,1327.86,30540.78
2023-10-08,Laptops,Bajío,24,1382.19,33172.56
2023-10-09,Laptops,Bajío,30,1464.63,43938.9
2023-10-10,Laptops,Bajío,23,1454.36,33450.28
2023-10-11,Laptops,Bajío,25,1474.52,36863.0
2023-10-12,Laptops,Bajío,22,1308.6,28789.2
2023-10-13,Laptops,Bajío,21,1439.05,30220.05
2023-10-14,Laptops,Bajío,21,1400.66,29413.86
2023-10-15,Laptops,Bajío,23,1565.79,36013.17
2023-10-16,Laptops,Bajío,22,1450.37,31908.14
2023-10-17,Laptops,Bajío,37,1400.55,51820.35
2023-10-18,Laptops,Bajío,25,1472.01,36800.25
2023-10-19,Laptops,Bajío,23,1440.79,33138.17
2023-10-20,Laptops,Bajío,22,1453.29,31972.38
2023-10-21,Laptops,Bajío,20,1435.86,28717.2
2023-10-22,Laptops,Bajío,25,1373.75,34343.75
2023-10-23,Laptops,Bajío,31,1373.14,42567.34
2023-10-24,Laptops,Bajío,33,1449.28,47826.24
2023-10-25,Laptops,Bajío,27,1356.65,36629.55
2023-10-26,Laptops,Bajío,19,1412.7,26841.3
2023-10-27,Laptops,Bajío,19,1435.8,27280.2
2023-10-28,Laptops,Bajío,29,1360.61,39457.69
2023-10-29,Laptops,Bajío,22,1431.98,31503.56
2023-10-30,Laptops,Bajío,30,1402.7,42081.0
2023-10-31,Laptops,Bajío,32,1374.03,43968.96
2023-11-01,Laptops,Bajío,33,1454.74,48006.42
2023-11-02,Laptops,Bajío,22,1312.56,28876.32
2023-11-03,Laptops,Bajío,30,1312.16,39364.8
2023-11-04,Laptops,Bajío,29,1403.93,40713.97
2023-11-05,Laptops,Bajío,24,1322.19,31732.56
2023-11-06,Laptops,Bajío,37,1490.99,55166.63
2023-11-07,Laptops,Bajío,31,1377.45,42700.95
2023-11-08,Laptops,Bajío,27,1303.09,35183.43
2023-11-09,Laptops,Bajío,25,1389.6,34740.0
2023-11-10,Laptops,Bajío,26,1525.37,39659.62
2023-11-11,Laptops,Bajío,24,1338.91,32133.84
2023-11-12,Laptops,Bajío,24,1357.31,32575.44
2023-11-13,Laptops,Bajío,28,1439.58,40308.24
2023-11-14,Laptops,Bajío,35,1499.01,52465.35
2023-11-15,Laptops,Bajío,66,1330.8,87832.8
2023-11-16,Laptops,Bajío,37,1347.5,49857.5
2023-11-17,Laptops,Bajío,32,1292.1,41347.2
2023-11-18,Laptops,Bajío,39,1399.2,54568.8
2023-11-19,Laptops,Bajío,60,1417.7,85062.0
2023-11-20,Laptops,Bajío,45,1464.21,65889.45
2023-11-21,Laptops,Bajío,58,1430.32,82958.56
2023-11-22,Laptops,Bajío,58,1407.74,81648.92
2023-11-23,Laptops,Bajío,44,1418.6,62418.4
2023-11-24,Laptops,Bajío,53,1442.21,76437.13
2023-11-25,Laptops,Bajío,53,1317.65,69835.45
2023-11-26,Laptops,Bajío,62,1418.21,87929.02
2023-11-27,Laptops,Bajío,65,1284.1,83466.5
2023-11-28,Laptops,Bajío,72,1480.33,106583.76
2023-11-29,Laptops,Bajío,77,1526.66,117552.82
2023-11-30,Laptops,Bajío,36,1359.56,48944.16
2023-12-01,Laptops,Bajío,33,1422.51,46942.83
2023-12-02,Laptops,Bajío,42,1457.07,61196.94
2023-12-03,Laptops,Bajío,58,1509.43,87546.94
2023-12-04,Laptops,Bajío,64,1391.27,89041.28
2023-12-05,Laptops,Bajío,56,1351.16,75664.96
2023-12-06,Laptops,Bajío,40,1433.34,57333.6
2023-12-07,Laptops,Bajío,51,1492.87,76136.37
2023-12-08,Laptops,Bajío,41,1405.92,57642.72
2023-12-09,Laptops,Bajío,52,1495.02,77741.04
2023-12-10,Laptops,Bajío,63,1471.17,92683.71
2023-12-11,Laptops,Bajío,57,1451.94,82760.58
2023-12-12,Laptops,Bajío,62,1398.32,86695.84
2023-12-13,Laptops,Bajío,37,1383.31,51182.47
2023-12-14,Laptops,Bajío,37,1520.67,56264.79
2023-12-15,Laptops,Bajío,57,1339.29,76339.53
2023-12-16,Laptops,Bajío,51,1436.44,73258.44
2023-12-17,Laptops,Bajío,76,1431.49,108793.24
2023-12-18,Laptops,Bajío,78,1424.54,111114.12
2023-12-19,Laptops,Bajío,54,1324.39,71517.06
2023-12-20,Laptops,Bajío,70,1405.59,98391.3
2023-12-21,Laptops,Bajío,49,1362.97,66785.53
2023-12-22,Laptops,Bajío,41,1465.47,60084.27
2023-12-23,Laptops,Bajío,46,1418.0,65228.0
2023-12-24,Laptops,Bajío,62,1504.09,93253.58
2023-12-25,Laptops,Bajío,41,1500.79,61532.39
2023-12-26,Laptops,Bajío,41,1372.43,56269.63
2023-12-27,Laptops,Bajío,34,1500.79,51026.86
2023-12-28,Laptops,Bajío,42,1357.1,56998.2
2023-12-29,Laptops,Bajío,33,1493.67,49291.11
2023-12-30,Laptops,Bajío,36,1318.04,47449.44
2023-12-31,Laptops,Bajío,34,1504.38,51148.92
2024-01-01,Laptops,Bajío,38,1350.84,51331.92
2024-01-02,Laptops,Bajío,47,1376.55,64697.85
2024-01-03,Laptops,Bajío,44,1388.14,61078.16
2024-01-04,Laptops,Bajío,34,1358.5,46189.0
2024-01-05,Laptops,Bajío,26,1495.57,38884.82
2024-01-06,Laptops,Bajío,41,1280.77,52511.57
2024-01-07,Laptops,Bajío,38,1436.07,54570.66
2024-01-08,Laptops,Bajío,58,1442.35,83656.3
2024-01-09,Laptops,Bajío,50,1326.85,66342.5
2024-01-10,Laptops,Bajío,43,1368.57,58848.51
2024-01-11,Laptops,Bajío,39,1330.37,51884.43
2024-01-12,Laptops,Bajío,42,1377.63,57860.46
2024-01-13,Laptops,Bajío,41,1463.65,60009.65
2024-01-14,Laptops,Bajío,39,1373.53,53567.67
2024-01-15,Laptops,Bajío,64,1420.13,90888.32
2024-01-16,Laptops,Bajío,56,1392.89,78001.84
2024-01-17,Laptops,Bajío,41,1540.57,63163.37
2024-01-18,Laptops,Bajío,41,1409.15,57775.15
2024-01-19,Laptops,Bajío,42,1340.0,56280.0
2024-01-20,Laptops,Bajío,31,1416.85,43922.35
2024-01-21,Laptops,Bajío,39,1448.89,56506.71
2024-01-22,Laptops,Bajío,63,1362.22,85819.86
2024-01-23,Laptops,Bajío,63,1490.31,93889.53
2024-01-24,Laptops,Bajío,46,1286.7,59188.2
2024-01-25,Laptops,Bajío,33,1370.18,45215.94
2024-01-26,Laptops,Bajío,44,1401.45,61663.8
2024-01-27,Laptops,Bajío,38,1468.54,55804.52
2024-01-28,Laptops,Bajío,48,1498.89,71946.72
2024-01-29,Laptops,Bajío,51,1497.22,76358.22
2024-01-30,Laptops,Bajío,62,1411.29,87499.98
2024-01-31,Laptops,Bajío,33,1479.32,48817.56
2024-02-01,Laptops,Bajío,49,1446.61,70883.89
2024-02-02,Laptops,Bajío,39,1409.14,54956.46
2024-02-03,Laptops,Bajío,36,1365.08,49142.88
2024-02-04,Laptops,Bajío,45,1416.46,63740.7
2024-02-05,Laptops,Bajío,53,1488.64,78897.92
2024-02-06,Laptops,Bajío,51,1406.16,71714.16
2024-02-07,Laptops,Bajío,47,1373.46,64552.62
2024-02-08,Laptops,Bajío,41,1481.01,60721.41
2024-02-09,Laptops,Bajío,43,1369.27,58878.61
2024-02-10,Laptops,Bajío,48,1439.1,69076.8
2024-02-11,Laptops,Bajío,54,1427.31,77074.74
2024-02-12,Laptops,Bajío,65,1463.37,95119.05
2024-02-13,Laptops,Bajío,69,1456.48,100497.12
2024-02-14,Laptops,Bajío,46,1446.58,66542.68
2024-02-15,Laptops,Bajío,31,1377.37,42698.47
2024-02-16,Laptops,Bajío,38,1363.98,51831.24
2024-02-17,Laptops,Bajío,62,1422.77,88211.74
2024-02-18,Laptops,Bajío,60,1416.73,85003.8
2024-02-19,Laptops,Bajío,44,1573.32,69226.08
2024-02-20,Laptops,Bajío,46,1425.08,65553.68
2024-02-21,Laptops,Bajío,41,1406.6,57670.6
2024-02-22,Laptops,Bajío,38,1360.68,51705.84
2024-02-23,Laptops,Bajío,35,1328.96,46513.6
2024-02-24,Laptops,Bajío,43,1294.77,55675.11
2024-02-25,Laptops,Bajío,60,1325.21,79512.6
2024-02-26,Laptops,Bajío,38,1380.05,52441.9
2024-02-27,Laptops,Bajío,66,1467.97,96886.02
2024-02-28,Laptops,Bajío,52,1429.75,74347.0
2024-02-29,Laptops,Bajío,37,1331.7,49272.9
2024-03-01,Laptops,Bajío,50,1357.86,67893.0
2024-03-02,Laptops,Bajío,50,1392.55,69627.5
2024-03-03,Laptops,Bajío,62,1376.18,85323.16
2024-03-04,Laptops,Bajío,62,1340.48,83109.76
2024-03-05,Laptops,Bajío,65,1227.9,79813.5
2024-03-06,Laptops,Bajío,57,1325.8,75570.6
2024-03-07,Laptops,Bajío,40,1329.63,53185.2
2024-03-08,Laptops,Bajío,54,1480.05,79922.7
2024-03-09,Laptops,Bajío,39,1498.0,58422.0
2024-03-10,Laptops,Bajío,72,1268.84,91356.48
2024-03-11,Laptops,Bajío,54,1452.89,78456.06
2024-03-12,Laptops,Bajío,56,1485.43,83184.08
2024-03-13,Laptops,Bajío,55,1346.27,74044.85
2024-03-14,Laptops,Bajío,36,1286.25,46305.0
2024-03-15,Laptops,Bajío,45,1514.94,68172.3
2024-03-16,Laptops,Bajío,37,1386.91,51315.67
2024-03-17,Laptops,Bajío,60,1489.35,89361.0
2024-03-18,Laptops,Bajío,62,1405.99,87171.38
2024-03-19,Laptops,Bajío,52,1503.2,78166.4
2024-03-20,Laptops,Bajío,49,1432.44,70189.56
2024-03-21,Laptops,Bajío,33,1374.85,45370.05
2024-03-22,Laptops,Bajío,36,1366.31,49187.16
2024-03-23,Laptops,Bajío,45,1359.46,61175.7
2024-03-24,Laptops,Bajío,56,1385.93,77612.08
2024-03-25,Laptops,Bajío,61,1395.33,85115.13
2024-03-26,Laptops,Bajío,64,1425.8,91251.2
2024-03-27,Laptops,Bajío,46,1372.46,63133.16
2024-03-28,Laptops,Bajío,43,1523.17,65496.31
2024-03-29,Laptops,Bajío,50,1513.2,75660.0
2024-03-30,Laptops,Bajío,37,1420.19,52547.03
2024-03-31,Laptops,Bajío,47,1529.81,71901.07
2024-04-01,Laptops,Bajío,51,1502.49,76626.99
2024-04-02,Laptops,Bajío,51,1379.71,70365.21
2024-04-03,Laptops,Bajío,50,1433.84,71692.0
2024-04-04,Laptops,Bajío,46,1396.63,64244.98
2024-04-05,Laptops,Bajío,43,1501.86,64579.98
2024-04-06,Laptops,Bajío,45,1340.27,60312.15
2024-04-07,Laptops,Bajío,52,1301.6,67683.2
2024-04-08,Laptops,Bajío,52,1399.48,72772.96
2024-04-09,Laptops,Bajío,75,1341.14,100585.5
2024-04-10,Laptops,Bajío,57,1343.05,76553.85
2024-04-11,Laptops,Bajío,45,1388.21,62469.45
2024-04-12,Laptops,Bajío,29,1369.85,39725.65
2024-04-13,Laptops,Bajío,35,1380.41,48314.35
2024-04-14,Laptops,Bajío,44,1386.14,60990.16
2024-04-15,Laptops,Bajío,71,1420.2,100834.2
2024-04-16,Laptops,Bajío,71,1355.1,96212.1
2024-04-17,Laptops,Bajío,40,1361.67,54466.8
2024-04-18,Laptops,Bajío,45,1462.12,65795.4
2024-04-19,Laptops,Bajío,39,1483.48,57855.72
2024-04-20,Laptops,Bajío,41,1526.15,62572.15
2024-04-21,Laptops,Bajío,52,1403.52,72983.04
2024-04-22,Laptops,Bajío,57,1479.86,84352.02
2024-04-23,Laptops,Bajío,41,1379.29,56550.89
2024-04-24,Laptops,Bajío,56,1433.31,80265.36
2024-04-25,Laptops,Bajío,36,1407.9,50684.4
2024-04-26,Laptops,Bajío,38,1522.71,57862.98
2024-04-27,Laptops,Bajío,51,1357.2,69217.2
2024-04-28,Laptops,Bajío,48,1343.26,64476.48
2024-04-29,Laptops,Bajío,54,1403.85,75807.9
2024-04-30,Laptops,Bajío,48,1265.43,60740.64
2024-05-01,Laptops,Bajío,40,1405.41,56216.4
2024-05-02,Laptops,Bajío,41,1228.94,50386.54
2024-05-03,Laptops,Bajío,35,1339.1,46868.5
2024-05-04,Laptops,Bajío,38,1399.84,53193.92
2024-05-05,Laptops,Bajío,38,1284.81,48822.78
2024-05-06,Laptops,Bajío,45,1418.06,63812.7
2024-05-07,Laptops,Bajío,47,1247.39,58627.33
2024-05-08,Laptops,Bajío,41,1395.02,57195.82
2024-05-09,Laptops,Bajío,39,1451.65,56614.35
2024-05-10,Laptops,Bajío,41,1481.81,60754.21
2024-05-11,Laptops,Bajío,49,1507.15,73850.35
2024-05-12,Laptops,Bajío,57,1338.42,76289.94
2024-05-13,Laptops,Bajío,60,1371.59,82295.4
2024-05-14,Laptops,Bajío,50,1351.54,67577.0
2024-05-15,Laptops,Bajío,38,1459.93,55477.34
2024-05-16,Laptops,Bajío,33,1414.54,46679.82
2024-05-17,Laptops,Bajío,35,1399.25,48973.75
2024-05-18,Laptops,Bajío,46,1395.61,64198.06
2024-05-19,Laptops,Bajío,52,1439.79,74869.08
2024-05-20,Laptops,Bajío,53,1340.14,71027.42
2024-05-21,Laptops,Bajío,44,1455.49,64041.56
2024-05-22,Laptops,Bajío,51,1423.09,72577.59
2024-05-23,Laptops,Bajío,36,1473.23,53036.28
2024-05-24,Laptops,Bajío,40,1374.88,54995.2
2024-05-25,Laptops,Bajío,33,1403.61,46319.13
2024-05-26,Laptops,Bajío,39,1476.74,57592.86
2024-05-27,Laptops,Bajío,38,1319.37,50136.06
2024-05-28,Laptops,Bajío,58,1485.13,86137.54
2024-05-29,Laptops,Bajío,32,1381.91,44221.12
2024-05-30,Laptops,Bajío,39,1454.82,56737.98
2024-05-31,Laptops,Bajío,40,1456.95,58278.0
2024-06-01,Laptops,Bajío,43,1387.58,59665.94
2024-06-02,Laptops,Bajío,32,1402.35,44875.2
2024-06-03,Laptops,Bajío,49,1305.35,63962.15
2024-06-04,Laptops,Bajío,42,1274.62,53534.04
2024-06-05,Laptops,Bajío,43,1407.49,60522.07
2024-06-06,Laptops,Bajío,39,1482.29,57809.31
2024-06-07,Laptops,Bajío,34,1387.52,47175.68
2024-06-08,Laptops,Bajío,41,1254.52,51435.32
2024-06-09,Laptops,Bajío,41,1366.88,56042.08
2024-06-10,Laptops,Bajío,47,1365.23,64165.81
2024-06-11,Laptops,Bajío,49,1375.23,67386.27
2024-06-12,Laptops,Bajío,44,1328.47,58452.68
2024-06-13,Laptops,Bajío,27,1349.25,36429.75
2024-06-14,Laptops,Bajío,35,1295.26,45334.1
2024-06-15,Laptops,Bajío,35,1544.03,54041.05
2024-06-16,Laptops,Bajío,42,1517.15,63720.3
2024-06-17,Laptops,Bajío,39,1332.88,51982.32
2024-06-18,Laptops,Bajío,40,1403.45,56138.0
2024-06-19,Laptops,Bajío,42,1358.24,57046.08
2024-06-20,Laptops,Bajío,29,1388.98,40280.42
2024-06-21,Laptops,Bajío,33,1427.87,47119.71
2024-06-22,Laptops,Bajío,33,1413.36,46640.88
2024-06-23,Laptops,Bajío,36,1468.77,52875.72
2024-06-24,Laptops,Bajío,41,1364.27,55935.07
2024-06-25,Laptops,Bajío,44,1400.91,61640.04
2024-06-26,Laptops,Bajío,30,1226.97,36809.1
2024-06-27,Laptops,Bajío,21,1411.2,29635.2
2024-06-28,Laptops,Bajío,29,1253.92,36363.68
2024-06-29,Laptops,Bajío,29,1311.45,38032.05
2024-06-30,Laptops,Bajío,35,1489.0,52115.0
2024-07-01,Laptops,Bajío,33,1489.86,49165.38
2024-07-02,Laptops,Bajío,41,1329.56,54511.96
2024-07-03,Laptops,Bajío,31,1520.12,47123.72
2024-07-04,Laptops,Bajío,32,1450.73,46423.36
2024-07-05,Laptops,Bajío,32,1433.62,45875.84
2024-07-06,Laptops,Bajío,29,1318.74,38243.46
2024-07-07,Laptops,Bajío,33,1527.41,50404.53
2024-07-08,Laptops,Bajío,33,1451.1,47886.3
2024-07-09,Laptops,Bajío,42,1344.45,56466.9
2024-07-10,Laptops,Bajío,37,1237.53,45788.61
2024-07-11,Laptops,Bajío,28,1318.52,36918.56
2024-07-12,Laptops,Bajío,25,1411.02,35275.5
2024-07-13,Laptops,Bajío,23,1385.04,31855.92
2024-07-14,Laptops,Bajío,44,1504.75,66209.0
2024-07-15,Laptops,Bajío,43,1325.21,56984.03
2024-07-16,Laptops,Bajío,29,1421.5,41223.5
2024-07-17,Laptops,Bajío,34,1473.31,50092.54
2024-07-18,Laptops,Bajío,28,1307.84,36619.52
2024-07-19,Laptops,Bajío,30,1442.79,43283.7
2024-07-20,Laptops,Bajío,18,1398.9,25180.2
2024-07-21,Laptops,Bajío,25,1361.46,34036.5
2024-07-22,Laptops,Bajío,28,1246.31,34896.68
2024-07-23,Laptops,Bajío,44,1431.84,63000.96
2024-07-24,Laptops,Bajío,32,1352.79,43289.28
2024-07-25,Laptops,Bajío,25,1373.36,34334.0
2024-07-26,Laptops,Bajío,22,1498.08,32957.76
2024-07-27,Laptops,Bajío,29,1397.81,40536.49
2024-07-28,Laptops,Bajío,27,1417.02,38259.54
2024-07-29,Laptops,Bajío,38,1536.59,58390.42
2024-07-30,Laptops,Bajío,36,1411.85,50826.6
2024-07-31,Laptops,Bajío,28,1344.23,37638.44
2024-08-01,Laptops,Bajío,20,1488.74,29774.8
2024-08-02,Laptops,Bajío,29,1404.91,40742.39
2024-08-03,Laptops,Bajío,31,1364.01,42284.31
2024-08-04,Laptops,Bajío,40,1337.19,53487.6
2024-08-05,Laptops,Bajío,33,1379.96,45538.68
2024-08-06,Laptops,Bajío,41,1466.43,60123.63
2024-08-07,Laptops,Bajío,29,1360.89,39465.81
2024-08-08,Laptops,Bajío,30,1411.73,42351.9
2024-08-09,Laptops,Bajío,26,1341.18,34870.68
2024-08-10,Laptops,Bajío,25,1499.69,37492.25
2024-08-11,Laptops,Bajío,29,1303.57,37803.53
2024-08-12,Laptops,Bajío,24,1331.35,31952.4
2024-08-13,Laptops,Bajío,26,1353.82,35199.32
2024-08-14,Laptops,Bajío,32,1304.72,41751.04
2024-08-15,Laptops,Bajío,18,1436.84,25863.12
2024-08-16,Laptops,Bajío,18,1447.7,26058.6
2024-08-17,Laptops,Bajío,26,1445.2,37575.2
2024-08-18,Laptops,Bajío,28,1448.18,40549.04
2024-08-19,Laptops,Bajío,31,1295.87,40171.97
2024-08-20,Laptops,Bajío,28,1418.02,39704.56
2024-08-21,Laptops,Bajío,21,1496.44,31425.24
2024-08-22,Laptops,Bajío,25,1376.2,34405.0
2024-08-23,Laptops,Bajío,24,1475.43,35410.32
2024-08-24,Laptops,Bajío,27,1388.89,37500.03
2024-08-25,Laptops,Bajío,35,1391.3,48695.5
2024-08-26,Laptops,Bajío,34,1315.42,44724.28
2024-08-27,Laptops,Bajío,32,1366.61,43731.52
2024-08-28,Laptops,Bajío,31,1489.85,46185.35
2024-08-29,Laptops,Bajío,18,1355.38,24396.84
2024-08-30,Laptops,Bajío,19,1532.69,29121.11
2024-08-31,Laptops,Bajío,21,1388.53,29159.13
2024-09-01,Laptops,Bajío,28,1494.44,41844.32
2024-09-02,Laptops,Bajío,36,1400.72,50425.92
2024-09-03,Laptops,Bajío,31,1238.04,38379.24
2024-09-04,Laptops,Bajío,24,1349.15,32379.6
2024-09-05,Laptops,Bajío,24,1349.46,32387.04
2024-09-06,Laptops,Bajío,24,1351.72,32441.28
2024-09-07,Laptops,Bajío,20,1312.13,26242.6
2024-09-08,Laptops,Bajío,26,1330.9,34603.4
2024-09-09,Laptops,Bajío,28,1442.69,40395.32
2024-09-10,Laptops,Bajío,28,1583.89,44348.92
2024-09-11,Laptops,Bajío,23,1414.3,32528.9
2024-09-12,Laptops,Bajío,24,1375.54,33012.96
2024-09-13,Laptops,Bajío,21,1226.98,25766.58
2024-09-14,Laptops,Bajío,24,1538.57,36925.68
2024-09-15,Laptops,Bajío,24,1474.59,35390.16
2024-09-16,Laptops,Bajío,31,1368.02,42408.62
2024-09-17,Laptops,Bajío,33,1421.73,46917.09
2024-09-18,Laptops,Bajío,25,1366.95,34173.75
2024-09-19,Laptops,Bajío,21,1317.65,27670.65
2024-09-20,Laptops,Bajío,18,1372.21,24699.78
2024-09-21,Laptops,Bajío,26,1460.08,37962.08
2024-09-22,Laptops,Bajío,36,1425.55,51319.8
2024-09-23,Laptops,Bajío,37,1384.78,51236.86
2024-09-24,Laptops,Bajío,24,1445.62,34694.88
2024-09-25,Laptops,Bajío,32,1377.43,44077.76
2024-09-26,Laptops,Bajío,22,1487.05,32715.1
2024-09-27,Laptops,Bajío,19,1326.56,25204.64
2024-09-28,Laptops,Bajío,29,1374.81,39869.49
2024-09-29,Laptops,Bajío,31,1455.58,45122.98
2024-09-30,Laptops,Bajío,34,1450.34,49311.56
2024-10-01,Laptops,Bajío,32,1352.81,43289.92
2024-10-02,Laptops,Bajío,30,1338.78,40163.4
2024-10-03,Laptops,Bajío,24,1435.89,34461.36
2024-10-04,Laptops,Bajío,19,1500.33,28506.27
2024-10-05,Laptops,Bajío,25,1463.12,36578.0
2024-10-06,Laptops,Bajío,35,1317.25,46103.75
2024-10-07,Laptops,Bajío,31,1352.88,41939.28
2024-10-08,Laptops,Bajío,25,1323.98,33099.5
2024-10-09,Laptops,Bajío,35,1499.16,52470.6
2024-10-10,Laptops,Bajío,24,1395.7,33496.8
2024-10-11,Laptops,Bajío,29,1378.53,39977.37
2024-10-12,Laptops,Bajío,23,1419.19,32641.37
2024-10-13,Laptops,Bajío,34,1433.11,48725.74
2024-10-14,Laptops,Bajío,40,1372.47,54898.8
2024-10-15,Laptops,Bajío,36,1419.74,51110.64
2024-10-16,Laptops,Bajío,26,1407.05,36583.3
2024-10-17,Laptops,Bajío,22,1514.88,33327.36
2024-10-18,Laptops,Bajío,29,1402.47,40671.63
2024-10-19,Laptops,Bajío,21,1428.24,29993.04
2024-10-20,Laptops,Bajío,25,1355.85,33896.25
2024-10-21,Laptops,Bajío,33,1356.78,44773.74
2024-10-22,Laptops,Bajío,31,1432.26,44400.06
2024-10-23,Laptops,Bajío,31,1336.18,41421.58
2024-10-24,Laptops,Bajío,29,1423.34,41276.86
2024-10-25,Laptops,Bajío,20,1383.21,27664.2
2024-10-26,Laptops,Bajío,29,1442.97,41846.13
2024-10-27,Laptops,Bajío,34,1263.07,42944.38
2024-10-28,Laptops,Bajío,38,1501.08,57041.04
2024-10-29,Laptops,Bajío,37,1284.53,47527.61
2024-10-30,Laptops,Bajío,36,1525.46,54916.56
2024-10-31,Laptops,Bajío,24,1405.37,33728.88
2024-11-01,Laptops,Bajío,27,1435.99,38771.73
2024-11-02,Laptops,Bajío,31,1396.89,43303.59
2024-11-03,Laptops,Bajío,29,1405.66,40764.14
2024-11-04,Laptops,Bajío,32,1333.29,42665.28
2024-11-05,Laptops,Bajío,42,1443.63,60632.46
2024-11-06,Laptops,Bajío,40,1431.15,57246.0
2024-11-07,Laptops,Bajío,24,1429.75,34314.0
2024-11-08,Laptops,Bajío,25,1504.78,37619.5
2024-11-09,Laptops,Bajío,35,1301.95,45568.25
2024-11-10,Laptops,Bajío,33,1405.74,46389.42
2024-11-11,Laptops,Bajío,40,1295.84,51833.6
2024-11-12,Laptops,Bajío,48,1481.78,71125.44
2024-11-13,Laptops,Bajío,29,1451.25,42086.25
2024-11-14,Laptops,Bajío,32,1383.49,44271.68
2024-11-15,Laptops,Bajío,62,1462.22,90657.64
2024-11-16,Laptops,Bajío,52,1435.0,74620.0
2024-11-17,Laptops,Bajío,70,1296.05,90723.5
2024-11-18,Laptops,Bajío,64,1445.99,92543.36
2024-11-19,Laptops,Bajío,74,1340.14,99170.36
2024-11-20,Laptops,Bajío,85,1411.07,119940.95
2024-11-21,Laptops,Bajío,53,1465.84,77689.52
2024-11-22,Laptops,Bajío,47,1403.42,65960.74
2024-11-23,Laptops,Bajío,58,1395.44,80935.52
2024-11-24,Laptops,Bajío,83,1499.51,124459.33
2024-11-25,Laptops,Bajío,84,1412.39,118640.76
2024-11-26,Laptops,Bajío,70,1381.96,96737.2
2024-11-27,Laptops,Bajío,78,1289.25,100561.5
2024-11-28,Laptops,Bajío,73,1401.73,102326.29
2024-11-29,Laptops,Bajío,65,1448.94,94181.1
2024-11-30,Laptops,Bajío,74,1504.63,111342.62
2024-12-01,Laptops,Bajío,60,1290.56,77433.6
2024-12-02,Laptops,Bajío,66,1431.43,94474.38
2024-12-03,Laptops,Bajío,53,1448.24,76756.72
2024-12-04,Laptops,Bajío,56,1370.4,76742.4
2024-12-05,Laptops,Bajío,56,1516.18,84906.08
2024-12-06,Laptops,Bajío,49,1341.3,65723.7
2024-12-07,Laptops,Bajío,47,1528.24,71827.28
2024-12-08,Laptops,Bajío,89,1409.73,125465.97
2024-12-09,Laptops,Bajío,75,1453.94,109045.5
2024-12-10,Laptops,Bajío,64,1371.54,87778.56
2024-12-11,Laptops,Bajío,66,1292.61,85312.26
2024-12-12,Laptops,Bajío,57,1392.79,79389.03
2024-12-13,Laptops,Bajío,62,1445.31,89609.22
2024-12-14,Laptops,Bajío,62,1362.09,84449.58
2024-12-15,Laptops,Bajío,65,1380.37,89724.05
2024-12-16,Laptops,Bajío,91,1405.81,127928.71
2024-12-17,Laptops,Bajío,69,1293.7,89265.3
2024-12-18,Laptops,Bajío,64,1380.11,88327.04
2024-12-19,Laptops,Bajío,55,1414.7,77808.5
2024-12-20,Laptops,Bajío,60,1362.93,81775.8
2024-12-21,Laptops,Bajío,73,1486.84,108539.32
2024-12-22,Laptops,Bajío,60,1415.85,84951.0
2024-12-23,Laptops,Bajío,105,1250.73,131326.65
2024-12-24,Laptops,Bajío,73,1364.2,99586.6
2024-12-25,Laptops,Bajío,44,1351.43,59462.92
2024-12-26,Laptops,Bajío,46,1340.04,61641.84
2024-12-27,Laptops,Bajío,42,1507.58,63318.36
2024-12-28,Laptops,Bajío,37,1443.7,53416.9
2024-12-29,Laptops,Bajío,53,1373.34,72787.02
2024-12-30,Laptops,Bajío,48,1367.08,65619.84
2023-01-01,Smartphones,Norte,31,877.34,27197.54
2023-01-02,Smartphones,Norte,25,1006.21,25155.25
2023-01-03,Smartphones,Norte,36,896.28,32266.08
2023-01-04,Smartphones,Norte,21,1027.54,21578.34
2023-01-05,Smartphones,Norte,26,968.99,25193.74
2023-01-06,Smartphones,Norte,23,869.88,20007.24
2023-01-07,Smartphones,Norte,19,878.13,16684.47
2023-01-08,Smartphones,Norte,29,972.78,28210.62
2023-01-09,Smartphones,Norte,33,837.4,27634.2
2023-01-10,Smartphones,Norte,33,963.07,31781.31
2023-01-11,Smartphones,Norte,28,894.92,25057.76
2023-01-12,Smartphones,Norte,21,788.3,16554.3
2023-01-13,Smartphones,Norte,26,849.02,22074.52
2023-01-14,Smartphones,Norte,22,889.23,19563.06
2023-01-15,Smartphones,Norte,31,876.79,27180.49
2023-01-16,Smartphones,Norte,34,867.63,29499.42
2023-01-17,Smartphones,Norte,37,833.33,30833.21
2023-01-18,Smartphones,Norte,32,898.41,28749.12
2023-01-19,Smartphones,Norte,20,968.7,19374.0
2023-01-20,Smartphones,Norte,28,967.63,27093.64
2023-01-21,Smartphones,Norte,29,954.33,27675.57
2023-01-22,Smartphones,Norte,24,892.03,21408.72
2023-01-23,Smartphones,Norte,38,954.71,36278.98
2023-01-24,Smartphones,Norte,31,829.02,25699.62
2023-01-25,Smartphones,Norte,36,927.66,33395.76
2023-01-26,Smartphones,Norte,22,971.67,21376.74
2023-01-27,Smartphones,Norte,25,933.41,23335.25
2023-01-28,Smartphones,Norte,25,827.02,20675.5
2023-01-29,Smartphones,Norte,24,859.73,20633.52
2023-01-30,Smartphones,Norte,29,870.7,25250.3
2023-01-31,Smartphones,Norte,39,851.38,33203.82
2023-02-01,Smartphones,Norte,29,885.17,25669.93
2023-02-02,Smartphones,Norte,28,895.46,25072.88
2023-02-03,Smartphones,Norte,24,889.62,21350.88
2023-02-04,Smartphones,Norte,25,859.35,21483.75
2023-02-05,Smartphones,Norte,35,949.79,33242.65
2023-02-06,Smartphones,Norte,26,891.75,23185.5
2023-02-07,Smartphones,Norte,28,835.83,23403.24
2023-02-08,Smartphones,Norte,29,879.86,25515.94
2023-02-09,Smartphones,Norte,21,874.76,18369.96
2023-02-10,Smartphones,Norte,25,817.94,20448.5
2023-02-11,Smartphones,Norte,21,882.69,18536.49
2023-02-12,Smartphones,Norte,37,957.72,35435.64
2023-02-13,Smartphones,Norte,44,888.56,39096.64
2023-02-14,Smartphones,Norte,45,891.59,40121.55
2023-02-15,Smartphones,Norte,39,924.69,36062.91
2023-02-16,Smartphones,Norte,26,873.13,22701.38
2023-02-17,Smartphones,Norte,21,850.84,17867.64
2023-02-18,Smartphones,Norte,20,931.52,18630.4
2023-02-19,Smartphones,Norte,30,899.05,26971.5
2023-02-20,Smartphones,Norte,50,822.83,41141.5
2023-02-21,Smartphones,Norte,39,918.38,35816.82
2023-02-22,Smartphones,Norte,42,914.22,38397.24
2023-02-23,Smartphones,Norte,27,821.23,22173.21
2023-02-24,Smartphones,Norte,28,792.33,22185.24
2023-02-25,Smartphones,Norte,31,869.92,26967.52
2023-02-26,Smartphones,Norte,31,1014.36,31445.16
2023-02-27,Smartphones,Norte,38,1006.86,38260.68
2023-02-28,Smartphones,Norte,42,968.08,40659.36
2023-03-01,Smartphones,Norte,34,865.99,29443.66
2023-03-02,Smartphones,Norte,27,862.6,23290.2
2023-03-03,Smartphones,Norte,23,841.53,19355.19
2023-03-04,Smartphones,Norte,29,844.35,24486.15
2023-03-05,Smartphones,Norte,28,927.88,25980.64
2023-03-06,Smartphones,Norte,41,978.08,40101.28
2023-03-07,Smartphones,Norte,34,888.65,30214.1
2023-03-08,Smartphones,Norte,41,875.34,35888.94
2023-03-09,Smartphones,Norte,22,858.4,18884.8
2023-03-10,Smartphones,Norte,29,890.23,25816.67
2023-03-11,Smartphones,Norte,29,861.21,24975.09
2023-03-12,Smartphones,Norte,31,836.58,25933.98
2023-03-13,Smartphones,Norte,34,908.12,30876.08
2023-03-14,Smartphones,Norte,38,863.78,32823.64
2023-03-15,Smartphones,Norte,34,876.35,29795.9
2023-03-16,Smartphones,Norte,30,900.65,27019.5
2023-03-17,Smartphones,Norte,24,806.83,19363.92
2023-03-18,Smartphones,Norte,25,831.05,20776.25
2023-03-19,Smartphones,Norte,38,905.9,34424.2
2023-03-20,Smartphones,Norte,39,847.63,33057.57
2023-03-21,Smartphones,Norte,40,902.17,36086.8
2023-03-22,Smartphones,Norte,35,866.97,30343.95
2023-03-23,Smartphones,Norte,23,912.56,20988.88
2023-03-24,Smartphones,Norte,19,827.96,15731.24
2023-03-25,Smartphones,Norte,27,862.66,23291.82
2023-03-26,Smartphones,Norte,53,972.18,51525.54
2023-03-27,Smartphones,Norte,40,916.59,36663.6
2023-03-28,Smartphones,Norte,41,941.72,38610.52
2023-03-29,Smartphones,Norte,34,900.39,30613.26
2023-03-30,Smartphones,Norte,27,842.78,22755.06
2023-03-31,Smartphones,Norte,28,866.71,24267.88
2023-04-01,Smartphones,Norte,30,870.52,26115.6
2023-04-02,Smartphones,Norte,34,870.67,29602.78
2023-04-03,Smartphones,Norte,33,958.9,31643.7
2023-04-04,Smartphones,Norte,44,889.75,39149.0
2023-04-05,Smartphones,Norte,42,837.34,35168.28
2023-04-06,Smartphones,Norte,30,869.32,26079.6
2023-04-07,Smartphones,Norte,25,918.21,22955.25
2023-04-08,Smartphones,Norte,29,831.76,24121.04
2023-04-09,Smartphones,Norte,33,948.95,31315.35
2023-04-10,Smartphones,Norte,37,965.41,35720.17
2023-04-11,Smartphones,Norte,39,861.97,33616.83
2023-04-12,Smartphones,Norte,37,923.65,34175.05
2023-04-13,Smartphones,Norte,33,942.52,31103.16
2023-04-14,Smartphones,Norte,25,853.97,21349.25
2023-04-15,Smartphones,Norte,22,881.01,19382.22
2023-04-16,Smartphones,Norte,28,887.55,24851.4
2023-04-17,Smartphones,Norte,36,916.64,32999.04
2023-04-18,Smartphones,Norte,35,965.54,33793.9
2023-04-19,Smartphones,Norte,34,887.91,30188.94
2023-04-20,Smartphones,Norte,26,831.0,21606.0
2023-04-21,Smartphones,Norte,28,819.94,22958.32
2023-04-22,Smartphones,Norte,20,864.84,17296.8
2023-04-23,Smartphones,Norte,29,886.49,25708.21
2023-04-24,Smartphones,Norte,38,953.11,36218.18
2023-04-25,Smartphones,Norte,28,820.99,22987.72
2023-04-26,Smartphones,Norte,36,890.93,32073.48
2023-04-27,Smartphones,Norte,31,965.75,29938.25
2023-04-28,Smartphones,Norte,30,916.93,27507.9
2023-04-29,Smartphones,Norte,27,843.29,22768.83
2023-04-30,Smartphones,Norte,42,906.68,38080.56
2023-05-01,Smartphones,Norte,32,896.41,28685.12
2023-05-02,Smartphones,Norte,30,954.61,28638.3
2023-05-03,Smartphones,Norte,32,931.06,29793.92
2023-05-04,Smartphones,Norte,23,910.56,20942.88
2023-05-05,Smartphones,Norte,24,923.11,22154.64
2023-05-06,Smartphones,Norte,28,899.63,25189.64
2023-05-07,Smartphones,Norte,28,863.23,24170.44
2023-05-08,Smartphones,Norte,33,930.14,30694.62
2023-05-09,Smartphones,Norte,31,867.31,26886.61
2023-05-10,Smartphones,Norte,36,913.79,32896.44
2023-05-11,Smartphones,Norte,24,929.03,22296.72
2023-05-12,Smartphones,Norte,30,841.14,25234.2
2023-05-13,Smartphones,Norte,25,887.4,22185.0
2023-05-14,Smartphones,Norte,28,967.49,27089.72
2023-05-15,Smartphones,Norte,29,957.49,27767.21
2023-05-16,Smartphones,Norte,32,916.79,29337.28
2023-05-17,Smartphones,Norte,29,889.25,25788.25
2023-05-18,Smartphones,Norte,31,885.09,27437.79
2023-05-19,Smartphones,Norte,23,867.16,19944.68
2023-05-20,Smartphones,Norte,29,894.09,25928.61
2023-05-21,Smartphones,Norte,22,955.37,21018.14
2023-05-22,Smartphones,Norte,39,868.9,33887.1
2023-05-23,Smartphones,Norte,24,839.89,20157.36
2023-05-24,Smartphones,Norte,22,941.2,20706.4
2023-05-25,Smartphones,Norte,28,880.68,24659.04
2023-05-26,Smartphones,Norte,27,852.75,23024.25
2023-05-27,Smartphones,Norte,24,898.55,21565.2
2023-05-28,Smartphones,Norte,30,882.04,26461.2
2023-05-29,Smartphones,Norte,28,899.4,25183.2
2023-05-30,Smartphones,Norte,32,919.06,29409.92
2023-05-31,Smartphones,Norte,31,912.91,28300.21
2023-06-01,Smartphones,Norte,26,917.08,23844.08
2023-06-02,Smartphones,Norte,22,902.61,19857.42
2023-06-03,Smartphones,Norte,21,816.28,17141.88
2023-06-04,Smartphones,Norte,25,900.03,22500.75
2023-06-05,Smartphones,Norte,28,838.16,23468.48
2023-06-06,Smartphones,Norte,31,863.78,26777.18
2023-06-07,Smartphones,Norte,26,864.45,22475.7
2023-06-08,Smartphones,Norte,28,921.9,25813.2
2023-06-09,Smartphones,Norte,19,815.7,15498.3
2023-06-10,Smartphones,Norte,23,887.2,20405.6
2023-06-11,Smartphones,Norte,34,891.85,30322.9
2023-06-12,Smartphones,Norte,29,930.98,26998.42
2023-06-13,Smartphones,Norte,32,900.56,28817.92
2023-06-14,Smartphones,Norte,26,920.65,23936.9
2023-06-15,Smartphones,Norte,27,901.26,24334.02
2023-06-16,Smartphones,Norte,25,973.06,24326.5
2023-06-17,Smartphones,Norte,19,876.6,16655.4
2023-06-18,Smartphones,Norte,17,1001.06,17018.02
2023-06-19,Smartphones,Norte,33,871.2,28749.6
2023-06-20,Smartphones,Norte,33,931.35,30734.55
2023-06-21,Smartphones,Norte,23,964.97,22194.31
2023-06-22,Smartphones,Norte,19,887.99,16871.81
2023-06-23,Smartphones,Norte,18,893.16,16076.88
2023-06-24,Smartphones,Norte,16,835.96,13375.36
2023-06-25,Smartphones,Norte,19,1049.09,19932.71
2023-06-26,Smartphones,Norte,24,887.3,21295.2
2023-06-27,Smartphones,Norte,25,961.03,24025.75
2023-06-28,Smartphones,Norte,22,865.39,19038.58
2023-06-29,Smartphones,Norte,20,834.44,16688.8
2023-06-30,Smartphones,Norte,18,869.07,15643.26
2023-07-01,Smartphones,Norte,20,905.99,18119.8
2023-07-02,Smartphones,Norte,26,903.33,23486.58
2023-07-03,Smartphones,Norte,28,868.52,24318.56
2023-07-04,Smartphones,Norte,24,877.79,21066.96
2023-07-05,Smartphones,Norte,19,904.68,17188.92
2023-07-06,Smartphones,Norte,20,862.91,17258.2
2023-07-07,Smartphones,Norte,18,877.22,15789.96
2023-07-08,Smartphones,Norte,19,849.66,16143.54
2023-07-09,Smartphones,Norte,23,934.04,21482.92
2023-07-10,Smartphones,Norte,27,839.38,22663.26
2023-07-11,Smartphones,Norte,26,884.94,23008.44
2023-07-12,Smartphones,Norte,25,922.89,23072.25
2023-07-13,Smartphones,Norte,20,926.34,18526.8
2023-07-14,Smartphones,Norte,19,847.83,16108.77
2023-07-15,Smartphones,Norte,19,934.39,17753.41
2023-07-16,Smartphones,Norte,21,920.42,19328.82
2023-07-17,Smartphones,Norte,26,929.38,24163.88
2023-07-18,Smartphones,Norte,20,894.43,17888.6
2023-07-19,Smartphones,Norte,23,919.78,21154.94
2023-07-20,Smartphones,Norte,18,926.72,16680.96
2023-07-21,Smartphones,Norte,12,1011.41,12136.92
2023-07-22,Smartphones,Norte,12,822.44,9869.28
2023-07-23,Smartphones,Norte,19,918.41,17449.79
2023-07-24,Smartphones,Norte,24,932.64,22383.36
2023-07-25,Smartphones,Norte,23,913.3,21005.9
2023-07-26,Smartphones,Norte,18,945.5,17019.0
2023-07-27,Smartphones,Norte,17,943.13,16033.21
2023-07-28,Smartphones,Norte,11,916.11,10077.21
2023-07-29,Smartphones,Norte,19,895.5,17014.5
2023-07-30,Smartphones,Norte,21,807.39,16955.19
2023-07-31,Smartphones,Norte,20,997.75,19955.0
2023-08-01,Smartphones,Norte,19,796.35,15130.65
2023-08-02,Smartphones,Norte,21,930.0,19530.0
2023-08-03,Smartphones,Norte,19,917.83,17438.77
2023-08-04,Smartphones,Norte,14,842.79,11799.06
2023-08-05,Smartphones,Norte,17,1004.32,17073.44
2023-08-06,Smartphones,Norte,22,943.29,20752.38
2023-08-07,Smartphones,Norte,27,916.46,24744.42
2023-08-08,Smartphones,Norte,21,844.36,17731.56
2023-08-09,Smartphones,Norte,19,972.25,18472.75
2023-08-10,Smartphones,Norte,17,975.33,16580.61
2023-08-11,Smartphones,Norte,10,910.34,9103.4
2023-08-12,Smartphones,Norte,16,986.07,15777.12
2023-08-13,Smartphones,Norte,16,912.89,14606.24
2023-08-14,Smartphones,Norte,23,920.77,21177.71
2023-08-15,Smartphones,Norte,19,900.25,17104.75
2023-08-16,Smartphones,Norte,23,936.77,21545.71
2023-08-17,Smartphones,Norte,15,927.9,13918.5
2023-08-18,Smartphones,Norte,15,878.46,13176.9
2023-08-19,Smartphones,Norte,14,850.67,11909.38
2023-08-20,Smartphones,Norte,13,892.82,11606.66
2023-08-21,Smartphones,Norte,18,934.41,16819.38
2023-08-22,Smartphones,Norte,17,893.57,15190.69
2023-08-23,Smartphones,Norte,18,859.29,15467.22
2023-08-24,Smartphones,Norte,12,897.88,10774.56
2023-08-25,Smartphones,Norte,9,848.24,7634.16
2023-08-26,Smartphones,Norte,17,876.11,14893.87
2023-08-27,Smartphones,Norte,18,819.13,14744.34
2023-08-28,Smartphones,Norte,19,906.39,17221.41
2023-08-29,Smartphones,Norte,18,936.22,16851.96
2023-08-30,Smartphones,Norte,21,902.28,18947.88
2023-08-31,Smartphones,Norte,11,918.71,10105.81
2023-09-01,Smartphones,Norte,17,907.86,15433.62
2023-09-02,Smartphones,Norte,15,922.09,13831.35
2023-09-03,Smartphones,Norte,15,927.53,13912.95
2023-09-04,Smartphones,Norte,19,928.48,17641.12
2023-09-05,Smartphones,Norte,21,952.32,19998.72
2023-09-06,Smartphones,Norte,20,827.73,16554.6
2023-09-07,Smartphones,Norte,17,935.36,15901.12
2023-09-08,Smartphones,Norte,15,890.16,13352.4
2023-09-09,Smartphones,Norte,14,878.61,12300.54
2023-09-10,Smartphones,Norte,18,812.99,14633.82
2023-09-11,Smartphones,Norte,18,828.64,14915.52
2023-09-12,Smartphones,Norte,16,877.39,14038.24
2023-09-13,Smartphones,Norte,24,862.61,20702.64
2023-09-14,Smartphones,Norte,17,944.81,16061.77
2023-09-15,Smartphones,Norte,11,933.15,10264.65
2023-09-16,Smartphones,Norte,13,967.64,12579.32
2023-09-17,Smartphones,Norte,13,893.1,11610.3
2023-09-18,Smartphones,Norte,18,929.46,16730.28
2023-09-19,Smartphones,Norte,23,829.14,19070.22
2023-09-20,Smartphones,Norte,12,1007.59,12091.08
2023-09-21,Smartphones,Norte,15,980.83,14712.45
2023-09-22,Smartphones,Norte,12,862.71,10352.52
2023-09-23,Smartphones,Norte,14,972.06,13608.84
2023-09-24,Smartphones,Norte,15,848.24,12723.6
2023-09-25,Smartphones,Norte,16,869.68,13914.88
2023-09-26,Smartphones,Norte,19,900.43,17108.17
2023-09-27,Smartphones,Norte,17,860.56,14629.52
2023-09-28,Smartphones,Norte,19,927.25,17617.75
2023-09-29,Smartphones,Norte,13,951.18,12365.34
2023-09-30,Smartphones,Norte,13,836.13,10869.69
2023-10-01,Smartphones,Norte,14,905.33,12674.62
2023-10-02,Smartphones,Norte,22,855.44,18819.68
2023-10-03,Smartphones,Norte,15,912.36,13685.4
2023-10-04,Smartphones,Norte,19,913.42,17354.98
2023-10-05,Smartphones,Norte,19,871.33,16555.27
2023-10-06,Smartphones,Norte,14,892.61,12496.54
2023-10-07,Smartphones,Norte,14,904.65,12665.1
2023-10-08,Smartphones,Norte,18,869.21,15645.78
2023-10-09,Smartphones,Norte,21,824.65,17317.65
2023-10-10,Smartphones,Norte,19,934.91,17763.29
2023-10-11,Smartphones,Norte,21,934.58,19626.18
2023-10-12,Smartphones,Norte,16,932.5,14920.0
2023-10-13,Smartphones,Norte,15,855.32,12829.8
2023-10-14,Smartphones,Norte,13,889.53,11563.89
2023-10-15,Smartphones,Norte,18,826.62,14879.16
2023-10-16,Smartphones,Norte,21,993.87,20871.27
2023-10-17,Smartphones,Norte,20,840.21,16804.2
2023-10-18,Smartphones,Norte,17,956.33,16257.61
2023-10-19,Smartphones,Norte,12,865.07,10380.84
2023-10-20,Smartphones,Norte,18,913.62,16445.16
2023-10-21,Smartphones,Norte,17,888.44,15103.48
2023-10-22,Smartphones,Norte,21,882.65,18535.65
2023-10-23,Smartphones,Norte,23,918.29,21120.67
2023-10-24,Smartphones,Norte,23,875.17,20128.91
2023-10-25,Smartphones,Norte,26,827.39,21512.14
2023-10-26,Smartphones,Norte,18,892.54,16065.72
2023-10-27,Smartphones,Norte,17,950.15,16152.55
2023-10-28,Smartphones,Norte,16,900.74,14411.84
2023-10-29,Smartphones,Norte,24,857.7,20584.8
2023-10-30,Smartphones,Norte,16,1024.43,16390.88
2023-10-31,Smartphones,Norte,17,900.37,15306.29
2023-11-01,Smartphones,Norte,21,861.73,18096.33
2023-11-02,Smartphones,Norte,15,996.67,14950.05
2023-11-03,Smartphones,Norte,21,822.06,17263.26
2023-11-04,Smartphones,Norte,14,858.05,12012.7
2023-11-05,Smartphones,Norte,24,945.97,22703.28
2023-11-06,Smartphones,Norte,22,857.31,18860.82
2023-11-07,Smartphones,Norte,22,932.88,20523.36
2023-11-08,Smartphones,Norte,27,938.62,25342.74
2023-11-09,Smartphones,Norte,16,993.08,15889.28
2023-11-10,Smartphones,Norte,22,947.83,20852.26
2023-11-11,Smartphones,Norte,20,879.39,17587.8
2023-11-12,Smartphones,Norte,19,866.86,16470.34
2023-11-13,Smartphones,Norte,23,852.48,19607.04
2023-11-14,Smartphones,Norte,34,849.76,28891.84
2023-11-15,Smartphones,Norte,40,917.73,36709.2
2023-11-16,Smartphones,Norte,43,820.02,35260.86
2023-11-17,Smartphones,Norte,31,907.25,28124.75
2023-11-18,Smartphones,Norte,42,813.19,34153.98
2023-11-19,Smartphones,Norte,38,911.57,34639.66
2023-11-20,Smartphones,Norte,52,875.36,45518.72
2023-11-21,Smartphones,Norte,46,928.48,42710.08
2023-11-22,Smartphones,Norte,49,778.44,38143.56
2023-11-23,Smartphones,Norte,34,942.6,32048.4
2023-11-24,Smartphones,Norte,31,900.48,27914.88
2023-11-25,Smartphones,Norte,40,878.92,35156.8
2023-11-26,Smartphones,Norte,48,923.54,44329.92
2023-11-27,Smartphones,Norte,47,920.04,43241.88
2023-11-28,Smartphones,Norte,41,838.02,34358.82
2023-11-29,Smartphones,Norte,47,907.07,42632.29
2023-11-30,Smartphones,Norte,38,932.95,35452.1
2023-12-01,Smartphones,Norte,26,828.31,21536.06
2023-12-02,Smartphones,Norte,31,909.18,28184.58
2023-12-03,Smartphones,Norte,32,954.19,30534.08
2023-12-04,Smartphones,Norte,38,907.69,34492.22
2023-12-05,Smartphones,Norte,40,878.84,35153.6
2023-12-06,Smartphones,Norte,38,838.38,31858.44
2023-12-07,Smartphones,Norte,44,850.51,37422.44
2023-12-08,Smartphones,Norte,31,881.77,27334.87
2023-12-09,Smartphones,Norte,35,934.95,32723.25
2023-12-10,Smartphones,Norte,39,926.68,36140.52
2023-12-11,Smartphones,Norte,54,881.99,47627.46
2023-12-12,Smartphones,Norte,49,862.79,42276.71
2023-12-13,Smartphones,Norte,56,872.5,48860.0
2023-12-14,Smartphones,Norte,27,951.98,25703.46
2023-12-15,Smartphones,Norte,35,831.27,29094.45
2023-12-16,Smartphones,Norte,33,900.72,29723.76
2023-12-17,Smartphones,Norte,41,875.45,35893.45
2023-12-18,Smartphones,Norte,54,928.63,50146.02
2023-12-19,Smartphones,Norte,47,888.86,41776.42
2023-12-20,Smartphones,Norte,51,841.56,42919.56
2023-12-21,Smartphones,Norte,44,969.18,42643.92
2023-12-22,Smartphones,Norte,27,907.8,24510.6
2023-12-23,Smartphones,Norte,30,905.19,27155.7
2023-12-24,Smartphones,Norte,44,835.0,36740.0
2023-12-25,Smartphones,Norte,24,883.11,21194.64
2023-12-26,Smartphones,Norte,28,864.74,24212.72
2023-12-27,Smartphones,Norte,32,893.69,28598.08
2023-12-28,Smartphones,Norte,25,813.18,20329.5
2023-12-29,Smartphones,Norte,27,903.44,24392.88
2023-12-30,Smartphones,Norte,26,935.1,24312.6
2023-12-31,Smartphones,Norte,28,872.97,24443.16
2024-01-01,Smartphones,Norte,37,909.94,33667.78
2024-01-02,Smartphones,Norte,32,850.99,27231.68
2024-01-03,Smartphones,Norte,38,973.44,36990.72
2024-01-04,Smartphones,Norte,20,851.79,17035.8
2024-01-05,Smartphones,Norte,24,889.23,21341.52
2024-01-06,Smartphones,Norte,25,861.58,21539.5
2024-01-07,Smartphones,Norte,29,855.73,24816.17
2024-01-08,Smartphones,Norte,31,969.26,30047.06
2024-01-09,Smartphones,Norte,48,964.39,46290.72
2024-01-10,Smartphones,Norte,40,875.88,35035.2
2024-01-11,Smartphones,Norte,31,1052.5,32627.5
2024-01-12,Smartphones,Norte,22,948.5,20867.0
2024-01-13,Smartphones,Norte,32,944.67,30229.44
2024-01-14,Smartphones,Norte,27,899.37,24282.99
2024-01-15,Smartphones,Norte,35,952.68,33343.8
2024-01-16,Smartphones,Norte,39,904.74,35284.86
2024-01-17,Smartphones,Norte,28,854.75,23933.0
2024-01-18,Smartphones,Norte,26,898.21,23353.46
2024-01-19,Smartphones,Norte,33,879.21,29013.93
2024-01-20,Smartphones,Norte,32,843.7,26998.4
2024-01-21,Smartphones,Norte,41,944.79,38736.39
2024-01-22,Smartphones,Norte,37,907.18,33565.66
2024-01-23,Smartphones,Norte,39,896.26,34954.14
2024-01-24,Smartphones,Norte,37,978.27,36195.99
2024-01-25,Smartphones,Norte,29,907.15,26307.35
2024-01-26,Smartphones,Norte,24,955.33,22927.92
2024-01-27,Smartphones,Norte,38,852.34,32388.92
2024-01-28,Smartphones,Norte,30,864.35,25930.5
2024-01-29,Smartphones,Norte,38,899.94,34197.72
2024-01-30,Smartphones,Norte,40,904.28,36171.2
2024-01-31,Smartphones,Norte,39,913.34,35620.26
2024-02-01,Smartphones,Norte,33,945.08,31187.64
2024-02-02,Smartphones,Norte,29,1062.82,30821.78
2024-02-03,Smartphones,Norte,32,827.38,26476.16
2024-02-04,Smartphones,Norte,37,872.43,32279.91
2024-02-05,Smartphones,Norte,39,918.0,35802.0
2024-02-06,Smartphones,Norte,35,987.84,34574.4
2024-02-07,Smartphones,Norte,41,889.78,36480.98
2024-02-08,Smartphones,Norte,31,898.99,27868.69
2024-02-09,Smartphones,Norte,35,881.46,30851.1
2024-02-10,Smartphones,Norte,30,923.75,27712.5
2024-02-11,Smartphones,Norte,28,898.59,25160.52
2024-02-12,Smartphones,Norte,47,936.67,44023.49
2024-02-13,Smartphones,Norte,47,955.01,44885.47
2024-02-14,Smartphones,Norte,42,882.75,37075.5
2024-02-15,Smartphones,Norte,28,942.87,26400.36
2024-02-16,Smartphones,Norte,31,866.07,26848.17
2024-02-17,Smartphones,Norte,30,909.79,27293.7
2024-02-18,Smartphones,Norte,43,869.59,37392.37
2024-02-19,Smartphones,Norte,49,825.11,40430.39
2024-02-20,Smartphones,Norte,43,941.25,40473.75
2024-02-21,Smartphones,Norte,41,853.77,35004.57
2024-02-22,Smartphones,Norte,31,866.56,26863.36
2024-02-23,Smartphones,Norte,26,883.66,22975.16
2024-02-24,Smartphones,Norte,33,985.41,32518.53
2024-02-25,Smartphones,Norte,38,973.03,36975.14
2024-02-26,Smartphones,Norte,51,824.31,42039.81
2024-02-27,Smartphones,Norte,44,844.25,37147.0
2024-02-28,Smartphones,Norte,38,984.42,37407.96
2024-02-29,Smartphones,Norte,31,998.35,30948.85
2024-03-01,Smartphones,Norte,36,921.53,33175.08
2024-03-02,Smartphones,Norte,32,906.17,28997.44
2024-03-03,Smartphones,Norte,32,897.19,28710.08
2024-03-04,Smartphones,Norte,43,890.13,38275.59
2024-03-05,Smartphones,Norte,40,843.84,33753.6
2024-03-06,Smartphones,Norte,42,937.23,39363.66
2024-03-07,Smartphones,Norte,28,857.58,24012.24
2024-03-08,Smartphones,Norte,32,929.39,29740.48
2024-03-09,Smartphones,Norte,33,901.55,29751.15
2024-03-10,Smartphones,Norte,44,949.27,41767.88
2024-03-11,Smartphones,Norte,37,869.15,32158.55
2024-03-12,Smartphones,Norte,44,842.57,37073.08
2024-03-13,Smartphones,Norte,34,854.48,29052.32
2024-03-14,Smartphones,Norte,31,899.03,27869.93
2024-03-15,Smartphones,Norte,27,893.01,24111.27
2024-03-16,Smartphones,Norte,27,842.29,22741.83
2024-03-17,Smartphones,Norte,46,876.01,40296.46
2024-03-18,Smartphones,Norte,31,903.54,28009.74
2024-03-19,Smartphones,Norte,35,931.81,32613.35
2024-03-20,Smartphones,Norte,31,898.97,27868.07
2024-03-21,Smartphones,Norte,34,931.57,31673.38
2024-03-22,Smartphones,Norte,29,901.9,26155.1
2024-03-23,Smartphones,Norte,30,902.16,27064.8
2024-03-24,Smartphones,Norte,38,922.51,35055.38
2024-03-25,Smartphones,Norte,45,846.35,38085.75
2024-03-26,Smartphones,Norte,27,984.91,26592.57
2024-03-27,Smartphones,Norte,35,903.49,31622.15
2024-03-28,Smartphones,Norte,28,896.04,25089.12
2024-03-29,Smartphones,Norte,24,911.21,21869.04
2024-03-30,Smartphones,Norte,33,951.27,31391.91
2024-03-31,Smartphones,Norte,32,918.72,29399.04
2024-04-01,Smartphones,Norte,40,928.67,37146.8
2024-04-02,Smartphones,Norte,48,904.0,43392.0
2024-04-03,Smartphones,Norte,50,851.35,42567.5
2024-04-04,Smartphones,Norte,27,783.19,21146.13
2024-04-05,Smartphones,Norte,33,937.33,30931.89
2024-04-06,Smartphones,Norte,30,945.41,28362.3
2024-04-07,Smartphones,Norte,37,846.09,31305.33
2024-04-08,Smartphones,Norte,46,840.74,38674.04
2024-04-09,Smartphones,Norte,40,847.32,33892.8
2024-04-10,Smartphones,Norte,38,871.15,33103.7
2024-04-11,Smartphones,Norte,36,857.05,30853.8
2024-04-12,Smartphones,Norte,28,903.43,25296.04
2024-04-13,Smartphones,Norte,31,904.92,28052.52
2024-04-14,Smartphones,Norte,30,899.49,26984.7
2024-04-15,Smartphones,Norte,28,873.49,24457.72
2024-04-16,Smartphones,Norte,42,855.97,35950.74
2024-04-17,Smartphones,Norte,34,830.18,28226.12
2024-04-18,Smartphones,Norte,34,870.75,29605.5
2024-04-19,Smartphones,Norte,31,924.91,28672.21
2024-04-20,Smartphones,Norte,27,823.41,22232.07
2024-04-21,Smartphones,Norte,47,893.2,41980.4
2024-04-22,Smartphones,Norte,35,848.7,29704.5
2024-04-23,Smartphones,Norte,33,837.77,27646.41
2024-04-24,Smartphones,Norte,42,939.83,39472.86
2024-04-25,Smartphones,Norte,34,951.83,32362.22
2024-04-26,Smartphones,Norte,25,918.92,22973.0
2024-04-27,Smartphones,Norte,30,842.95,25288.5
2024-04-28,Smartphones,Norte,35,934.13,32694.55
2024-04-29,Smartphones,Norte,39,929.97,36268.83
2024-04-30,Smartphones,Norte,39,986.52,38474.28
2024-05-01,Smartphones,Norte,30,872.62,26178.6
2024-05-02,Smartphones,Norte,32,913.59,29234.88
2024-05-03,Smartphones,Norte,26,856.64,22272.64
2024-05-04,Smartphones,Norte,28,811.24,22714.72
2024-05-05,Smartphones,Norte,37,814.29,30128.73
2024-05-06,Smartphones,Norte,46,899.42,41373.32
2024-05-07,Smartphones,Norte,40,863.47,34538.8
2024-05-08,Smartphones,Norte,32,920.31,29449.92
2024-05-09,Smartphones,Norte,27,925.99,25001.73
2024-05-10,Smartphones,Norte,21,897.77,18853.17
2024-05-11,Smartphones,Norte,34,827.27,28127.18
2024-05-12,Smartphones,Norte,29,852.73,24729.17
2024-05-13,Smartphones,Norte,27,907.74,24508.98
2024-05-14,Smartphones,Norte,35,912.26,31929.1
2024-05-15,Smartphones,Norte,33,912.9,30125.7
2024-05-16,Smartphones,Norte,30,936.15,28084.5
2024-05-17,Smartphones,Norte,24,886.31,21271.44
2024-05-18,Smartphones,Norte,23,906.6,20851.8
2024-05-19,Smartphones,Norte,30,922.28,27668.4
2024-05-20,Smartphones,Norte,33,940.72,31043.76
2024-05-21,Smartphones,Norte,31,896.57,27793.67
2024-05-22,Smartphones,Norte,35,895.0,31325.0
2024-05-23,Smartphones,Norte,33,911.03,30063.99
2024-05-24,Smartphones,Norte,34,899.28,30575.52
2024-05-25,Smartphones,Norte,28,884.91,24777.48
2024-05-26,Smartphones,Norte,31,868.62,26927.22
2024-05-27,Smartphones,Norte,42,819.87,34434.54
2024-05-28,Smartphones,Norte,38,921.23,35006.74
2024-05-29,Smartphones,Norte,40,918.08,36723.2
2024-05-30,Smartphones,Norte,25,909.06,22726.5
2024-05-31,Smartphones,Norte,23,915.64,21059.72
2024-06-01,Smartphones,Norte,28,889.73,24912.44
2024-06-02,Smartphones,Norte,33,981.38,32385.54
2024-06-03,Smartphones,Norte,32,937.06,29985.92
2024-06-04,Smartphones,Norte,29,984.67,28555.43
2024-06-05,Smartphones,Norte,23,867.54,19953.42
2024-06-06,Smartphones,Norte,31,894.74,27736.94
2024-06-07,Smartphones,Norte,22,894.74,19684.28
2024-06-08,Smartphones,Norte,24,962.59,23102.16
2024-06-09,Smartphones,Norte,33,804.34,26543.22
2024-06-10,Smartphones,Norte,33,925.07,30527.31
2024-06-11,Smartphones,Norte,31,907.17,28122.27
2024-06-12,Smartphones,Norte,27,947.02,25569.54
2024-06-13,Smartphones,Norte,27,874.83,23620.41
2024-06-14,Smartphones,Norte,27,821.85,22189.95
2024-06-15,Smartphones,Norte,29,985.21,28571.09
2024-06-16,Smartphones,Norte,34,899.49,30582.66
2024-06-17,Smartphones,Norte,25,943.01,23575.25
2024-06-18,Smartphones,Norte,29,886.16,25698.64
2024-06-19,Smartphones,Norte,25,951.25,23781.25
2024-06-20,Smartphones,Norte,25,934.86,23371.5
2024-06-21,Smartphones,Norte,28,955.04,26741.12
2024-06-22,Smartphones,Norte,21,885.25,18590.25
2024-06-23,Smartphones,Norte,27,960.98,25946.46
2024-06-24,Smartphones,Norte,32,923.87,29563.84
2024-06-25,Smartphones,Norte,26,818.48,21280.48
2024-06-26,Smartphones,Norte,30,961.5,28845.0
2024-06-27,Smartphones,Norte,24,926.18,22228.32
2024-06-28,Smartphones,Norte,17,886.79,15075.43
2024-06-29,Smartphones,Norte,21,894.26,18779.46
2024-06-30,Smartphones,Norte,28,854.89,23936.92
2024-07-01,Smartphones,Norte,24,906.87,21764.88
2024-07-02,Smartphones,Norte,31,925.12,28678.72
2024-07-03,Smartphones,Norte,24,905.34,21728.16
2024-07-04,Smartphones,Norte,16,910.59,14569.44
2024-07-05,Smartphones,Norte,17,875.61,14885.37
2024-07-06,Smartphones,Norte,16,858.75,13740.0
2024-07-07,Smartphones,Norte,22,901.68,19836.96
2024-07-08,Smartphones,Norte,29,911.83,26443.07
2024-07-09,Smartphones,Norte,25,881.69,22042.25
2024-07-10,Smartphones,Norte,23,921.46,21193.58
2024-07-11,Smartphones,Norte,22,939.06,20659.32
2024-07-12,Smartphones,Norte,19,944.01,17936.19
2024-07-13,Smartphones,Norte,20,878.22,17564.4
2024-07-14,Smartphones,Norte,18,825.39,14857.02
2024-07-15,Smartphones,Norte,26,919.61,23909.86
2024-07-16,Smartphones,Norte,22,887.2,19518.4
2024-07-17,Smartphones,Norte,24,901.2,21628.8
2024-07-18,Smartphones,Norte,18,878.39,15811.02
2024-07-19,Smartphones,Norte,18,973.66,17525.88
2024-07-20,Smartphones,Norte,24,881.37,21152.88
2024-07-21,Smartphones,Norte,17,984.38,16734.46
2024-07-22,Smartphones,Norte,25,935.17,23379.25
2024-07-23,Smartphones,Norte,23,947.44,21791.12
2024-07-24,Smartphones,Norte,26,894.23,23249.98
2024-07-25,Smartphones,Norte,22,862.64,18978.08
2024-07-26,Smartphones,Norte,17,931.63,15837.71
2024-07-27,Smartphones,Norte,18,915.56,16480.08
2024-07-28,Smartphones,Norte,22,877.41,19303.02
2024-07-29,Smartphones,Norte,28,932.08,26098.24
2024-07-30,Smartphones,Norte,21,926.53,19457.13
2024-07-31,Smartphones,Norte,17,822.58,13983.86
2024-08-01,Smartphones,Norte,16,927.94,14847.04
2024-08-02,Smartphones,Norte,18,943.49,16982.82
2024-08-03,Smartphones,Norte,21,831.57,17462.97
2024-08-04,Smartphones,Norte,24,988.0,23712.0
2024-08-05,Smartphones,Norte,22,963.14,21189.08
2024-08-06,Smartphones,Norte,25,822.72,20568.0
2024-08-07,Smartphones,Norte,19,883.91,16794.29
2024-08-08,Smartphones,Norte,19,859.83,16336.77
2024-08-09,Smartphones,Norte,18,846.64,15239.52
2024-08-10,Smartphones,Norte,16,914.16,14626.56
2024-08-11,Smartphones,Norte,21,906.74,19041.54
2024-08-12,Smartphones,Norte,20,859.08,17181.6
2024-08-13,Smartphones,Norte,20,864.27,17285.4
2024-08-14,Smartphones,Norte,24,900.54,21612.96
2024-08-15,Smartphones,Norte,16,918.53,14696.48
2024-08-16,Smartphones,Norte,15,862.87,12943.05
2024-08-17,Smartphones,Norte,12,903.15,10837.8
2024-08-18,Smartphones,Norte,21,924.88,19422.48
2024-08-19,Smartphones,Norte,26,941.26,24472.76
2024-08-20,Smartphones,Norte,26,913.28,23745.28
2024-08-21,Smartphones,Norte,26,907.22,23587.72
2024-08-22,Smartphones,Norte,18,889.26,16006.68
2024-08-23,Smartphones,Norte,17,881.65,14988.05
2024-08-24,Smartphones,Norte,21,908.06,19069.26
2024-08-25,Smartphones,Norte,19,904.31,17181.89
2024-08-26,Smartphones,Norte,18,918.61,16534.98
2024-08-27,Smartphones,Norte,24,865.61,20774.64
2024-08-28,Smartphones,Norte,23,928.86,21363.78
2024-08-29,Smartphones,Norte,14,831.65,11643.1
2024-08-30,Smartphones,Norte,20,930.72,18614.4
2024-08-31,Smartphones,Norte,18,890.47,16028.46
2024-09-01,Smartphones,Norte,23,849.13,19529.99
2024-09-02,Smartphones,Norte,18,849.4,15289.2
2024-09-03,Smartphones,Norte,26,924.73,24042.98
2024-09-04,Smartphones,Norte,26,905.62,23546.12
2024-09-05,Smartphones,Norte,14,909.29,12730.06
2024-09-06,Smartphones,Norte,14,891.45,12480.3
2024-09-07,Smartphones,Norte,18,881.71,15870.78
2024-09-08,Smartphones,Norte,15,905.41,13581.15
2024-09-09,Smartphones,Norte,25,898.45,22461.25
2024-09-10,Smartphones,Norte,21,865.66,18178.86
2024-09-11,Smartphones,Norte,20,824.48,16489.6
2024-09-12,Smartphones,Norte,14,868.43,12158.02
2024-09-13,Smartphones,Norte,16,906.89,14510.24
2024-09-14,Smartphones,Norte,14,937.21,13120.94
2024-09-15,Smartphones,Norte,19,810.04,15390.76
2024-09-16,Smartphones,Norte,20,877.35,17547.0
2024-09-17,Smartphones,Norte,22,909.48,20008.56
2024-09-18,Smartphones,Norte,18,905.38,16296.84
2024-09-19,Smartphones,Norte,13,902.28,11729.64
2024-09-20,Smartphones,Norte,15,876.24,13143.6
2024-09-21,Smartphones,Norte,14,864.85,12107.9
2024-09-22,Smartphones,Norte,23,920.02,21160.46
2024-09-23,Smartphones,Norte,24,910.18,21844.32
2024-09-24,Smartphones,Norte,24,896.49,21515.76
2024-09-25,Smartphones,Norte,20,989.88,19797.6
2024-09-26,Smartphones,Norte,17,954.62,16228.54
2024-09-27,Smartphones,Norte,19,922.06,17519.14
2024-09-28,Smartphones,Norte,17,941.54,16006.18
2024-09-29,Smartphones,Norte,20,929.08,18581.6
2024-09-30,Smartphones,Norte,24,887.63,21303.12
2024-10-01,Smartphones,Norte,22,849.89,18697.58
2024-10-02,Smartphones,Norte,18,943.36,16980.48
2024-10-03,Smartphones,Norte,19,899.33,17087.27
2024-10-04,Smartphones,Norte,19,940.5,17869.5
2024-10-05,Smartphones,Norte,15,936.83,14052.45
2024-10-06,Smartphones,Norte,18,832.48,14984.64
2024-10-07,Smartphones,Norte,24,928.24,22277.76
2024-10-08,Smartphones,Norte,19,978.01,18582.19
2024-10-09,Smartphones,Norte,19,891.97,16947.43
2024-10-10,Smartphones,Norte,19,915.65,17397.35
2024-10-11,Smartphones,Norte,15,946.84,14202.6
2024-10-12,Smartphones,Norte,17,834.17,14180.89
2024-10-13,Smartphones,Norte,29,808.43,23444.47
2024-10-14,Smartphones,Norte,24,893.06,21433.44
2024-10-15,Smartphones,Norte,25,829.56,20739.0
2024-10-16,Smartphones,Norte,20,960.61,19212.2
2024-10-17,Smartphones,Norte,19,938.78,17836.82
2024-10-18,Smartphones,Norte,20,958.59,19171.8
2024-10-19,Smartphones,Norte,22,898.03,19756.66
2024-10-20,Smartphones,Norte,21,950.51,19960.71
2024-10-21,Smartphones,Norte,22,904.21,19892.62
2024-10-22,Smartphones,Norte,19,918.06,17443.14
2024-10-23,Smartphones,Norte,24,996.47,23915.28
2024-10-24,Smartphones,Norte,20,843.56,16871.2
2024-10-25,Smartphones,Norte,14,978.19,13694.66
2024-10-26,Smartphones,Norte,16,815.55,13048.8
2024-10-27,Smartphones,Norte,18,899.33,16187.94
2024-10-28,Smartphones,Norte,30,925.23,27756.9
2024-10-29,Smartphones,Norte,26,877.85,22824.1
2024-10-30,Smartphones,Norte,21,912.94,19171.74
2024-10-31,Smartphones,Norte,18,916.63,16499.34
2024-11-01,Smartphones,Norte,20,927.94,18558.8
2024-11-02,Smartphones,Norte,21,891.06,18712.26
2024-11-03,Smartphones,Norte,23,869.47,19997.81
2024-11-04,Smartphones,Norte,22,908.51,19987.22
2024-11-05,Smartphones,Norte,28,885.56,24795.68
2024-11-06,Smartphones,Norte,26,901.32,23434.32
2024-11-07,Smartphones,Norte,22,886.09,19493.98
2024-11-08,Smartphones,Norte,16,909.03,14544.48
2024-11-09,Smartphones,Norte,19,872.76,16582.44
2024-11-10,Smartphones,Norte,26,878.51,22841.26
2024-11-11,Smartphones,Norte,33,850.11,28053.63
2024-11-12,Smartphones,Norte,28,907.07,25397.96
2024-11-13,Smartphones,Norte,26,859.52,22347.52
2024-11-14,Smartphones,Norte,25,913.93,22848.25
2024-11-15,Smartphones,Norte,36,945.87,34051.32
2024-11-16,Smartphones,Norte,43,970.53,41732.79
2024-11-17,Smartphones,Norte,53,895.07,47438.71
2024-11-18,Smartphones,Norte,58,1024.77,59436.66
2024-11-19,Smartphones,Norte,45,927.76,41749.2
2024-11-20,Smartphones,Norte,64,905.75,57968.0
2024-11-21,Smartphones,Norte,45,987.38,44432.1
2024-11-22,Smartphones,Norte,42,860.3,36132.6
2024-11-23,Smartphones,Norte,41,899.34,36872.94
2024-11-24,Smartphones,Norte,67,886.62,59403.54
2024-11-25,Smartphones,Norte,51,841.92,42937.92
2024-11-26,Smartphones,Norte,57,944.57,53840.49
2024-11-27,Smartphones,Norte,53,913.28,48403.84
2024-11-28,Smartphones,Norte,50,930.06,46503.0
2024-11-29,Smartphones,Norte,44,929.32,40890.08
2024-11-30,Smartphones,Norte,35,823.92,28837.2
2024-12-01,Smartphones,Norte,40,953.77,38150.8
2024-12-02,Smartphones,Norte,58,866.25,50242.5
2024-12-03,Smartphones,Norte,47,944.0,44368.0
2024-12-04,Smartphones,Norte,47,843.76,39656.72
2024-12-05,Smartphones,Norte,34,916.46,31159.64
2024-12-06,Smartphones,Norte,41,871.8,35743.8
2024-12-07,Smartphones,Norte,44,910.26,40051.44
2024-12-08,Smartphones,Norte,49,893.08,43760.92
2024-12-09,Smartphones,Norte,49,913.08,44740.92
2024-12-10,Smartphones,Norte,58,889.9,51614.2
2024-12-11,Smartphones,Norte,40,878.54,35141.6
2024-12-12,Smartphones,Norte,42,956.38,40167.96
2024-12-13,Smartphones,Norte,41,956.36,39210.76
2024-12-14,Smartphones,Norte,43,985.7,42385.1
2024-12-15,Smartphones,Norte,61,902.42,55047.62
2024-12-16,Smartphones,Norte,45,896.54,40344.3
2024-12-17,Smartphones,Norte,52,904.9,47054.8
2024-12-18,Smartphones,Norte,42,870.93,36579.06
2024-12-19,Smartphones,Norte,42,846.22,35541.24
2024-12-20,Smartphones,Norte,37,877.53,32468.61
2024-12-21,Smartphones,Norte,41,868.77,35619.57
2024-12-22,Smartphones,Norte,60,927.16,55629.6
2024-12-23,Smartphones,Norte,58,937.15,54354.7
2024-12-24,Smartphones,Norte,70,813.95,56976.5
2024-12-25,Smartphones,Norte,41,866.28,35517.48
2024-12-26,Smartphones,Norte,26,919.63,23910.38
2024-12-27,Smartphones,Norte,30,908.53,27255.9
2024-12-28,Smartphones,Norte,28,892.72,24996.16
2024-12-29,Smartphones,Norte,39,891.41,34764.99
2024-12-30,Smartphones,Norte,37,917.35,33941.95
2023-01-01,Smartphones,Centro,42,877.4,36850.8
2023-01-02,Smartphones,Centro,27,895.92,24189.84
2023-01-03,Smartphones,Centro,45,869.51,39127.95
2023-01-04,Smartphones,Centro,30,942.42,28272.6
2023-01-05,Smartphones,Centro,35,859.91,30096.85
2023-01-06,Smartphones,Centro,33,879.56,29025.48
2023-01-07,Smartphones,Centro,25,920.56,23014.0
2023-01-08,Smartphones,Centro,33,786.21,25944.93
2023-01-09,Smartphones,Centro,53,865.77,45885.81
2023-01-10,Smartphones,Centro,43,859.9,36975.7
2023-01-11,Smartphones,Centro,30,909.03,27270.9
2023-01-12,Smartphones,Centro,31,908.33,28158.23
2023-01-13,Smartphones,Centro,36,989.63,35626.68
2023-01-14,Smartphones,Centro,33,858.47,28329.51
2023-01-15,Smartphones,Centro,38,832.04,31617.52
2023-01-16,Smartphones,Centro,52,954.51,49634.52
2023-01-17,Smartphones,Centro,47,871.02,40937.94
2023-01-18,Smartphones,Centro,53,905.88,48011.64
2023-01-19,Smartphones,Centro,23,876.96,20170.08
2023-01-20,Smartphones,Centro,36,927.51,33390.36
2023-01-21,Smartphones,Centro,36,915.46,32956.56
2023-01-22,Smartphones,Centro,35,883.12,30909.2
2023-01-23,Smartphones,Centro,47,900.91,42342.77
2023-01-24,Smartphones,Centro,37,877.98,32485.26
2023-01-25,Smartphones,Centro,54,902.35,48726.9
2023-01-26,Smartphones,Centro,32,879.57,28146.24
2023-01-27,Smartphones,Centro,37,965.76,35733.12
2023-01-28,Smartphones,Centro,43,887.46,38160.78
2023-01-29,Smartphones,Centro,31,879.34,27259.54
2023-01-30,Smartphones,Centro,38,818.95,31120.1
2023-01-31,Smartphones,Centro,52,851.1,44257.2
2023-02-01,Smartphones,Centro,41,926.76,37997.16
2023-02-02,Smartphones,Centro,36,892.62,32134.32
2023-02-03,Smartphones,Centro,35,885.05,30976.75
2023-02-04,Smartphones,Centro,34,933.08,31724.72
2023-02-05,Smartphones,Centro,41,958.85,39312.85
2023-02-06,Smartphones,Centro,31,861.79,26715.49
2023-02-07,Smartphones,Centro,41,889.45,36467.45
2023-02-08,Smartphones,Centro,42,805.88,33846.96
2023-02-09,Smartphones,Centro,30,942.94,28288.2
2023-02-10,Smartphones,Centro,39,1028.13,40097.07
2023-02-11,Smartphones,Centro,32,884.13,28292.16
2023-02-12,Smartphones,Centro,45,882.99,39734.55
2023-02-13,Smartphones,Centro,54,896.32,48401.28
2023-02-14,Smartphones,Centro,49,910.73,44625.77
2023-02-15,Smartphones,Centro,47,912.65,42894.55
2023-02-16,Smartphones,Centro,27,912.54,24638.58
2023-02-17,Smartphones,Centro,34,837.41,28471.94
2023-02-18,Smartphones,Centro,31,897.51,27822.81
2023-02-19,Smartphones,Centro,34,928.8,31579.2
2023-02-20,Smartphones,Centro,51,846.31,43161.81
2023-02-21,Smartphones,Centro,53,838.76,44454.28
2023-02-22,Smartphones,Centro,54,874.96,47247.84
2023-02-23,Smartphones,Centro,32,907.79,29049.28
2023-02-24,Smartphones,Centro,37,927.99,34335.63
2023-02-25,Smartphones,Centro,38,935.13,35534.94
2023-02-26,Smartphones,Centro,35,861.1,30138.5
2023-02-27,Smartphones,Centro,54,815.35,44028.9
2023-02-28,Smartphones,Centro,49,970.72,47565.28
2023-03-01,Smartphones,Centro,47,955.67,44916.49
2023-03-02,Smartphones,Centro,39,879.91,34316.49
2023-03-03,Smartphones,Centro,35,934.36,32702.6
2023-03-04,Smartphones,Centro,36,912.69,32856.84
2023-03-05,Smartphones,Centro,35,891.9,31216.5
2023-03-06,Smartphones,Centro,56,980.97,54934.32
2023-03-07,Smartphones,Centro,41,870.69,35698.29
2023-03-08,Smartphones,Centro,58,836.81,48534.98
2023-03-09,Smartphones,Centro,33,906.67,29920.11
2023-03-10,Smartphones,Centro,34,873.86,29711.24
2023-03-11,Smartphones,Centro,35,907.97,31778.95
2023-03-12,Smartphones,Centro,44,886.79,39018.76
2023-03-13,Smartphones,Centro,38,868.22,32992.36
2023-03-14,Smartphones,Centro,40,890.15,35606.0
2023-03-15,Smartphones,Centro,48,831.35,39904.8
2023-03-16,Smartphones,Centro,33,831.0,27423.0
2023-03-17,Smartphones,Centro,30,888.56,26656.8
2023-03-18,Smartphones,Centro,37,917.64,33952.68
2023-03-19,Smartphones,Centro,42,824.48,34628.16
2023-03-20,Smartphones,Centro,56,920.41,51542.96
2023-03-21,Smartphones,Centro,54,878.19,47422.26
2023-03-22,Smartphones,Centro,46,917.58,42208.68
2023-03-23,Smartphones,Centro,37,910.59,33691.83
2023-03-24,Smartphones,Centro,30,943.92,28317.6
2023-03-25,Smartphones,Centro,32,893.36,28587.52
2023-03-26,Smartphones,Centro,67,826.17,55353.39
2023-03-27,Smartphones,Centro,53,991.63,52556.39
2023-03-28,Smartphones,Centro,51,904.49,46128.99
2023-03-29,Smartphones,Centro,51,906.84,46248.84
2023-03-30,Smartphones,Centro,33,893.87,29497.71
2023-03-31,Smartphones,Centro,36,963.14,34673.04
2023-04-01,Smartphones,Centro,37,844.95,31263.15
2023-04-02,Smartphones,Centro,52,837.8,43565.6
2023-04-03,Smartphones,Centro,43,868.56,37348.08
2023-04-04,Smartphones,Centro,50,917.66,45883.0
2023-04-05,Smartphones,Centro,52,867.47,45108.44
2023-04-06,Smartphones,Centro,35,865.62,30296.7
2023-04-07,Smartphones,Centro,38,849.85,32294.3
2023-04-08,Smartphones,Centro,34,938.5,31909.0
2023-04-09,Smartphones,Centro,50,916.09,45804.5
2023-04-10,Smartphones,Centro,52,935.8,48661.6
2023-04-11,Smartphones,Centro,54,875.71,47288.34
2023-04-12,Smartphones,Centro,48,896.7,43041.6
2023-04-13,Smartphones,Centro,41,933.84,38287.44
2023-04-14,Smartphones,Centro,41,863.55,35405.55
2023-04-15,Smartphones,Centro,35,945.16,33080.6
2023-04-16,Smartphones,Centro,39,919.41,35856.99
2023-04-17,Smartphones,Centro,48,958.06,45986.88
2023-04-18,Smartphones,Centro,42,942.22,39573.24
2023-04-19,Smartphones,Centro,43,826.34,35532.62
2023-04-20,Smartphones,Centro,39,874.22,34094.58
2023-04-21,Smartphones,Centro,34,794.77,27022.18
2023-04-22,Smartphones,Centro,33,812.11,26799.63
2023-04-23,Smartphones,Centro,41,855.57,35078.37
2023-04-24,Smartphones,Centro,43,960.08,41283.44
2023-04-25,Smartphones,Centro,42,899.03,37759.26
2023-04-26,Smartphones,Centro,41,919.85,37713.85
2023-04-27,Smartphones,Centro,39,877.27,34213.53
2023-04-28,Smartphones,Centro,31,885.15,27439.65
2023-04-29,Smartphones,Centro,41,929.92,38126.72
2023-04-30,Smartphones,Centro,46,892.03,41033.38
2023-05-01,Smartphones,Centro,45,890.09,40054.05
2023-05-02,Smartphones,Centro,45,923.14,41541.3
2023-05-03,Smartphones,Centro,35,851.51,29802.85
2023-05-04,Smartphones,Centro,34,908.05,30873.7
2023-05-05,Smartphones,Centro,33,910.23,30037.59
2023-05-06,Smartphones,Centro,39,820.04,31981.56
2023-05-07,Smartphones,Centro,34,850.03,28901.02
2023-05-08,Smartphones,Centro,52,870.3,45255.6
2023-05-09,Smartphones,Centro,52,877.79,45645.08
2023-05-10,Smartphones,Centro,53,921.83,48856.99
2023-05-11,Smartphones,Centro,31,858.37,26609.47
2023-05-12,Smartphones,Centro,32,857.6,27443.2
2023-05-13,Smartphones,Centro,38,928.31,35275.78
2023-05-14,Smartphones,Centro,33,942.69,31108.77
2023-05-15,Smartphones,Centro,43,944.23,40601.89
2023-05-16,Smartphones,Centro,48,849.14,40758.72
2023-05-17,Smartphones,Centro,43,858.34,36908.62
2023-05-18,Smartphones,Centro,33,822.83,27153.39
2023-05-19,Smartphones,Centro,26,782.67,20349.42
2023-05-20,Smartphones,Centro,39,843.58,32899.62
2023-05-21,Smartphones,Centro,32,870.12,27843.84
2023-05-22,Smartphones,Centro,47,908.84,42715.48
2023-05-23,Smartphones,Centro,33,937.23,30928.59
2023-05-24,Smartphones,Centro,30,894.88,26846.4
2023-05-25,Smartphones,Centro,34,963.99,32775.66
2023-05-26,Smartphones,Centro,39,858.9,33497.1
2023-05-27,Smartphones,Centro,31,960.97,29790.07
2023-05-28,Smartphones,Centro,30,861.98,25859.4
2023-05-29,Smartphones,Centro,36,921.48,33173.28
2023-05-30,Smartphones,Centro,43,909.45,39106.35
2023-05-31,Smartphones,Centro,36,952.94,34305.84
2023-06-01,Smartphones,Centro,32,966.29,30921.28
2023-06-02,Smartphones,Centro,36,854.23,30752.28
2023-06-03,Smartphones,Centro,33,796.04,26269.32
2023-06-04,Smartphones,Centro,30,890.4,26712.0
2023-06-05,Smartphones,Centro,39,917.45,35780.55
2023-06-06,Smartphones,Centro,45,899.38,40472.1
2023-06-07,Smartphones,Centro,32,1030.83,32986.56
2023-06-08,Smartphones,Centro,41,924.43,37901.63
2023-06-09,Smartphones,Centro,25,924.28,23107.0
2023-06-10,Smartphones,Centro,35,841.45,29450.75
2023-06-11,Smartphones,Centro,36,875.23,31508.28
2023-06-12,Smartphones,Centro,30,921.36,27640.8
2023-06-13,Smartphones,Centro,40,914.04,36561.6
2023-06-14,Smartphones,Centro,29,903.02,26187.58
2023-06-15,Smartphones,Centro,30,956.65,28699.5
2023-06-16,Smartphones,Centro,34,869.48,29562.32
2023-06-17,Smartphones,Centro,24,918.98,22055.52
2023-06-18,Smartphones,Centro,24,870.66,20895.84
2023-06-19,Smartphones,Centro,37,1027.9,38032.3
2023-06-20,Smartphones,Centro,38,865.78,32899.64
2023-06-21,Smartphones,Centro,26,993.76,25837.76
2023-06-22,Smartphones,Centro,23,889.16,20450.68
2023-06-23,Smartphones,Centro,25,871.03,21775.75
2023-06-24,Smartphones,Centro,22,898.48,19766.56
2023-06-25,Smartphones,Centro,27,848.77,22916.79
2023-06-26,Smartphones,Centro,28,858.83,24047.24
2023-06-27,Smartphones,Centro,37,973.75,36028.75
2023-06-28,Smartphones,Centro,31,920.67,28540.77
2023-06-29,Smartphones,Centro,27,941.77,25427.79
2023-06-30,Smartphones,Centro,29,879.2,25496.8
2023-07-01,Smartphones,Centro,29,931.47,27012.63
2023-07-02,Smartphones,Centro,30,906.5,27195.0
2023-07-03,Smartphones,Centro,36,868.23,31256.28
2023-07-04,Smartphones,Centro,31,1043.16,32337.96
2023-07-05,Smartphones,Centro,32,837.48,26799.36
2023-07-06,Smartphones,Centro,30,903.92,27117.6
2023-07-07,Smartphones,Centro,23,925.31,21282.13
2023-07-08,Smartphones,Centro,23,914.06,21023.38
2023-07-09,Smartphones,Centro,29,880.08,25522.32
2023-07-10,Smartphones,Centro,34,871.1,29617.4
2023-07-11,Smartphones,Centro,34,915.82,31137.88
2023-07-12,Smartphones,Centro,30,867.13,26013.9
2023-07-13,Smartphones,Centro,26,952.27,24759.02
2023-07-14,Smartphones,Centro,27,910.8,24591.6
2023-07-15,Smartphones,Centro,30,892.39,26771.7
2023-07-16,Smartphones,Centro,29,905.67,26264.43
2023-07-17,Smartphones,Centro,28,924.03,25872.84
2023-07-18,Smartphones,Centro,28,959.77,26873.56
2023-07-19,Smartphones,Centro,26,918.42,23878.92
2023-07-20,Smartphones,Centro,21,909.51,19099.71
2023-07-21,Smartphones,Centro,17,941.36,16003.12
2023-07-22,Smartphones,Centro,18,836.21,15051.78
2023-07-23,Smartphones,Centro,27,875.87,23648.49
2023-07-24,Smartphones,Centro,33,893.41,29482.53
2023-07-25,Smartphones,Centro,33,860.9,28409.7
2023-07-26,Smartphones,Centro,29,933.0,27057.0
2023-07-27,Smartphones,Centro,24,901.53,21636.72
2023-07-28,Smartphones,Centro,16,849.41,13590.56
2023-07-29,Smartphones,Centro,26,844.38,21953.88
2023-07-30,Smartphones,Centro,32,899.87,28795.84
2023-07-31,Smartphones,Centro,28,929.86,26036.08
2023-08-01,Smartphones,Centro,21,904.25,18989.25
2023-08-02,Smartphones,Centro,26,1017.22,26447.72
2023-08-03,Smartphones,Centro,26,891.54,23180.04
2023-08-04,Smartphones,Centro,18,873.89,15730.02
2023-08-05,Smartphones,Centro,17,959.08,16304.36
2023-08-06,Smartphones,Centro,31,914.85,28360.35
2023-08-07,Smartphones,Centro,31,960.41,29772.71
2023-08-08,Smartphones,Centro,28,964.44,27004.32
2023-08-09,Smartphones,Centro,24,884.34,21224.16
2023-08-10,Smartphones,Centro,24,873.57,20965.68
2023-08-11,Smartphones,Centro,14,932.99,13061.86
2023-08-12,Smartphones,Centro,21,863.64,18136.44
2023-08-13,Smartphones,Centro,24,878.93,21094.32
2023-08-14,Smartphones,Centro,34,813.06,27644.04
2023-08-15,Smartphones,Centro,25,893.4,22335.0
2023-08-16,Smartphones,Centro,29,966.58,28030.82
2023-08-17,Smartphones,Centro,22,901.57,19834.54
2023-08-18,Smartphones,Centro,22,825.8,18167.6
2023-08-19,Smartphones,Centro,17,993.14,16883.38
2023-08-20,Smartphones,Centro,18,870.94,15676.92
2023-08-21,Smartphones,Centro,21,902.23,18946.83
2023-08-22,Smartphones,Centro,27,915.14,24708.78
2023-08-23,Smartphones,Centro,23,939.09,21599.07
2023-08-24,Smartphones,Centro,17,921.36,15663.12
2023-08-25,Smartphones,Centro,13,893.77,11619.01
2023-08-26,Smartphones,Centro,20,899.49,17989.8
2023-08-27,Smartphones,Centro,21,868.63,18241.23
2023-08-28,Smartphones,Centro,24,853.26,20478.24
2023-08-29,Smartphones,Centro,25,886.31,22157.75
2023-08-30,Smartphones,Centro,25,969.78,24244.5
2023-08-31,Smartphones,Centro,15,852.2,12783.0
2023-09-01,Smartphones,Centro,17,840.52,14288.84
2023-09-02,Smartphones,Centro,20,908.08,18161.6
2023-09-03,Smartphones,Centro,19,946.07,17975.33
2023-09-04,Smartphones,Centro,22,869.71,19133.62
2023-09-05,Smartphones,Centro,22,856.18,18835.96
2023-09-06,Smartphones,Centro,24,916.51,21996.24
2023-09-07,Smartphones,Centro,20,907.59,18151.8
2023-09-08,Smartphones,Centro,18,968.34,17430.12
2023-09-09,Smartphones,Centro,19,954.23,18130.37
2023-09-10,Smartphones,Centro,24,843.11,20234.64
2023-09-11,Smartphones,Centro,26,853.53,22191.78
2023-09-12,Smartphones,Centro,18,774.42,13939.56
2023-09-13,Smartphones,Centro,30,908.73,27261.9
2023-09-14,Smartphones,Centro,18,865.52,15579.36
2023-09-15,Smartphones,Centro,15,989.25,14838.75
2023-09-16,Smartphones,Centro,16,877.45,14039.2
2023-09-17,Smartphones,Centro,20,885.07,17701.4
2023-09-18,Smartphones,Centro,25,868.39,21709.75
2023-09-19,Smartphones,Centro,25,904.02,22600.5
2023-09-20,Smartphones,Centro,18,960.74,17293.32
2023-09-21,Smartphones,Centro,22,805.16,17713.52
2023-09-22,Smartphones,Centro,16,950.31,15204.96
2023-09-23,Smartphones,Centro,19,811.69,15422.11
2023-09-24,Smartphones,Centro,24,886.71,21281.04
2023-09-25,Smartphones,Centro,22,851.2,18726.4
2023-09-26,Smartphones,Centro,29,853.53,24752.37
2023-09-27,Smartphones,Centro,18,837.54,15075.72
2023-09-28,Smartphones,Centro,26,917.6,23857.6
2023-09-29,Smartphones,Centro,18,879.78,15836.04
2023-09-30,Smartphones,Centro,21,923.99,19403.79
2023-10-01,Smartphones,Centro,22,929.6,20451.2
2023-10-02,Smartphones,Centro,31,887.48,27511.88
2023-10-03,Smartphones,Centro,22,929.43,20447.46
2023-10-04,Smartphones,Centro,27,903.24,24387.48
2023-10-05,Smartphones,Centro,26,878.36,22837.36
2023-10-06,Smartphones,Centro,15,941.16,14117.4
2023-10-07,Smartphones,Centro,15,966.35,14495.25
2023-10-08,Smartphones,Centro,23,956.55,22000.65
2023-10-09,Smartphones,Centro,29,823.38,23878.02
2023-10-10,Smartphones,Centro,26,902.82,23473.32
2023-10-11,Smartphones,Centro,22,958.64,21090.08
2023-10-12,Smartphones,Centro,22,844.76,18584.72
2023-10-13,Smartphones,Centro,22,895.71,19705.62
2023-10-14,Smartphones,Centro,18,866.21,15591.78
2023-10-15,Smartphones,Centro,24,912.09,21890.16
2023-10-16,Smartphones,Centro,34,1031.44,35068.96
2023-10-17,Smartphones,Centro,26,899.59,23389.34
2023-10-18,Smartphones,Centro,25,892.44,22311.0
2023-10-19,Smartphones,Centro,19,1000.11,19002.09
2023-10-20,Smartphones,Centro,25,908.9,22722.5
2023-10-21,Smartphones,Centro,20,871.74,17434.8
2023-10-22,Smartphones,Centro,27,825.7,22293.9
2023-10-23,Smartphones,Centro,32,948.83,30362.56
2023-10-24,Smartphones,Centro,25,846.5,21162.5
2023-10-25,Smartphones,Centro,33,891.04,29404.32
2023-10-26,Smartphones,Centro,25,919.32,22983.0
2023-10-27,Smartphones,Centro,24,928.53,22284.72
2023-10-28,Smartphones,Centro,19,826.0,15694.0
2023-10-29,Smartphones,Centro,27,851.34,22986.18
2023-10-30,Smartphones,Centro,20,909.84,18196.8
2023-10-31,Smartphones,Centro,28,828.58,23200.24
2023-11-01,Smartphones,Centro,25,930.6,23265.0
2023-11-02,Smartphones,Centro,22,839.95,18478.9
2023-11-03,Smartphones,Centro,29,886.66,25713.14
2023-11-04,Smartphones,Centro,17,876.98,14908.66
2023-11-05,Smartphones,Centro,32,935.46,29934.72
2023-11-06,Smartphones,Centro,34,876.26,29792.84
2023-11-07,Smartphones,Centro,32,931.75,29816.0
2023-11-08,Smartphones,Centro,39,951.55,37110.45
2023-11-09,Smartphones,Centro,21,897.95,18856.95
2023-11-10,Smartphones,Centro,27,910.76,24590.52
2023-11-11,Smartphones,Centro,32,868.42,27789.44
2023-11-12,Smartphones,Centro,22,849.94,18698.68
2023-11-13,Smartphones,Centro,32,841.87,26939.84
2023-11-14,Smartphones,Centro,40,904.33,36173.2
2023-11-15,Smartphones,Centro,53,873.97,46320.41
2023-11-16,Smartphones,Centro,50,918.82,45941.0
2023-11-17,Smartphones,Centro,50,886.55,44327.5
2023-11-18,Smartphones,Centro,53,877.2,46491.6
2023-11-19,Smartphones,Centro,54,891.04,48116.16
2023-11-20,Smartphones,Centro,78,804.02,62713.56
2023-11-21,Smartphones,Centro,65,941.1,61171.5
2023-11-22,Smartphones,Centro,49,883.61,43296.89
2023-11-23,Smartphones,Centro,47,882.1,41458.7
2023-11-24,Smartphones,Centro,40,971.44,38857.6
2023-11-25,Smartphones,Centro,48,885.44,42501.12
2023-11-26,Smartphones,Centro,66,926.23,61131.18
2023-11-27,Smartphones,Centro,58,811.21,47050.18
2023-11-28,Smartphones,Centro,66,871.2,57499.2
2023-11-29,Smartphones,Centro,67,951.63,63759.21
2023-11-30,Smartphones,Centro,44,939.02,41316.88
2023-12-01,Smartphones,Centro,39,930.11,36274.29
2023-12-02,Smartphones,Centro,46,863.39,39715.94
2023-12-03,Smartphones,Centro,40,910.21,36408.4
2023-12-04,Smartphones,Centro,56,882.32,49409.92
2023-12-05,Smartphones,Centro,55,915.43,50348.65
2023-12-06,Smartphones,Centro,49,939.69,46044.81
2023-12-07,Smartphones,Centro,48,908.72,43618.56
2023-12-08,Smartphones,Centro,44,947.16,41675.04
2023-12-09,Smartphones,Centro,43,949.9,40845.7
2023-12-10,Smartphones,Centro,67,846.62,56723.54
2023-12-11,Smartphones,Centro,66,812.77,53642.82
2023-12-12,Smartphones,Centro,58,946.28,54884.24
2023-12-13,Smartphones,Centro,64,903.6,57830.4
2023-12-14,Smartphones,Centro,37,963.47,35648.39
2023-12-15,Smartphones,Centro,54,915.57,49440.78
2023-12-16,Smartphones,Centro,49,971.69,47612.81
2023-12-17,Smartphones,Centro,65,934.45,60739.25
2023-12-18,Smartphones,Centro,58,917.66,53224.28
2023-12-19,Smartphones,Centro,55,882.02,48511.1
2023-12-20,Smartphones,Centro,59,876.41,51708.19
2023-12-21,Smartphones,Centro,62,819.85,50830.7
2023-12-22,Smartphones,Centro,41,928.26,38058.66
2023-12-23,Smartphones,Centro,48,862.67,41408.16
2023-12-24,Smartphones,Centro,70,887.64,62134.8
2023-12-25,Smartphones,Centro,35,898.12,31434.2
2023-12-26,Smartphones,Centro,40,875.03,35001.2
2023-12-27,Smartphones,Centro,46,908.05,41770.3
2023-12-28,Smartphones,Centro,37,789.75,29220.75
2023-12-29,Smartphones,Centro,31,901.0,27931.0
2023-12-30,Smartphones,Centro,35,929.66,32538.1
2023-12-31,Smartphones,Centro,38,819.82,31153.16
2024-01-01,Smartphones,Centro,37,868.08,32118.96
2024-01-02,Smartphones,Centro,40,962.91,38516.4
2024-01-03,Smartphones,Centro,46,895.48,41192.08
2024-01-04,Smartphones,Centro,30,867.31,26019.3
2024-01-05,Smartphones,Centro,28,934.39,26162.92
2024-01-06,Smartphones,Centro,30,848.11,25443.3
2024-01-07,Smartphones,Centro,40,852.16,34086.4
2024-01-08,Smartphones,Centro,40,856.37,34254.8
2024-01-09,Smartphones,Centro,50,963.16,48158.0
2024-01-10,Smartphones,Centro,45,852.4,38358.0
2024-01-11,Smartphones,Centro,41,896.38,36751.58
2024-01-12,Smartphones,Centro,28,952.6,26672.8
2024-01-13,Smartphones,Centro,44,853.25,37543.0
2024-01-14,Smartphones,Centro,43,818.69,35203.67
2024-01-15,Smartphones,Centro,48,997.36,47873.28
2024-01-16,Smartphones,Centro,55,905.94,49826.7
2024-01-17,Smartphones,Centro,36,870.09,31323.24
2024-01-18,Smartphones,Centro,31,892.5,27667.5
2024-01-19,Smartphones,Centro,47,934.36,43914.92
2024-01-20,Smartphones,Centro,40,827.98,33119.2
2024-01-21,Smartphones,Centro,42,878.07,36878.94
2024-01-22,Smartphones,Centro,55,936.86,51527.3
2024-01-23,Smartphones,Centro,58,967.78,56131.24
2024-01-24,Smartphones,Centro,59,967.33,57072.47
2024-01-25,Smartphones,Centro,40,904.96,36198.4
2024-01-26,Smartphones,Centro,35,969.49,33932.15
2024-01-27,Smartphones,Centro,58,821.4,47641.2
2024-01-28,Smartphones,Centro,37,906.66,33546.42
2024-01-29,Smartphones,Centro,50,778.76,38938.0
2024-01-30,Smartphones,Centro,61,965.62,58902.82
2024-01-31,Smartphones,Centro,46,920.21,42329.66
2024-02-01,Smartphones,Centro,38,981.41,37293.58
2024-02-02,Smartphones,Centro,40,872.11,34884.4
2024-02-03,Smartphones,Centro,43,837.95,36031.85
2024-02-04,Smartphones,Centro,49,936.42,45884.58
2024-02-05,Smartphones,Centro,57,892.47,50870.79
2024-02-06,Smartphones,Centro,47,950.05,44652.35
2024-02-07,Smartphones,Centro,46,935.73,43043.58
2024-02-08,Smartphones,Centro,39,885.99,34553.61
2024-02-09,Smartphones,Centro,38,898.55,34144.9
2024-02-10,Smartphones,Centro,41,889.24,36458.84
2024-02-11,Smartphones,Centro,45,901.22,40554.9
2024-02-12,Smartphones,Centro,62,876.86,54365.32
2024-02-13,Smartphones,Centro,64,927.53,59361.92
2024-02-14,Smartphones,Centro,49,821.6,40258.4
2024-02-15,Smartphones,Centro,30,812.6,24378.0
2024-02-16,Smartphones,Centro,42,879.63,36944.46
2024-02-17,Smartphones,Centro,35,871.49,30502.15
2024-02-18,Smartphones,Centro,49,876.16,42931.84
2024-02-19,Smartphones,Centro,64,955.75,61168.0
2024-02-20,Smartphones,Centro,60,905.73,54343.8
2024-02-21,Smartphones,Centro,53,934.81,49544.93
2024-02-22,Smartphones,Centro,38,923.28,35084.64
2024-02-23,Smartphones,Centro,46,967.83,44520.18
2024-02-24,Smartphones,Centro,41,871.05,35713.05
2024-02-25,Smartphones,Centro,58,925.76,53694.08
2024-02-26,Smartphones,Centro,74,890.15,65871.1
2024-02-27,Smartphones,Centro,49,849.93,41646.57
2024-02-28,Smartphones,Centro,52,845.06,43943.12
2024-02-29,Smartphones,Centro,46,889.94,40937.24
2024-03-01,Smartphones,Centro,38,947.38,36000.44
2024-03-02,Smartphones,Centro,49,873.63,42807.87
2024-03-03,Smartphones,Centro,55,877.11,48241.05
2024-03-04,Smartphones,Centro,47,868.64,40826.08
2024-03-05,Smartphones,Centro,60,845.85,50751.0
2024-03-06,Smartphones,Centro,53,878.04,46536.12
2024-03-07,Smartphones,Centro,46,950.79,43736.34
2024-03-08,Smartphones,Centro,47,911.74,42851.78
2024-03-09,Smartphones,Centro,52,874.2,45458.4
2024-03-10,Smartphones,Centro,56,882.83,49438.48
2024-03-11,Smartphones,Centro,54,914.95,49407.3
2024-03-12,Smartphones,Centro,59,872.72,51490.48
2024-03-13,Smartphones,Centro,41,939.89,38535.49
2024-03-14,Smartphones,Centro,39,955.71,37272.69
2024-03-15,Smartphones,Centro,37,847.94,31373.78
2024-03-16,Smartphones,Centro,45,886.28,39882.6
2024-03-17,Smartphones,Centro,52,917.96,47733.92
2024-03-18,Smartphones,Centro,45,958.54,43134.3
2024-03-19,Smartphones,Centro,57,782.58,44607.06
2024-03-20,Smartphones,Centro,40,871.24,34849.6
2024-03-21,Smartphones,Centro,46,785.33,36125.18
2024-03-22,Smartphones,Centro,46,934.06,42966.76
2024-03-23,Smartphones,Centro,40,900.04,36001.6
2024-03-24,Smartphones,Centro,48,946.17,45416.16
2024-03-25,Smartphones,Centro,46,889.26,40905.96
2024-03-26,Smartphones,Centro,34,889.69,30249.46
2024-03-27,Smartphones,Centro,48,916.08,43971.84
2024-03-28,Smartphones,Centro,40,903.6,36144.0
2024-03-29,Smartphones,Centro,33,876.27,28916.91
2024-03-30,Smartphones,Centro,41,939.31,38511.71
2024-03-31,Smartphones,Centro,42,949.83,39892.86
2024-04-01,Smartphones,Centro,63,914.45,57610.35
2024-04-02,Smartphones,Centro,51,962.19,49071.69
2024-04-03,Smartphones,Centro,56,966.32,54113.92
2024-04-04,Smartphones,Centro,40,873.1,34924.0
2024-04-05,Smartphones,Centro,45,900.61,40527.45
2024-04-06,Smartphones,Centro,46,916.69,42167.74
2024-04-07,Smartphones,Centro,41,827.88,33943.08
2024-04-08,Smartphones,Centro,50,904.46,45223.0
2024-04-09,Smartphones,Centro,59,893.84,52736.56
2024-04-10,Smartphones,Centro,60,866.31,51978.6
2024-04-11,Smartphones,Centro,49,910.8,44629.2
2024-04-12,Smartphones,Centro,38,857.23,32574.74
2024-04-13,Smartphones,Centro,39,829.75,32360.25
2024-04-14,Smartphones,Centro,37,792.14,29309.18
2024-04-15,Smartphones,Centro,36,822.15,29597.4
2024-04-16,Smartphones,Centro,65,844.96,54922.4
2024-04-17,Smartphones,Centro,48,900.73,43235.04
2024-04-18,Smartphones,Centro,40,914.11,36564.4
2024-04-19,Smartphones,Centro,36,872.19,31398.84
2024-04-20,Smartphones,Centro,42,926.59,38916.78
2024-04-21,Smartphones,Centro,54,913.48,49327.92
2024-04-22,Smartphones,Centro,55,858.72,47229.6
2024-04-23,Smartphones,Centro,35,855.95,29958.25
2024-04-24,Smartphones,Centro,42,954.46,40087.32
2024-04-25,Smartphones,Centro,40,875.62,35024.8
2024-04-26,Smartphones,Centro,32,977.44,31278.08
2024-04-27,Smartphones,Centro,32,842.0,26944.0
2024-04-28,Smartphones,Centro,55,887.59,48817.45
2024-04-29,Smartphones,Centro,56,830.46,46505.76
2024-04-30,Smartphones,Centro,57,809.26,46127.82
2024-05-01,Smartphones,Centro,42,867.96,36454.32
2024-05-02,Smartphones,Centro,42,931.03,39103.26
2024-05-03,Smartphones,Centro,38,869.73,33049.74
2024-05-04,Smartphones,Centro,43,924.78,39765.54
2024-05-05,Smartphones,Centro,41,858.81,35211.21
2024-05-06,Smartphones,Centro,57,959.28,54678.96
2024-05-07,Smartphones,Centro,56,861.25,48230.0
2024-05-08,Smartphones,Centro,49,964.67,47268.83
2024-05-09,Smartphones,Centro,34,900.71,30624.14
2024-05-10,Smartphones,Centro,31,851.76,26404.56
2024-05-11,Smartphones,Centro,39,859.67,33527.13
2024-05-12,Smartphones,Centro,39,915.68,35711.52
2024-05-13,Smartphones,Centro,33,847.11,27954.63
2024-05-14,Smartphones,Centro,40,910.77,36430.8
2024-05-15,Smartphones,Centro,53,865.58,45875.74
2024-05-16,Smartphones,Centro,31,849.26,26327.06
2024-05-17,Smartphones,Centro,25,859.94,21498.5
2024-05-18,Smartphones,Centro,31,827.55,25654.05
2024-05-19,Smartphones,Centro,51,903.57,46082.07
2024-05-20,Smartphones,Centro,41,906.74,37176.34
2024-05-21,Smartphones,Centro,43,863.31,37122.33
2024-05-22,Smartphones,Centro,44,861.8,37919.2
2024-05-23,Smartphones,Centro,42,829.87,34854.54
2024-05-24,Smartphones,Centro,37,868.36,32129.32
2024-05-25,Smartphones,Centro,36,917.31,33023.16
2024-05-26,Smartphones,Centro,46,865.39,39807.94
2024-05-27,Smartphones,Centro,45,907.86,40853.7
2024-05-28,Smartphones,Centro,47,923.11,43386.17
2024-05-29,Smartphones,Centro,39,843.08,32880.12
2024-05-30,Smartphones,Centro,36,995.42,35835.12
2024-05-31,Smartphones,Centro,25,937.93,23448.25
2024-06-01,Smartphones,Centro,39,880.72,34348.08
2024-06-02,Smartphones,Centro,41,817.77,33528.57
2024-06-03,Smartphones,Centro,50,850.66,42533.0
2024-06-04,Smartphones,Centro,40,984.72,39388.8
2024-06-05,Smartphones,Centro,39,917.24,35772.36
2024-06-06,Smartphones,Centro,42,872.36,36639.12
2024-06-07,Smartphones,Centro,32,876.83,28058.56
2024-06-08,Smartphones,Centro,26,960.21,24965.46
2024-06-09,Smartphones,Centro,45,916.46,41240.7
2024-06-10,Smartphones,Centro,41,879.37,36054.17
2024-06-11,Smartphones,Centro,40,823.24,32929.6
2024-06-12,Smartphones,Centro,33,888.61,29324.13
2024-06-13,Smartphones,Centro,35,924.09,32343.15
2024-06-14,Smartphones,Centro,33,919.83,30354.39
2024-06-15,Smartphones,Centro,34,851.58,28953.72
2024-06-16,Smartphones,Centro,44,896.71,39455.24
2024-06-17,Smartphones,Centro,36,922.85,33222.6
2024-06-18,Smartphones,Centro,50,961.98,48099.0
2024-06-19,Smartphones,Centro,31,881.29,27319.99
2024-06-20,Smartphones,Centro,29,978.47,28375.63
2024-06-21,Smartphones,Centro,33,920.54,30377.82
2024-06-22,Smartphones,Centro,24,871.77,20922.48
2024-06-23,Smartphones,Centro,29,852.38,24719.02
2024-06-24,Smartphones,Centro,35,799.66,27988.1
2024-06-25,Smartphones,Centro,33,852.82,28143.06
2024-06-26,Smartphones,Centro,36,965.69,34764.84
2024-06-27,Smartphones,Centro,28,877.93,24582.04
2024-06-28,Smartphones,Centro,22,824.73,18144.06
2024-06-29,Smartphones,Centro,23,860.18,19784.14
2024-06-30,Smartphones,Centro,29,899.97,26099.13
2024-07-01,Smartphones,Centro,37,882.53,32653.61
2024-07-02,Smartphones,Centro,42,915.01,38430.42
2024-07-03,Smartphones,Centro,34,883.0,30022.0
2024-07-04,Smartphones,Centro,23,871.23,20038.29
2024-07-05,Smartphones,Centro,24,895.04,21480.96
2024-07-06,Smartphones,Centro,25,846.92,21173.0
2024-07-07,Smartphones,Centro,35,905.75,31701.25
2024-07-08,Smartphones,Centro,34,853.15,29007.1
2024-07-09,Smartphones,Centro,30,889.47,26684.1
2024-07-10,Smartphones,Centro,28,912.08,25538.24
2024-07-11,Smartphones,Centro,30,881.33,26439.9
2024-07-12,Smartphones,Centro,21,896.64,18829.44
2024-07-13,Smartphones,Centro,27,928.81,25077.87
2024-07-14,Smartphones,Centro,24,865.22,20765.28
2024-07-15,Smartphones,Centro,41,973.42,39910.22
2024-07-16,Smartphones,Centro,34,840.88,28589.92
2024-07-17,Smartphones,Centro,33,953.05,31450.65
2024-07-18,Smartphones,Centro,26,917.06,23843.56
2024-07-19,Smartphones,Centro,25,918.8,22970.0
2024-07-20,Smartphones,Centro,32,943.25,30184.0
2024-07-21,Smartphones,Centro,20,898.7,17974.0
2024-07-22,Smartphones,Centro,30,906.93,27207.9
2024-07-23,Smartphones,Centro,28,901.79,25250.12
2024-07-24,Smartphones,Centro,29,936.9,27170.1
2024-07-25,Smartphones,Centro,26,944.98,24569.48
2024-07-26,Smartphones,Centro,23,898.65,20668.95
2024-07-27,Smartphones,Centro,20,882.84,17656.8
2024-07-28,Smartphones,Centro,33,851.87,28111.71
2024-07-29,Smartphones,Centro,33,907.7,29954.1
2024-07-30,Smartphones,Centro,24,877.14,21051.36
2024-07-31,Smartphones,Centro,29,818.81,23745.49
2024-08-01,Smartphones,Centro,19,892.98,16966.62
2024-08-02,Smartphones,Centro,22,901.13,19824.86
2024-08-03,Smartphones,Centro,27,934.72,25237.44
2024-08-04,Smartphones,Centro,26,897.6,23337.6
2024-08-05,Smartphones,Centro,26,852.2,22157.2
2024-08-06,Smartphones,Centro,29,944.48,27389.92
2024-08-07,Smartphones,Centro,30,804.91,24147.3
2024-08-08,Smartphones,Centro,28,829.18,23217.04
2024-08-09,Smartphones,Centro,20,886.37,17727.4
2024-08-10,Smartphones,Centro,23,883.91,20329.93
2024-08-11,Smartphones,Centro,34,886.68,30147.12
2024-08-12,Smartphones,Centro,28,859.93,24078.04
2024-08-13,Smartphones,Centro,29,939.85,27255.65
2024-08-14,Smartphones,Centro,26,887.95,23086.7
2024-08-15,Smartphones,Centro,26,834.99,21709.74
2024-08-16,Smartphones,Centro,19,913.31,17352.89
2024-08-17,Smartphones,Centro,16,861.11,13777.76
2024-08-18,Smartphones,Centro,28,853.48,23897.44
2024-08-19,Smartphones,Centro,32,892.23,28551.36
2024-08-20,Smartphones,Centro,30,968.44,29053.2
2024-08-21,Smartphones,Centro,30,798.36,23950.8
2024-08-22,Smartphones,Centro,20,821.79,16435.8
2024-08-23,Smartphones,Centro,19,854.52,16235.88
2024-08-24,Smartphones,Centro,20,970.16,19403.2
2024-08-25,Smartphones,Centro,24,844.86,20276.64
2024-08-26,Smartphones,Centro,27,941.46,25419.42
2024-08-27,Smartphones,Centro,28,933.67,26142.76
2024-08-28,Smartphones,Centro,28,944.98,26459.44
2024-08-29,Smartphones,Centro,20,853.52,17070.4
2024-08-30,Smartphones,Centro,26,898.72,23366.72
2024-08-31,Smartphones,Centro,21,926.12,19448.52
2024-09-01,Smartphones,Centro,26,912.28,23719.28
2024-09-02,Smartphones,Centro,26,1022.35,26581.1
2024-09-03,Smartphones,Centro,33,980.79,32366.07
2024-09-04,Smartphones,Centro,29,947.76,27485.04
2024-09-05,Smartphones,Centro,23,927.53,21333.19
2024-09-06,Smartphones,Centro,20,931.02,18620.4
2024-09-07,Smartphones,Centro,18,945.26,17014.68
2024-09-08,Smartphones,Centro,20,976.04,19520.8
2024-09-09,Smartphones,Centro,33,861.24,28420.92
2024-09-10,Smartphones,Centro,30,950.45,28513.5
2024-09-11,Smartphones,Centro,28,909.38,25462.64
2024-09-12,Smartphones,Centro,22,944.85,20786.7
2024-09-13,Smartphones,Centro,24,901.64,21639.36
2024-09-14,Smartphones,Centro,19,877.77,16677.63
2024-09-15,Smartphones,Centro,27,878.54,23720.58
2024-09-16,Smartphones,Centro,23,903.51,20780.73
2024-09-17,Smartphones,Centro,35,922.06,32272.1
2024-09-18,Smartphones,Centro,19,879.68,16713.92
2024-09-19,Smartphones,Centro,17,832.75,14156.75
2024-09-20,Smartphones,Centro,21,928.63,19501.23
2024-09-21,Smartphones,Centro,22,893.5,19657.0
2024-09-22,Smartphones,Centro,31,805.08,24957.48
2024-09-23,Smartphones,Centro,30,826.59,24797.7
2024-09-24,Smartphones,Centro,37,911.57,33728.09
2024-09-25,Smartphones,Centro,32,928.27,29704.64
2024-09-26,Smartphones,Centro,22,948.99,20877.78
2024-09-27,Smartphones,Centro,24,875.61,21014.64
2024-09-28,Smartphones,Centro,22,870.07,19141.54
2024-09-29,Smartphones,Centro,20,923.74,18474.8
2024-09-30,Smartphones,Centro,35,860.39,30113.65
2024-10-01,Smartphones,Centro,26,861.87,22408.62
2024-10-02,Smartphones,Centro,27,907.55,24503.85
2024-10-03,Smartphones,Centro,24,911.15,21867.6
2024-10-04,Smartphones,Centro,21,923.52,19393.92
2024-10-05,Smartphones,Centro,21,903.94,18982.74
2024-10-06,Smartphones,Centro,24,853.82,20491.68
2024-10-07,Smartphones,Centro,31,882.77,27365.87
2024-10-08,Smartphones,Centro,28,902.45,25268.6
2024-10-09,Smartphones,Centro,23,955.87,21985.01
2024-10-10,Smartphones,Centro,20,929.87,18597.4
2024-10-11,Smartphones,Centro,20,906.46,18129.2
2024-10-12,Smartphones,Centro,25,928.09,23202.25
2024-10-13,Smartphones,Centro,33,957.02,31581.66
2024-10-14,Smartphones,Centro,27,840.83,22702.41
2024-10-15,Smartphones,Centro,32,900.55,28817.6
2024-10-16,Smartphones,Centro,26,825.97,21475.22
2024-10-17,Smartphones,Centro,25,899.79,22494.75
2024-10-18,Smartphones,Centro,26,877.59,22817.34
2024-10-19,Smartphones,Centro,25,960.1,24002.5
2024-10-20,Smartphones,Centro,29,951.38,27590.02
2024-10-21,Smartphones,Centro,34,991.55,33712.7
2024-10-22,Smartphones,Centro,23,887.17,20404.91
2024-10-23,Smartphones,Centro,31,911.08,28243.48
2024-10-24,Smartphones,Centro,34,897.49,30514.66
2024-10-25,Smartphones,Centro,20,959.22,19184.4
2024-10-26,Smartphones,Centro,22,898.74,19772.28
2024-10-27,Smartphones,Centro,23,856.97,19710.31
2024-10-28,Smartphones,Centro,42,823.5,34587.0
2024-10-29,Smartphones,Centro,33,956.72,31571.76
2024-10-30,Smartphones,Centro,28,914.85,25615.8
2024-10-31,Smartphones,Centro,20,908.75,18175.0
2024-11-01,Smartphones,Centro,25,969.37,24234.25
2024-11-02,Smartphones,Centro,25,906.74,22668.5
2024-11-03,Smartphones,Centro,32,833.35,26667.2
2024-11-04,Smartphones,Centro,32,843.74,26999.68
2024-11-05,Smartphones,Centro,32,927.3,29673.6
2024-11-06,Smartphones,Centro,28,932.24,26102.72
2024-11-07,Smartphones,Centro,24,1000.66,24015.84
2024-11-08,Smartphones,Centro,22,903.75,19882.5
2024-11-09,Smartphones,Centro,24,985.99,23663.76
2024-11-10,Smartphones,Centro,31,851.24,26388.44
2024-11-11,Smartphones,Centro,35,868.85,30409.75
2024-11-12,Smartphones,Centro,37,852.98,31560.26
2024-11-13,Smartphones,Centro,36,912.27,32841.72
2024-11-14,Smartphones,Centro,36,956.85,34446.6
2024-11-15,Smartphones,Centro,50,894.89,44744.5
2024-11-16,Smartphones,Centro,61,860.3,52478.3
2024-11-17,Smartphones,Centro,57,931.23,53080.11
2024-11-18,Smartphones,Centro,61,897.17,54727.37
2024-11-19,Smartphones,Centro,65,932.04,60582.6
2024-11-20,Smartphones,Centro,85,898.94,76409.9
2024-11-21,Smartphones,Centro,51,898.73,45835.23
2024-11-22,Smartphones,Centro,58,994.19,57663.02
2024-11-23,Smartphones,Centro,61,855.64,52194.04
2024-11-24,Smartphones,Centro,73,921.7,67284.1
2024-11-25,Smartphones,Centro,68,935.31,63601.08
2024-11-26,Smartphones,Centro,87,950.42,82686.54
2024-11-27,Smartphones,Centro,67,853.61,57191.87
2024-11-28,Smartphones,Centro,61,920.56,56154.16
2024-11-29,Smartphones,Centro,51,881.36,44949.36
2024-11-30,Smartphones,Centro,42,899.37,37773.54
2024-12-01,Smartphones,Centro,48,882.95,42381.6
2024-12-02,Smartphones,Centro,78,878.94,68557.32
2024-12-03,Smartphones,Centro,72,972.29,70004.88
2024-12-04,Smartphones,Centro,64,948.12,60679.68
2024-12-05,Smartphones,Centro,51,839.72,42825.72
2024-12-06,Smartphones,Centro,50,889.78,44489.0
2024-12-07,Smartphones,Centro,47,896.34,42127.98
2024-12-08,Smartphones,Centro,57,963.27,54906.39
2024-12-09,Smartphones,Centro,71,849.83,60337.93
2024-12-10,Smartphones,Centro,69,870.66,60075.54
2024-12-11,Smartphones,Centro,65,867.96,56417.4
2024-12-12,Smartphones,Centro,52,812.97,42274.44
2024-12-13,Smartphones,Centro,56,813.49,45555.44
2024-12-14,Smartphones,Centro,53,912.39,48356.67
2024-12-15,Smartphones,Centro,63,867.02,54622.26
2024-12-16,Smartphones,Centro,56,910.86,51008.16
2024-12-17,Smartphones,Centro,66,828.03,54649.98
2024-12-18,Smartphones,Centro,54,849.0,45846.0
2024-12-19,Smartphones,Centro,56,880.94,49332.64
2024-12-20,Smartphones,Centro,52,833.18,43325.36
2024-12-21,Smartphones,Centro,60,886.46,53187.6
2024-12-22,Smartphones,Centro,79,885.81,69978.99
2024-12-23,Smartphones,Centro,60,881.88,52912.8
2024-12-24,Smartphones,Centro,81,838.19,67893.39
2024-12-25,Smartphones,Centro,50,952.75,47637.5
2024-12-26,Smartphones,Centro,35,845.4,29589.0
2024-12-27,Smartphones,Centro,37,891.83,32997.71
2024-12-28,Smartphones,Centro,36,892.09,32115.24
2024-12-29,Smartphones,Centro,53,901.2,47763.6
2024-12-30,Smartphones,Centro,43,837.47,36011.21
2023-01-01,Smartphones,Sur,40,863.3,34532.0
2023-01-02,Smartphones,Sur,30,920.62,27618.6
2023-01-03,Smartphones,Sur,45,877.64,39493.8
2023-01-04,Smartphones,Sur,33,816.68,26950.44
2023-01-05,Smartphones,Sur,34,878.45,29867.3
2023-01-06,Smartphones,Sur,37,850.0,31450.0
2023-01-07,Smartphones,Sur,27,871.13,23520.51
2023-01-08,Smartphones,Sur,33,921.84,30420.72
2023-01-09,Smartphones,Sur,53,921.88,48859.64
2023-01-10,Smartphones,Sur,45,916.13,41225.85
2023-01-11,Smartphones,Sur,30,912.95,27388.5
2023-01-12,Smartphones,Sur,30,851.4,25542.0
2023-01-13,Smartphones,Sur,44,863.7,38002.8
2023-01-14,Smartphones,Sur,31,951.74,29503.94
2023-01-15,Smartphones,Sur,35,979.76,34291.6
2023-01-16,Smartphones,Sur,49,899.3,44065.7
2023-01-17,Smartphones,Sur,46,913.21,42007.66
2023-01-18,Smartphones,Sur,45,995.37,44791.65
2023-01-19,Smartphones,Sur,23,880.6,20253.8
2023-01-20,Smartphones,Sur,42,907.27,38105.34
2023-01-21,Smartphones,Sur,36,870.04,31321.44
2023-01-22,Smartphones,Sur,34,804.35,27347.9
2023-01-23,Smartphones,Sur,50,873.15,43657.5
2023-01-24,Smartphones,Sur,41,916.72,37585.52
2023-01-25,Smartphones,Sur,42,828.74,34807.08
2023-01-26,Smartphones,Sur,33,922.29,30435.57
2023-01-27,Smartphones,Sur,36,841.58,30296.88
2023-01-28,Smartphones,Sur,40,871.97,34878.8
2023-01-29,Smartphones,Sur,33,891.0,29403.0
2023-01-30,Smartphones,Sur,43,858.21,36903.03
2023-01-31,Smartphones,Sur,47,901.17,42354.99
2023-02-01,Smartphones,Sur,37,894.7,33103.9
2023-02-02,Smartphones,Sur,40,902.96,36118.4
2023-02-03,Smartphones,Sur,32,966.06,30913.92
2023-02-04,Smartphones,Sur,29,862.94,25025.26
2023-02-05,Smartphones,Sur,49,921.24,45140.76
2023-02-06,Smartphones,Sur,37,866.16,32047.92
2023-02-07,Smartphones,Sur,44,900.46,39620.24
2023-02-08,Smartphones,Sur,41,943.2,38671.2
2023-02-09,Smartphones,Sur,26,944.48,24556.48
2023-02-10,Smartphones,Sur,40,879.14,35165.6
2023-02-11,Smartphones,Sur,29,940.87,27285.23
2023-02-12,Smartphones,Sur,41,912.77,37423.57
2023-02-13,Smartphones,Sur,48,905.47,43462.56
2023-02-14,Smartphones,Sur,51,912.45,46534.95
2023-02-15,Smartphones,Sur,52,898.93,46744.36
2023-02-16,Smartphones,Sur,27,860.84,23242.68
2023-02-17,Smartphones,Sur,28,893.76,25025.28
2023-02-18,Smartphones,Sur,27,964.4,26038.8
2023-02-19,Smartphones,Sur,42,872.06,36626.52
2023-02-20,Smartphones,Sur,64,1045.69,66924.16
2023-02-21,Smartphones,Sur,45,866.21,38979.45
2023-02-22,Smartphones,Sur,44,939.29,41328.76
2023-02-23,Smartphones,Sur,27,834.39,22528.53
2023-02-24,Smartphones,Sur,35,918.78,32157.3
2023-02-25,Smartphones,Sur,40,825.23,33009.2
2023-02-26,Smartphones,Sur,42,940.03,39481.26
2023-02-27,Smartphones,Sur,53,901.43,47775.79
2023-02-28,Smartphones,Sur,52,944.78,49128.56
2023-03-01,Smartphones,Sur,48,845.9,40603.2
2023-03-02,Smartphones,Sur,37,909.0,33633.0
2023-03-03,Smartphones,Sur,33,927.67,30613.11
2023-03-04,Smartphones,Sur,41,927.27,38018.07
2023-03-05,Smartphones,Sur,38,860.04,32681.52
2023-03-06,Smartphones,Sur,64,906.66,58026.24
2023-03-07,Smartphones,Sur,43,877.02,37711.86
2023-03-08,Smartphones,Sur,58,909.02,52723.16
2023-03-09,Smartphones,Sur,30,824.88,24746.4
2023-03-10,Smartphones,Sur,31,966.69,29967.39
2023-03-11,Smartphones,Sur,45,872.77,39274.65
2023-03-12,Smartphones,Sur,43,921.87,39640.41
2023-03-13,Smartphones,Sur,40,847.74,33909.6
2023-03-14,Smartphones,Sur,41,825.2,33833.2
2023-03-15,Smartphones,Sur,46,930.17,42787.82
2023-03-16,Smartphones,Sur,40,929.2,37168.0
2023-03-17,Smartphones,Sur,34,938.32,31902.88
2023-03-18,Smartphones,Sur,37,916.12,33896.44
2023-03-19,Smartphones,Sur,48,953.09,45748.32
2023-03-20,Smartphones,Sur,48,915.48,43943.04
2023-03-21,Smartphones,Sur,48,858.51,41208.48
2023-03-22,Smartphones,Sur,54,1008.2,54442.8
2023-03-23,Smartphones,Sur,37,862.46,31911.02
2023-03-24,Smartphones,Sur,27,937.92,25323.84
2023-03-25,Smartphones,Sur,35,922.43,32285.05
2023-03-26,Smartphones,Sur,68,947.75,64447.0
2023-03-27,Smartphones,Sur,52,895.78,46580.56
2023-03-28,Smartphones,Sur,51,915.13,46671.63
2023-03-29,Smartphones,Sur,48,871.78,41845.44
2023-03-30,Smartphones,Sur,31,926.12,28709.72
2023-03-31,Smartphones,Sur,46,842.24,38743.04
2023-04-01,Smartphones,Sur,35,957.15,33500.25
2023-04-02,Smartphones,Sur,47,1005.8,47272.6
2023-04-03,Smartphones,Sur,48,949.56,45578.88
2023-04-04,Smartphones,Sur,56,806.71,45175.76
2023-04-05,Smartphones,Sur,45,876.06,39422.7
2023-04-06,Smartphones,Sur,32,944.2,30214.4
2023-04-07,Smartphones,Sur,41,849.74,34839.34
2023-04-08,Smartphones,Sur,35,839.4,29379.0
2023-04-09,Smartphones,Sur,40,906.25,36250.0
2023-04-10,Smartphones,Sur,54,878.49,47438.46
2023-04-11,Smartphones,Sur,47,875.94,41169.18
2023-04-12,Smartphones,Sur,46,837.17,38509.82
2023-04-13,Smartphones,Sur,50,976.25,48812.5
2023-04-14,Smartphones,Sur,40,856.02,34240.8
2023-04-15,Smartphones,Sur,38,880.62,33463.56
2023-04-16,Smartphones,Sur,49,918.86,45024.14
2023-04-17,Smartphones,Sur,54,889.7,48043.8
2023-04-18,Smartphones,Sur,41,878.43,36015.63
2023-04-19,Smartphones,Sur,42,942.23,39573.66
2023-04-20,Smartphones,Sur,35,916.51,32077.85
2023-04-21,Smartphones,Sur,35,914.55,32009.25
2023-04-22,Smartphones,Sur,30,881.01,26430.3
2023-04-23,Smartphones,Sur,47,840.91,39522.77
2023-04-24,Smartphones,Sur,44,951.5,41866.0
2023-04-25,Smartphones,Sur,39,867.38,33827.82
2023-04-26,Smartphones,Sur,44,838.51,36894.44
2023-04-27,Smartphones,Sur,41,883.44,36221.04
2023-04-28,Smartphones,Sur,37,896.71,33178.27
2023-04-29,Smartphones,Sur,37,836.34,30944.58
2023-04-30,Smartphones,Sur,56,879.71,49263.76
2023-05-01,Smartphones,Sur,41,899.07,36861.87
2023-05-02,Smartphones,Sur,42,841.69,35350.98
2023-05-03,Smartphones,Sur,36,949.84,34194.24
2023-05-04,Smartphones,Sur,34,841.29,28603.86
2023-05-05,Smartphones,Sur,34,929.03,31587.02
2023-05-06,Smartphones,Sur,30,906.73,27201.9
2023-05-07,Smartphones,Sur,34,1014.21,34483.14
2023-05-08,Smartphones,Sur,54,902.61,48740.94
2023-05-09,Smartphones,Sur,48,836.77,40164.96
2023-05-10,Smartphones,Sur,53,842.86,44671.58
2023-05-11,Smartphones,Sur,31,885.57,27452.67
2023-05-12,Smartphones,Sur,35,787.64,27567.4
2023-05-13,Smartphones,Sur,33,839.16,27692.28
2023-05-14,Smartphones,Sur,35,928.03,32481.05
2023-05-15,Smartphones,Sur,35,997.33,34906.55
2023-05-16,Smartphones,Sur,48,895.36,42977.28
2023-05-17,Smartphones,Sur,45,852.26,38351.7
2023-05-18,Smartphones,Sur,35,946.29,33120.15
2023-05-19,Smartphones,Sur,28,958.71,26843.88
2023-05-20,Smartphones,Sur,45,879.56,39580.2
2023-05-21,Smartphones,Sur,33,928.09,30626.97
2023-05-22,Smartphones,Sur,45,958.75,43143.75
2023-05-23,Smartphones,Sur,37,914.87,33850.19
2023-05-24,Smartphones,Sur,38,868.92,33018.96
2023-05-25,Smartphones,Sur,36,876.47,31552.92
2023-05-26,Smartphones,Sur,31,844.5,26179.5
2023-05-27,Smartphones,Sur,36,864.69,31128.84
2023-05-28,Smartphones,Sur,41,928.02,38048.82
2023-05-29,Smartphones,Sur,38,890.04,33821.52
2023-05-30,Smartphones,Sur,51,831.49,42405.99
2023-05-31,Smartphones,Sur,37,915.36,33868.32
2023-06-01,Smartphones,Sur,34,949.6,32286.4
2023-06-02,Smartphones,Sur,29,892.0,25868.0
2023-06-03,Smartphones,Sur,32,896.27,28680.64
2023-06-04,Smartphones,Sur,28,966.18,27053.04
2023-06-05,Smartphones,Sur,40,952.87,38114.8
2023-06-06,Smartphones,Sur,39,924.58,36058.62
2023-06-07,Smartphones,Sur,36,964.09,34707.24
2023-06-08,Smartphones,Sur,39,952.86,37161.54
2023-06-09,Smartphones,Sur,28,894.74,25052.72
2023-06-10,Smartphones,Sur,35,917.44,32110.4
2023-06-11,Smartphones,Sur,35,905.48,31691.8
2023-06-12,Smartphones,Sur,38,989.08,37585.04
2023-06-13,Smartphones,Sur,40,919.42,36776.8
2023-06-14,Smartphones,Sur,28,915.98,25647.44
2023-06-15,Smartphones,Sur,30,984.23,29526.9
2023-06-16,Smartphones,Sur,28,907.83,25419.24
2023-06-17,Smartphones,Sur,25,884.97,22124.25
2023-06-18,Smartphones,Sur,27,802.81,21675.87
2023-06-19,Smartphones,Sur,35,880.72,30825.2
2023-06-20,Smartphones,Sur,49,908.65,44523.85
2023-06-21,Smartphones,Sur,27,944.27,25495.29
2023-06-22,Smartphones,Sur,29,899.72,26091.88
2023-06-23,Smartphones,Sur,32,861.19,27558.08
2023-06-24,Smartphones,Sur,23,917.9,21111.7
2023-06-25,Smartphones,Sur,28,820.54,22975.12
2023-06-26,Smartphones,Sur,30,958.43,28752.9
2023-06-27,Smartphones,Sur,31,964.5,29899.5
2023-06-28,Smartphones,Sur,39,821.14,32024.46
2023-06-29,Smartphones,Sur,30,862.01,25860.3
2023-06-30,Smartphones,Sur,25,915.91,22897.75
2023-07-01,Smartphones,Sur,26,979.3,25461.8
2023-07-02,Smartphones,Sur,37,897.67,33213.79
2023-07-03,Smartphones,Sur,34,917.59,31198.06
2023-07-04,Smartphones,Sur,30,911.44,27343.2
2023-07-05,Smartphones,Sur,26,830.16,21584.16
2023-07-06,Smartphones,Sur,28,884.69,24771.32
2023-07-07,Smartphones,Sur,22,865.88,19049.36
2023-07-08,Smartphones,Sur,23,910.59,20943.57
2023-07-09,Smartphones,Sur,27,869.27,23470.29
2023-07-10,Smartphones,Sur,37,901.47,33354.39
2023-07-11,Smartphones,Sur,30,897.66,26929.8
2023-07-12,Smartphones,Sur,36,901.38,32449.68
2023-07-13,Smartphones,Sur,21,948.06,19909.26
2023-07-14,Smartphones,Sur,25,917.39,22934.75
2023-07-15,Smartphones,Sur,30,889.01,26670.3
2023-07-16,Smartphones,Sur,22,922.38,20292.36
2023-07-17,Smartphones,Sur,37,875.65,32399.05
2023-07-18,Smartphones,Sur,22,851.59,18734.98
2023-07-19,Smartphones,Sur,27,948.32,25604.64
2023-07-20,Smartphones,Sur,26,870.41,22630.66
2023-07-21,Smartphones,Sur,15,854.48,12817.2
2023-07-22,Smartphones,Sur,16,968.36,15493.76
2023-07-23,Smartphones,Sur,28,939.56,26307.68
2023-07-24,Smartphones,Sur,28,891.72,24968.16
2023-07-25,Smartphones,Sur,31,940.18,29145.58
2023-07-26,Smartphones,Sur,25,879.09,21977.25
2023-07-27,Smartphones,Sur,28,921.68,25807.04
2023-07-28,Smartphones,Sur,19,902.51,17147.69
2023-07-29,Smartphones,Sur,27,883.65,23858.55
2023-07-30,Smartphones,Sur,35,911.67,31908.45
2023-07-31,Smartphones,Sur,28,849.62,23789.36
2023-08-01,Smartphones,Sur,24,874.33,20983.92
2023-08-02,Smartphones,Sur,29,807.7,23423.3
2023-08-03,Smartphones,Sur,21,885.32,18591.72
2023-08-04,Smartphones,Sur,19,911.44,17317.36
2023-08-05,Smartphones,Sur,22,835.09,18371.98
2023-08-06,Smartphones,Sur,31,917.14,28431.34
2023-08-07,Smartphones,Sur,37,801.12,29641.44
2023-08-08,Smartphones,Sur,31,873.5,27078.5
2023-08-09,Smartphones,Sur,28,895.55,25075.4
2023-08-10,Smartphones,Sur,23,899.02,20677.46
2023-08-11,Smartphones,Sur,15,910.46,13656.9
2023-08-12,Smartphones,Sur,18,825.39,14857.02
2023-08-13,Smartphones,Sur,26,907.47,23594.22
2023-08-14,Smartphones,Sur,37,930.6,34432.2
2023-08-15,Smartphones,Sur,32,879.88,28156.16
2023-08-16,Smartphones,Sur,26,889.15,23117.9
2023-08-17,Smartphones,Sur,19,835.14,15867.66
2023-08-18,Smartphones,Sur,19,938.77,17836.63
2023-08-19,Smartphones,Sur,19,842.86,16014.34
2023-08-20,Smartphones,Sur,20,948.53,18970.6
2023-08-21,Smartphones,Sur,21,998.76,20973.96
2023-08-22,Smartphones,Sur,24,877.52,21060.48
2023-08-23,Smartphones,Sur,26,865.21,22495.46
2023-08-24,Smartphones,Sur,19,891.58,16940.02
2023-08-25,Smartphones,Sur,14,944.73,13226.22
2023-08-26,Smartphones,Sur,19,858.87,16318.53
2023-08-27,Smartphones,Sur,21,803.26,16868.46
2023-08-28,Smartphones,Sur,29,950.72,27570.88
2023-08-29,Smartphones,Sur,26,900.88,23422.88
2023-08-30,Smartphones,Sur,29,889.57,25797.53
2023-08-31,Smartphones,Sur,17,902.28,15338.76
2023-09-01,Smartphones,Sur,19,862.86,16394.34
2023-09-02,Smartphones,Sur,18,891.09,16039.62
2023-09-03,Smartphones,Sur,23,911.51,20964.73
2023-09-04,Smartphones,Sur,23,921.59,21196.57
2023-09-05,Smartphones,Sur,27,901.16,24331.32
2023-09-06,Smartphones,Sur,28,791.03,22148.84
2023-09-07,Smartphones,Sur,22,885.02,19470.44
2023-09-08,Smartphones,Sur,24,901.76,21642.24
2023-09-09,Smartphones,Sur,22,905.53,19921.66
2023-09-10,Smartphones,Sur,19,880.13,16722.47
2023-09-11,Smartphones,Sur,22,987.68,21728.96
2023-09-12,Smartphones,Sur,23,879.32,20224.36
2023-09-13,Smartphones,Sur,27,919.51,24826.77
2023-09-14,Smartphones,Sur,18,878.54,15813.72
2023-09-15,Smartphones,Sur,14,920.63,12888.82
2023-09-16,Smartphones,Sur,18,832.83,14990.94
2023-09-17,Smartphones,Sur,19,967.35,18379.65
2023-09-18,Smartphones,Sur,25,914.45,22861.25
2023-09-19,Smartphones,Sur,27,875.52,23639.04
2023-09-20,Smartphones,Sur,19,881.26,16743.94
2023-09-21,Smartphones,Sur,24,866.14,20787.36
2023-09-22,Smartphones,Sur,17,883.34,15016.78
2023-09-23,Smartphones,Sur,21,898.41,18866.61
2023-09-24,Smartphones,Sur,20,874.07,17481.4
2023-09-25,Smartphones,Sur,26,932.41,24242.66
2023-09-26,Smartphones,Sur,27,999.35,26982.45
2023-09-27,Smartphones,Sur,17,889.27,15117.59
2023-09-28,Smartphones,Sur,23,799.0,18377.0
2023-09-29,Smartphones,Sur,17,883.76,15023.92
2023-09-30,Smartphones,Sur,18,894.62,16103.16
2023-10-01,Smartphones,Sur,21,933.4,19601.4
2023-10-02,Smartphones,Sur,28,867.45,24288.6
2023-10-03,Smartphones,Sur,20,868.25,17365.0
2023-10-04,Smartphones,Sur,25,867.1,21677.5
2023-10-05,Smartphones,Sur,26,841.49,21878.74
2023-10-06,Smartphones,Sur,14,819.18,11468.52
2023-10-07,Smartphones,Sur,18,903.18,16257.24
2023-10-08,Smartphones,Sur,21,834.17,17517.57
2023-10-09,Smartphones,Sur,25,885.66,22141.5
2023-10-10,Smartphones,Sur,25,928.72,23218.0
2023-10-11,Smartphones,Sur,25,858.12,21453.0
2023-10-12,Smartphones,Sur,25,950.84,23771.0
2023-10-13,Smartphones,Sur,19,866.45,16462.55
2023-10-14,Smartphones,Sur,16,830.85,13293.6
2023-10-15,Smartphones,Sur,21,880.6,18492.6
2023-10-16,Smartphones,Sur,37,914.75,33845.75
2023-10-17,Smartphones,Sur,29,935.41,27126.89
2023-10-18,Smartphones,Sur,28,916.48,25661.44
2023-10-19,Smartphones,Sur,21,978.82,20555.22
2023-10-20,Smartphones,Sur,24,908.25,21798.0
2023-10-21,Smartphones,Sur,22,875.72,19265.84
2023-10-22,Smartphones,Sur,30,897.1,26913.0
2023-10-23,Smartphones,Sur,30,841.07,25232.1
2023-10-24,Smartphones,Sur,24,937.25,22494.0
2023-10-25,Smartphones,Sur,31,837.28,25955.68
2023-10-26,Smartphones,Sur,22,853.01,18766.22
2023-10-27,Smartphones,Sur,27,893.48,24123.96
2023-10-28,Smartphones,Sur,21,856.88,17994.48
2023-10-29,Smartphones,Sur,35,916.4,32074.0
2023-10-30,Smartphones,Sur,22,912.71,20079.62
2023-10-31,Smartphones,Sur,28,932.31,26104.68
2023-11-01,Smartphones,Sur,26,925.69,24067.94
2023-11-02,Smartphones,Sur,25,909.83,22745.75
2023-11-03,Smartphones,Sur,28,896.09,25090.52
2023-11-04,Smartphones,Sur,17,931.37,15833.29
2023-11-05,Smartphones,Sur,27,899.81,24294.87
2023-11-06,Smartphones,Sur,36,962.83,34661.88
2023-11-07,Smartphones,Sur,24,940.09,22562.16
2023-11-08,Smartphones,Sur,37,887.6,32841.2
2023-11-09,Smartphones,Sur,23,953.31,21926.13
2023-11-10,Smartphones,Sur,22,967.55,21286.1
2023-11-11,Smartphones,Sur,27,995.28,26872.56
2023-11-12,Smartphones,Sur,25,950.98,23774.5
2023-11-13,Smartphones,Sur,32,851.88,27260.16
2023-11-14,Smartphones,Sur,37,856.87,31704.19
2023-11-15,Smartphones,Sur,54,852.69,46045.26
2023-11-16,Smartphones,Sur,59,945.22,55767.98
2023-11-17,Smartphones,Sur,40,1014.31,40572.4
2023-11-18,Smartphones,Sur,52,916.43,47654.36
2023-11-19,Smartphones,Sur,47,901.9,42389.3
2023-11-20,Smartphones,Sur,70,922.61,64582.7
2023-11-21,Smartphones,Sur,62,925.6,57387.2
2023-11-22,Smartphones,Sur,52,956.96,49761.92
2023-11-23,Smartphones,Sur,46,873.62,40186.52
2023-11-24,Smartphones,Sur,39,920.57,35902.23
2023-11-25,Smartphones,Sur,50,936.8,46840.0
2023-11-26,Smartphones,Sur,78,911.38,71087.64
2023-11-27,Smartphones,Sur,72,829.68,59736.96
2023-11-28,Smartphones,Sur,59,815.25,48099.75
2023-11-29,Smartphones,Sur,66,837.89,55300.74
2023-11-30,Smartphones,Sur,57,949.88,54143.16
2023-12-01,Smartphones,Sur,33,970.84,32037.72
2023-12-02,Smartphones,Sur,45,850.49,38272.05
2023-12-03,Smartphones,Sur,49,936.64,45895.36
2023-12-04,Smartphones,Sur,57,808.39,46078.23
2023-12-05,Smartphones,Sur,46,872.11,40117.06
2023-12-06,Smartphones,Sur,48,916.62,43997.76
2023-12-07,Smartphones,Sur,54,937.77,50639.58
2023-12-08,Smartphones,Sur,37,869.56,32173.72
2023-12-09,Smartphones,Sur,40,895.25,35810.0
2023-12-10,Smartphones,Sur,63,896.86,56502.18
2023-12-11,Smartphones,Sur,76,839.93,63834.68
2023-12-12,Smartphones,Sur,65,947.27,61572.55
2023-12-13,Smartphones,Sur,56,908.69,50886.64
2023-12-14,Smartphones,Sur,40,864.11,34564.4
2023-12-15,Smartphones,Sur,52,897.11,46649.72
2023-12-16,Smartphones,Sur,49,949.47,46524.03
2023-12-17,Smartphones,Sur,67,863.78,57873.26
2023-12-18,Smartphones,Sur,78,848.27,66165.06
2023-12-19,Smartphones,Sur,57,850.21,48461.97
2023-12-20,Smartphones,Sur,55,1008.08,55444.4
2023-12-21,Smartphones,Sur,57,940.0,53580.0
2023-12-22,Smartphones,Sur,37,855.98,31671.26
2023-12-23,Smartphones,Sur,42,905.06,38012.52
2023-12-24,Smartphones,Sur,61,911.4,55595.4
2023-12-25,Smartphones,Sur,36,902.59,32493.24
2023-12-26,Smartphones,Sur,36,874.32,31475.52
2023-12-27,Smartphones,Sur,42,837.21,35162.82
2023-12-28,Smartphones,Sur,37,867.34,32091.58
2023-12-29,Smartphones,Sur,35,876.88,30690.8
2023-12-30,Smartphones,Sur,41,937.24,38426.84
2023-12-31,Smartphones,Sur,39,907.67,35399.13
2024-01-01,Smartphones,Sur,39,925.03,36076.17
2024-01-02,Smartphones,Sur,48,849.33,40767.84
2024-01-03,Smartphones,Sur,52,888.7,46212.4
2024-01-04,Smartphones,Sur,34,947.41,32211.94
2024-01-05,Smartphones,Sur,34,842.64,28649.76
2024-01-06,Smartphones,Sur,29,976.07,28306.03
2024-01-07,Smartphones,Sur,46,905.11,41635.06
2024-01-08,Smartphones,Sur,37,929.14,34378.18
2024-01-09,Smartphones,Sur,48,814.29,39085.92
2024-01-10,Smartphones,Sur,50,932.5,46625.0
2024-01-11,Smartphones,Sur,43,860.89,37018.27
2024-01-12,Smartphones,Sur,32,903.36,28907.52
2024-01-13,Smartphones,Sur,47,846.14,39768.58
2024-01-14,Smartphones,Sur,40,945.22,37808.8
2024-01-15,Smartphones,Sur,44,852.51,37510.44
2024-01-16,Smartphones,Sur,52,921.27,47906.04
2024-01-17,Smartphones,Sur,42,916.34,38486.28
2024-01-18,Smartphones,Sur,38,912.25,34665.5
2024-01-19,Smartphones,Sur,44,891.93,39244.92
2024-01-20,Smartphones,Sur,39,924.82,36067.98
2024-01-21,Smartphones,Sur,52,897.44,46666.88
2024-01-22,Smartphones,Sur,55,888.1,48845.5
2024-01-23,Smartphones,Sur,58,933.29,54130.82
2024-01-24,Smartphones,Sur,52,992.36,51602.72
2024-01-25,Smartphones,Sur,47,898.75,42241.25
2024-01-26,Smartphones,Sur,32,840.2,26886.4
2024-01-27,Smartphones,Sur,58,887.68,51485.44
2024-01-28,Smartphones,Sur,38,928.74,35292.12
2024-01-29,Smartphones,Sur,56,884.09,49509.04
2024-01-30,Smartphones,Sur,68,835.29,56799.72
2024-01-31,Smartphones,Sur,50,911.48,45574.0
2024-02-01,Smartphones,Sur,42,891.01,37422.42
2024-02-02,Smartphones,Sur,31,871.75,27024.25
2024-02-03,Smartphones,Sur,42,912.47,38323.74
2024-02-04,Smartphones,Sur,56,940.49,52667.44
2024-02-05,Smartphones,Sur,46,881.37,40543.02
2024-02-06,Smartphones,Sur,49,936.59,45892.91
2024-02-07,Smartphones,Sur,48,904.88,43434.24
2024-02-08,Smartphones,Sur,42,854.79,35901.18
2024-02-09,Smartphones,Sur,46,812.88,37392.48
2024-02-10,Smartphones,Sur,41,910.34,37323.94
2024-02-11,Smartphones,Sur,38,897.45,34103.1
2024-02-12,Smartphones,Sur,57,867.88,49469.16
2024-02-13,Smartphones,Sur,57,873.34,49780.38
2024-02-14,Smartphones,Sur,57,847.39,48301.23
2024-02-15,Smartphones,Sur,31,911.99,28271.69
2024-02-16,Smartphones,Sur,43,852.59,36661.37
2024-02-17,Smartphones,Sur,36,887.66,31955.76
2024-02-18,Smartphones,Sur,50,878.57,43928.5
2024-02-19,Smartphones,Sur,65,832.44,54108.6
2024-02-20,Smartphones,Sur,54,927.46,50082.84
2024-02-21,Smartphones,Sur,49,892.28,43721.72
2024-02-22,Smartphones,Sur,39,1007.25,39282.75
2024-02-23,Smartphones,Sur,42,861.2,36170.4
2024-02-24,Smartphones,Sur,41,980.46,40198.86
2024-02-25,Smartphones,Sur,63,902.47,56855.61
2024-02-26,Smartphones,Sur,74,878.65,65020.1
2024-02-27,Smartphones,Sur,59,855.62,50481.58
2024-02-28,Smartphones,Sur,42,840.01,35280.42
2024-02-29,Smartphones,Sur,42,871.06,36584.52
2024-03-01,Smartphones,Sur,39,866.74,33802.86
2024-03-02,Smartphones,Sur,38,881.07,33480.66
2024-03-03,Smartphones,Sur,54,867.02,46819.08
2024-03-04,Smartphones,Sur,47,940.19,44188.93
2024-03-05,Smartphones,Sur,65,851.15,55324.75
2024-03-06,Smartphones,Sur,50,866.41,43320.5
2024-03-07,Smartphones,Sur,39,888.34,34645.26
2024-03-08,Smartphones,Sur,41,862.75,35372.75
2024-03-09,Smartphones,Sur,42,942.17,39571.14
2024-03-10,Smartphones,Sur,61,858.12,52345.32
2024-03-11,Smartphones,Sur,58,885.11,51336.38
2024-03-12,Smartphones,Sur,53,881.78,46734.34
2024-03-13,Smartphones,Sur,45,882.16,39697.2
2024-03-14,Smartphones,Sur,48,995.48,47783.04
2024-03-15,Smartphones,Sur,36,955.51,34398.36
2024-03-16,Smartphones,Sur,41,921.52,37782.32
2024-03-17,Smartphones,Sur,52,911.72,47409.44
2024-03-18,Smartphones,Sur,53,981.65,52027.45
2024-03-19,Smartphones,Sur,45,890.58,40076.1
2024-03-20,Smartphones,Sur,41,885.09,36288.69
2024-03-21,Smartphones,Sur,48,895.17,42968.16
2024-03-22,Smartphones,Sur,42,892.53,37486.26
2024-03-23,Smartphones,Sur,38,911.93,34653.34
2024-03-24,Smartphones,Sur,46,901.26,41457.96
2024-03-25,Smartphones,Sur,60,801.64,48098.4
2024-03-26,Smartphones,Sur,40,909.89,36395.6
2024-03-27,Smartphones,Sur,50,919.56,45978.0
2024-03-28,Smartphones,Sur,42,918.97,38596.74
2024-03-29,Smartphones,Sur,35,868.5,30397.5
2024-03-30,Smartphones,Sur,46,835.7,38442.2
2024-03-31,Smartphones,Sur,43,949.78,40840.54
2024-04-01,Smartphones,Sur,51,883.11,45038.61
2024-04-02,Smartphones,Sur,57,878.25,50060.25
2024-04-03,Smartphones,Sur,68,871.71,59276.28
2024-04-04,Smartphones,Sur,42,921.38,38697.96
2024-04-05,Smartphones,Sur,40,939.83,37593.2
2024-04-06,Smartphones,Sur,47,916.95,43096.65
2024-04-07,Smartphones,Sur,51,915.4,46685.4
2024-04-08,Smartphones,Sur,56,882.29,49408.24
2024-04-09,Smartphones,Sur,55,878.99,48344.45
2024-04-10,Smartphones,Sur,47,881.43,41427.21
2024-04-11,Smartphones,Sur,47,916.48,43074.56
2024-04-12,Smartphones,Sur,30,874.17,26225.1
2024-04-13,Smartphones,Sur,38,924.06,35114.28
2024-04-14,Smartphones,Sur,43,927.1,39865.3
2024-04-15,Smartphones,Sur,38,929.01,35302.38
2024-04-16,Smartphones,Sur,59,880.63,51957.17
2024-04-17,Smartphones,Sur,57,860.62,49055.34
2024-04-18,Smartphones,Sur,47,900.01,42300.47
2024-04-19,Smartphones,Sur,45,878.06,39512.7
2024-04-20,Smartphones,Sur,42,871.68,36610.56
2024-04-21,Smartphones,Sur,57,887.27,50574.39
2024-04-22,Smartphones,Sur,52,926.29,48167.08
2024-04-23,Smartphones,Sur,36,861.26,31005.36
2024-04-24,Smartphones,Sur,56,975.02,54601.12
2024-04-25,Smartphones,Sur,51,923.0,47073.0
2024-04-26,Smartphones,Sur,28,878.92,24609.76
2024-04-27,Smartphones,Sur,42,931.9,39139.8
2024-04-28,Smartphones,Sur,49,859.9,42135.1
2024-04-29,Smartphones,Sur,63,906.9,57134.7
2024-04-30,Smartphones,Sur,55,919.37,50565.35
2024-05-01,Smartphones,Sur,44,929.19,40884.36
2024-05-02,Smartphones,Sur,43,893.47,38419.21
2024-05-03,Smartphones,Sur,41,851.32,34904.12
2024-05-04,Smartphones,Sur,43,899.37,38672.91
2024-05-05,Smartphones,Sur,40,954.81,38192.4
2024-05-06,Smartphones,Sur,61,869.58,53044.38
2024-05-07,Smartphones,Sur,56,868.1,48613.6
2024-05-08,Smartphones,Sur,42,889.06,37340.52
2024-05-09,Smartphones,Sur,41,925.36,37939.76
2024-05-10,Smartphones,Sur,32,850.49,27215.68
2024-05-11,Smartphones,Sur,40,872.24,34889.6
2024-05-12,Smartphones,Sur,49,853.98,41845.02
2024-05-13,Smartphones,Sur,32,961.27,30760.64
2024-05-14,Smartphones,Sur,41,857.78,35168.98
2024-05-15,Smartphones,Sur,48,905.13,43446.24
2024-05-16,Smartphones,Sur,32,869.8,27833.6
2024-05-17,Smartphones,Sur,32,917.09,29346.88
2024-05-18,Smartphones,Sur,33,942.52,31103.16
2024-05-19,Smartphones,Sur,46,892.01,41032.46
2024-05-20,Smartphones,Sur,45,933.84,42022.8
2024-05-21,Smartphones,Sur,42,925.73,38880.66
2024-05-22,Smartphones,Sur,46,910.5,41883.0
2024-05-23,Smartphones,Sur,40,939.23,37569.2
2024-05-24,Smartphones,Sur,35,1000.77,35026.95
2024-05-25,Smartphones,Sur,39,955.32,37257.48
2024-05-26,Smartphones,Sur,39,828.3,32303.7
2024-05-27,Smartphones,Sur,53,837.85,44406.05
2024-05-28,Smartphones,Sur,52,895.72,46577.44
2024-05-29,Smartphones,Sur,53,808.6,42855.8
2024-05-30,Smartphones,Sur,40,893.05,35722.0
2024-05-31,Smartphones,Sur,32,831.48,26607.36
2024-06-01,Smartphones,Sur,36,906.93,32649.48
2024-06-02,Smartphones,Sur,36,917.05,33013.8
2024-06-03,Smartphones,Sur,48,892.91,42859.68
2024-06-04,Smartphones,Sur,38,884.01,33592.38
2024-06-05,Smartphones,Sur,32,867.81,27769.92
2024-06-06,Smartphones,Sur,37,903.9,33444.3
2024-06-07,Smartphones,Sur,34,845.08,28732.72
2024-06-08,Smartphones,Sur,30,858.88,25766.4
2024-06-09,Smartphones,Sur,49,918.58,45010.42
2024-06-10,Smartphones,Sur,47,883.81,41539.07
2024-06-11,Smartphones,Sur,48,878.53,42169.44
2024-06-12,Smartphones,Sur,37,942.49,34872.13
2024-06-13,Smartphones,Sur,35,897.56,31414.6
2024-06-14,Smartphones,Sur,35,878.23,30738.05
2024-06-15,Smartphones,Sur,34,929.92,31617.28
2024-06-16,Smartphones,Sur,39,859.13,33506.07
2024-06-17,Smartphones,Sur,40,756.02,30240.8
2024-06-18,Smartphones,Sur,51,961.16,49019.16
2024-06-19,Smartphones,Sur,27,846.33,22850.91
2024-06-20,Smartphones,Sur,35,974.49,34107.15
2024-06-21,Smartphones,Sur,35,874.46,30606.1
2024-06-22,Smartphones,Sur,27,814.83,22000.41
2024-06-23,Smartphones,Sur,32,857.65,27444.8
2024-06-24,Smartphones,Sur,37,916.38,33906.06
2024-06-25,Smartphones,Sur,43,969.73,41698.39
2024-06-26,Smartphones,Sur,37,939.99,34779.63
2024-06-27,Smartphones,Sur,29,945.3,27413.7
2024-06-28,Smartphones,Sur,20,842.84,16856.8
2024-06-29,Smartphones,Sur,27,936.66,25289.82
2024-06-30,Smartphones,Sur,33,889.09,29339.97
2024-07-01,Smartphones,Sur,33,978.71,32297.43
2024-07-02,Smartphones,Sur,45,920.35,41415.75
2024-07-03,Smartphones,Sur,36,917.27,33021.72
2024-07-04,Smartphones,Sur,24,837.39,20097.36
2024-07-05,Smartphones,Sur,26,928.33,24136.58
2024-07-06,Smartphones,Sur,22,872.25,19189.5
2024-07-07,Smartphones,Sur,35,930.28,32559.8
2024-07-08,Smartphones,Sur,38,891.32,33870.16
2024-07-09,Smartphones,Sur,36,877.29,31582.44
2024-07-10,Smartphones,Sur,28,922.85,25839.8
2024-07-11,Smartphones,Sur,35,906.96,31743.6
2024-07-12,Smartphones,Sur,20,843.54,16870.8
2024-07-13,Smartphones,Sur,26,968.12,25171.12
2024-07-14,Smartphones,Sur,21,890.59,18702.39
2024-07-15,Smartphones,Sur,33,938.65,30975.45
2024-07-16,Smartphones,Sur,34,894.65,30418.1
2024-07-17,Smartphones,Sur,36,860.43,30975.48
2024-07-18,Smartphones,Sur,21,891.08,18712.68
2024-07-19,Smartphones,Sur,22,924.88,20347.36
2024-07-20,Smartphones,Sur,30,1008.58,30257.4
2024-07-21,Smartphones,Sur,19,945.55,17965.45
2024-07-22,Smartphones,Sur,35,875.49,30642.15
2024-07-23,Smartphones,Sur,24,831.69,19960.56
2024-07-24,Smartphones,Sur,35,901.26,31544.1
2024-07-25,Smartphones,Sur,26,902.48,23464.48
2024-07-26,Smartphones,Sur,20,944.47,18889.4
2024-07-27,Smartphones,Sur,21,959.42,20147.82
2024-07-28,Smartphones,Sur,31,928.28,28776.68
2024-07-29,Smartphones,Sur,29,942.75,27339.75
2024-07-30,Smartphones,Sur,25,891.0,22275.0
2024-07-31,Smartphones,Sur,25,938.78,23469.5
2024-08-01,Smartphones,Sur,26,914.27,23771.02
2024-08-02,Smartphones,Sur,24,990.08,23761.92
2024-08-03,Smartphones,Sur,27,910.26,24577.02
2024-08-04,Smartphones,Sur,30,891.6,26748.0
2024-08-05,Smartphones,Sur,30,934.58,28037.4
2024-08-06,Smartphones,Sur,34,968.64,32933.76
2024-08-07,Smartphones,Sur,29,936.68,27163.72
2024-08-08,Smartphones,Sur,32,919.56,29425.92
2024-08-09,Smartphones,Sur,22,897.95,19754.9
2024-08-10,Smartphones,Sur,19,860.52,16349.88
2024-08-11,Smartphones,Sur,30,953.28,28598.4
2024-08-12,Smartphones,Sur,28,953.4,26695.2
2024-08-13,Smartphones,Sur,30,805.21,24156.3
2024-08-14,Smartphones,Sur,28,861.78,24129.84
2024-08-15,Smartphones,Sur,27,932.32,25172.64
2024-08-16,Smartphones,Sur,16,877.54,14040.64
2024-08-17,Smartphones,Sur,17,925.09,15726.53
2024-08-18,Smartphones,Sur,25,855.41,21385.25
2024-08-19,Smartphones,Sur,33,862.44,28460.52
2024-08-20,Smartphones,Sur,34,848.27,28841.18
2024-08-21,Smartphones,Sur,28,894.89,25056.92
2024-08-22,Smartphones,Sur,24,899.91,21597.84
2024-08-23,Smartphones,Sur,22,845.51,18601.22
2024-08-24,Smartphones,Sur,28,853.56,23899.68
2024-08-25,Smartphones,Sur,23,880.63,20254.49
2024-08-26,Smartphones,Sur,25,884.43,22110.75
2024-08-27,Smartphones,Sur,32,865.18,27685.76
2024-08-28,Smartphones,Sur,28,926.83,25951.24
2024-08-29,Smartphones,Sur,18,880.91,15856.38
2024-08-30,Smartphones,Sur,21,906.87,19044.27
2024-08-31,Smartphones,Sur,23,918.37,21122.51
2024-09-01,Smartphones,Sur,26,859.54,22348.04
2024-09-02,Smartphones,Sur,24,923.56,22165.44
2024-09-03,Smartphones,Sur,34,906.98,30837.32
2024-09-04,Smartphones,Sur,33,903.7,29822.1
2024-09-05,Smartphones,Sur,18,862.03,15516.54
2024-09-06,Smartphones,Sur,23,940.61,21634.03
2024-09-07,Smartphones,Sur,22,825.94,18170.68
2024-09-08,Smartphones,Sur,20,893.47,17869.4
2024-09-09,Smartphones,Sur,33,861.55,28431.15
2024-09-10,Smartphones,Sur,29,880.65,25538.85
2024-09-11,Smartphones,Sur,27,836.11,22574.97
2024-09-12,Smartphones,Sur,22,867.47,19084.34
2024-09-13,Smartphones,Sur,21,849.53,17840.13
2024-09-14,Smartphones,Sur,23,832.03,19136.69
2024-09-15,Smartphones,Sur,29,923.16,26771.64
2024-09-16,Smartphones,Sur,24,867.08,20809.92
2024-09-17,Smartphones,Sur,35,889.95,31148.25
2024-09-18,Smartphones,Sur,22,915.45,20139.9
2024-09-19,Smartphones,Sur,19,911.96,17327.24
2024-09-20,Smartphones,Sur,22,892.63,19637.86
2024-09-21,Smartphones,Sur,21,868.26,18233.46
2024-09-22,Smartphones,Sur,29,881.51,25563.79
2024-09-23,Smartphones,Sur,32,907.7,29046.4
2024-09-24,Smartphones,Sur,39,946.54,36915.06
2024-09-25,Smartphones,Sur,29,794.61,23043.69
2024-09-26,Smartphones,Sur,21,916.93,19255.53
2024-09-27,Smartphones,Sur,24,845.75,20298.0
2024-09-28,Smartphones,Sur,21,875.98,18395.58
2024-09-29,Smartphones,Sur,20,889.53,17790.6
2024-09-30,Smartphones,Sur,29,894.2,25931.8
2024-10-01,Smartphones,Sur,28,870.82,24382.96
2024-10-02,Smartphones,Sur,29,950.9,27576.1
2024-10-03,Smartphones,Sur,23,924.67,21267.41
2024-10-04,Smartphones,Sur,27,878.61,23722.47
2024-10-05,Smartphones,Sur,24,970.15,23283.6
2024-10-06,Smartphones,Sur,31,867.09,26879.79
2024-10-07,Smartphones,Sur,37,864.17,31974.29
2024-10-08,Smartphones,Sur,28,903.67,25302.76
2024-10-09,Smartphones,Sur,24,872.9,20949.6
2024-10-10,Smartphones,Sur,26,916.83,23837.58
2024-10-11,Smartphones,Sur,19,885.53,16825.07
2024-10-12,Smartphones,Sur,27,913.82,24673.14
2024-10-13,Smartphones,Sur,41,858.54,35200.14
2024-10-14,Smartphones,Sur,28,980.17,27444.76
2024-10-15,Smartphones,Sur,32,876.43,28045.76
2024-10-16,Smartphones,Sur,26,963.3,25045.8
2024-10-17,Smartphones,Sur,26,838.07,21789.82
2024-10-18,Smartphones,Sur,23,979.73,22533.79
2024-10-19,Smartphones,Sur,29,893.13,25900.77
2024-10-20,Smartphones,Sur,28,888.19,24869.32
2024-10-21,Smartphones,Sur,30,785.01,23550.3
2024-10-22,Smartphones,Sur,20,839.11,16782.2
2024-10-23,Smartphones,Sur,29,855.27,24802.83
2024-10-24,Smartphones,Sur,33,848.13,27988.29
2024-10-25,Smartphones,Sur,23,926.37,21306.51
2024-10-26,Smartphones,Sur,20,878.36,17567.2
2024-10-27,Smartphones,Sur,31,898.1,27841.1
2024-10-28,Smartphones,Sur,36,906.95,32650.2
2024-10-29,Smartphones,Sur,34,754.38,25648.92
2024-10-30,Smartphones,Sur,32,884.5,28304.0
2024-10-31,Smartphones,Sur,24,990.62,23774.88
2024-11-01,Smartphones,Sur,30,946.0,28380.0
2024-11-02,Smartphones,Sur,29,919.08,26653.32
2024-11-03,Smartphones,Sur,33,903.96,29830.68
2024-11-04,Smartphones,Sur,29,961.88,27894.52
2024-11-05,Smartphones,Sur,39,924.51,36055.89
2024-11-06,Smartphones,Sur,30,890.81,26724.3
2024-11-07,Smartphones,Sur,25,914.1,22852.5
2024-11-08,Smartphones,Sur,25,934.49,23362.25
2024-11-09,Smartphones,Sur,26,954.64,24820.64
2024-11-10,Smartphones,Sur,37,834.82,30888.34
2024-11-11,Smartphones,Sur,43,903.88,38866.84
2024-11-12,Smartphones,Sur,32,941.72,30135.04
2024-11-13,Smartphones,Sur,42,871.8,36615.6
2024-11-14,Smartphones,Sur,36,889.33,32015.88
2024-11-15,Smartphones,Sur,43,971.99,41795.57
2024-11-16,Smartphones,Sur,51,908.63,46340.13
2024-11-17,Smartphones,Sur,68,864.34,58775.12
2024-11-18,Smartphones,Sur,72,833.97,60045.84
2024-11-19,Smartphones,Sur,67,893.05,59834.35
2024-11-20,Smartphones,Sur,85,871.65,74090.25
2024-11-21,Smartphones,Sur,53,954.86,50607.58
2024-11-22,Smartphones,Sur,52,864.91,44975.32
2024-11-23,Smartphones,Sur,59,938.43,55367.37
2024-11-24,Smartphones,Sur,74,897.21,66393.54
2024-11-25,Smartphones,Sur,75,877.6,65820.0
2024-11-26,Smartphones,Sur,79,885.16,69927.64
2024-11-27,Smartphones,Sur,74,954.69,70647.06
2024-11-28,Smartphones,Sur,58,933.76,54158.08
2024-11-29,Smartphones,Sur,52,908.28,47230.56
2024-11-30,Smartphones,Sur,50,870.98,43549.0
2024-12-01,Smartphones,Sur,50,931.57,46578.5
2024-12-02,Smartphones,Sur,67,903.8,60554.6
2024-12-03,Smartphones,Sur,67,879.58,58931.86
2024-12-04,Smartphones,Sur,59,857.12,50570.08
2024-12-05,Smartphones,Sur,47,872.94,41028.18
2024-12-06,Smartphones,Sur,60,850.2,51012.0
2024-12-07,Smartphones,Sur,53,861.58,45663.74
2024-12-08,Smartphones,Sur,66,1020.16,67330.56
2024-12-09,Smartphones,Sur,70,816.18,57132.6
2024-12-10,Smartphones,Sur,63,938.68,59136.84
2024-12-11,Smartphones,Sur,66,921.13,60794.58
2024-12-12,Smartphones,Sur,52,827.75,43043.0
2024-12-13,Smartphones,Sur,51,936.2,47746.2
2024-12-14,Smartphones,Sur,68,992.91,67517.88
2024-12-15,Smartphones,Sur,69,898.94,62026.86
2024-12-16,Smartphones,Sur,68,941.27,64006.36
2024-12-17,Smartphones,Sur,65,892.92,58039.8
2024-12-18,Smartphones,Sur,58,918.31,53261.98
2024-12-19,Smartphones,Sur,49,815.23,39946.27
2024-12-20,Smartphones,Sur,58,899.94,52196.52
2024-12-21,Smartphones,Sur,61,900.39,54923.79
2024-12-22,Smartphones,Sur,70,880.01,61600.7
2024-12-23,Smartphones,Sur,76,965.68,73391.68
2024-12-24,Smartphones,Sur,107,897.65,96048.55
2024-12-25,Smartphones,Sur,50,892.92,44646.0
2024-12-26,Smartphones,Sur,32,883.2,28262.4
2024-12-27,Smartphones,Sur,37,880.32,32571.84
2024-12-28,Smartphones,Sur,37,893.36,33054.32
2024-12-29,Smartphones,Sur,41,886.98,36366.18
2024-12-30,Smartphones,Sur,37,919.68,34028.16
2023-01-01,Smartphones,Bajío,29,885.08,25667.32
2023-01-02,Smartphones,Bajío,17,884.54,15037.18
2023-01-03,Smartphones,Bajío,26,884.71,23002.46
2023-01-04,Smartphones,Bajío,22,887.41,19523.02
2023-01-05,Smartphones,Bajío,21,950.04,19950.84
2023-01-06,Smartphones,Bajío,20,922.96,18459.2
2023-01-07,Smartphones,Bajío,18,851.89,15334.02
2023-01-08,Smartphones,Bajío,19,887.67,16865.73
2023-01-09,Smartphones,Bajío,32,913.58,29234.56
2023-01-10,Smartphones,Bajío,27,871.57,23532.39
2023-01-11,Smartphones,Bajío,21,919.77,19315.17
2023-01-12,Smartphones,Bajío,22,905.56,19922.32
2023-01-13,Smartphones,Bajío,28,950.26,26607.28
2023-01-14,Smartphones,Bajío,22,933.88,20545.36
2023-01-15,Smartphones,Bajío,31,879.73,27271.63
2023-01-16,Smartphones,Bajío,29,901.92,26155.68
2023-01-17,Smartphones,Bajío,33,865.52,28562.16
2023-01-18,Smartphones,Bajío,35,992.88,34750.8
2023-01-19,Smartphones,Bajío,16,930.58,14889.28
2023-01-20,Smartphones,Bajío,28,837.28,23443.84
2023-01-21,Smartphones,Bajío,21,889.39,18677.19
2023-01-22,Smartphones,Bajío,21,826.83,17363.43
2023-01-23,Smartphones,Bajío,33,880.85,29068.05
2023-01-24,Smartphones,Bajío,23,903.45,20779.35
2023-01-25,Smartphones,Bajío,33,938.78,30979.74
2023-01-26,Smartphones,Bajío,24,945.17,22684.08
2023-01-27,Smartphones,Bajío,23,838.36,19282.28
2023-01-28,Smartphones,Bajío,24,907.91,21789.84
2023-01-29,Smartphones,Bajío,24,914.43,21946.32
2023-01-30,Smartphones,Bajío,25,903.85,22596.25
2023-01-31,Smartphones,Bajío,31,832.3,25801.3
2023-02-01,Smartphones,Bajío,26,863.35,22447.1
2023-02-02,Smartphones,Bajío,28,891.64,24965.92
2023-02-03,Smartphones,Bajío,18,934.82,16826.76
2023-02-04,Smartphones,Bajío,22,858.17,18879.74
2023-02-05,Smartphones,Bajío,29,874.95,25373.55
2023-02-06,Smartphones,Bajío,22,888.12,19538.64
2023-02-07,Smartphones,Bajío,25,826.42,20660.5
2023-02-08,Smartphones,Bajío,24,882.21,21173.04
2023-02-09,Smartphones,Bajío,15,917.06,13755.9
2023-02-10,Smartphones,Bajío,23,856.01,19688.23
2023-02-11,Smartphones,Bajío,24,878.16,21075.84
2023-02-12,Smartphones,Bajío,31,873.35,27073.85
2023-02-13,Smartphones,Bajío,32,928.64,29716.48
2023-02-14,Smartphones,Bajío,32,825.09,26402.88
2023-02-15,Smartphones,Bajío,31,874.65,27114.15
2023-02-16,Smartphones,Bajío,19,968.33,18398.27
2023-02-17,Smartphones,Bajío,18,950.19,17103.42
2023-02-18,Smartphones,Bajío,18,946.94,17044.92
2023-02-19,Smartphones,Bajío,29,961.17,27873.93
2023-02-20,Smartphones,Bajío,43,856.31,36821.33
2023-02-21,Smartphones,Bajío,31,957.12,29670.72
2023-02-22,Smartphones,Bajío,30,805.52,24165.6
2023-02-23,Smartphones,Bajío,23,874.83,20121.09
2023-02-24,Smartphones,Bajío,24,928.05,22273.2
2023-02-25,Smartphones,Bajío,29,908.55,26347.95
2023-02-26,Smartphones,Bajío,26,909.91,23657.66
2023-02-27,Smartphones,Bajío,31,856.3,26545.3
2023-02-28,Smartphones,Bajío,32,772.57,24722.24
2023-03-01,Smartphones,Bajío,37,917.06,33931.22
2023-03-02,Smartphones,Bajío,30,945.21,28356.3
2023-03-03,Smartphones,Bajío,22,904.61,19901.42
2023-03-04,Smartphones,Bajío,23,910.75,20947.25
2023-03-05,Smartphones,Bajío,25,916.3,22907.5
2023-03-06,Smartphones,Bajío,46,861.63,39634.98
2023-03-07,Smartphones,Bajío,28,892.66,24994.48
2023-03-08,Smartphones,Bajío,38,846.1,32151.8
2023-03-09,Smartphones,Bajío,20,945.7,18914.0
2023-03-10,Smartphones,Bajío,23,795.14,18288.22
2023-03-11,Smartphones,Bajío,28,887.36,24846.08
2023-03-12,Smartphones,Bajío,30,977.65,29329.5
2023-03-13,Smartphones,Bajío,29,920.8,26703.2
2023-03-14,Smartphones,Bajío,34,848.3,28842.2
2023-03-15,Smartphones,Bajío,28,918.82,25726.96
2023-03-16,Smartphones,Bajío,23,935.76,21522.48
2023-03-17,Smartphones,Bajío,20,907.03,18140.6
2023-03-18,Smartphones,Bajío,23,925.32,21282.36
2023-03-19,Smartphones,Bajío,33,844.26,27860.58
2023-03-20,Smartphones,Bajío,33,868.44,28658.52
2023-03-21,Smartphones,Bajío,29,914.78,26528.62
2023-03-22,Smartphones,Bajío,34,885.11,30093.74
2023-03-23,Smartphones,Bajío,24,879.86,21116.64
2023-03-24,Smartphones,Bajío,16,853.95,13663.2
2023-03-25,Smartphones,Bajío,25,962.57,24064.25
2023-03-26,Smartphones,Bajío,39,904.17,35262.63
2023-03-27,Smartphones,Bajío,31,943.68,29254.08
2023-03-28,Smartphones,Bajío,35,801.41,28049.35
2023-03-29,Smartphones,Bajío,35,941.96,32968.6
2023-03-30,Smartphones,Bajío,27,848.72,22915.44
2023-03-31,Smartphones,Bajío,28,887.51,24850.28
2023-04-01,Smartphones,Bajío,29,908.39,26343.31
2023-04-02,Smartphones,Bajío,29,988.86,28676.94
2023-04-03,Smartphones,Bajío,31,981.57,30428.67
2023-04-04,Smartphones,Bajío,37,896.78,33180.86
2023-04-05,Smartphones,Bajío,33,918.89,30323.37
2023-04-06,Smartphones,Bajío,21,872.89,18330.69
2023-04-07,Smartphones,Bajío,26,901.81,23447.06
2023-04-08,Smartphones,Bajío,21,899.02,18879.42
2023-04-09,Smartphones,Bajío,31,914.49,28349.19
2023-04-10,Smartphones,Bajío,33,874.76,28867.08
2023-04-11,Smartphones,Bajío,31,922.13,28586.03
2023-04-12,Smartphones,Bajío,33,916.48,30243.84
2023-04-13,Smartphones,Bajío,30,851.73,25551.9
2023-04-14,Smartphones,Bajío,26,895.13,23273.38
2023-04-15,Smartphones,Bajío,22,876.11,19274.42
2023-04-16,Smartphones,Bajío,31,991.7,30742.7
2023-04-17,Smartphones,Bajío,29,957.59,27770.11
2023-04-18,Smartphones,Bajío,29,944.28,27384.12
2023-04-19,Smartphones,Bajío,26,877.63,22818.38
2023-04-20,Smartphones,Bajío,23,982.97,22608.31
2023-04-21,Smartphones,Bajío,24,884.54,21228.96
2023-04-22,Smartphones,Bajío,18,868.06,15625.08
2023-04-23,Smartphones,Bajío,31,1002.01,31062.31
2023-04-24,Smartphones,Bajío,27,930.05,25111.35
2023-04-25,Smartphones,Bajío,25,864.67,21616.75
2023-04-26,Smartphones,Bajío,30,882.62,26478.6
2023-04-27,Smartphones,Bajío,28,935.12,26183.36
2023-04-28,Smartphones,Bajío,25,886.46,22161.5
2023-04-29,Smartphones,Bajío,25,896.01,22400.25
2023-04-30,Smartphones,Bajío,38,975.69,37076.22
2023-05-01,Smartphones,Bajío,27,870.31,23498.37
2023-05-02,Smartphones,Bajío,25,879.09,21977.25
2023-05-03,Smartphones,Bajío,24,1025.88,24621.12
2023-05-04,Smartphones,Bajío,21,921.53,19352.13
2023-05-05,Smartphones,Bajío,22,922.75,20300.5
2023-05-06,Smartphones,Bajío,25,969.49,24237.25
2023-05-07,Smartphones,Bajío,22,926.09,20373.98
2023-05-08,Smartphones,Bajío,32,959.75,30712.0
2023-05-09,Smartphones,Bajío,27,836.9,22596.3
2023-05-10,Smartphones,Bajío,29,922.38,26749.02
2023-05-11,Smartphones,Bajío,20,892.85,17857.0
2023-05-12,Smartphones,Bajío,22,923.38,20314.36
2023-05-13,Smartphones,Bajío,26,801.23,20831.98
2023-05-14,Smartphones,Bajío,25,835.78,20894.5
2023-05-15,Smartphones,Bajío,22,898.17,19759.74
2023-05-16,Smartphones,Bajío,31,933.94,28952.14
2023-05-17,Smartphones,Bajío,27,841.51,22720.77
2023-05-18,Smartphones,Bajío,24,875.51,21012.24
2023-05-19,Smartphones,Bajío,16,916.34,14661.44
2023-05-20,Smartphones,Bajío,29,895.89,25980.81
2023-05-21,Smartphones,Bajío,23,946.8,21776.4
2023-05-22,Smartphones,Bajío,30,951.57,28547.1
2023-05-23,Smartphones,Bajío,22,852.82,18762.04
2023-05-24,Smartphones,Bajío,25,896.41,22410.25
2023-05-25,Smartphones,Bajío,23,876.65,20162.95
2023-05-26,Smartphones,Bajío,27,957.26,25846.02
2023-05-27,Smartphones,Bajío,26,940.76,24459.76
2023-05-28,Smartphones,Bajío,27,858.19,23171.13
2023-05-29,Smartphones,Bajío,20,962.21,19244.2
2023-05-30,Smartphones,Bajío,34,840.72,28584.48
2023-05-31,Smartphones,Bajío,24,879.51,21108.24
2023-06-01,Smartphones,Bajío,21,851.39,17879.19
2023-06-02,Smartphones,Bajío,22,879.93,19358.46
2023-06-03,Smartphones,Bajío,23,799.59,18390.57
2023-06-04,Smartphones,Bajío,21,899.92,18898.32
2023-06-05,Smartphones,Bajío,26,822.87,21394.62
2023-06-06,Smartphones,Bajío,31,878.35,27228.85
2023-06-07,Smartphones,Bajío,23,952.05,21897.15
2023-06-08,Smartphones,Bajío,24,907.3,21775.2
2023-06-09,Smartphones,Bajío,21,1000.5,21010.5
2023-06-10,Smartphones,Bajío,17,948.64,16126.88
2023-06-11,Smartphones,Bajío,29,947.46,27476.34
2023-06-12,Smartphones,Bajío,20,875.31,17506.2
2023-06-13,Smartphones,Bajío,28,887.62,24853.36
2023-06-14,Smartphones,Bajío,19,923.88,17553.72
2023-06-15,Smartphones,Bajío,24,877.5,21060.0
2023-06-16,Smartphones,Bajío,23,900.67,20715.41
2023-06-17,Smartphones,Bajío,17,950.94,16165.98
2023-06-18,Smartphones,Bajío,18,906.42,16315.56
2023-06-19,Smartphones,Bajío,23,834.83,19201.09
2023-06-20,Smartphones,Bajío,32,931.2,29798.4
2023-06-21,Smartphones,Bajío,22,881.02,19382.44
2023-06-22,Smartphones,Bajío,16,876.34,14021.44
2023-06-23,Smartphones,Bajío,18,1009.24,18166.32
2023-06-24,Smartphones,Bajío,16,906.78,14508.48
2023-06-25,Smartphones,Bajío,19,994.48,18895.12
2023-06-26,Smartphones,Bajío,23,866.39,19926.97
2023-06-27,Smartphones,Bajío,21,869.98,18269.58
2023-06-28,Smartphones,Bajío,22,878.74,19332.28
2023-06-29,Smartphones,Bajío,18,895.59,16120.62
2023-06-30,Smartphones,Bajío,16,886.55,14184.8
2023-07-01,Smartphones,Bajío,16,855.47,13687.52
2023-07-02,Smartphones,Bajío,26,942.46,24503.96
2023-07-03,Smartphones,Bajío,24,904.56,21709.44
2023-07-04,Smartphones,Bajío,20,938.09,18761.8
2023-07-05,Smartphones,Bajío,20,914.63,18292.6
2023-07-06,Smartphones,Bajío,19,1015.21,19288.99
2023-07-07,Smartphones,Bajío,15,906.89,13603.35
2023-07-08,Smartphones,Bajío,17,944.35,16053.95
2023-07-09,Smartphones,Bajío,20,958.57,19171.4
2023-07-10,Smartphones,Bajío,25,847.81,21195.25
2023-07-11,Smartphones,Bajío,18,852.97,15353.46
2023-07-12,Smartphones,Bajío,20,855.48,17109.6
2023-07-13,Smartphones,Bajío,18,883.76,15907.68
2023-07-14,Smartphones,Bajío,17,886.68,15073.56
2023-07-15,Smartphones,Bajío,15,911.03,13665.45
2023-07-16,Smartphones,Bajío,19,972.19,18471.61
2023-07-17,Smartphones,Bajío,19,828.49,15741.31
2023-07-18,Smartphones,Bajío,16,830.91,13294.56
2023-07-19,Smartphones,Bajío,17,874.31,14863.27
2023-07-20,Smartphones,Bajío,14,856.47,11990.58
2023-07-21,Smartphones,Bajío,12,832.52,9990.24
2023-07-22,Smartphones,Bajío,11,885.11,9736.21
2023-07-23,Smartphones,Bajío,18,910.73,16393.14
2023-07-24,Smartphones,Bajío,19,896.88,17040.72
2023-07-25,Smartphones,Bajío,22,875.11,19252.42
2023-07-26,Smartphones,Bajío,14,900.74,12610.36
2023-07-27,Smartphones,Bajío,18,822.54,14805.72
2023-07-28,Smartphones,Bajío,13,931.9,12114.7
2023-07-29,Smartphones,Bajío,14,900.3,12604.2
2023-07-30,Smartphones,Bajío,19,916.5,17413.5
2023-07-31,Smartphones,Bajío,15,903.5,13552.5
2023-08-01,Smartphones,Bajío,17,828.03,14076.51
2023-08-02,Smartphones,Bajío,20,880.5,17610.0
2023-08-03,Smartphones,Bajío,17,962.25,16358.25
2023-08-04,Smartphones,Bajío,11,927.4,10201.4
2023-08-05,Smartphones,Bajío,15,891.17,13367.55
2023-08-06,Smartphones,Bajío,19,937.3,17808.7
2023-08-07,Smartphones,Bajío,26,946.4,24606.4
2023-08-08,Smartphones,Bajío,16,963.09,15409.44
2023-08-09,Smartphones,Bajío,18,936.41,16855.38
2023-08-10,Smartphones,Bajío,12,967.13,11605.56
2023-08-11,Smartphones,Bajío,7,903.28,6322.96
2023-08-12,Smartphones,Bajío,12,942.64,11311.68
2023-08-13,Smartphones,Bajío,17,855.25,14539.25
2023-08-14,Smartphones,Bajío,20,936.17,18723.4
2023-08-15,Smartphones,Bajío,20,909.63,18192.6
2023-08-16,Smartphones,Bajío,21,928.0,19488.0
2023-08-17,Smartphones,Bajío,11,957.0,10527.0
2023-08-18,Smartphones,Bajío,11,859.76,9457.36
2023-08-19,Smartphones,Bajío,13,965.87,12556.31
2023-08-20,Smartphones,Bajío,11,931.09,10241.99
2023-08-21,Smartphones,Bajío,13,913.77,11879.01
2023-08-22,Smartphones,Bajío,17,846.52,14390.84
2023-08-23,Smartphones,Bajío,16,873.38,13974.08
2023-08-24,Smartphones,Bajío,11,942.85,10371.35
2023-08-25,Smartphones,Bajío,9,900.63,8105.67
2023-08-26,Smartphones,Bajío,13,953.44,12394.72
2023-08-27,Smartphones,Bajío,12,937.79,11253.48
2023-08-28,Smartphones,Bajío,15,867.04,13005.6
2023-08-29,Smartphones,Bajío,15,899.17,13487.55
2023-08-30,Smartphones,Bajío,15,896.08,13441.2
2023-08-31,Smartphones,Bajío,11,941.02,10351.22
2023-09-01,Smartphones,Bajío,13,904.29,11755.77
2023-09-02,Smartphones,Bajío,12,898.34,10780.08
2023-09-03,Smartphones,Bajío,13,921.06,11973.78
2023-09-04,Smartphones,Bajío,19,889.08,16892.52
2023-09-05,Smartphones,Bajío,18,937.59,16876.62
2023-09-06,Smartphones,Bajío,17,908.76,15448.92
2023-09-07,Smartphones,Bajío,14,957.04,13398.56
2023-09-08,Smartphones,Bajío,13,936.5,12174.5
2023-09-09,Smartphones,Bajío,13,910.23,11832.99
2023-09-10,Smartphones,Bajío,14,967.15,13540.1
2023-09-11,Smartphones,Bajío,16,875.39,14006.24
2023-09-12,Smartphones,Bajío,14,908.92,12724.88
2023-09-13,Smartphones,Bajío,18,907.31,16331.58
2023-09-14,Smartphones,Bajío,12,919.78,11037.36
2023-09-15,Smartphones,Bajío,10,876.72,8767.2
2023-09-16,Smartphones,Bajío,11,907.41,9981.51
2023-09-17,Smartphones,Bajío,11,875.27,9627.97
2023-09-18,Smartphones,Bajío,15,837.55,12563.25
2023-09-19,Smartphones,Bajío,19,894.62,16997.78
2023-09-20,Smartphones,Bajío,11,913.38,10047.18
2023-09-21,Smartphones,Bajío,17,854.99,14534.83
2023-09-22,Smartphones,Bajío,12,885.32,10623.84
2023-09-23,Smartphones,Bajío,12,925.42,11105.04
2023-09-24,Smartphones,Bajío,17,931.27,15831.59
2023-09-25,Smartphones,Bajío,14,935.28,13093.92
2023-09-26,Smartphones,Bajío,21,855.51,17965.71
2023-09-27,Smartphones,Bajío,12,1002.26,12027.12
2023-09-28,Smartphones,Bajío,15,832.11,12481.65
2023-09-29,Smartphones,Bajío,12,892.28,10707.36
2023-09-30,Smartphones,Bajío,13,796.76,10357.88
2023-10-01,Smartphones,Bajío,13,855.85,11126.05
2023-10-02,Smartphones,Bajío,22,860.76,18936.72
2023-10-03,Smartphones,Bajío,15,957.22,14358.3
2023-10-04,Smartphones,Bajío,19,976.24,18548.56
2023-10-05,Smartphones,Bajío,19,910.78,17304.82
2023-10-06,Smartphones,Bajío,10,878.86,8788.6
2023-10-07,Smartphones,Bajío,10,784.35,7843.5
2023-10-08,Smartphones,Bajío,18,863.94,15550.92
2023-10-09,Smartphones,Bajío,16,817.9,13086.4
2023-10-10,Smartphones,Bajío,18,870.0,15660.0
2023-10-11,Smartphones,Bajío,15,885.61,13284.15
2023-10-12,Smartphones,Bajío,14,909.61,12734.54
2023-10-13,Smartphones,Bajío,12,891.44,10697.28
2023-10-14,Smartphones,Bajío,13,879.44,11432.72
2023-10-15,Smartphones,Bajío,16,877.45,14039.2
2023-10-16,Smartphones,Bajío,22,893.71,19661.62
2023-10-17,Smartphones,Bajío,21,949.08,19930.68
2023-10-18,Smartphones,Bajío,17,930.65,15821.05
2023-10-19,Smartphones,Bajío,14,870.12,12181.68
2023-10-20,Smartphones,Bajío,13,885.06,11505.78
2023-10-21,Smartphones,Bajío,17,988.23,16799.91
2023-10-22,Smartphones,Bajío,19,873.02,16587.38
2023-10-23,Smartphones,Bajío,25,929.33,23233.25
2023-10-24,Smartphones,Bajío,15,944.39,14165.85
2023-10-25,Smartphones,Bajío,19,901.1,17120.9
2023-10-26,Smartphones,Bajío,17,870.84,14804.28
2023-10-27,Smartphones,Bajío,16,815.65,13050.4
2023-10-28,Smartphones,Bajío,16,927.28,14836.48
2023-10-29,Smartphones,Bajío,21,910.3,19116.3
2023-10-30,Smartphones,Bajío,12,867.41,10408.92
2023-10-31,Smartphones,Bajío,16,924.46,14791.36
2023-11-01,Smartphones,Bajío,18,906.32,16313.76
2023-11-02,Smartphones,Bajío,14,865.27,12113.78
2023-11-03,Smartphones,Bajío,17,835.83,14209.11
2023-11-04,Smartphones,Bajío,13,880.7,11449.1
2023-11-05,Smartphones,Bajío,23,964.42,22181.66
2023-11-06,Smartphones,Bajío,20,930.48,18609.6
2023-11-07,Smartphones,Bajío,17,917.34,15594.78
2023-11-08,Smartphones,Bajío,21,919.35,19306.35
2023-11-09,Smartphones,Bajío,16,861.87,13789.92
2023-11-10,Smartphones,Bajío,17,878.4,14932.8
2023-11-11,Smartphones,Bajío,19,902.96,17156.24
2023-11-12,Smartphones,Bajío,15,897.29,13459.35
2023-11-13,Smartphones,Bajío,21,852.33,17898.93
2023-11-14,Smartphones,Bajío,24,849.86,20396.64
2023-11-15,Smartphones,Bajío,39,896.37,34958.43
2023-11-16,Smartphones,Bajío,33,877.82,28968.06
2023-11-17,Smartphones,Bajío,28,887.52,24850.56
2023-11-18,Smartphones,Bajío,35,891.2,31192.0
2023-11-19,Smartphones,Bajío,34,962.99,32741.66
2023-11-20,Smartphones,Bajío,46,879.58,40460.68
2023-11-21,Smartphones,Bajío,45,921.92,41486.4
2023-11-22,Smartphones,Bajío,36,852.39,30686.04
2023-11-23,Smartphones,Bajío,26,962.3,25019.8
2023-11-24,Smartphones,Bajío,25,979.09,24477.25
2023-11-25,Smartphones,Bajío,31,882.4,27354.4
2023-11-26,Smartphones,Bajío,50,843.61,42180.5
2023-11-27,Smartphones,Bajío,47,822.22,38644.34
2023-11-28,Smartphones,Bajío,39,908.27,35422.53
2023-11-29,Smartphones,Bajío,44,886.5,39006.0
2023-11-30,Smartphones,Bajío,38,963.15,36599.7
2023-12-01,Smartphones,Bajío,24,913.31,21919.44
2023-12-02,Smartphones,Bajío,32,869.4,27820.8
2023-12-03,Smartphones,Bajío,29,941.02,27289.58
2023-12-04,Smartphones,Bajío,35,805.95,28208.25
2023-12-05,Smartphones,Bajío,34,898.79,30558.86
2023-12-06,Smartphones,Bajío,30,903.71,27111.3
2023-12-07,Smartphones,Bajío,39,922.31,35970.09
2023-12-08,Smartphones,Bajío,23,875.74,20142.02
2023-12-09,Smartphones,Bajío,31,893.24,27690.44
2023-12-10,Smartphones,Bajío,35,876.65,30682.75
2023-12-11,Smartphones,Bajío,50,922.84,46142.0
2023-12-12,Smartphones,Bajío,43,933.53,40141.79
2023-12-13,Smartphones,Bajío,40,862.01,34480.4
2023-12-14,Smartphones,Bajío,31,932.59,28910.29
2023-12-15,Smartphones,Bajío,29,846.01,24534.29
2023-12-16,Smartphones,Bajío,31,888.71,27550.01
2023-12-17,Smartphones,Bajío,40,940.15,37606.0
2023-12-18,Smartphones,Bajío,52,878.97,45706.44
2023-12-19,Smartphones,Bajío,41,878.23,36007.43
2023-12-20,Smartphones,Bajío,37,908.7,33621.9
2023-12-21,Smartphones,Bajío,41,762.89,31278.49
2023-12-22,Smartphones,Bajío,23,868.26,19969.98
2023-12-23,Smartphones,Bajío,32,882.44,28238.08
2023-12-24,Smartphones,Bajío,49,889.92,43606.08
2023-12-25,Smartphones,Bajío,25,909.46,22736.5
2023-12-26,Smartphones,Bajío,23,898.11,20656.53
2023-12-27,Smartphones,Bajío,27,954.95,25783.65
2023-12-28,Smartphones,Bajío,25,978.68,24467.0
2023-12-29,Smartphones,Bajío,24,895.23,21485.52
2023-12-30,Smartphones,Bajío,22,870.35,19147.7
2023-12-31,Smartphones,Bajío,30,956.16,28684.8
2024-01-01,Smartphones,Bajío,25,888.3,22207.5
2024-01-02,Smartphones,Bajío,30,871.3,26139.0
2024-01-03,Smartphones,Bajío,37,936.38,34646.06
2024-01-04,Smartphones,Bajío,19,900.76,17114.44
2024-01-05,Smartphones,Bajío,18,938.22,16887.96
2024-01-06,Smartphones,Bajío,20,868.09,17361.8
2024-01-07,Smartphones,Bajío,31,887.31,27506.61
2024-01-08,Smartphones,Bajío,24,937.97,22511.28
2024-01-09,Smartphones,Bajío,34,800.53,27218.02
2024-01-10,Smartphones,Bajío,29,878.94,25489.26
2024-01-11,Smartphones,Bajío,24,945.51,22692.24
2024-01-12,Smartphones,Bajío,23,888.73,20440.79
2024-01-13,Smartphones,Bajío,34,948.24,32240.16
2024-01-14,Smartphones,Bajío,27,866.74,23401.98
2024-01-15,Smartphones,Bajío,28,911.05,25509.4
2024-01-16,Smartphones,Bajío,30,886.72,26601.6
2024-01-17,Smartphones,Bajío,25,826.37,20659.25
2024-01-18,Smartphones,Bajío,26,885.04,23011.04
2024-01-19,Smartphones,Bajío,29,879.16,25495.64
2024-01-20,Smartphones,Bajío,27,871.05,23518.35
2024-01-21,Smartphones,Bajío,35,860.41,30114.35
2024-01-22,Smartphones,Bajío,32,963.1,30819.2
2024-01-23,Smartphones,Bajío,34,869.36,29558.24
2024-01-24,Smartphones,Bajío,34,914.73,31100.82
2024-01-25,Smartphones,Bajío,31,894.34,27724.54
2024-01-26,Smartphones,Bajío,25,937.41,23435.25
2024-01-27,Smartphones,Bajío,41,978.01,40098.41
2024-01-28,Smartphones,Bajío,27,969.58,26178.66
2024-01-29,Smartphones,Bajío,31,876.14,27160.34
2024-01-30,Smartphones,Bajío,36,925.24,33308.64
2024-01-31,Smartphones,Bajío,33,953.16,31454.28
2024-02-01,Smartphones,Bajío,24,886.96,21287.04
2024-02-02,Smartphones,Bajío,23,945.52,21746.96
2024-02-03,Smartphones,Bajío,28,901.41,25239.48
2024-02-04,Smartphones,Bajío,28,842.32,23584.96
2024-02-05,Smartphones,Bajío,40,989.41,39576.4
2024-02-06,Smartphones,Bajío,30,822.25,24667.5
2024-02-07,Smartphones,Bajío,40,838.13,33525.2
2024-02-08,Smartphones,Bajío,26,878.82,22849.32
2024-02-09,Smartphones,Bajío,25,941.31,23532.75
2024-02-10,Smartphones,Bajío,30,926.41,27792.3
2024-02-11,Smartphones,Bajío,24,985.24,23645.76
2024-02-12,Smartphones,Bajío,39,945.39,36870.21
2024-02-13,Smartphones,Bajío,44,907.7,39938.8
2024-02-14,Smartphones,Bajío,36,954.6,34365.6
2024-02-15,Smartphones,Bajío,25,887.37,22184.25
2024-02-16,Smartphones,Bajío,25,905.41,22635.25
2024-02-17,Smartphones,Bajío,27,878.0,23706.0
2024-02-18,Smartphones,Bajío,32,948.3,30345.6
2024-02-19,Smartphones,Bajío,37,883.9,32704.3
2024-02-20,Smartphones,Bajío,39,840.36,32774.04
2024-02-21,Smartphones,Bajío,35,839.98,29399.3
2024-02-22,Smartphones,Bajío,27,849.66,22940.82
2024-02-23,Smartphones,Bajío,31,921.44,28564.64
2024-02-24,Smartphones,Bajío,26,892.44,23203.44
2024-02-25,Smartphones,Bajío,41,900.87,36935.67
2024-02-26,Smartphones,Bajío,43,917.38,39447.34
2024-02-27,Smartphones,Bajío,37,922.7,34139.9
2024-02-28,Smartphones,Bajío,35,885.11,30978.85
2024-02-29,Smartphones,Bajío,30,895.19,26855.7
2024-03-01,Smartphones,Bajío,26,879.04,22855.04
2024-03-02,Smartphones,Bajío,27,916.04,24733.08
2024-03-03,Smartphones,Bajío,31,894.98,27744.38
2024-03-04,Smartphones,Bajío,36,859.95,30958.2
2024-03-05,Smartphones,Bajío,40,903.76,36150.4
2024-03-06,Smartphones,Bajío,37,929.98,34409.26
2024-03-07,Smartphones,Bajío,30,979.02,29370.6
2024-03-08,Smartphones,Bajío,24,846.75,20322.0
2024-03-09,Smartphones,Bajío,31,841.7,26092.7
2024-03-10,Smartphones,Bajío,36,835.26,30069.36
2024-03-11,Smartphones,Bajío,38,871.14,33103.32
2024-03-12,Smartphones,Bajío,36,891.14,32081.04
2024-03-13,Smartphones,Bajío,30,879.36,26380.8
2024-03-14,Smartphones,Bajío,33,834.89,27551.37
2024-03-15,Smartphones,Bajío,22,964.29,21214.38
2024-03-16,Smartphones,Bajío,28,815.88,22844.64
2024-03-17,Smartphones,Bajío,39,979.56,38202.84
2024-03-18,Smartphones,Bajío,32,925.31,29609.92
2024-03-19,Smartphones,Bajío,38,964.18,36638.84
2024-03-20,Smartphones,Bajío,30,855.25,25657.5
2024-03-21,Smartphones,Bajío,36,883.81,31817.16
2024-03-22,Smartphones,Bajío,25,890.57,22264.25
2024-03-23,Smartphones,Bajío,32,879.62,28147.84
2024-03-24,Smartphones,Bajío,30,910.83,27324.9
2024-03-25,Smartphones,Bajío,30,911.39,27341.7
2024-03-26,Smartphones,Bajío,27,859.92,23217.84
2024-03-27,Smartphones,Bajío,34,985.22,33497.48
2024-03-28,Smartphones,Bajío,24,849.84,20396.16
2024-03-29,Smartphones,Bajío,22,922.11,20286.42
2024-03-30,Smartphones,Bajío,31,911.25,28248.75
2024-03-31,Smartphones,Bajío,27,912.47,24636.69
2024-04-01,Smartphones,Bajío,40,788.19,31527.6
2024-04-02,Smartphones,Bajío,43,891.61,38339.23
2024-04-03,Smartphones,Bajío,49,891.94,43705.06
2024-04-04,Smartphones,Bajío,23,916.97,21090.31
2024-04-05,Smartphones,Bajío,30,840.11,25203.3
2024-04-06,Smartphones,Bajío,26,914.53,23777.78
2024-04-07,Smartphones,Bajío,32,936.92,29981.44
2024-04-08,Smartphones,Bajío,36,930.04,33481.44
2024-04-09,Smartphones,Bajío,44,901.88,39682.72
2024-04-10,Smartphones,Bajío,33,953.65,31470.45
2024-04-11,Smartphones,Bajío,34,940.41,31973.94
2024-04-12,Smartphones,Bajío,23,868.72,19980.56
2024-04-13,Smartphones,Bajío,28,909.03,25452.84
2024-04-14,Smartphones,Bajío,27,944.82,25510.14
2024-04-15,Smartphones,Bajío,27,973.87,26294.49
2024-04-16,Smartphones,Bajío,48,872.43,41876.64
2024-04-17,Smartphones,Bajío,29,861.39,24980.31
2024-04-18,Smartphones,Bajío,30,853.92,25617.6
2024-04-19,Smartphones,Bajío,27,842.44,22745.88
2024-04-20,Smartphones,Bajío,27,901.18,24331.86
2024-04-21,Smartphones,Bajío,37,871.09,32230.33
2024-04-22,Smartphones,Bajío,33,926.68,30580.44
2024-04-23,Smartphones,Bajío,25,873.58,21839.5
2024-04-24,Smartphones,Bajío,36,849.9,30596.4
2024-04-25,Smartphones,Bajío,31,943.68,29254.08
2024-04-26,Smartphones,Bajío,22,898.42,19765.24
2024-04-27,Smartphones,Bajío,24,938.56,22525.44
2024-04-28,Smartphones,Bajío,38,877.79,33356.02
2024-04-29,Smartphones,Bajío,43,978.58,42078.94
2024-04-30,Smartphones,Bajío,31,916.68,28417.08
2024-05-01,Smartphones,Bajío,25,850.57,21264.25
2024-05-02,Smartphones,Bajío,23,826.66,19013.18
2024-05-03,Smartphones,Bajío,25,914.01,22850.25
2024-05-04,Smartphones,Bajío,26,919.83,23915.58
2024-05-05,Smartphones,Bajío,28,932.41,26107.48
2024-05-06,Smartphones,Bajío,44,819.9,36075.6
2024-05-07,Smartphones,Bajío,30,821.18,24635.4
2024-05-08,Smartphones,Bajío,27,819.0,22113.0
2024-05-09,Smartphones,Bajío,25,858.46,21461.5
2024-05-10,Smartphones,Bajío,19,927.62,17624.78
2024-05-11,Smartphones,Bajío,24,901.0,21624.0
2024-05-12,Smartphones,Bajío,29,823.67,23886.43
2024-05-13,Smartphones,Bajío,20,831.88,16637.6
2024-05-14,Smartphones,Bajío,29,915.4,26546.6
2024-05-15,Smartphones,Bajío,36,951.78,34264.08
2024-05-16,Smartphones,Bajío,25,923.29,23082.25
2024-05-17,Smartphones,Bajío,21,970.23,20374.83
2024-05-18,Smartphones,Bajío,22,918.26,20201.72
2024-05-19,Smartphones,Bajío,26,969.34,25202.84
2024-05-20,Smartphones,Bajío,28,1009.3,28260.4
2024-05-21,Smartphones,Bajío,28,891.14,24951.92
2024-05-22,Smartphones,Bajío,28,932.41,26107.48
2024-05-23,Smartphones,Bajío,28,803.19,22489.32
2024-05-24,Smartphones,Bajío,27,933.07,25192.89
2024-05-25,Smartphones,Bajío,27,852.3,23012.1
2024-05-26,Smartphones,Bajío,27,927.95,25054.65
2024-05-27,Smartphones,Bajío,31,880.1,27283.1
2024-05-28,Smartphones,Bajío,31,920.58,28537.98
2024-05-29,Smartphones,Bajío,34,846.97,28796.98
2024-05-30,Smartphones,Bajío,21,884.24,18569.04
2024-05-31,Smartphones,Bajío,16,934.22,14947.52
2024-06-01,Smartphones,Bajío,21,916.34,19243.14
2024-06-02,Smartphones,Bajío,28,813.03,22764.84
2024-06-03,Smartphones,Bajío,33,893.7,29492.1
2024-06-04,Smartphones,Bajío,22,871.78,19179.16
2024-06-05,Smartphones,Bajío,21,855.33,17961.93
2024-06-06,Smartphones,Bajío,27,868.06,23437.62
2024-06-07,Smartphones,Bajío,22,934.83,20566.26
2024-06-08,Smartphones,Bajío,19,970.47,18438.93
2024-06-09,Smartphones,Bajío,28,927.79,25978.12
2024-06-10,Smartphones,Bajío,25,871.55,21788.75
2024-06-11,Smartphones,Bajío,25,902.24,22556.0
2024-06-12,Smartphones,Bajío,26,902.03,23452.78
2024-06-13,Smartphones,Bajío,23,941.26,21648.98
2024-06-14,Smartphones,Bajío,20,901.21,18024.2
2024-06-15,Smartphones,Bajío,25,927.71,23192.75
2024-06-16,Smartphones,Bajío,25,902.97,22574.25
2024-06-17,Smartphones,Bajío,23,924.12,21254.76
2024-06-18,Smartphones,Bajío,33,940.51,31036.83
2024-06-19,Smartphones,Bajío,20,851.23,17024.6
2024-06-20,Smartphones,Bajío,19,892.89,16964.91
2024-06-21,Smartphones,Bajío,22,888.82,19554.04
2024-06-22,Smartphones,Bajío,19,934.71,17759.49
2024-06-23,Smartphones,Bajío,21,899.18,18882.78
2024-06-24,Smartphones,Bajío,23,866.72,19934.56
2024-06-25,Smartphones,Bajío,24,880.74,21137.76
2024-06-26,Smartphones,Bajío,29,906.43,26286.47
2024-06-27,Smartphones,Bajío,19,927.1,17614.9
2024-06-28,Smartphones,Bajío,13,868.58,11291.54
2024-06-29,Smartphones,Bajío,16,874.8,13996.8
2024-06-30,Smartphones,Bajío,24,873.03,20952.72
2024-07-01,Smartphones,Bajío,25,874.9,21872.5
2024-07-02,Smartphones,Bajío,26,881.07,22907.82
2024-07-03,Smartphones,Bajío,20,917.27,18345.4
2024-07-04,Smartphones,Bajío,14,941.94,13187.16
2024-07-05,Smartphones,Bajío,17,873.87,14855.79
2024-07-06,Smartphones,Bajío,17,822.16,13976.72
2024-07-07,Smartphones,Bajío,21,912.93,19171.53
2024-07-08,Smartphones,Bajío,23,828.7,19060.1
2024-07-09,Smartphones,Bajío,20,959.96,19199.2
2024-07-10,Smartphones,Bajío,18,896.06,16129.08
2024-07-11,Smartphones,Bajío,18,908.79,16358.22
2024-07-12,Smartphones,Bajío,16,946.17,15138.72
2024-07-13,Smartphones,Bajío,15,887.88,13318.2
2024-07-14,Smartphones,Bajío,18,916.9,16504.2
2024-07-15,Smartphones,Bajío,23,917.34,21098.82
2024-07-16,Smartphones,Bajío,20,976.1,19522.0
2024-07-17,Smartphones,Bajío,22,992.17,21827.74
2024-07-18,Smartphones,Bajío,17,897.46,15256.82
2024-07-19,Smartphones,Bajío,15,967.23,14508.45
2024-07-20,Smartphones,Bajío,18,805.41,14497.38
2024-07-21,Smartphones,Bajío,13,888.36,11548.68
2024-07-22,Smartphones,Bajío,24,928.44,22282.56
2024-07-23,Smartphones,Bajío,17,836.07,14213.19
2024-07-24,Smartphones,Bajío,19,996.78,18938.82
2024-07-25,Smartphones,Bajío,21,966.5,20296.5
2024-07-26,Smartphones,Bajío,13,883.6,11486.8
2024-07-27,Smartphones,Bajío,13,996.82,12958.66
2024-07-28,Smartphones,Bajío,20,935.41,18708.2
2024-07-29,Smartphones,Bajío,20,910.76,18215.2
2024-07-30,Smartphones,Bajío,17,920.04,15640.68
2024-07-31,Smartphones,Bajío,18,865.73,15583.14
2024-08-01,Smartphones,Bajío,13,907.5,11797.5
2024-08-02,Smartphones,Bajío,14,863.4,12087.6
2024-08-03,Smartphones,Bajío,20,900.06,18001.2
2024-08-04,Smartphones,Bajío,20,904.71,18094.2
2024-08-05,Smartphones,Bajío,20,909.72,18194.4
2024-08-06,Smartphones,Bajío,18,899.43,16189.74
2024-08-07,Smartphones,Bajío,18,1005.85,18105.3
2024-08-08,Smartphones,Bajío,20,827.44,16548.8
2024-08-09,Smartphones,Bajío,13,818.88,10645.44
2024-08-10,Smartphones,Bajío,14,860.53,12047.42
2024-08-11,Smartphones,Bajío,17,899.21,15286.57
2024-08-12,Smartphones,Bajío,15,882.13,13231.95
2024-08-13,Smartphones,Bajío,15,836.35,12545.25
2024-08-14,Smartphones,Bajío,21,985.86,20703.06
2024-08-15,Smartphones,Bajío,16,924.27,14788.32
2024-08-16,Smartphones,Bajío,11,885.03,9735.33
2024-08-17,Smartphones,Bajío,12,858.46,10301.52
2024-08-18,Smartphones,Bajío,18,887.87,15981.66
2024-08-19,Smartphones,Bajío,22,877.14,19297.08
2024-08-20,Smartphones,Bajío,19,917.29,17428.51
2024-08-21,Smartphones,Bajío,20,841.49,16829.8
2024-08-22,Smartphones,Bajío,17,864.73,14700.41
2024-08-23,Smartphones,Bajío,14,938.37,13137.18
2024-08-24,Smartphones,Bajío,15,872.76,13091.4
2024-08-25,Smartphones,Bajío,19,928.38,17639.22
2024-08-26,Smartphones,Bajío,14,896.77,12554.78
2024-08-27,Smartphones,Bajío,19,888.01,16872.19
2024-08-28,Smartphones,Bajío,17,868.19,14759.23
2024-08-29,Smartphones,Bajío,15,903.06,13545.9
2024-08-30,Smartphones,Bajío,15,890.65,13359.75
2024-08-31,Smartphones,Bajío,15,791.72,11875.8
2024-09-01,Smartphones,Bajío,20,950.26,19005.2
2024-09-02,Smartphones,Bajío,14,914.65,12805.1
2024-09-03,Smartphones,Bajío,20,835.46,16709.2
2024-09-04,Smartphones,Bajío,19,891.55,16939.45
2024-09-05,Smartphones,Bajío,13,884.54,11499.02
2024-09-06,Smartphones,Bajío,12,856.92,10283.04
2024-09-07,Smartphones,Bajío,12,929.07,11148.84
2024-09-08,Smartphones,Bajío,13,963.47,12525.11
2024-09-09,Smartphones,Bajío,18,879.51,15831.18
2024-09-10,Smartphones,Bajío,17,880.96,14976.32
2024-09-11,Smartphones,Bajío,15,857.44,12861.6
2024-09-12,Smartphones,Bajío,13,799.83,10397.79
2024-09-13,Smartphones,Bajío,14,918.95,12865.3
2024-09-14,Smartphones,Bajío,12,985.51,11826.12
2024-09-15,Smartphones,Bajío,18,892.9,16072.2
2024-09-16,Smartphones,Bajío,15,891.84,13377.6
2024-09-17,Smartphones,Bajío,24,896.93,21526.32
2024-09-18,Smartphones,Bajío,14,877.03,12278.42
2024-09-19,Smartphones,Bajío,14,848.4,11877.6
2024-09-20,Smartphones,Bajío,14,1015.13,14211.82
2024-09-21,Smartphones,Bajío,14,920.97,12893.58
2024-09-22,Smartphones,Bajío,18,926.58,16678.44
2024-09-23,Smartphones,Bajío,20,1001.62,20032.4
2024-09-24,Smartphones,Bajío,25,909.04,22726.0
2024-09-25,Smartphones,Bajío,19,861.9,16376.1
2024-09-26,Smartphones,Bajío,14,851.01,11914.14
2024-09-27,Smartphones,Bajío,17,986.42,16769.14
2024-09-28,Smartphones,Bajío,13,935.86,12166.18
2024-09-29,Smartphones,Bajío,14,895.49,12536.86
2024-09-30,Smartphones,Bajío,20,875.35,17507.0
2024-10-01,Smartphones,Bajío,19,887.05,16853.95
2024-10-02,Smartphones,Bajío,20,917.79,18355.8
2024-10-03,Smartphones,Bajío,16,982.4,15718.4
2024-10-04,Smartphones,Bajío,17,897.01,15249.17
2024-10-05,Smartphones,Bajío,14,861.4,12059.6
2024-10-06,Smartphones,Bajío,19,842.28,16003.32
2024-10-07,Smartphones,Bajío,22,928.36,20423.92
2024-10-08,Smartphones,Bajío,21,948.67,19922.07
2024-10-09,Smartphones,Bajío,15,982.73,14740.95
2024-10-10,Smartphones,Bajío,15,1021.08,15316.2
2024-10-11,Smartphones,Bajío,16,832.29,13316.64
2024-10-12,Smartphones,Bajío,18,901.41,16225.38
2024-10-13,Smartphones,Bajío,25,882.42,22060.5
2024-10-14,Smartphones,Bajío,19,891.44,16937.36
2024-10-15,Smartphones,Bajío,24,862.63,20703.12
2024-10-16,Smartphones,Bajío,19,915.38,17392.22
2024-10-17,Smartphones,Bajío,16,843.27,13492.32
2024-10-18,Smartphones,Bajío,17,921.9,15672.3
2024-10-19,Smartphones,Bajío,17,952.54,16193.18
2024-10-20,Smartphones,Bajío,19,876.96,16662.24
2024-10-21,Smartphones,Bajío,23,951.12,21875.76
2024-10-22,Smartphones,Bajío,16,906.1,14497.6
2024-10-23,Smartphones,Bajío,20,942.59,18851.8
2024-10-24,Smartphones,Bajío,20,914.17,18283.4
2024-10-25,Smartphones,Bajío,13,858.3,11157.9
2024-10-26,Smartphones,Bajío,16,898.93,14382.88
2024-10-27,Smartphones,Bajío,19,880.16,16723.04
2024-10-28,Smartphones,Bajío,25,937.94,23448.5
2024-10-29,Smartphones,Bajío,20,889.36,17787.2
2024-10-30,Smartphones,Bajío,22,947.51,20845.22
2024-10-31,Smartphones,Bajío,14,923.26,12925.64
2024-11-01,Smartphones,Bajío,20,909.06,18181.2
2024-11-02,Smartphones,Bajío,19,911.17,17312.23
2024-11-03,Smartphones,Bajío,22,944.32,20775.04
2024-11-04,Smartphones,Bajío,22,930.01,20460.22
2024-11-05,Smartphones,Bajío,22,943.01,20746.22
2024-11-06,Smartphones,Bajío,21,853.54,17924.34
2024-11-07,Smartphones,Bajío,15,875.53,13132.95
2024-11-08,Smartphones,Bajío,15,900.26,13503.9
2024-11-09,Smartphones,Bajío,15,888.08,13321.2
2024-11-10,Smartphones,Bajío,23,857.77,19728.71
2024-11-11,Smartphones,Bajío,25,956.39,23909.75
2024-11-12,Smartphones,Bajío,27,848.66,22913.82
2024-11-13,Smartphones,Bajío,22,944.04,20768.88
2024-11-14,Smartphones,Bajío,26,980.15,25483.9
2024-11-15,Smartphones,Bajío,30,877.31,26319.3
2024-11-16,Smartphones,Bajío,39,800.32,31212.48
2024-11-17,Smartphones,Bajío,48,878.52,42168.96
2024-11-18,Smartphones,Bajío,41,865.4,35481.4
2024-11-19,Smartphones,Bajío,36,836.68,30120.48
2024-11-20,Smartphones,Bajío,63,918.85,57887.55
2024-11-21,Smartphones,Bajío,36,919.82,33113.52
2024-11-22,Smartphones,Bajío,32,920.85,29467.2
2024-11-23,Smartphones,Bajío,38,858.22,32612.36
2024-11-24,Smartphones,Bajío,51,948.66,48381.66
2024-11-25,Smartphones,Bajío,46,870.44,40040.24
2024-11-26,Smartphones,Bajío,51,852.67,43486.17
2024-11-27,Smartphones,Bajío,51,851.01,43401.51
2024-11-28,Smartphones,Bajío,39,866.57,33796.23
2024-11-29,Smartphones,Bajío,42,904.99,38009.58
2024-11-30,Smartphones,Bajío,32,852.65,27284.8
2024-12-01,Smartphones,Bajío,33,863.36,28490.88
2024-12-02,Smartphones,Bajío,54,971.42,52456.68
2024-12-03,Smartphones,Bajío,46,871.06,40068.76
2024-12-04,Smartphones,Bajío,42,939.62,39464.04
2024-12-05,Smartphones,Bajío,28,903.74,25304.72
2024-12-06,Smartphones,Bajío,43,942.94,40546.42
2024-12-07,Smartphones,Bajío,39,909.5,35470.5
2024-12-08,Smartphones,Bajío,44,900.51,39622.44
2024-12-09,Smartphones,Bajío,52,885.23,46031.96
2024-12-10,Smartphones,Bajío,52,864.28,44942.56
2024-12-11,Smartphones,Bajío,45,911.47,41016.15
2024-12-12,Smartphones,Bajío,34,875.4,29763.6
2024-12-13,Smartphones,Bajío,35,812.36,28432.6
2024-12-14,Smartphones,Bajío,38,915.58,34792.04
2024-12-15,Smartphones,Bajío,43,895.21,38494.03
2024-12-16,Smartphones,Bajío,40,917.03,36681.2
2024-12-17,Smartphones,Bajío,52,900.01,46800.52
2024-12-18,Smartphones,Bajío,34,935.29,31799.86
2024-12-19,Smartphones,Bajío,39,920.3,35891.7
2024-12-20,Smartphones,Bajío,38,894.25,33981.5
2024-12-21,Smartphones,Bajío,34,917.97,31210.98
2024-12-22,Smartphones,Bajío,45,959.47,43176.15
2024-12-23,Smartphones,Bajío,50,861.7,43085.0
2024-12-24,Smartphones,Bajío,70,810.39,56727.3
2024-12-25,Smartphones,Bajío,37,942.81,34883.97
2024-12-26,Smartphones,Bajío,19,927.67,17625.73
2024-12-27,Smartphones,Bajío,25,1025.24,25631.0
2024-12-28,Smartphones,Bajío,24,904.96,21719.04
2024-12-29,Smartphones,Bajío,33,888.4,29317.2
2024-12-30,Smartphones,Bajío,26,920.34,23928.84
2023-01-01,Audio,Norte,37,186.4,6896.8
2023-01-02,Audio,Norte,41,179.92,7376.72
2023-01-03,Audio,Norte,38,179.44,6818.72
2023-01-04,Audio,Norte,32,177.3,5673.6
2023-01-05,Audio,Norte,39,180.41,7035.99
2023-01-06,Audio,Norte,29,180.96,5247.84
2023-01-07,Audio,Norte,30,173.68,5210.4
2023-01-08,Audio,Norte,46,175.38,8067.48
2023-01-09,Audio,Norte,52,171.94,8940.88
2023-01-10,Audio,Norte,41,186.53,7647.73
2023-01-11,Audio,Norte,28,181.95,5094.6
2023-01-12,Audio,Norte,35,179.67,6288.45
2023-01-13,Audio,Norte,38,173.94,6609.72
2023-01-14,Audio,Norte,39,185.31,7227.09
2023-01-15,Audio,Norte,49,174.08,8529.92
2023-01-16,Audio,Norte,39,173.61,6770.79
2023-01-17,Audio,Norte,35,186.47,6526.45
2023-01-18,Audio,Norte,39,176.3,6875.7
2023-01-19,Audio,Norte,25,182.33,4558.25
2023-01-20,Audio,Norte,26,175.14,4553.64
2023-01-21,Audio,Norte,33,177.76,5866.08
2023-01-22,Audio,Norte,42,179.53,7540.26
2023-01-23,Audio,Norte,37,189.25,7002.25
2023-01-24,Audio,Norte,35,183.3,6415.5
2023-01-25,Audio,Norte,41,184.33,7557.53
2023-01-26,Audio,Norte,28,184.31,5160.68
2023-01-27,Audio,Norte,44,189.11,8320.84
2023-01-28,Audio,Norte,42,194.6,8173.2
2023-01-29,Audio,Norte,53,184.82,9795.46
2023-01-30,Audio,Norte,42,171.75,7213.5
2023-01-31,Audio,Norte,38,182.57,6937.66
2023-02-01,Audio,Norte,49,191.79,9397.71
2023-02-02,Audio,Norte,32,168.53,5392.96
2023-02-03,Audio,Norte,41,194.94,7992.54
2023-02-04,Audio,Norte,36,186.37,6709.32
2023-02-05,Audio,Norte,56,182.84,10239.04
2023-02-06,Audio,Norte,53,177.41,9402.73
2023-02-07,Audio,Norte,47,175.22,8235.34
2023-02-08,Audio,Norte,33,189.15,6241.95
2023-02-09,Audio,Norte,28,168.31,4712.68
2023-02-10,Audio,Norte,30,199.81,5994.3
2023-02-11,Audio,Norte,37,188.24,6964.88
2023-02-12,Audio,Norte,52,184.85,9612.2
2023-02-13,Audio,Norte,45,183.46,8255.7
2023-02-14,Audio,Norte,54,173.85,9387.9
2023-02-15,Audio,Norte,50,181.88,9094.0
2023-02-16,Audio,Norte,35,166.9,5841.5
2023-02-17,Audio,Norte,35,170.49,5967.15
2023-02-18,Audio,Norte,52,165.71,8616.92
2023-02-19,Audio,Norte,52,180.71,9396.92
2023-02-20,Audio,Norte,52,176.01,9152.52
2023-02-21,Audio,Norte,46,178.27,8200.42
2023-02-22,Audio,Norte,43,181.95,7823.85
2023-02-23,Audio,Norte,32,191.22,6119.04
2023-02-24,Audio,Norte,26,166.38,4325.88
2023-02-25,Audio,Norte,33,192.82,6363.06
2023-02-26,Audio,Norte,41,180.97,7419.77
2023-02-27,Audio,Norte,53,175.8,9317.4
2023-02-28,Audio,Norte,44,182.32,8022.08
2023-03-01,Audio,Norte,36,183.63,6610.68
2023-03-02,Audio,Norte,40,190.48,7619.2
2023-03-03,Audio,Norte,38,178.39,6778.82
2023-03-04,Audio,Norte,45,168.41,7578.45
2023-03-05,Audio,Norte,50,167.66,8383.0
2023-03-06,Audio,Norte,59,186.41,10998.19
2023-03-07,Audio,Norte,47,184.58,8675.26
2023-03-08,Audio,Norte,41,196.27,8047.07
2023-03-09,Audio,Norte,33,167.22,5518.26
2023-03-10,Audio,Norte,30,184.18,5525.4
2023-03-11,Audio,Norte,54,187.81,10141.74
2023-03-12,Audio,Norte,45,182.8,8226.0
2023-03-13,Audio,Norte,48,178.49,8567.52
2023-03-14,Audio,Norte,53,177.25,9394.25
2023-03-15,Audio,Norte,36,177.25,6381.0
2023-03-16,Audio,Norte,34,182.28,6197.52
2023-03-17,Audio,Norte,38,190.79,7250.02
2023-03-18,Audio,Norte,43,168.72,7254.96
2023-03-19,Audio,Norte,46,176.65,8125.9
2023-03-20,Audio,Norte,67,193.57,12969.19
2023-03-21,Audio,Norte,50,168.39,8419.5
2023-03-22,Audio,Norte,45,184.01,8280.45
2023-03-23,Audio,Norte,45,155.69,7006.05
2023-03-24,Audio,Norte,30,175.69,5270.7
2023-03-25,Audio,Norte,44,171.79,7558.76
2023-03-26,Audio,Norte,51,190.14,9697.14
2023-03-27,Audio,Norte,46,169.5,7797.0
2023-03-28,Audio,Norte,59,170.01,10030.59
2023-03-29,Audio,Norte,40,172.05,6882.0
2023-03-30,Audio,Norte,36,175.23,6308.28
2023-03-31,Audio,Norte,45,176.09,7924.05
2023-04-01,Audio,Norte,46,174.67,8034.82
2023-04-02,Audio,Norte,54,182.54,9857.16
2023-04-03,Audio,Norte,60,170.12,10207.2
2023-04-04,Audio,Norte,40,183.97,7358.8
2023-04-05,Audio,Norte,59,173.12,10214.08
2023-04-06,Audio,Norte,44,161.05,7086.2
2023-04-07,Audio,Norte,40,178.52,7140.8
2023-04-08,Audio,Norte,43,184.05,7914.15
2023-04-09,Audio,Norte,39,171.36,6683.04
2023-04-10,Audio,Norte,64,180.74,11567.36
2023-04-11,Audio,Norte,51,175.61,8956.11
2023-04-12,Audio,Norte,39,174.72,6814.08
2023-04-13,Audio,Norte,40,185.37,7414.8
2023-04-14,Audio,Norte,44,185.75,8173.0
2023-04-15,Audio,Norte,36,169.58,6104.88
2023-04-16,Audio,Norte,64,171.09,10949.76
2023-04-17,Audio,Norte,51,186.34,9503.34
2023-04-18,Audio,Norte,50,170.33,8516.5
2023-04-19,Audio,Norte,40,171.75,6870.0
2023-04-20,Audio,Norte,33,177.3,5850.9
2023-04-21,Audio,Norte,36,174.53,6283.08
2023-04-22,Audio,Norte,40,175.24,7009.6
2023-04-23,Audio,Norte,49,177.49,8697.01
2023-04-24,Audio,Norte,52,177.78,9244.56
2023-04-25,Audio,Norte,53,181.83,9636.99
2023-04-26,Audio,Norte,49,180.73,8855.77
2023-04-27,Audio,Norte,43,195.5,8406.5
2023-04-28,Audio,Norte,41,185.55,7607.55
2023-04-29,Audio,Norte,49,179.28,8784.72
2023-04-30,Audio,Norte,50,194.75,9737.5
2023-05-01,Audio,Norte,53,171.96,9113.88
2023-05-02,Audio,Norte,61,197.29,12034.69
2023-05-03,Audio,Norte,48,202.98,9743.04
2023-05-04,Audio,Norte,33,187.76,6196.08
2023-05-05,Audio,Norte,34,178.6,6072.4
2023-05-06,Audio,Norte,37,188.71,6982.27
2023-05-07,Audio,Norte,53,190.99,10122.47
2023-05-08,Audio,Norte,50,171.5,8575.0
2023-05-09,Audio,Norte,55,187.17,10294.35
2023-05-10,Audio,Norte,48,177.93,8540.64
2023-05-11,Audio,Norte,27,172.63,4661.01
2023-05-12,Audio,Norte,23,182.92,4207.16
2023-05-13,Audio,Norte,32,180.8,5785.6
2023-05-14,Audio,Norte,36,167.91,6044.76
2023-05-15,Audio,Norte,49,192.63,9438.87
2023-05-16,Audio,Norte,43,181.72,7813.96
2023-05-17,Audio,Norte,33,187.51,6187.83
2023-05-18,Audio,Norte,37,188.38,6970.06
2023-05-19,Audio,Norte,33,173.79,5735.07
2023-05-20,Audio,Norte,37,199.68,7388.16
2023-05-21,Audio,Norte,34,198.96,6764.64
2023-05-22,Audio,Norte,59,171.41,10113.19
2023-05-23,Audio,Norte,60,180.48,10828.8
2023-05-24,Audio,Norte,47,181.94,8551.18
2023-05-25,Audio,Norte,36,174.41,6278.76
2023-05-26,Audio,Norte,33,176.77,5833.41
2023-05-27,Audio,Norte,40,201.76,8070.4
2023-05-28,Audio,Norte,42,175.82,7384.44
2023-05-29,Audio,Norte,40,197.65,7906.0
2023-05-30,Audio,Norte,55,191.19,10515.45
2023-05-31,Audio,Norte,37,184.34,6820.58
2023-06-01,Audio,Norte,37,192.23,7112.51
2023-06-02,Audio,Norte,40,188.53,7541.2
2023-06-03,Audio,Norte,42,185.69,7798.98
2023-06-04,Audio,Norte,49,189.58,9289.42
2023-06-05,Audio,Norte,35,175.85,6154.75
2023-06-06,Audio,Norte,35,178.62,6251.7
2023-06-07,Audio,Norte,43,167.82,7216.26
2023-06-08,Audio,Norte,30,187.03,5610.9
2023-06-09,Audio,Norte,34,174.71,5940.14
2023-06-10,Audio,Norte,42,167.05,7016.1
2023-06-11,Audio,Norte,42,185.8,7803.6
2023-06-12,Audio,Norte,61,178.0,10858.0
2023-06-13,Audio,Norte,40,195.24,7809.6
2023-06-14,Audio,Norte,26,188.32,4896.32
2023-06-15,Audio,Norte,31,192.93,5980.83
2023-06-16,Audio,Norte,33,179.7,5930.1
2023-06-17,Audio,Norte,28,183.21,5129.88
2023-06-18,Audio,Norte,34,189.05,6427.7
2023-06-19,Audio,Norte,41,158.15,6484.15
2023-06-20,Audio,Norte,40,166.21,6648.4
2023-06-21,Audio,Norte,38,179.8,6832.4
2023-06-22,Audio,Norte,33,165.19,5451.27
2023-06-23,Audio,Norte,24,173.15,4155.6
2023-06-24,Audio,Norte,34,185.72,6314.48
2023-06-25,Audio,Norte,55,183.61,10098.55
2023-06-26,Audio,Norte,46,186.56,8581.76
2023-06-27,Audio,Norte,33,170.49,5626.17
2023-06-28,Audio,Norte,30,188.5,5655.0
2023-06-29,Audio,Norte,30,173.09,5192.7
2023-06-30,Audio,Norte,22,185.54,4081.88
2023-07-01,Audio,Norte,37,186.8,6911.6
2023-07-02,Audio,Norte,42,199.53,8380.26
2023-07-03,Audio,Norte,32,196.05,6273.6
2023-07-04,Audio,Norte,39,186.86,7287.54
2023-07-05,Audio,Norte,30,177.53,5325.9
2023-07-06,Audio,Norte,24,181.71,4361.04
2023-07-07,Audio,Norte,21,183.81,3860.01
2023-07-08,Audio,Norte,37,174.95,6473.15
2023-07-09,Audio,Norte,34,186.45,6339.3
2023-07-10,Audio,Norte,36,187.36,6744.96
2023-07-11,Audio,Norte,37,187.34,6931.58
2023-07-12,Audio,Norte,28,170.45,4772.6
2023-07-13,Audio,Norte,31,180.06,5581.86
2023-07-14,Audio,Norte,24,189.01,4536.24
2023-07-15,Audio,Norte,33,187.23,6178.59
2023-07-16,Audio,Norte,29,178.9,5188.1
2023-07-17,Audio,Norte,33,179.88,5936.04
2023-07-18,Audio,Norte,30,176.63,5298.9
2023-07-19,Audio,Norte,30,185.65,5569.5
2023-07-20,Audio,Norte,27,165.54,4469.58
2023-07-21,Audio,Norte,23,171.63,3947.49
2023-07-22,Audio,Norte,26,175.09,4552.34
2023-07-23,Audio,Norte,32,185.24,5927.68
2023-07-24,Audio,Norte,39,193.31,7539.09
2023-07-25,Audio,Norte,37,183.56,6791.72
2023-07-26,Audio,Norte,30,169.55,5086.5
2023-07-27,Audio,Norte,26,178.24,4634.24
2023-07-28,Audio,Norte,21,171.75,3606.75
2023-07-29,Audio,Norte,32,177.83,5690.56
2023-07-30,Audio,Norte,22,171.8,3779.6
2023-07-31,Audio,Norte,28,176.8,4950.4
2023-08-01,Audio,Norte,29,172.62,5005.98
2023-08-02,Audio,Norte,24,198.52,4764.48
2023-08-03,Audio,Norte,26,183.74,4777.24
2023-08-04,Audio,Norte,32,172.25,5512.0
2023-08-05,Audio,Norte,23,179.71,4133.33
2023-08-06,Audio,Norte,38,195.92,7444.96
2023-08-07,Audio,Norte,26,187.87,4884.62
2023-08-08,Audio,Norte,25,178.62,4465.5
2023-08-09,Audio,Norte,32,175.04,5601.28
2023-08-10,Audio,Norte,17,183.04,3111.68
2023-08-11,Audio,Norte,20,175.39,3507.8
2023-08-12,Audio,Norte,27,190.51,5143.77
2023-08-13,Audio,Norte,26,203.01,5278.26
2023-08-14,Audio,Norte,29,181.81,5272.49
2023-08-15,Audio,Norte,23,181.06,4164.38
2023-08-16,Audio,Norte,24,169.5,4068.0
2023-08-17,Audio,Norte,22,194.14,4271.08
2023-08-18,Audio,Norte,24,185.11,4442.64
2023-08-19,Audio,Norte,28,164.64,4609.92
2023-08-20,Audio,Norte,26,183.4,4768.4
2023-08-21,Audio,Norte,28,180.07,5041.96
2023-08-22,Audio,Norte,30,181.5,5445.0
2023-08-23,Audio,Norte,20,176.56,3531.2
2023-08-24,Audio,Norte,23,181.2,4167.6
2023-08-25,Audio,Norte,25,170.56,4264.0
2023-08-26,Audio,Norte,23,181.12,4165.76
2023-08-27,Audio,Norte,32,187.55,6001.6
2023-08-28,Audio,Norte,27,178.54,4820.58
2023-08-29,Audio,Norte,33,173.85,5737.05
2023-08-30,Audio,Norte,22,193.1,4248.2
2023-08-31,Audio,Norte,16,190.51,3048.16
2023-09-01,Audio,Norte,19,170.92,3247.48
2023-09-02,Audio,Norte,28,176.55,4943.4
2023-09-03,Audio,Norte,31,180.57,5597.67
2023-09-04,Audio,Norte,24,182.89,4389.36
2023-09-05,Audio,Norte,35,185.93,6507.55
2023-09-06,Audio,Norte,27,177.59,4794.93
2023-09-07,Audio,Norte,15,171.76,2576.4
2023-09-08,Audio,Norte,25,182.72,4568.0
2023-09-09,Audio,Norte,26,173.66,4515.16
2023-09-10,Audio,Norte,30,185.54,5566.2
2023-09-11,Audio,Norte,29,185.21,5371.09
2023-09-12,Audio,Norte,34,196.37,6676.58
2023-09-13,Audio,Norte,21,192.3,4038.3
2023-09-14,Audio,Norte,17,186.48,3170.16
2023-09-15,Audio,Norte,24,177.04,4248.96
2023-09-16,Audio,Norte,28,172.83,4839.24
2023-09-17,Audio,Norte,32,190.0,6080.0
2023-09-18,Audio,Norte,30,184.02,5520.6
2023-09-19,Audio,Norte,31,173.21,5369.51
2023-09-20,Audio,Norte,18,181.7,3270.6
2023-09-21,Audio,Norte,20,178.85,3577.0
2023-09-22,Audio,Norte,18,177.55,3195.9
2023-09-23,Audio,Norte,25,181.56,4539.0
2023-09-24,Audio,Norte,25,174.64,4366.0
2023-09-25,Audio,Norte,34,169.53,5764.02
2023-09-26,Audio,Norte,30,197.09,5912.7
2023-09-27,Audio,Norte,22,178.45,3925.9
2023-09-28,Audio,Norte,18,185.7,3342.6
2023-09-29,Audio,Norte,25,166.28,4157.0
2023-09-30,Audio,Norte,22,168.16,3699.52
2023-10-01,Audio,Norte,25,171.98,4299.5
2023-10-02,Audio,Norte,37,171.77,6355.49
2023-10-03,Audio,Norte,26,171.15,4449.9
2023-10-04,Audio,Norte,25,171.75,4293.75
2023-10-05,Audio,Norte,18,187.27,3370.86
2023-10-06,Audio,Norte,20,173.48,3469.6
2023-10-07,Audio,Norte,30,160.61,4818.3
2023-10-08,Audio,Norte,29,181.2,5254.8
2023-10-09,Audio,Norte,27,175.74,4744.98
2023-10-10,Audio,Norte,27,193.78,5232.06
2023-10-11,Audio,Norte,23,179.43,4126.89
2023-10-12,Audio,Norte,20,191.41,3828.2
2023-10-13,Audio,Norte,25,177.79,4444.75
2023-10-14,Audio,Norte,28,174.62,4889.36
2023-10-15,Audio,Norte,43,185.37,7970.91
2023-10-16,Audio,Norte,36,168.85,6078.6
2023-10-17,Audio,Norte,25,190.14,4753.5
2023-10-18,Audio,Norte,26,176.55,4590.3
2023-10-19,Audio,Norte,23,166.01,3818.23
2023-10-20,Audio,Norte,21,184.67,3878.07
2023-10-21,Audio,Norte,28,178.09,4986.52
2023-10-22,Audio,Norte,27,169.15,4567.05
2023-10-23,Audio,Norte,33,183.66,6060.78
2023-10-24,Audio,Norte,31,175.5,5440.5
2023-10-25,Audio,Norte,28,186.39,5218.92
2023-10-26,Audio,Norte,19,178.77,3396.63
2023-10-27,Audio,Norte,25,184.08,4602.0
2023-10-28,Audio,Norte,28,177.39,4966.92
2023-10-29,Audio,Norte,29,166.34,4823.86
2023-10-30,Audio,Norte,30,187.76,5632.8
2023-10-31,Audio,Norte,31,173.28,5371.68
2023-11-01,Audio,Norte,35,161.91,5666.85
2023-11-02,Audio,Norte,18,176.36,3174.48
2023-11-03,Audio,Norte,23,173.82,3997.86
2023-11-04,Audio,Norte,27,188.1,5078.7
2023-11-05,Audio,Norte,26,174.04,4525.04
2023-11-06,Audio,Norte,37,178.94,6620.78
2023-11-07,Audio,Norte,31,184.89,5731.59
2023-11-08,Audio,Norte,25,180.47,4511.75
2023-11-09,Audio,Norte,18,189.12,3404.16
2023-11-10,Audio,Norte,26,189.48,4926.48
2023-11-11,Audio,Norte,24,171.58,4117.92
2023-11-12,Audio,Norte,31,183.26,5681.06
2023-11-13,Audio,Norte,36,194.62,7006.32
2023-11-14,Audio,Norte,35,172.3,6030.5
2023-11-15,Audio,Norte,51,169.65,8652.15
2023-11-16,Audio,Norte,44,186.17,8191.48
2023-11-17,Audio,Norte,42,173.2,7274.4
2023-11-18,Audio,Norte,53,197.88,10487.64
2023-11-19,Audio,Norte,65,176.89,11497.85
2023-11-20,Audio,Norte,66,171.76,11336.16
2023-11-21,Audio,Norte,59,175.22,10337.98
2023-11-22,Audio,Norte,55,192.88,10608.4
2023-11-23,Audio,Norte,46,168.5,7751.0
2023-11-24,Audio,Norte,48,176.87,8489.76
2023-11-25,Audio,Norte,56,177.69,9950.64
2023-11-26,Audio,Norte,72,156.95,11300.4
2023-11-27,Audio,Norte,60,175.66,10539.6
2023-11-28,Audio,Norte,66,178.28,11766.48
2023-11-29,Audio,Norte,43,172.19,7404.17
2023-11-30,Audio,Norte,60,186.51,11190.6
2023-12-01,Audio,Norte,39,187.14,7298.46
2023-12-02,Audio,Norte,43,181.26,7794.18
2023-12-03,Audio,Norte,53,169.56,8986.68
2023-12-04,Audio,Norte,71,171.86,12202.06
2023-12-05,Audio,Norte,63,189.68,11949.84
2023-12-06,Audio,Norte,38,200.88,7633.44
2023-12-07,Audio,Norte,56,188.35,10547.6
2023-12-08,Audio,Norte,44,184.19,8104.36
2023-12-09,Audio,Norte,42,171.2,7190.4
2023-12-10,Audio,Norte,64,180.86,11575.04
2023-12-11,Audio,Norte,52,168.23,8747.96
2023-12-12,Audio,Norte,59,185.05,10917.95
2023-12-13,Audio,Norte,41,176.62,7241.42
2023-12-14,Audio,Norte,58,169.33,9821.14
2023-12-15,Audio,Norte,37,175.91,6508.67
2023-12-16,Audio,Norte,55,183.52,10093.6
2023-12-17,Audio,Norte,49,181.77,8906.73
2023-12-18,Audio,Norte,81,180.44,14615.64
2023-12-19,Audio,Norte,71,182.97,12990.87
2023-12-20,Audio,Norte,58,170.15,9868.7
2023-12-21,Audio,Norte,43,170.81,7344.83
2023-12-22,Audio,Norte,70,171.96,12037.2
2023-12-23,Audio,Norte,67,167.92,11250.64
2023-12-24,Audio,Norte,50,179.88,8994.0
2023-12-25,Audio,Norte,47,166.56,7828.32
2023-12-26,Audio,Norte,41,181.98,7461.18
2023-12-27,Audio,Norte,43,165.73,7126.39
2023-12-28,Audio,Norte,36,186.5,6714.0
2023-12-29,Audio,Norte,35,182.25,6378.75
2023-12-30,Audio,Norte,34,166.29,5653.86
2023-12-31,Audio,Norte,33,184.1,6075.3
2024-01-01,Audio,Norte,41,178.92,7335.72
2024-01-02,Audio,Norte,47,190.15,8937.05
2024-01-03,Audio,Norte,47,178.77,8402.19
2024-01-04,Audio,Norte,32,164.89,5276.48
2024-01-05,Audio,Norte,33,175.96,5806.68
2024-01-06,Audio,Norte,36,178.2,6415.2
2024-01-07,Audio,Norte,58,175.16,10159.28
2024-01-08,Audio,Norte,51,184.67,9418.17
2024-01-09,Audio,Norte,48,189.16,9079.68
2024-01-10,Audio,Norte,40,184.26,7370.4
2024-01-11,Audio,Norte,38,170.75,6488.5
2024-01-12,Audio,Norte,37,183.13,6775.81
2024-01-13,Audio,Norte,54,179.27,9680.58
2024-01-14,Audio,Norte,40,172.88,6915.2
2024-01-15,Audio,Norte,50,192.92,9646.0
2024-01-16,Audio,Norte,55,180.72,9939.6
2024-01-17,Audio,Norte,41,172.75,7082.75
2024-01-18,Audio,Norte,35,178.82,6258.7
2024-01-19,Audio,Norte,38,181.94,6913.72
2024-01-20,Audio,Norte,66,195.02,12871.32
2024-01-21,Audio,Norte,55,184.65,10155.75
2024-01-22,Audio,Norte,61,174.13,10621.93
2024-01-23,Audio,Norte,59,185.95,10971.05
2024-01-24,Audio,Norte,44,181.31,7977.64
2024-01-25,Audio,Norte,55,165.96,9127.8
2024-01-26,Audio,Norte,40,167.91,6716.4
2024-01-27,Audio,Norte,64,172.85,11062.4
2024-01-28,Audio,Norte,54,171.06,9237.24
2024-01-29,Audio,Norte,61,170.16,10379.76
2024-01-30,Audio,Norte,51,184.06,9387.06
2024-01-31,Audio,Norte,52,188.49,9801.48
2024-02-01,Audio,Norte,49,168.33,8248.17
2024-02-02,Audio,Norte,40,178.69,7147.6
2024-02-03,Audio,Norte,53,190.79,10111.87
2024-02-04,Audio,Norte,51,187.9,9582.9
2024-02-05,Audio,Norte,48,177.13,8502.24
2024-02-06,Audio,Norte,62,175.65,10890.3
2024-02-07,Audio,Norte,32,193.65,6196.8
2024-02-08,Audio,Norte,45,192.36,8656.2
2024-02-09,Audio,Norte,58,193.51,11223.58
2024-02-10,Audio,Norte,41,178.06,7300.46
2024-02-11,Audio,Norte,51,178.01,9078.51
2024-02-12,Audio,Norte,59,170.03,10031.77
2024-02-13,Audio,Norte,56,182.33,10210.48
2024-02-14,Audio,Norte,60,176.14,10568.4
2024-02-15,Audio,Norte,55,180.03,9901.65
2024-02-16,Audio,Norte,54,159.23,8598.42
2024-02-17,Audio,Norte,54,176.29,9519.66
2024-02-18,Audio,Norte,51,191.89,9786.39
2024-02-19,Audio,Norte,53,181.4,9614.2
2024-02-20,Audio,Norte,74,155.25,11488.5
2024-02-21,Audio,Norte,55,186.14,10237.7
2024-02-22,Audio,Norte,45,191.29,8608.05
2024-02-23,Audio,Norte,31,166.29,5154.99
2024-02-24,Audio,Norte,54,182.07,9831.78
2024-02-25,Audio,Norte,54,177.29,9573.66
2024-02-26,Audio,Norte,53,184.37,9771.61
2024-02-27,Audio,Norte,64,186.29,11922.56
2024-02-28,Audio,Norte,48,178.49,8567.52
2024-02-29,Audio,Norte,44,180.62,7947.28
2024-03-01,Audio,Norte,38,196.22,7456.36
2024-03-02,Audio,Norte,59,216.41,12768.19
2024-03-03,Audio,Norte,51,187.22,9548.22
2024-03-04,Audio,Norte,63,182.72,11511.36
2024-03-05,Audio,Norte,69,175.07,12079.83
2024-03-06,Audio,Norte,42,179.59,7542.78
2024-03-07,Audio,Norte,46,180.87,8320.02
2024-03-08,Audio,Norte,44,181.62,7991.28
2024-03-09,Audio,Norte,45,160.71,7231.95
2024-03-10,Audio,Norte,50,174.89,8744.5
2024-03-11,Audio,Norte,57,178.1,10151.7
2024-03-12,Audio,Norte,71,177.12,12575.52
2024-03-13,Audio,Norte,44,183.63,8079.72
2024-03-14,Audio,Norte,52,196.45,10215.4
2024-03-15,Audio,Norte,52,185.62,9652.24
2024-03-16,Audio,Norte,59,184.54,10887.86
2024-03-17,Audio,Norte,47,187.24,8800.28
2024-03-18,Audio,Norte,51,193.01,9843.51
2024-03-19,Audio,Norte,64,206.26,13200.64
2024-03-20,Audio,Norte,66,183.04,12080.64
2024-03-21,Audio,Norte,49,182.8,8957.2
2024-03-22,Audio,Norte,51,183.65,9366.15
2024-03-23,Audio,Norte,72,183.9,13240.8
2024-03-24,Audio,Norte,53,174.1,9227.3
2024-03-25,Audio,Norte,74,181.34,13419.16
2024-03-26,Audio,Norte,55,174.0,9570.0
2024-03-27,Audio,Norte,62,189.54,11751.48
2024-03-28,Audio,Norte,51,209.05,10661.55
2024-03-29,Audio,Norte,42,183.43,7704.06
2024-03-30,Audio,Norte,63,188.32,11864.16
2024-03-31,Audio,Norte,62,191.65,11882.3
2024-04-01,Audio,Norte,74,171.15,12665.1
2024-04-02,Audio,Norte,55,187.65,10320.75
2024-04-03,Audio,Norte,62,184.37,11430.94
2024-04-04,Audio,Norte,35,167.01,5845.35
2024-04-05,Audio,Norte,51,178.93,9125.43
2024-04-06,Audio,Norte,67,156.84,10508.28
2024-04-07,Audio,Norte,47,164.79,7745.13
2024-04-08,Audio,Norte,57,168.78,9620.46
2024-04-09,Audio,Norte,67,167.12,11197.04
2024-04-10,Audio,Norte,63,192.94,12155.22
2024-04-11,Audio,Norte,45,169.37,7621.65
2024-04-12,Audio,Norte,45,182.63,8218.35
2024-04-13,Audio,Norte,52,179.06,9311.12
2024-04-14,Audio,Norte,52,178.85,9300.2
2024-04-15,Audio,Norte,55,175.85,9671.75
2024-04-16,Audio,Norte,47,173.61,8159.67
2024-04-17,Audio,Norte,75,186.79,14009.25
2024-04-18,Audio,Norte,50,157.83,7891.5
2024-04-19,Audio,Norte,37,189.26,7002.62
2024-04-20,Audio,Norte,68,176.09,11974.12
2024-04-21,Audio,Norte,47,181.95,8551.65
2024-04-22,Audio,Norte,58,186.06,10791.48
2024-04-23,Audio,Norte,72,191.76,13806.72
2024-04-24,Audio,Norte,51,173.32,8839.32
2024-04-25,Audio,Norte,49,176.13,8630.37
2024-04-26,Audio,Norte,43,165.83,7130.69
2024-04-27,Audio,Norte,56,183.45,10273.2
2024-04-28,Audio,Norte,65,198.33,12891.45
2024-04-29,Audio,Norte,60,175.21,10512.6
2024-04-30,Audio,Norte,57,177.83,10136.31
2024-05-01,Audio,Norte,58,184.3,10689.4
2024-05-02,Audio,Norte,39,179.21,6989.19
2024-05-03,Audio,Norte,47,187.25,8800.75
2024-05-04,Audio,Norte,39,179.59,7004.01
2024-05-05,Audio,Norte,59,188.83,11140.97
2024-05-06,Audio,Norte,53,175.83,9318.99
2024-05-07,Audio,Norte,52,180.87,9405.24
2024-05-08,Audio,Norte,54,171.4,9255.6
2024-05-09,Audio,Norte,41,174.19,7141.79
2024-05-10,Audio,Norte,42,181.03,7603.26
2024-05-11,Audio,Norte,72,180.03,12962.16
2024-05-12,Audio,Norte,67,188.84,12652.28
2024-05-13,Audio,Norte,55,183.02,10066.1
2024-05-14,Audio,Norte,35,178.94,6262.9
2024-05-15,Audio,Norte,40,175.76,7030.4
2024-05-16,Audio,Norte,46,181.37,8343.02
2024-05-17,Audio,Norte,40,188.43,7537.2
2024-05-18,Audio,Norte,50,173.91,8695.5
2024-05-19,Audio,Norte,56,204.93,11476.08
2024-05-20,Audio,Norte,51,167.78,8556.78
2024-05-21,Audio,Norte,59,172.72,10190.48
2024-05-22,Audio,Norte,48,175.85,8440.8
2024-05-23,Audio,Norte,43,188.43,8102.49
2024-05-24,Audio,Norte,43,193.14,8305.02
2024-05-25,Audio,Norte,47,177.0,8319.0
2024-05-26,Audio,Norte,58,172.18,9986.44
2024-05-27,Audio,Norte,62,171.84,10654.08
2024-05-28,Audio,Norte,58,188.6,10938.8
2024-05-29,Audio,Norte,54,168.97,9124.38
2024-05-30,Audio,Norte,46,182.69,8403.74
2024-05-31,Audio,Norte,39,183.5,7156.5
2024-06-01,Audio,Norte,62,183.13,11354.06
2024-06-02,Audio,Norte,50,172.92,8646.0
2024-06-03,Audio,Norte,61,168.72,10291.92
2024-06-04,Audio,Norte,64,180.02,11521.28
2024-06-05,Audio,Norte,44,185.58,8165.52
2024-06-06,Audio,Norte,42,176.65,7419.3
2024-06-07,Audio,Norte,44,185.73,8172.12
2024-06-08,Audio,Norte,43,178.68,7683.24
2024-06-09,Audio,Norte,47,185.41,8714.27
2024-06-10,Audio,Norte,52,170.58,8870.16
2024-06-11,Audio,Norte,44,178.0,7832.0
2024-06-12,Audio,Norte,39,195.35,7618.65
2024-06-13,Audio,Norte,32,174.71,5590.72
2024-06-14,Audio,Norte,27,183.23,4947.21
2024-06-15,Audio,Norte,33,179.76,5932.08
2024-06-16,Audio,Norte,53,175.43,9297.79
2024-06-17,Audio,Norte,41,187.48,7686.68
2024-06-18,Audio,Norte,46,173.91,7999.86
2024-06-19,Audio,Norte,41,189.8,7781.8
2024-06-20,Audio,Norte,36,186.43,6711.48
2024-06-21,Audio,Norte,31,167.6,5195.6
2024-06-22,Audio,Norte,41,187.23,7676.43
2024-06-23,Audio,Norte,33,180.96,5971.68
2024-06-24,Audio,Norte,51,170.33,8686.83
2024-06-25,Audio,Norte,50,175.18,8759.0
2024-06-26,Audio,Norte,40,172.63,6905.2
2024-06-27,Audio,Norte,31,183.13,5677.03
2024-06-28,Audio,Norte,39,197.35,7696.65
2024-06-29,Audio,Norte,44,179.83,7912.52
2024-06-30,Audio,Norte,59,175.12,10332.08
2024-07-01,Audio,Norte,49,179.82,8811.18
2024-07-02,Audio,Norte,52,178.94,9304.88
2024-07-03,Audio,Norte,34,184.93,6287.62
2024-07-04,Audio,Norte,32,176.06,5633.92
2024-07-05,Audio,Norte,30,153.8,4614.0
2024-07-06,Audio,Norte,29,180.84,5244.36
2024-07-07,Audio,Norte,53,177.26,9394.78
2024-07-08,Audio,Norte,45,170.1,7654.5
2024-07-09,Audio,Norte,41,177.61,7282.01
2024-07-10,Audio,Norte,33,191.06,6304.98
2024-07-11,Audio,Norte,34,172.17,5853.78
2024-07-12,Audio,Norte,33,178.87,5902.71
2024-07-13,Audio,Norte,30,176.06,5281.8
2024-07-14,Audio,Norte,50,167.55,8377.5
2024-07-15,Audio,Norte,37,182.3,6745.1
2024-07-16,Audio,Norte,27,179.43,4844.61
2024-07-17,Audio,Norte,38,200.35,7613.3
2024-07-18,Audio,Norte,27,186.36,5031.72
2024-07-19,Audio,Norte,30,187.36,5620.8
2024-07-20,Audio,Norte,34,172.48,5864.32
2024-07-21,Audio,Norte,43,186.68,8027.24
2024-07-22,Audio,Norte,51,184.98,9433.98
2024-07-23,Audio,Norte,41,158.23,6487.43
2024-07-24,Audio,Norte,24,190.17,4564.08
2024-07-25,Audio,Norte,26,179.0,4654.0
2024-07-26,Audio,Norte,36,171.89,6188.04
2024-07-27,Audio,Norte,32,179.06,5729.92
2024-07-28,Audio,Norte,50,174.41,8720.5
2024-07-29,Audio,Norte,42,183.05,7688.1
2024-07-30,Audio,Norte,48,176.42,8468.16
2024-07-31,Audio,Norte,44,195.45,8599.8
2024-08-01,Audio,Norte,32,195.49,6255.68
2024-08-02,Audio,Norte,34,182.29,6197.86
2024-08-03,Audio,Norte,40,185.14,7405.6
2024-08-04,Audio,Norte,36,195.23,7028.28
2024-08-05,Audio,Norte,53,177.06,9384.18
2024-08-06,Audio,Norte,35,178.42,6244.7
2024-08-07,Audio,Norte,35,185.46,6491.1
2024-08-08,Audio,Norte,23,179.53,4129.19
2024-08-09,Audio,Norte,22,182.41,4013.02
2024-08-10,Audio,Norte,32,177.01,5664.32
2024-08-11,Audio,Norte,36,171.14,6161.04
2024-08-12,Audio,Norte,37,170.9,6323.3
2024-08-13,Audio,Norte,41,190.71,7819.11
2024-08-14,Audio,Norte,28,183.54,5139.12
2024-08-15,Audio,Norte,31,188.2,5834.2
2024-08-16,Audio,Norte,32,171.91,5501.12
2024-08-17,Audio,Norte,37,184.21,6815.77
2024-08-18,Audio,Norte,24,185.51,4452.24
2024-08-19,Audio,Norte,40,174.22,6968.8
2024-08-20,Audio,Norte,34,175.68,5973.12
2024-08-21,Audio,Norte,41,193.2,7921.2
2024-08-22,Audio,Norte,19,178.19,3385.61
2024-08-23,Audio,Norte,21,186.48,3916.08
2024-08-24,Audio,Norte,36,172.57,6212.52
2024-08-25,Audio,Norte,26,193.02,5018.52
2024-08-26,Audio,Norte,40,176.66,7066.4
2024-08-27,Audio,Norte,33,178.66,5895.78
2024-08-28,Audio,Norte,29,184.35,5346.15
2024-08-29,Audio,Norte,24,205.29,4926.96
2024-08-30,Audio,Norte,29,175.7,5095.3
2024-08-31,Audio,Norte,34,180.53,6138.02
2024-09-01,Audio,Norte,32,191.51,6128.32
2024-09-02,Audio,Norte,35,181.37,6347.95
2024-09-03,Audio,Norte,41,181.02,7421.82
2024-09-04,Audio,Norte,26,199.46,5185.96
2024-09-05,Audio,Norte,24,192.07,4609.68
2024-09-06,Audio,Norte,23,200.24,4605.52
2024-09-07,Audio,Norte,28,175.14,4903.92
2024-09-08,Audio,Norte,34,188.49,6408.66
2024-09-09,Audio,Norte,41,181.19,7428.79
2024-09-10,Audio,Norte,33,179.7,5930.1
2024-09-11,Audio,Norte,28,180.61,5057.08
2024-09-12,Audio,Norte,24,187.19,4492.56
2024-09-13,Audio,Norte,20,181.09,3621.8
2024-09-14,Audio,Norte,25,173.13,4328.25
2024-09-15,Audio,Norte,33,173.26,5717.58
2024-09-16,Audio,Norte,32,170.31,5449.92
2024-09-17,Audio,Norte,39,180.73,7048.47
2024-09-18,Audio,Norte,36,186.38,6709.68
2024-09-19,Audio,Norte,20,190.68,3813.6
2024-09-20,Audio,Norte,26,185.05,4811.3
2024-09-21,Audio,Norte,28,182.82,5118.96
2024-09-22,Audio,Norte,24,191.06,4585.44
2024-09-23,Audio,Norte,37,168.07,6218.59
2024-09-24,Audio,Norte,39,185.38,7229.82
2024-09-25,Audio,Norte,25,184.58,4614.5
2024-09-26,Audio,Norte,31,170.05,5271.55
2024-09-27,Audio,Norte,20,163.76,3275.2
2024-09-28,Audio,Norte,33,180.01,5940.33
2024-09-29,Audio,Norte,35,186.58,6530.3
2024-09-30,Audio,Norte,31,168.36,5219.16
2024-10-01,Audio,Norte,33,174.63,5762.79
2024-10-02,Audio,Norte,23,179.93,4138.39
2024-10-03,Audio,Norte,24,189.72,4553.28
2024-10-04,Audio,Norte,22,184.29,4054.38
2024-10-05,Audio,Norte,26,184.12,4787.12
2024-10-06,Audio,Norte,30,177.89,5336.7
2024-10-07,Audio,Norte,50,193.9,9695.0
2024-10-08,Audio,Norte,36,183.96,6622.56
2024-10-09,Audio,Norte,27,175.36,4734.72
2024-10-10,Audio,Norte,28,176.41,4939.48
2024-10-11,Audio,Norte,28,179.02,5012.56
2024-10-12,Audio,Norte,32,177.69,5686.08
2024-10-13,Audio,Norte,35,164.89,5771.15
2024-10-14,Audio,Norte,30,175.37,5261.1
2024-10-15,Audio,Norte,30,184.38,5531.4
2024-10-16,Audio,Norte,28,173.11,4847.08
2024-10-17,Audio,Norte,20,181.19,3623.8
2024-10-18,Audio,Norte,35,170.15,5955.25
2024-10-19,Audio,Norte,29,160.92,4666.68
2024-10-20,Audio,Norte,44,177.4,7805.6
2024-10-21,Audio,Norte,34,181.92,6185.28
2024-10-22,Audio,Norte,37,175.39,6489.43
2024-10-23,Audio,Norte,26,171.1,4448.6
2024-10-24,Audio,Norte,30,185.8,5574.0
2024-10-25,Audio,Norte,29,179.75,5212.75
2024-10-26,Audio,Norte,38,185.82,7061.16
2024-10-27,Audio,Norte,30,197.12,5913.6
2024-10-28,Audio,Norte,36,184.21,6631.56
2024-10-29,Audio,Norte,33,184.29,6081.57
2024-10-30,Audio,Norte,25,173.57,4339.25
2024-10-31,Audio,Norte,31,179.8,5573.8
2024-11-01,Audio,Norte,30,168.89,5066.7
2024-11-02,Audio,Norte,45,171.09,7699.05
2024-11-03,Audio,Norte,47,182.63,8583.61
2024-11-04,Audio,Norte,32,177.3,5673.6
2024-11-05,Audio,Norte,31,174.72,5416.32
2024-11-06,Audio,Norte,34,181.13,6158.42
2024-11-07,Audio,Norte,28,175.03,4900.84
2024-11-08,Audio,Norte,30,177.7,5331.0
2024-11-09,Audio,Norte,31,182.62,5661.22
2024-11-10,Audio,Norte,38,175.78,6679.64
2024-11-11,Audio,Norte,38,171.51,6517.38
2024-11-12,Audio,Norte,45,191.25,8606.25
2024-11-13,Audio,Norte,31,197.45,6120.95
2024-11-14,Audio,Norte,37,180.0,6660.0
2024-11-15,Audio,Norte,52,178.5,9282.0
2024-11-16,Audio,Norte,74,180.32,13343.68
2024-11-17,Audio,Norte,82,173.75,14247.5
2024-11-18,Audio,Norte,70,190.44,13330.8
2024-11-19,Audio,Norte,62,188.51,11687.62
2024-11-20,Audio,Norte,74,175.8,13009.2
2024-11-21,Audio,Norte,53,177.03,9382.59
2024-11-22,Audio,Norte,66,183.44,12107.04
2024-11-23,Audio,Norte,68,190.6,12960.8
2024-11-24,Audio,Norte,102,183.95,18762.9
2024-11-25,Audio,Norte,105,185.12,19437.6
2024-11-26,Audio,Norte,99,183.82,18198.18
2024-11-27,Audio,Norte,80,181.89,14551.2
2024-11-28,Audio,Norte,64,183.48,11742.72
2024-11-29,Audio,Norte,58,187.2,10857.6
2024-11-30,Audio,Norte,76,183.0,13908.0
2024-12-01,Audio,Norte,66,178.22,11762.52
2024-12-02,Audio,Norte,67,201.32,13488.44
2024-12-03,Audio,Norte,97,165.83,16085.51
2024-12-04,Audio,Norte,74,188.06,13916.44
2024-12-05,Audio,Norte,44,175.74,7732.56
2024-12-06,Audio,Norte,63,165.28,10412.64
2024-12-07,Audio,Norte,69,161.72,11158.68
2024-12-08,Audio,Norte,66,178.37,11772.42
2024-12-09,Audio,Norte,74,198.49,14688.26
2024-12-10,Audio,Norte,55,196.58,10811.9
2024-12-11,Audio,Norte,61,175.06,10678.66
2024-12-12,Audio,Norte,50,174.69,8734.5
2024-12-13,Audio,Norte,60,176.55,10593.0
2024-12-14,Audio,Norte,65,181.97,11828.05
2024-12-15,Audio,Norte,68,197.5,13430.0
2024-12-16,Audio,Norte,85,188.69,16038.65
2024-12-17,Audio,Norte,80,186.0,14880.0
2024-12-18,Audio,Norte,47,182.44,8574.68
2024-12-19,Audio,Norte,59,162.91,9611.69
2024-12-20,Audio,Norte,69,162.75,11229.75
2024-12-21,Audio,Norte,73,173.17,12641.41
2024-12-22,Audio,Norte,71,169.16,12010.36
2024-12-23,Audio,Norte,100,165.14,16514.0
2024-12-24,Audio,Norte,72,188.76,13590.72
2024-12-25,Audio,Norte,40,177.99,7119.6
2024-12-26,Audio,Norte,34,172.4,5861.6
2024-12-27,Audio,Norte,40,168.49,6739.6
2024-12-28,Audio,Norte,48,186.68,8960.64
2024-12-29,Audio,Norte,40,179.52,7180.8
2024-12-30,Audio,Norte,55,166.71,9169.05
2023-01-01,Audio,Centro,29,174.76,5068.04
2023-01-02,Audio,Centro,38,163.75,6222.5
2023-01-03,Audio,Centro,27,185.46,5007.42
2023-01-04,Audio,Centro,23,191.41,4402.43
2023-01-05,Audio,Centro,29,201.45,5842.05
2023-01-06,Audio,Centro,22,182.7,4019.4
2023-01-07,Audio,Centro,25,176.29,4407.25
2023-01-08,Audio,Centro,29,188.16,5456.64
2023-01-09,Audio,Centro,37,173.65,6425.05
2023-01-10,Audio,Centro,29,174.72,5066.88
2023-01-11,Audio,Centro,21,179.37,3766.77
2023-01-12,Audio,Centro,20,171.74,3434.8
2023-01-13,Audio,Centro,24,172.09,4130.16
2023-01-14,Audio,Centro,30,193.74,5812.2
2023-01-15,Audio,Centro,35,172.12,6024.2
2023-01-16,Audio,Centro,32,185.19,5926.08
2023-01-17,Audio,Centro,25,172.48,4312.0
2023-01-18,Audio,Centro,28,178.66,5002.48
2023-01-19,Audio,Centro,21,183.22,3847.62
2023-01-20,Audio,Centro,22,181.04,3982.88
2023-01-21,Audio,Centro,22,172.47,3794.34
2023-01-22,Audio,Centro,26,188.04,4889.04
2023-01-23,Audio,Centro,28,181.12,5071.36
2023-01-24,Audio,Centro,23,164.67,3787.41
2023-01-25,Audio,Centro,28,188.21,5269.88
2023-01-26,Audio,Centro,22,180.67,3974.74
2023-01-27,Audio,Centro,35,178.56,6249.6
2023-01-28,Audio,Centro,33,182.33,6016.89
2023-01-29,Audio,Centro,45,164.86,7418.7
2023-01-30,Audio,Centro,29,172.69,5008.01
2023-01-31,Audio,Centro,28,181.6,5084.8
2023-02-01,Audio,Centro,29,171.01,4959.29
2023-02-02,Audio,Centro,19,186.29,3539.51
2023-02-03,Audio,Centro,28,168.5,4718.0
2023-02-04,Audio,Centro,25,178.55,4463.75
2023-02-05,Audio,Centro,42,192.31,8077.02
2023-02-06,Audio,Centro,40,172.18,6887.2
2023-02-07,Audio,Centro,27,180.11,4862.97
2023-02-08,Audio,Centro,29,171.75,4980.75
2023-02-09,Audio,Centro,24,166.09,3986.16
2023-02-10,Audio,Centro,19,185.53,3525.07
2023-02-11,Audio,Centro,30,179.54,5386.2
2023-02-12,Audio,Centro,31,180.64,5599.84
2023-02-13,Audio,Centro,31,182.67,5662.77
2023-02-14,Audio,Centro,33,172.49,5692.17
2023-02-15,Audio,Centro,34,169.12,5750.08
2023-02-16,Audio,Centro,23,181.66,4178.18
2023-02-17,Audio,Centro,22,193.32,4253.04
2023-02-18,Audio,Centro,32,182.86,5851.52
2023-02-19,Audio,Centro,31,167.27,5185.37
2023-02-20,Audio,Centro,31,206.45,6399.95
2023-02-21,Audio,Centro,37,168.88,6248.56
2023-02-22,Audio,Centro,32,163.52,5232.64
2023-02-23,Audio,Centro,27,195.84,5287.68
2023-02-24,Audio,Centro,22,172.68,3798.96
2023-02-25,Audio,Centro,23,175.54,4037.42
2023-02-26,Audio,Centro,36,190.44,6855.84
2023-02-27,Audio,Centro,34,195.01,6630.34
2023-02-28,Audio,Centro,40,178.37,7134.8
2023-03-01,Audio,Centro,25,186.67,4666.75
2023-03-02,Audio,Centro,24,196.31,4711.44
2023-03-03,Audio,Centro,22,169.37,3726.14
2023-03-04,Audio,Centro,34,182.61,6208.74
2023-03-05,Audio,Centro,37,176.53,6531.61
2023-03-06,Audio,Centro,47,169.12,7948.64
2023-03-07,Audio,Centro,35,188.38,6593.3
2023-03-08,Audio,Centro,27,190.77,5150.79
2023-03-09,Audio,Centro,22,185.76,4086.72
2023-03-10,Audio,Centro,25,185.18,4629.5
2023-03-11,Audio,Centro,35,177.52,6213.2
2023-03-12,Audio,Centro,31,182.89,5669.59
2023-03-13,Audio,Centro,39,185.04,7216.56
2023-03-14,Audio,Centro,40,201.1,8044.0
2023-03-15,Audio,Centro,33,165.47,5460.51
2023-03-16,Audio,Centro,22,174.52,3839.44
2023-03-17,Audio,Centro,27,178.28,4813.56
2023-03-18,Audio,Centro,35,184.31,6450.85
2023-03-19,Audio,Centro,40,193.4,7736.0
2023-03-20,Audio,Centro,47,189.2,8892.4
2023-03-21,Audio,Centro,31,177.37,5498.47
2023-03-22,Audio,Centro,31,185.8,5759.8
2023-03-23,Audio,Centro,32,178.97,5727.04
2023-03-24,Audio,Centro,24,182.3,4375.2
2023-03-25,Audio,Centro,30,189.29,5678.7
2023-03-26,Audio,Centro,36,156.08,5618.88
2023-03-27,Audio,Centro,35,177.57,6214.95
2023-03-28,Audio,Centro,50,171.22,8561.0
2023-03-29,Audio,Centro,30,172.07,5162.1
2023-03-30,Audio,Centro,33,174.49,5758.17
2023-03-31,Audio,Centro,33,163.16,5384.28
2023-04-01,Audio,Centro,36,191.55,6895.8
2023-04-02,Audio,Centro,41,202.97,8321.77
2023-04-03,Audio,Centro,48,181.73,8723.04
2023-04-04,Audio,Centro,25,194.56,4864.0
2023-04-05,Audio,Centro,39,174.11,6790.29
2023-04-06,Audio,Centro,26,192.0,4992.0
2023-04-07,Audio,Centro,27,175.85,4747.95
2023-04-08,Audio,Centro,29,174.86,5070.94
2023-04-09,Audio,Centro,25,181.48,4537.0
2023-04-10,Audio,Centro,42,196.34,8246.28
2023-04-11,Audio,Centro,37,190.43,7045.91
2023-04-12,Audio,Centro,31,193.25,5990.75
2023-04-13,Audio,Centro,29,167.17,4847.93
2023-04-14,Audio,Centro,26,170.14,4423.64
2023-04-15,Audio,Centro,34,175.64,5971.76
2023-04-16,Audio,Centro,40,193.37,7734.8
2023-04-17,Audio,Centro,35,186.29,6520.15
2023-04-18,Audio,Centro,40,163.96,6558.4
2023-04-19,Audio,Centro,35,177.52,6213.2
2023-04-20,Audio,Centro,22,173.99,3827.78
2023-04-21,Audio,Centro,25,178.8,4470.0
2023-04-22,Audio,Centro,25,200.46,5011.5
2023-04-23,Audio,Centro,35,178.28,6239.8
2023-04-24,Audio,Centro,37,176.44,6528.28
2023-04-25,Audio,Centro,38,169.43,6438.34
2023-04-26,Audio,Centro,32,187.57,6002.24
2023-04-27,Audio,Centro,26,178.9,4651.4
2023-04-28,Audio,Centro,28,172.29,4824.12
2023-04-29,Audio,Centro,37,185.86,6876.82
2023-04-30,Audio,Centro,29,176.74,5125.46
2023-05-01,Audio,Centro,40,178.12,7124.8
2023-05-02,Audio,Centro,45,170.78,7685.1
2023-05-03,Audio,Centro,35,162.64,5692.4
2023-05-04,Audio,Centro,24,187.28,4494.72
2023-05-05,Audio,Centro,25,183.64,4591.0
2023-05-06,Audio,Centro,30,182.73,5481.9
2023-05-07,Audio,Centro,35,178.7,6254.5
2023-05-08,Audio,Centro,32,174.89,5596.48
2023-05-09,Audio,Centro,37,180.85,6691.45
2023-05-10,Audio,Centro,33,186.09,6140.97
2023-05-11,Audio,Centro,23,183.46,4219.58
2023-05-12,Audio,Centro,16,173.61,2777.76
2023-05-13,Audio,Centro,28,188.66,5282.48
2023-05-14,Audio,Centro,28,180.48,5053.44
2023-05-15,Audio,Centro,35,180.29,6310.15
2023-05-16,Audio,Centro,30,175.02,5250.6
2023-05-17,Audio,Centro,25,175.84,4396.0
2023-05-18,Audio,Centro,30,181.86,5455.8
2023-05-19,Audio,Centro,19,167.98,3191.62
2023-05-20,Audio,Centro,23,176.28,4054.44
2023-05-21,Audio,Centro,22,175.18,3853.96
2023-05-22,Audio,Centro,45,178.14,8016.3
2023-05-23,Audio,Centro,40,182.48,7299.2
2023-05-24,Audio,Centro,29,167.43,4855.47
2023-05-25,Audio,Centro,24,195.17,4684.08
2023-05-26,Audio,Centro,30,179.69,5390.7
2023-05-27,Audio,Centro,27,185.15,4999.05
2023-05-28,Audio,Centro,27,188.47,5088.69
2023-05-29,Audio,Centro,33,196.47,6483.51
2023-05-30,Audio,Centro,31,181.47,5625.57
2023-05-31,Audio,Centro,26,171.88,4468.88
2023-06-01,Audio,Centro,26,168.68,4385.68
2023-06-02,Audio,Centro,29,184.08,5338.32
2023-06-03,Audio,Centro,38,176.86,6720.68
2023-06-04,Audio,Centro,34,194.74,6621.16
2023-06-05,Audio,Centro,32,173.57,5554.24
2023-06-06,Audio,Centro,33,170.96,5641.68
2023-06-07,Audio,Centro,29,170.43,4942.47
2023-06-08,Audio,Centro,24,201.12,4826.88
2023-06-09,Audio,Centro,26,194.45,5055.7
2023-06-10,Audio,Centro,33,170.9,5639.7
2023-06-11,Audio,Centro,39,177.02,6903.78
2023-06-12,Audio,Centro,36,176.51,6354.36
2023-06-13,Audio,Centro,29,164.24,4762.96
2023-06-14,Audio,Centro,20,178.98,3579.6
2023-06-15,Audio,Centro,22,186.04,4092.88
2023-06-16,Audio,Centro,25,180.71,4517.75
2023-06-17,Audio,Centro,20,177.72,3554.4
2023-06-18,Audio,Centro,26,176.48,4588.48
2023-06-19,Audio,Centro,31,176.31,5465.61
2023-06-20,Audio,Centro,24,181.82,4363.68
2023-06-21,Audio,Centro,24,192.96,4631.04
2023-06-22,Audio,Centro,22,176.72,3887.84
2023-06-23,Audio,Centro,20,173.17,3463.4
2023-06-24,Audio,Centro,29,171.86,4983.94
2023-06-25,Audio,Centro,40,196.96,7878.4
2023-06-26,Audio,Centro,35,196.72,6885.2
2023-06-27,Audio,Centro,28,179.65,5030.2
2023-06-28,Audio,Centro,18,181.1,3259.8
2023-06-29,Audio,Centro,18,177.79,3200.22
2023-06-30,Audio,Centro,17,170.0,2890.0
2023-07-01,Audio,Centro,22,179.81,3955.82
2023-07-02,Audio,Centro,36,166.81,6005.16
2023-07-03,Audio,Centro,27,172.76,4664.52
2023-07-04,Audio,Centro,28,175.56,4915.68
2023-07-05,Audio,Centro,22,189.65,4172.3
2023-07-06,Audio,Centro,16,180.59,2889.44
2023-07-07,Audio,Centro,15,171.2,2568.0
2023-07-08,Audio,Centro,28,189.85,5315.8
2023-07-09,Audio,Centro,22,178.87,3935.14
2023-07-10,Audio,Centro,24,171.06,4105.44
2023-07-11,Audio,Centro,25,185.61,4640.25
2023-07-12,Audio,Centro,21,181.48,3811.08
2023-07-13,Audio,Centro,23,159.94,3678.62
2023-07-14,Audio,Centro,16,181.43,2902.88
2023-07-15,Audio,Centro,23,173.82,3997.86
2023-07-16,Audio,Centro,24,172.57,4141.68
2023-07-17,Audio,Centro,27,177.13,4782.51
2023-07-18,Audio,Centro,22,163.52,3597.44
2023-07-19,Audio,Centro,25,177.84,4446.0
2023-07-20,Audio,Centro,18,182.42,3283.56
2023-07-21,Audio,Centro,20,172.5,3450.0
2023-07-22,Audio,Centro,20,177.34,3546.8
2023-07-23,Audio,Centro,22,180.37,3968.14
2023-07-24,Audio,Centro,27,184.21,4973.67
2023-07-25,Audio,Centro,26,185.53,4823.78
2023-07-26,Audio,Centro,20,174.41,3488.2
2023-07-27,Audio,Centro,22,177.52,3905.44
2023-07-28,Audio,Centro,17,166.13,2824.21
2023-07-29,Audio,Centro,28,174.09,4874.52
2023-07-30,Audio,Centro,20,191.84,3836.8
2023-07-31,Audio,Centro,23,171.13,3935.99
2023-08-01,Audio,Centro,23,190.53,4382.19
2023-08-02,Audio,Centro,20,169.85,3397.0
2023-08-03,Audio,Centro,18,186.29,3353.22
2023-08-04,Audio,Centro,21,182.12,3824.52
2023-08-05,Audio,Centro,22,194.91,4288.02
2023-08-06,Audio,Centro,24,158.07,3793.68
2023-08-07,Audio,Centro,21,172.79,3628.59
2023-08-08,Audio,Centro,19,194.98,3704.62
2023-08-09,Audio,Centro,17,180.89,3075.13
2023-08-10,Audio,Centro,13,184.9,2403.7
2023-08-11,Audio,Centro,13,172.37,2240.81
2023-08-12,Audio,Centro,19,170.3,3235.7
2023-08-13,Audio,Centro,22,190.83,4198.26
2023-08-14,Audio,Centro,21,179.46,3768.66
2023-08-15,Audio,Centro,18,209.19,3765.42
2023-08-16,Audio,Centro,17,181.33,3082.61
2023-08-17,Audio,Centro,14,187.03,2618.42
2023-08-18,Audio,Centro,17,189.49,3221.33
2023-08-19,Audio,Centro,23,184.44,4242.12
2023-08-20,Audio,Centro,21,187.31,3933.51
2023-08-21,Audio,Centro,21,191.87,4029.27
2023-08-22,Audio,Centro,25,179.71,4492.75
2023-08-23,Audio,Centro,16,174.9,2798.4
2023-08-24,Audio,Centro,15,188.85,2832.75
2023-08-25,Audio,Centro,14,194.64,2724.96
2023-08-26,Audio,Centro,17,173.58,2950.86
2023-08-27,Audio,Centro,22,195.25,4295.5
2023-08-28,Audio,Centro,20,169.61,3392.2
2023-08-29,Audio,Centro,28,180.5,5054.0
2023-08-30,Audio,Centro,17,166.27,2826.59
2023-08-31,Audio,Centro,9,163.33,1469.97
2023-09-01,Audio,Centro,14,177.95,2491.3
2023-09-02,Audio,Centro,25,184.49,4612.25
2023-09-03,Audio,Centro,24,179.01,4296.24
2023-09-04,Audio,Centro,17,196.85,3346.45
2023-09-05,Audio,Centro,25,169.07,4226.75
2023-09-06,Audio,Centro,18,179.97,3239.46
2023-09-07,Audio,Centro,11,173.45,1907.95
2023-09-08,Audio,Centro,20,176.13,3522.6
2023-09-09,Audio,Centro,18,174.2,3135.6
2023-09-10,Audio,Centro,21,176.25,3701.25
2023-09-11,Audio,Centro,23,178.66,4109.18
2023-09-12,Audio,Centro,19,168.56,3202.64
2023-09-13,Audio,Centro,18,189.28,3407.04
2023-09-14,Audio,Centro,14,190.94,2673.16
2023-09-15,Audio,Centro,16,181.15,2898.4
2023-09-16,Audio,Centro,19,178.28,3387.32
2023-09-17,Audio,Centro,20,177.52,3550.4
2023-09-18,Audio,Centro,21,188.58,3960.18
2023-09-19,Audio,Centro,19,170.88,3246.72
2023-09-20,Audio,Centro,15,184.94,2774.1
2023-09-21,Audio,Centro,15,176.64,2649.6
2023-09-22,Audio,Centro,15,175.93,2638.95
2023-09-23,Audio,Centro,20,178.81,3576.2
2023-09-24,Audio,Centro,19,181.37,3446.03
2023-09-25,Audio,Centro,26,167.06,4343.56
2023-09-26,Audio,Centro,22,171.39,3770.58
2023-09-27,Audio,Centro,17,174.33,2963.61
2023-09-28,Audio,Centro,15,182.43,2736.45
2023-09-29,Audio,Centro,18,163.47,2942.46
2023-09-30,Audio,Centro,15,188.26,2823.9
2023-10-01,Audio,Centro,21,193.82,4070.22
2023-10-02,Audio,Centro,26,172.65,4488.9
2023-10-03,Audio,Centro,19,180.05,3420.95
2023-10-04,Audio,Centro,20,188.91,3778.2
2023-10-05,Audio,Centro,16,179.18,2866.88
2023-10-06,Audio,Centro,17,177.3,3014.1
2023-10-07,Audio,Centro,20,188.04,3760.8
2023-10-08,Audio,Centro,17,191.17,3249.89
2023-10-09,Audio,Centro,17,174.92,2973.64
2023-10-10,Audio,Centro,22,174.53,3839.66
2023-10-11,Audio,Centro,20,184.16,3683.2
2023-10-12,Audio,Centro,16,174.28,2788.48
2023-10-13,Audio,Centro,19,170.81,3245.39
2023-10-14,Audio,Centro,19,174.61,3317.59
2023-10-15,Audio,Centro,25,170.86,4271.5
2023-10-16,Audio,Centro,22,168.3,3702.6
2023-10-17,Audio,Centro,21,194.42,4082.82
2023-10-18,Audio,Centro,20,168.23,3364.6
2023-10-19,Audio,Centro,18,180.42,3247.56
2023-10-20,Audio,Centro,16,163.13,2610.08
2023-10-21,Audio,Centro,22,194.18,4271.96
2023-10-22,Audio,Centro,19,180.49,3429.31
2023-10-23,Audio,Centro,24,193.54,4644.96
2023-10-24,Audio,Centro,24,172.79,4146.96
2023-10-25,Audio,Centro,20,201.53,4030.6
2023-10-26,Audio,Centro,16,169.44,2711.04
2023-10-27,Audio,Centro,20,185.01,3700.2
2023-10-28,Audio,Centro,24,157.82,3787.68
2023-10-29,Audio,Centro,21,175.85,3692.85
2023-10-30,Audio,Centro,24,179.37,4304.88
2023-10-31,Audio,Centro,28,180.01,5040.28
2023-11-01,Audio,Centro,23,175.62,4039.26
2023-11-02,Audio,Centro,13,183.65,2387.45
2023-11-03,Audio,Centro,14,175.28,2453.92
2023-11-04,Audio,Centro,22,193.02,4246.44
2023-11-05,Audio,Centro,23,184.28,4238.44
2023-11-06,Audio,Centro,29,167.98,4871.42
2023-11-07,Audio,Centro,24,183.62,4406.88
2023-11-08,Audio,Centro,17,179.48,3051.16
2023-11-09,Audio,Centro,13,159.12,2068.56
2023-11-10,Audio,Centro,23,193.68,4454.64
2023-11-11,Audio,Centro,17,170.85,2904.45
2023-11-12,Audio,Centro,22,181.0,3982.0
2023-11-13,Audio,Centro,31,183.45,5686.95
2023-11-14,Audio,Centro,24,180.15,4323.6
2023-11-15,Audio,Centro,42,187.04,7855.68
2023-11-16,Audio,Centro,30,187.83,5634.9
2023-11-17,Audio,Centro,32,181.7,5814.4
2023-11-18,Audio,Centro,34,171.39,5827.26
2023-11-19,Audio,Centro,45,180.91,8140.95
2023-11-20,Audio,Centro,48,190.57,9147.36
2023-11-21,Audio,Centro,49,178.82,8762.18
2023-11-22,Audio,Centro,41,166.82,6839.62
2023-11-23,Audio,Centro,37,190.27,7039.99
2023-11-24,Audio,Centro,36,175.82,6329.52
2023-11-25,Audio,Centro,38,187.91,7140.58
2023-11-26,Audio,Centro,47,175.04,8226.88
2023-11-27,Audio,Centro,41,184.6,7568.6
2023-11-28,Audio,Centro,47,177.62,8348.14
2023-11-29,Audio,Centro,34,174.39,5929.26
2023-11-30,Audio,Centro,43,184.4,7929.2
2023-12-01,Audio,Centro,28,172.86,4840.08
2023-12-02,Audio,Centro,25,164.32,4108.0
2023-12-03,Audio,Centro,42,186.48,7832.16
2023-12-04,Audio,Centro,47,174.77,8214.19
2023-12-05,Audio,Centro,40,182.55,7302.0
2023-12-06,Audio,Centro,30,182.19,5465.7
2023-12-07,Audio,Centro,36,186.11,6699.96
2023-12-08,Audio,Centro,34,188.09,6395.06
2023-12-09,Audio,Centro,28,184.37,5162.36
2023-12-10,Audio,Centro,45,185.57,8350.65
2023-12-11,Audio,Centro,47,188.19,8844.93
2023-12-12,Audio,Centro,43,175.13,7530.59
2023-12-13,Audio,Centro,31,174.42,5407.02
2023-12-14,Audio,Centro,34,185.36,6302.24
2023-12-15,Audio,Centro,30,164.65,4939.5
2023-12-16,Audio,Centro,37,168.58,6237.46
2023-12-17,Audio,Centro,40,164.96,6598.4
2023-12-18,Audio,Centro,57,189.96,10827.72
2023-12-19,Audio,Centro,48,189.76,9108.48
2023-12-20,Audio,Centro,48,187.41,8995.68
2023-12-21,Audio,Centro,27,180.4,4870.8
2023-12-22,Audio,Centro,49,175.92,8620.08
2023-12-23,Audio,Centro,53,177.94,9430.82
2023-12-24,Audio,Centro,36,183.42,6603.12
2023-12-25,Audio,Centro,37,186.25,6891.25
2023-12-26,Audio,Centro,30,169.97,5099.1
2023-12-27,Audio,Centro,31,186.42,5779.02
2023-12-28,Audio,Centro,25,189.71,4742.75
2023-12-29,Audio,Centro,31,187.33,5807.23
2023-12-30,Audio,Centro,31,166.6,5164.6
2023-12-31,Audio,Centro,31,186.67,5786.77
2024-01-01,Audio,Centro,36,179.29,6454.44
2024-01-02,Audio,Centro,35,194.04,6791.4
2024-01-03,Audio,Centro,33,178.85,5902.05
2024-01-04,Audio,Centro,28,189.92,5317.76
2024-01-05,Audio,Centro,25,193.18,4829.5
2024-01-06,Audio,Centro,31,187.31,5806.61
2024-01-07,Audio,Centro,36,175.06,6302.16
2024-01-08,Audio,Centro,33,184.34,6083.22
2024-01-09,Audio,Centro,36,172.75,6219.0
2024-01-10,Audio,Centro,30,174.96,5248.8
2024-01-11,Audio,Centro,27,190.47,5142.69
2024-01-12,Audio,Centro,24,180.43,4330.32
2024-01-13,Audio,Centro,32,178.75,5720.0
2024-01-14,Audio,Centro,26,194.87,5066.62
2024-01-15,Audio,Centro,37,192.63,7127.31
2024-01-16,Audio,Centro,35,170.31,5960.85
2024-01-17,Audio,Centro,28,180.99,5067.72
2024-01-18,Audio,Centro,24,176.48,4235.52
2024-01-19,Audio,Centro,24,177.84,4268.16
2024-01-20,Audio,Centro,41,189.45,7767.45
2024-01-21,Audio,Centro,44,186.14,8190.16
2024-01-22,Audio,Centro,51,165.75,8453.25
2024-01-23,Audio,Centro,42,190.15,7986.3
2024-01-24,Audio,Centro,35,175.9,6156.5
2024-01-25,Audio,Centro,35,183.96,6438.6
2024-01-26,Audio,Centro,33,186.22,6145.26
2024-01-27,Audio,Centro,39,186.8,7285.2
2024-01-28,Audio,Centro,51,174.94,8921.94
2024-01-29,Audio,Centro,39,184.0,7176.0
2024-01-30,Audio,Centro,42,187.75,7885.5
2024-01-31,Audio,Centro,36,178.85,6438.6
2024-02-01,Audio,Centro,36,175.93,6333.48
2024-02-02,Audio,Centro,24,170.99,4103.76
2024-02-03,Audio,Centro,38,196.27,7458.26
2024-02-04,Audio,Centro,42,169.26,7108.92
2024-02-05,Audio,Centro,39,171.7,6696.3
2024-02-06,Audio,Centro,37,182.14,6739.18
2024-02-07,Audio,Centro,23,171.11,3935.53
2024-02-08,Audio,Centro,29,196.24,5690.96
2024-02-09,Audio,Centro,34,169.11,5749.74
2024-02-10,Audio,Centro,35,181.73,6360.55
2024-02-11,Audio,Centro,37,188.36,6969.32
2024-02-12,Audio,Centro,38,169.23,6430.74
2024-02-13,Audio,Centro,47,172.83,8123.01
2024-02-14,Audio,Centro,40,181.12,7244.8
2024-02-15,Audio,Centro,35,174.14,6094.9
2024-02-16,Audio,Centro,32,183.83,5882.56
2024-02-17,Audio,Centro,38,178.05,6765.9
2024-02-18,Audio,Centro,34,181.01,6154.34
2024-02-19,Audio,Centro,42,186.17,7819.14
2024-02-20,Audio,Centro,47,172.17,8091.99
2024-02-21,Audio,Centro,38,180.08,6843.04
2024-02-22,Audio,Centro,32,177.97,5695.04
2024-02-23,Audio,Centro,24,171.86,4124.64
2024-02-24,Audio,Centro,45,187.32,8429.4
2024-02-25,Audio,Centro,36,165.11,5943.96
2024-02-26,Audio,Centro,42,167.8,7047.6
2024-02-27,Audio,Centro,45,186.15,8376.75
2024-02-28,Audio,Centro,33,167.33,5521.89
2024-02-29,Audio,Centro,41,195.43,8012.63
2024-03-01,Audio,Centro,29,166.81,4837.49
2024-03-02,Audio,Centro,33,193.67,6391.11
2024-03-03,Audio,Centro,31,188.21,5834.51
2024-03-04,Audio,Centro,60,165.64,9938.4
2024-03-05,Audio,Centro,52,180.32,9376.64
2024-03-06,Audio,Centro,30,167.25,5017.5
2024-03-07,Audio,Centro,29,172.58,5004.82
2024-03-08,Audio,Centro,36,175.77,6327.72
2024-03-09,Audio,Centro,33,161.4,5326.2
2024-03-10,Audio,Centro,39,173.54,6768.06
2024-03-11,Audio,Centro,49,177.8,8712.2
2024-03-12,Audio,Centro,56,177.85,9959.6
2024-03-13,Audio,Centro,32,167.22,5351.04
2024-03-14,Audio,Centro,37,175.57,6496.09
2024-03-15,Audio,Centro,37,181.59,6718.83
2024-03-16,Audio,Centro,50,186.49,9324.5
2024-03-17,Audio,Centro,44,202.53,8911.32
2024-03-18,Audio,Centro,42,189.98,7979.16
2024-03-19,Audio,Centro,40,171.64,6865.6
2024-03-20,Audio,Centro,41,175.14,7180.74
2024-03-21,Audio,Centro,36,183.31,6599.16
2024-03-22,Audio,Centro,35,191.41,6699.35
2024-03-23,Audio,Centro,48,195.67,9392.16
2024-03-24,Audio,Centro,35,164.42,5754.7
2024-03-25,Audio,Centro,50,188.9,9445.0
2024-03-26,Audio,Centro,49,168.39,8251.11
2024-03-27,Audio,Centro,49,177.45,8695.05
2024-03-28,Audio,Centro,38,188.77,7173.26
2024-03-29,Audio,Centro,35,172.49,6037.15
2024-03-30,Audio,Centro,46,175.68,8081.28
2024-03-31,Audio,Centro,48,197.28,9469.44
2024-04-01,Audio,Centro,54,194.52,10504.08
2024-04-02,Audio,Centro,53,184.13,9758.89
2024-04-03,Audio,Centro,44,163.33,7186.52
2024-04-04,Audio,Centro,26,165.19,4294.94
2024-04-05,Audio,Centro,33,181.15,5977.95
2024-04-06,Audio,Centro,50,184.19,9209.5
2024-04-07,Audio,Centro,38,182.33,6928.54
2024-04-08,Audio,Centro,48,170.68,8192.64
2024-04-09,Audio,Centro,43,179.46,7716.78
2024-04-10,Audio,Centro,42,189.28,7949.76
2024-04-11,Audio,Centro,36,178.53,6427.08
2024-04-12,Audio,Centro,28,171.78,4809.84
2024-04-13,Audio,Centro,34,180.75,6145.5
2024-04-14,Audio,Centro,49,184.28,9029.72
2024-04-15,Audio,Centro,41,176.75,7246.75
2024-04-16,Audio,Centro,38,182.75,6944.5
2024-04-17,Audio,Centro,49,178.36,8739.64
2024-04-18,Audio,Centro,35,166.99,5844.65
2024-04-19,Audio,Centro,29,177.03,5133.87
2024-04-20,Audio,Centro,48,189.05,9074.4
2024-04-21,Audio,Centro,28,176.47,4941.16
2024-04-22,Audio,Centro,43,198.19,8522.17
2024-04-23,Audio,Centro,42,163.16,6852.72
2024-04-24,Audio,Centro,38,183.81,6984.78
2024-04-25,Audio,Centro,31,185.34,5745.54
2024-04-26,Audio,Centro,26,170.03,4420.78
2024-04-27,Audio,Centro,37,179.54,6642.98
2024-04-28,Audio,Centro,38,160.06,6082.28
2024-04-29,Audio,Centro,38,180.48,6858.24
2024-04-30,Audio,Centro,34,176.0,5984.0
2024-05-01,Audio,Centro,47,183.19,8609.93
2024-05-02,Audio,Centro,31,185.19,5740.89
2024-05-03,Audio,Centro,29,178.17,5166.93
2024-05-04,Audio,Centro,35,169.57,5934.95
2024-05-05,Audio,Centro,41,167.75,6877.75
2024-05-06,Audio,Centro,34,169.77,5772.18
2024-05-07,Audio,Centro,40,182.72,7308.8
2024-05-08,Audio,Centro,35,182.52,6388.2
2024-05-09,Audio,Centro,29,159.73,4632.17
2024-05-10,Audio,Centro,33,196.36,6479.88
2024-05-11,Audio,Centro,49,182.66,8950.34
2024-05-12,Audio,Centro,39,175.52,6845.28
2024-05-13,Audio,Centro,36,173.21,6235.56
2024-05-14,Audio,Centro,26,176.02,4576.52
2024-05-15,Audio,Centro,26,190.69,4957.94
2024-05-16,Audio,Centro,43,187.2,8049.6
2024-05-17,Audio,Centro,36,179.04,6445.44
2024-05-18,Audio,Centro,39,189.06,7373.34
2024-05-19,Audio,Centro,44,186.99,8227.56
2024-05-20,Audio,Centro,35,178.21,6237.35
2024-05-21,Audio,Centro,38,189.85,7214.3
2024-05-22,Audio,Centro,29,191.51,5553.79
2024-05-23,Audio,Centro,35,190.53,6668.55
2024-05-24,Audio,Centro,28,185.0,5180.0
2024-05-25,Audio,Centro,33,184.67,6094.11
2024-05-26,Audio,Centro,43,172.17,7403.31
2024-05-27,Audio,Centro,45,162.52,7313.4
2024-05-28,Audio,Centro,38,182.39,6930.82
2024-05-29,Audio,Centro,38,177.89,6759.82
2024-05-30,Audio,Centro,33,176.49,5824.17
2024-05-31,Audio,Centro,28,167.46,4688.88
2024-06-01,Audio,Centro,34,186.67,6346.78
2024-06-02,Audio,Centro,43,178.34,7668.62
2024-06-03,Audio,Centro,39,170.69,6656.91
2024-06-04,Audio,Centro,38,173.85,6606.3
2024-06-05,Audio,Centro,35,170.22,5957.7
2024-06-06,Audio,Centro,29,177.12,5136.48
2024-06-07,Audio,Centro,32,179.86,5755.52
2024-06-08,Audio,Centro,32,184.3,5897.6
2024-06-09,Audio,Centro,37,163.53,6050.61
2024-06-10,Audio,Centro,42,181.21,7610.82
2024-06-11,Audio,Centro,34,166.03,5645.02
2024-06-12,Audio,Centro,30,176.14,5284.2
2024-06-13,Audio,Centro,28,183.72,5144.16
2024-06-14,Audio,Centro,23,177.9,4091.7
2024-06-15,Audio,Centro,25,161.43,4035.75
2024-06-16,Audio,Centro,30,175.71,5271.3
2024-06-17,Audio,Centro,32,194.04,6209.28
2024-06-18,Audio,Centro,32,189.24,6055.68
2024-06-19,Audio,Centro,34,201.96,6866.64
2024-06-20,Audio,Centro,22,180.58,3972.76
2024-06-21,Audio,Centro,22,173.45,3815.9
2024-06-22,Audio,Centro,26,176.34,4584.84
2024-06-23,Audio,Centro,24,181.42,4354.08
2024-06-24,Audio,Centro,42,177.26,7444.92
2024-06-25,Audio,Centro,35,186.31,6520.85
2024-06-26,Audio,Centro,31,184.85,5730.35
2024-06-27,Audio,Centro,25,167.03,4175.75
2024-06-28,Audio,Centro,33,187.8,6197.4
2024-06-29,Audio,Centro,26,181.47,4718.22
2024-06-30,Audio,Centro,34,194.22,6603.48
2024-07-01,Audio,Centro,30,189.1,5673.0
2024-07-02,Audio,Centro,42,190.01,7980.42
2024-07-03,Audio,Centro,30,179.29,5378.7
2024-07-04,Audio,Centro,22,168.19,3700.18
2024-07-05,Audio,Centro,26,191.84,4987.84
2024-07-06,Audio,Centro,22,186.77,4108.94
2024-07-07,Audio,Centro,42,195.28,8201.76
2024-07-08,Audio,Centro,33,175.74,5799.42
2024-07-09,Audio,Centro,30,183.18,5495.4
2024-07-10,Audio,Centro,26,180.54,4694.04
2024-07-11,Audio,Centro,24,174.28,4182.72
2024-07-12,Audio,Centro,29,165.24,4791.96
2024-07-13,Audio,Centro,25,177.08,4427.0
2024-07-14,Audio,Centro,31,172.93,5360.83
2024-07-15,Audio,Centro,26,191.38,4975.88
2024-07-16,Audio,Centro,22,183.28,4032.16
2024-07-17,Audio,Centro,27,175.64,4742.28
2024-07-18,Audio,Centro,18,190.82,3434.76
2024-07-19,Audio,Centro,21,188.18,3951.78
2024-07-20,Audio,Centro,24,181.59,4358.16
2024-07-21,Audio,Centro,25,180.12,4503.0
2024-07-22,Audio,Centro,28,171.6,4804.8
2024-07-23,Audio,Centro,29,182.11,5281.19
2024-07-24,Audio,Centro,18,178.83,3218.94
2024-07-25,Audio,Centro,20,190.93,3818.6
2024-07-26,Audio,Centro,20,184.34,3686.8
2024-07-27,Audio,Centro,23,177.41,4080.43
2024-07-28,Audio,Centro,32,191.98,6143.36
2024-07-29,Audio,Centro,33,175.15,5779.95
2024-07-30,Audio,Centro,32,176.45,5646.4
2024-07-31,Audio,Centro,27,181.32,4895.64
2024-08-01,Audio,Centro,23,186.08,4279.84
2024-08-02,Audio,Centro,24,184.16,4419.84
2024-08-03,Audio,Centro,24,196.84,4724.16
2024-08-04,Audio,Centro,26,185.72,4828.72
2024-08-05,Audio,Centro,41,164.23,6733.43
2024-08-06,Audio,Centro,25,182.37,4559.25
2024-08-07,Audio,Centro,25,181.25,4531.25
2024-08-08,Audio,Centro,19,172.52,3277.88
2024-08-09,Audio,Centro,17,178.77,3039.09
2024-08-10,Audio,Centro,27,168.63,4553.01
2024-08-11,Audio,Centro,25,182.9,4572.5
2024-08-12,Audio,Centro,33,179.33,5917.89
2024-08-13,Audio,Centro,28,171.58,4804.24
2024-08-14,Audio,Centro,17,175.98,2991.66
2024-08-15,Audio,Centro,23,191.15,4396.45
2024-08-16,Audio,Centro,24,181.27,4350.48
2024-08-17,Audio,Centro,27,177.57,4794.39
2024-08-18,Audio,Centro,22,173.85,3824.7
2024-08-19,Audio,Centro,27,185.7,5013.9
2024-08-20,Audio,Centro,30,187.68,5630.4
2024-08-21,Audio,Centro,23,186.85,4297.55
2024-08-22,Audio,Centro,16,186.05,2976.8
2024-08-23,Audio,Centro,19,189.71,3604.49
2024-08-24,Audio,Centro,28,177.25,4963.0
2024-08-25,Audio,Centro,17,173.74,2953.58
2024-08-26,Audio,Centro,29,183.48,5320.92
2024-08-27,Audio,Centro,28,181.3,5076.4
2024-08-28,Audio,Centro,22,178.06,3917.32
2024-08-29,Audio,Centro,19,180.76,3434.44
2024-08-30,Audio,Centro,25,198.23,4955.75
2024-08-31,Audio,Centro,23,183.41,4218.43
2024-09-01,Audio,Centro,26,186.98,4861.48
2024-09-02,Audio,Centro,20,167.31,3346.2
2024-09-03,Audio,Centro,29,190.92,5536.68
2024-09-04,Audio,Centro,19,180.77,3434.63
2024-09-05,Audio,Centro,17,181.58,3086.86
2024-09-06,Audio,Centro,19,178.08,3383.52
2024-09-07,Audio,Centro,19,169.45,3219.55
2024-09-08,Audio,Centro,27,166.21,4487.67
2024-09-09,Audio,Centro,29,172.99,5016.71
2024-09-10,Audio,Centro,25,211.76,5294.0
2024-09-11,Audio,Centro,17,193.89,3296.13
2024-09-12,Audio,Centro,21,181.48,3811.08
2024-09-13,Audio,Centro,17,183.66,3122.22
2024-09-14,Audio,Centro,23,193.66,4454.18
2024-09-15,Audio,Centro,23,182.11,4188.53
2024-09-16,Audio,Centro,20,163.0,3260.0
2024-09-17,Audio,Centro,27,191.58,5172.66
2024-09-18,Audio,Centro,25,180.62,4515.5
2024-09-19,Audio,Centro,14,182.12,2549.68
2024-09-20,Audio,Centro,20,179.82,3596.4
2024-09-21,Audio,Centro,25,178.14,4453.5
2024-09-22,Audio,Centro,16,187.29,2996.64
2024-09-23,Audio,Centro,29,181.44,5261.76
2024-09-24,Audio,Centro,26,182.15,4735.9
2024-09-25,Audio,Centro,20,172.45,3449.0
2024-09-26,Audio,Centro,26,201.03,5226.78
2024-09-27,Audio,Centro,18,191.98,3455.64
2024-09-28,Audio,Centro,20,189.26,3785.2
2024-09-29,Audio,Centro,20,194.52,3890.4
2024-09-30,Audio,Centro,25,181.48,4537.0
2024-10-01,Audio,Centro,24,189.36,4544.64
2024-10-02,Audio,Centro,19,187.8,3568.2
2024-10-03,Audio,Centro,18,181.45,3266.1
2024-10-04,Audio,Centro,18,179.53,3231.54
2024-10-05,Audio,Centro,19,180.06,3421.14
2024-10-06,Audio,Centro,25,181.95,4548.75
2024-10-07,Audio,Centro,37,168.51,6234.87
2024-10-08,Audio,Centro,20,186.01,3720.2
2024-10-09,Audio,Centro,22,190.9,4199.8
2024-10-10,Audio,Centro,16,175.17,2802.72
2024-10-11,Audio,Centro,26,175.68,4567.68
2024-10-12,Audio,Centro,22,174.14,3831.08
2024-10-13,Audio,Centro,22,177.02,3894.44
2024-10-14,Audio,Centro,22,169.9,3737.8
2024-10-15,Audio,Centro,24,176.18,4228.32
2024-10-16,Audio,Centro,19,189.43,3599.17
2024-10-17,Audio,Centro,17,170.54,2899.18
2024-10-18,Audio,Centro,25,178.37,4459.25
2024-10-19,Audio,Centro,22,186.8,4109.6
2024-10-20,Audio,Centro,27,183.58,4956.66
2024-10-21,Audio,Centro,25,185.46,4636.5
2024-10-22,Audio,Centro,20,185.0,3700.0
2024-10-23,Audio,Centro,19,181.95,3457.05
2024-10-24,Audio,Centro,21,169.97,3569.37
2024-10-25,Audio,Centro,23,180.93,4161.39
2024-10-26,Audio,Centro,24,174.51,4188.24
2024-10-27,Audio,Centro,25,187.67,4691.75
2024-10-28,Audio,Centro,25,174.31,4357.75
2024-10-29,Audio,Centro,27,189.23,5109.21
2024-10-30,Audio,Centro,15,181.12,2716.8
2024-10-31,Audio,Centro,18,184.56,3322.08
2024-11-01,Audio,Centro,24,186.02,4464.48
2024-11-02,Audio,Centro,25,192.57,4814.25
2024-11-03,Audio,Centro,28,188.3,5272.4
2024-11-04,Audio,Centro,27,177.05,4780.35
2024-11-05,Audio,Centro,27,186.79,5043.33
2024-11-06,Audio,Centro,30,184.52,5535.6
2024-11-07,Audio,Centro,17,188.82,3209.94
2024-11-08,Audio,Centro,26,181.75,4725.5
2024-11-09,Audio,Centro,25,194.39,4859.75
2024-11-10,Audio,Centro,25,182.59,4564.75
2024-11-11,Audio,Centro,28,166.96,4674.88
2024-11-12,Audio,Centro,26,181.83,4727.58
2024-11-13,Audio,Centro,24,173.44,4162.56
2024-11-14,Audio,Centro,24,177.31,4255.44
2024-11-15,Audio,Centro,33,180.09,5942.97
2024-11-16,Audio,Centro,67,185.43,12423.81
2024-11-17,Audio,Centro,62,177.51,11005.62
2024-11-18,Audio,Centro,53,194.5,10308.5
2024-11-19,Audio,Centro,54,181.65,9809.1
2024-11-20,Audio,Centro,40,178.82,7152.8
2024-11-21,Audio,Centro,46,189.9,8735.4
2024-11-22,Audio,Centro,41,183.54,7525.14
2024-11-23,Audio,Centro,51,168.07,8571.57
2024-11-24,Audio,Centro,66,170.96,11283.36
2024-11-25,Audio,Centro,67,196.45,13162.15
2024-11-26,Audio,Centro,59,180.9,10673.1
2024-11-27,Audio,Centro,65,180.45,11729.25
2024-11-28,Audio,Centro,44,192.27,8459.88
2024-11-29,Audio,Centro,33,180.81,5966.73
2024-11-30,Audio,Centro,50,177.72,8886.0
2024-12-01,Audio,Centro,44,181.03,7965.32
2024-12-02,Audio,Centro,47,177.76,8354.72
2024-12-03,Audio,Centro,56,180.07,10083.92
2024-12-04,Audio,Centro,54,181.83,9818.82
2024-12-05,Audio,Centro,36,184.72,6649.92
2024-12-06,Audio,Centro,41,178.86,7333.26
2024-12-07,Audio,Centro,50,180.44,9022.0
2024-12-08,Audio,Centro,51,181.2,9241.2
2024-12-09,Audio,Centro,63,202.28,12743.64
2024-12-10,Audio,Centro,50,184.87,9243.5
2024-12-11,Audio,Centro,43,157.46,6770.78
2024-12-12,Audio,Centro,35,179.26,6274.1
2024-12-13,Audio,Centro,35,169.14,5919.9
2024-12-14,Audio,Centro,42,177.59,7458.78
2024-12-15,Audio,Centro,46,177.95,8185.7
2024-12-16,Audio,Centro,53,166.2,8808.6
2024-12-17,Audio,Centro,57,196.82,11218.74
2024-12-18,Audio,Centro,27,181.69,4905.63
2024-12-19,Audio,Centro,51,189.67,9673.17
2024-12-20,Audio,Centro,52,174.26,9061.52
2024-12-21,Audio,Centro,45,180.02,8100.9
2024-12-22,Audio,Centro,45,186.81,8406.45
2024-12-23,Audio,Centro,69,169.33,11683.77
2024-12-24,Audio,Centro,51,203.68,10387.68
2024-12-25,Audio,Centro,31,191.34,5931.54
2024-12-26,Audio,Centro,33,182.22,6013.26
2024-12-27,Audio,Centro,27,174.98,4724.46
2024-12-28,Audio,Centro,32,182.24,5831.68
2024-12-29,Audio,Centro,29,160.85,4664.65
2024-12-30,Audio,Centro,49,183.68,9000.32
2023-01-01,Audio,Sur,27,180.54,4874.58
2023-01-02,Audio,Sur,30,184.27,5528.1
2023-01-03,Audio,Sur,21,178.07,3739.47
2023-01-04,Audio,Sur,18,176.22,3171.96
2023-01-05,Audio,Sur,21,202.3,4248.3
2023-01-06,Audio,Sur,22,175.46,3860.12
2023-01-07,Audio,Sur,19,201.61,3830.59
2023-01-08,Audio,Sur,26,176.34,4584.84
2023-01-09,Audio,Sur,34,180.71,6144.14
2023-01-10,Audio,Sur,23,187.15,4304.45
2023-01-11,Audio,Sur,21,176.66,3709.86
2023-01-12,Audio,Sur,22,167.93,3694.46
2023-01-13,Audio,Sur,24,182.41,4377.84
2023-01-14,Audio,Sur,22,168.59,3708.98
2023-01-15,Audio,Sur,30,158.68,4760.4
2023-01-16,Audio,Sur,24,183.85,4412.4
2023-01-17,Audio,Sur,20,170.1,3402.0
2023-01-18,Audio,Sur,29,187.92,5449.68
2023-01-19,Audio,Sur,20,182.17,3643.4
2023-01-20,Audio,Sur,17,186.44,3169.48
2023-01-21,Audio,Sur,21,191.94,4030.74
2023-01-22,Audio,Sur,24,186.42,4474.08
2023-01-23,Audio,Sur,29,189.58,5497.82
2023-01-24,Audio,Sur,26,174.17,4528.42
2023-01-25,Audio,Sur,30,189.97,5699.1
2023-01-26,Audio,Sur,20,184.84,3696.8
2023-01-27,Audio,Sur,27,184.36,4977.72
2023-01-28,Audio,Sur,24,189.23,4541.52
2023-01-29,Audio,Sur,40,189.66,7586.4
2023-01-30,Audio,Sur,27,182.81,4935.87
2023-01-31,Audio,Sur,30,163.37,4901.1
2023-02-01,Audio,Sur,28,192.38,5386.64
2023-02-02,Audio,Sur,20,175.52,3510.4
2023-02-03,Audio,Sur,24,183.05,4393.2
2023-02-04,Audio,Sur,28,186.09,5210.52
2023-02-05,Audio,Sur,38,161.06,6120.28
2023-02-06,Audio,Sur,34,176.97,6016.98
2023-02-07,Audio,Sur,33,181.58,5992.14
2023-02-08,Audio,Sur,25,207.09,5177.25
2023-02-09,Audio,Sur,21,188.19,3951.99
2023-02-10,Audio,Sur,17,171.83,2921.11
2023-02-11,Audio,Sur,24,190.8,4579.2
2023-02-12,Audio,Sur,36,193.27,6957.72
2023-02-13,Audio,Sur,30,177.85,5335.5
2023-02-14,Audio,Sur,29,180.57,5236.53
2023-02-15,Audio,Sur,28,184.7,5171.6
2023-02-16,Audio,Sur,25,184.75,4618.75
2023-02-17,Audio,Sur,20,179.75,3595.0
2023-02-18,Audio,Sur,33,170.34,5621.22
2023-02-19,Audio,Sur,35,165.13,5779.55
2023-02-20,Audio,Sur,32,171.39,5484.48
2023-02-21,Audio,Sur,30,175.09,5252.7
2023-02-22,Audio,Sur,31,178.77,5541.87
2023-02-23,Audio,Sur,27,186.41,5033.07
2023-02-24,Audio,Sur,20,172.24,3444.8
2023-02-25,Audio,Sur,23,171.94,3954.62
2023-02-26,Audio,Sur,26,184.4,4794.4
2023-02-27,Audio,Sur,30,172.92,5187.6
2023-02-28,Audio,Sur,33,174.04,5743.32
2023-03-01,Audio,Sur,22,178.8,3933.6
2023-03-02,Audio,Sur,24,177.94,4270.56
2023-03-03,Audio,Sur,25,169.72,4243.0
2023-03-04,Audio,Sur,34,186.34,6335.56
2023-03-05,Audio,Sur,32,190.07,6082.24
2023-03-06,Audio,Sur,39,175.99,6863.61
2023-03-07,Audio,Sur,34,199.73,6790.82
2023-03-08,Audio,Sur,30,173.44,5203.2
2023-03-09,Audio,Sur,23,180.1,4142.3
2023-03-10,Audio,Sur,20,168.3,3366.0
2023-03-11,Audio,Sur,35,175.69,6149.15
2023-03-12,Audio,Sur,35,196.51,6877.85
2023-03-13,Audio,Sur,27,183.13,4944.51
2023-03-14,Audio,Sur,36,180.45,6496.2
2023-03-15,Audio,Sur,30,172.49,5174.7
2023-03-16,Audio,Sur,21,167.41,3515.61
2023-03-17,Audio,Sur,22,191.14,4205.08
2023-03-18,Audio,Sur,36,183.58,6608.88
2023-03-19,Audio,Sur,35,172.6,6041.0
2023-03-20,Audio,Sur,44,171.88,7562.72
2023-03-21,Audio,Sur,36,184.93,6657.48
2023-03-22,Audio,Sur,23,189.09,4349.07
2023-03-23,Audio,Sur,28,166.97,4675.16
2023-03-24,Audio,Sur,20,179.55,3591.0
2023-03-25,Audio,Sur,25,182.13,4553.25
2023-03-26,Audio,Sur,41,180.97,7419.77
2023-03-27,Audio,Sur,35,178.82,6258.7
2023-03-28,Audio,Sur,43,166.9,7176.7
2023-03-29,Audio,Sur,28,180.63,5057.64
2023-03-30,Audio,Sur,24,187.07,4489.68
2023-03-31,Audio,Sur,29,167.25,4850.25
2023-04-01,Audio,Sur,29,181.48,5262.92
2023-04-02,Audio,Sur,31,183.8,5697.8
2023-04-03,Audio,Sur,43,169.98,7309.14
2023-04-04,Audio,Sur,26,174.44,4535.44
2023-04-05,Audio,Sur,37,172.24,6372.88
2023-04-06,Audio,Sur,23,180.35,4148.05
2023-04-07,Audio,Sur,24,170.07,4081.68
2023-04-08,Audio,Sur,27,164.75,4448.25
2023-04-09,Audio,Sur,28,183.91,5149.48
2023-04-10,Audio,Sur,40,189.48,7579.2
2023-04-11,Audio,Sur,31,177.24,5494.44
2023-04-12,Audio,Sur,23,162.36,3734.28
2023-04-13,Audio,Sur,25,169.42,4235.5
2023-04-14,Audio,Sur,29,175.39,5086.31
2023-04-15,Audio,Sur,27,181.62,4903.74
2023-04-16,Audio,Sur,42,172.95,7263.9
2023-04-17,Audio,Sur,36,182.02,6552.72
2023-04-18,Audio,Sur,32,172.08,5506.56
2023-04-19,Audio,Sur,32,190.43,6093.76
2023-04-20,Audio,Sur,25,166.19,4154.75
2023-04-21,Audio,Sur,25,177.87,4446.75
2023-04-22,Audio,Sur,25,174.63,4365.75
2023-04-23,Audio,Sur,35,181.45,6350.75
2023-04-24,Audio,Sur,30,167.75,5032.5
2023-04-25,Audio,Sur,28,181.01,5068.28
2023-04-26,Audio,Sur,33,174.98,5774.34
2023-04-27,Audio,Sur,30,181.73,5451.9
2023-04-28,Audio,Sur,23,174.74,4019.02
2023-04-29,Audio,Sur,30,189.99,5699.7
2023-04-30,Audio,Sur,34,179.73,6110.82
2023-05-01,Audio,Sur,38,176.77,6717.26
2023-05-02,Audio,Sur,38,177.15,6731.7
2023-05-03,Audio,Sur,34,177.42,6032.28
2023-05-04,Audio,Sur,28,185.55,5195.4
2023-05-05,Audio,Sur,24,180.42,4330.08
2023-05-06,Audio,Sur,24,177.42,4258.08
2023-05-07,Audio,Sur,28,186.53,5222.84
2023-05-08,Audio,Sur,32,198.75,6360.0
2023-05-09,Audio,Sur,30,173.88,5216.4
2023-05-10,Audio,Sur,30,182.08,5462.4
2023-05-11,Audio,Sur,18,172.72,3108.96
2023-05-12,Audio,Sur,19,184.59,3507.21
2023-05-13,Audio,Sur,21,191.64,4024.44
2023-05-14,Audio,Sur,30,167.52,5025.6
2023-05-15,Audio,Sur,27,182.95,4939.65
2023-05-16,Audio,Sur,25,164.95,4123.75
2023-05-17,Audio,Sur,22,174.71,3843.62
2023-05-18,Audio,Sur,23,179.14,4120.22
2023-05-19,Audio,Sur,23,185.45,4265.35
2023-05-20,Audio,Sur,20,170.29,3405.8
2023-05-21,Audio,Sur,22,168.95,3716.9
2023-05-22,Audio,Sur,36,173.25,6237.0
2023-05-23,Audio,Sur,32,181.5,5808.0
2023-05-24,Audio,Sur,26,166.64,4332.64
2023-05-25,Audio,Sur,21,201.59,4233.39
2023-05-26,Audio,Sur,25,173.59,4339.75
2023-05-27,Audio,Sur,27,171.99,4643.73
2023-05-28,Audio,Sur,26,167.97,4367.22
2023-05-29,Audio,Sur,27,184.49,4981.23
2023-05-30,Audio,Sur,36,175.07,6302.52
2023-05-31,Audio,Sur,24,184.97,4439.28
2023-06-01,Audio,Sur,20,183.04,3660.8
2023-06-02,Audio,Sur,25,197.0,4925.0
2023-06-03,Audio,Sur,36,169.25,6093.0
2023-06-04,Audio,Sur,31,179.4,5561.4
2023-06-05,Audio,Sur,28,177.67,4974.76
2023-06-06,Audio,Sur,25,161.4,4035.0
2023-06-07,Audio,Sur,25,183.96,4599.0
2023-06-08,Audio,Sur,21,177.23,3721.83
2023-06-09,Audio,Sur,20,186.5,3730.0
2023-06-10,Audio,Sur,33,181.4,5986.2
2023-06-11,Audio,Sur,35,179.28,6274.8
2023-06-12,Audio,Sur,39,191.8,7480.2
2023-06-13,Audio,Sur,21,173.3,3639.3
2023-06-14,Audio,Sur,20,187.25,3745.0
2023-06-15,Audio,Sur,21,183.05,3844.05
2023-06-16,Audio,Sur,18,194.51,3501.18
2023-06-17,Audio,Sur,23,177.8,4089.4
2023-06-18,Audio,Sur,27,200.19,5405.13
2023-06-19,Audio,Sur,24,175.86,4220.64
2023-06-20,Audio,Sur,26,183.81,4779.06
2023-06-21,Audio,Sur,27,174.44,4709.88
2023-06-22,Audio,Sur,17,187.46,3186.82
2023-06-23,Audio,Sur,17,175.13,2977.21
2023-06-24,Audio,Sur,29,203.91,5913.39
2023-06-25,Audio,Sur,32,181.69,5814.08
2023-06-26,Audio,Sur,26,179.18,4658.68
2023-06-27,Audio,Sur,27,171.6,4633.2
2023-06-28,Audio,Sur,16,161.87,2589.92
2023-06-29,Audio,Sur,19,182.91,3475.29
2023-06-30,Audio,Sur,17,170.27,2894.59
2023-07-01,Audio,Sur,19,186.49,3543.31
2023-07-02,Audio,Sur,30,155.81,4674.3
2023-07-03,Audio,Sur,20,170.26,3405.2
2023-07-04,Audio,Sur,25,180.64,4516.0
2023-07-05,Audio,Sur,21,192.53,4043.13
2023-07-06,Audio,Sur,18,179.23,3226.14
2023-07-07,Audio,Sur,12,181.48,2177.76
2023-07-08,Audio,Sur,23,169.81,3905.63
2023-07-09,Audio,Sur,22,179.82,3956.04
2023-07-10,Audio,Sur,28,176.18,4933.04
2023-07-11,Audio,Sur,25,194.69,4867.25
2023-07-12,Audio,Sur,21,161.53,3392.13
2023-07-13,Audio,Sur,18,186.51,3357.18
2023-07-14,Audio,Sur,15,173.52,2602.8
2023-07-15,Audio,Sur,19,178.14,3384.66
2023-07-16,Audio,Sur,23,178.13,4096.99
2023-07-17,Audio,Sur,21,175.38,3682.98
2023-07-18,Audio,Sur,21,170.14,3572.94
2023-07-19,Audio,Sur,19,165.97,3153.43
2023-07-20,Audio,Sur,18,202.31,3641.58
2023-07-21,Audio,Sur,17,178.59,3036.03
2023-07-22,Audio,Sur,17,170.65,2901.05
2023-07-23,Audio,Sur,19,186.35,3540.65
2023-07-24,Audio,Sur,20,187.76,3755.2
2023-07-25,Audio,Sur,28,180.22,5046.16
2023-07-26,Audio,Sur,19,170.76,3244.44
2023-07-27,Audio,Sur,17,188.42,3203.14
2023-07-28,Audio,Sur,17,172.48,2932.16
2023-07-29,Audio,Sur,22,171.74,3778.28
2023-07-30,Audio,Sur,17,170.2,2893.4
2023-07-31,Audio,Sur,19,170.06,3231.14
2023-08-01,Audio,Sur,20,186.5,3730.0
2023-08-02,Audio,Sur,20,175.11,3502.2
2023-08-03,Audio,Sur,15,201.83,3027.45
2023-08-04,Audio,Sur,17,182.27,3098.59
2023-08-05,Audio,Sur,19,181.21,3442.99
2023-08-06,Audio,Sur,23,182.2,4190.6
2023-08-07,Audio,Sur,20,174.74,3494.8
2023-08-08,Audio,Sur,19,187.58,3564.02
2023-08-09,Audio,Sur,19,172.28,3273.32
2023-08-10,Audio,Sur,13,175.62,2283.06
2023-08-11,Audio,Sur,13,187.85,2442.05
2023-08-12,Audio,Sur,17,192.23,3267.91
2023-08-13,Audio,Sur,18,198.67,3576.06
2023-08-14,Audio,Sur,23,176.0,4048.0
2023-08-15,Audio,Sur,16,184.91,2958.56
2023-08-16,Audio,Sur,17,163.66,2782.22
2023-08-17,Audio,Sur,12,194.17,2330.04
2023-08-18,Audio,Sur,14,178.5,2499.0
2023-08-19,Audio,Sur,20,186.36,3727.2
2023-08-20,Audio,Sur,18,185.77,3343.86
2023-08-21,Audio,Sur,16,184.26,2948.16
2023-08-22,Audio,Sur,22,174.31,3834.82
2023-08-23,Audio,Sur,14,173.37,2427.18
2023-08-24,Audio,Sur,14,188.23,2635.22
2023-08-25,Audio,Sur,15,175.39,2630.85
2023-08-26,Audio,Sur,18,173.71,3126.78
2023-08-27,Audio,Sur,19,179.03,3401.57
2023-08-28,Audio,Sur,15,178.79,2681.85
2023-08-29,Audio,Sur,24,176.2,4228.8
2023-08-30,Audio,Sur,13,178.7,2323.1
2023-08-31,Audio,Sur,9,182.46,1642.14
2023-09-01,Audio,Sur,13,170.92,2221.96
2023-09-02,Audio,Sur,19,169.52,3220.88
2023-09-03,Audio,Sur,21,185.12,3887.52
2023-09-04,Audio,Sur,16,183.68,2938.88
2023-09-05,Audio,Sur,21,176.94,3715.74
2023-09-06,Audio,Sur,16,174.97,2799.52
2023-09-07,Audio,Sur,12,187.17,2246.04
2023-09-08,Audio,Sur,17,169.4,2879.8
2023-09-09,Audio,Sur,14,169.79,2377.06
2023-09-10,Audio,Sur,18,173.1,3115.8
2023-09-11,Audio,Sur,22,157.97,3475.34
2023-09-12,Audio,Sur,23,197.85,4550.55
2023-09-13,Audio,Sur,17,168.26,2860.42
2023-09-14,Audio,Sur,11,189.18,2080.98
2023-09-15,Audio,Sur,12,182.58,2190.96
2023-09-16,Audio,Sur,18,183.41,3301.38
2023-09-17,Audio,Sur,18,194.96,3509.28
2023-09-18,Audio,Sur,21,184.09,3865.89
2023-09-19,Audio,Sur,21,179.51,3769.71
2023-09-20,Audio,Sur,12,193.38,2320.56
2023-09-21,Audio,Sur,17,160.66,2731.22
2023-09-22,Audio,Sur,13,191.5,2489.5
2023-09-23,Audio,Sur,16,180.87,2893.92
2023-09-24,Audio,Sur,18,179.26,3226.68
2023-09-25,Audio,Sur,22,177.8,3911.6
2023-09-26,Audio,Sur,22,183.2,4030.4
2023-09-27,Audio,Sur,16,175.54,2808.64
2023-09-28,Audio,Sur,14,171.35,2398.9
2023-09-29,Audio,Sur,14,180.69,2529.66
2023-09-30,Audio,Sur,18,186.37,3354.66
2023-10-01,Audio,Sur,21,178.89,3756.69
2023-10-02,Audio,Sur,23,184.35,4240.05
2023-10-03,Audio,Sur,22,186.48,4102.56
2023-10-04,Audio,Sur,17,185.97,3161.49
2023-10-05,Audio,Sur,13,185.14,2406.82
2023-10-06,Audio,Sur,14,185.59,2598.26
2023-10-07,Audio,Sur,19,182.61,3469.59
2023-10-08,Audio,Sur,15,160.83,2412.45
2023-10-09,Audio,Sur,15,173.53,2602.95
2023-10-10,Audio,Sur,16,177.56,2840.96
2023-10-11,Audio,Sur,15,187.4,2811.0
2023-10-12,Audio,Sur,13,175.65,2283.45
2023-10-13,Audio,Sur,17,188.81,3209.77
2023-10-14,Audio,Sur,19,192.9,3665.1
2023-10-15,Audio,Sur,26,199.77,5194.02
2023-10-16,Audio,Sur,22,185.69,4085.18
2023-10-17,Audio,Sur,16,174.01,2784.16
2023-10-18,Audio,Sur,18,183.52,3303.36
2023-10-19,Audio,Sur,16,187.47,2999.52
2023-10-20,Audio,Sur,17,166.5,2830.5
2023-10-21,Audio,Sur,20,190.76,3815.2
2023-10-22,Audio,Sur,16,175.45,2807.2
2023-10-23,Audio,Sur,18,181.83,3272.94
2023-10-24,Audio,Sur,18,170.75,3073.5
2023-10-25,Audio,Sur,20,189.61,3792.2
2023-10-26,Audio,Sur,13,163.3,2122.9
2023-10-27,Audio,Sur,17,179.45,3050.65
2023-10-28,Audio,Sur,18,175.51,3159.18
2023-10-29,Audio,Sur,20,187.07,3741.4
2023-10-30,Audio,Sur,22,176.18,3875.96
2023-10-31,Audio,Sur,26,191.21,4971.46
2023-11-01,Audio,Sur,20,177.4,3548.0
2023-11-02,Audio,Sur,13,185.48,2411.24
2023-11-03,Audio,Sur,15,186.3,2794.5
2023-11-04,Audio,Sur,22,183.49,4036.78
2023-11-05,Audio,Sur,21,184.87,3882.27
2023-11-06,Audio,Sur,21,165.7,3479.7
2023-11-07,Audio,Sur,20,174.83,3496.6
2023-11-08,Audio,Sur,18,175.52,3159.36
2023-11-09,Audio,Sur,12,185.97,2231.64
2023-11-10,Audio,Sur,16,190.59,3049.44
2023-11-11,Audio,Sur,19,182.51,3467.69
2023-11-12,Audio,Sur,22,177.27,3899.94
2023-11-13,Audio,Sur,26,180.22,4685.72
2023-11-14,Audio,Sur,24,182.74,4385.76
2023-11-15,Audio,Sur,33,179.25,5915.25
2023-11-16,Audio,Sur,32,174.04,5569.28
2023-11-17,Audio,Sur,27,169.58,4578.66
2023-11-18,Audio,Sur,31,170.92,5298.52
2023-11-19,Audio,Sur,50,169.66,8483.0
2023-11-20,Audio,Sur,36,181.53,6535.08
2023-11-21,Audio,Sur,43,174.28,7494.04
2023-11-22,Audio,Sur,37,185.69,6870.53
2023-11-23,Audio,Sur,30,160.0,4800.0
2023-11-24,Audio,Sur,27,172.73,4663.71
2023-11-25,Audio,Sur,32,178.41,5709.12
2023-11-26,Audio,Sur,44,181.53,7987.32
2023-11-27,Audio,Sur,42,180.7,7589.4
2023-11-28,Audio,Sur,50,188.79,9439.5
2023-11-29,Audio,Sur,32,193.37,6187.84
2023-11-30,Audio,Sur,38,184.12,6996.56
2023-12-01,Audio,Sur,27,181.11,4889.97
2023-12-02,Audio,Sur,22,184.83,4066.26
2023-12-03,Audio,Sur,36,179.09,6447.24
2023-12-04,Audio,Sur,37,190.79,7059.23
2023-12-05,Audio,Sur,37,179.62,6645.94
2023-12-06,Audio,Sur,27,178.28,4813.56
2023-12-07,Audio,Sur,35,184.46,6456.1
2023-12-08,Audio,Sur,31,173.99,5393.69
2023-12-09,Audio,Sur,29,193.84,5621.36
2023-12-10,Audio,Sur,42,166.44,6990.48
2023-12-11,Audio,Sur,38,170.7,6486.6
2023-12-12,Audio,Sur,34,189.87,6455.58
2023-12-13,Audio,Sur,30,194.68,5840.4
2023-12-14,Audio,Sur,32,197.91,6333.12
2023-12-15,Audio,Sur,26,175.17,4554.42
2023-12-16,Audio,Sur,39,179.25,6990.75
2023-12-17,Audio,Sur,35,182.91,6401.85
2023-12-18,Audio,Sur,50,184.07,9203.5
2023-12-19,Audio,Sur,45,189.67,8535.15
2023-12-20,Audio,Sur,37,184.07,6810.59
2023-12-21,Audio,Sur,24,203.36,4880.64
2023-12-22,Audio,Sur,44,190.14,8366.16
2023-12-23,Audio,Sur,45,190.96,8593.2
2023-12-24,Audio,Sur,30,172.2,5166.0
2023-12-25,Audio,Sur,31,188.27,5836.37
2023-12-26,Audio,Sur,26,190.45,4951.7
2023-12-27,Audio,Sur,25,188.61,4715.25
2023-12-28,Audio,Sur,23,164.92,3793.16
2023-12-29,Audio,Sur,27,173.34,4680.18
2023-12-30,Audio,Sur,22,173.44,3815.68
2023-12-31,Audio,Sur,24,178.71,4289.04
2024-01-01,Audio,Sur,31,177.57,5504.67
2024-01-02,Audio,Sur,31,208.17,6453.27
2024-01-03,Audio,Sur,26,175.88,4572.88
2024-01-04,Audio,Sur,22,180.76,3976.72
2024-01-05,Audio,Sur,26,186.03,4836.78
2024-01-06,Audio,Sur,27,181.36,4896.72
2024-01-07,Audio,Sur,33,197.79,6527.07
2024-01-08,Audio,Sur,30,185.05,5551.5
2024-01-09,Audio,Sur,39,178.13,6947.07
2024-01-10,Audio,Sur,27,177.8,4800.6
2024-01-11,Audio,Sur,22,189.13,4160.86
2024-01-12,Audio,Sur,19,192.41,3655.79
2024-01-13,Audio,Sur,31,185.86,5761.66
2024-01-14,Audio,Sur,29,175.89,5100.81
2024-01-15,Audio,Sur,42,175.34,7364.28
2024-01-16,Audio,Sur,31,186.05,5767.55
2024-01-17,Audio,Sur,32,195.14,6244.48
2024-01-18,Audio,Sur,25,187.57,4689.25
2024-01-19,Audio,Sur,22,177.52,3905.44
2024-01-20,Audio,Sur,33,179.05,5908.65
2024-01-21,Audio,Sur,42,162.5,6825.0
2024-01-22,Audio,Sur,36,190.83,6869.88
2024-01-23,Audio,Sur,33,170.07,5612.31
2024-01-24,Audio,Sur,33,190.7,6293.1
2024-01-25,Audio,Sur,35,181.54,6353.9
2024-01-26,Audio,Sur,24,199.24,4781.76
2024-01-27,Audio,Sur,42,190.11,7984.62
2024-01-28,Audio,Sur,45,183.84,8272.8
2024-01-29,Audio,Sur,37,180.74,6687.38
2024-01-30,Audio,Sur,35,174.97,6123.95
2024-01-31,Audio,Sur,36,181.22,6523.92
2024-02-01,Audio,Sur,30,179.5,5385.0
2024-02-02,Audio,Sur,24,167.25,4014.0
2024-02-03,Audio,Sur,32,192.08,6146.56
2024-02-04,Audio,Sur,35,178.01,6230.35
2024-02-05,Audio,Sur,35,177.77,6221.95
2024-02-06,Audio,Sur,37,164.26,6077.62
2024-02-07,Audio,Sur,20,176.69,3533.8
2024-02-08,Audio,Sur,35,187.1,6548.5
2024-02-09,Audio,Sur,33,173.54,5726.82
2024-02-10,Audio,Sur,30,171.45,5143.5
2024-02-11,Audio,Sur,34,178.07,6054.38
2024-02-12,Audio,Sur,34,181.41,6167.94
2024-02-13,Audio,Sur,42,189.44,7956.48
2024-02-14,Audio,Sur,40,191.67,7666.8
2024-02-15,Audio,Sur,30,179.61,5388.3
2024-02-16,Audio,Sur,38,168.46,6401.48
2024-02-17,Audio,Sur,40,175.09,7003.6
2024-02-18,Audio,Sur,32,189.28,6056.96
2024-02-19,Audio,Sur,42,170.07,7142.94
2024-02-20,Audio,Sur,39,186.03,7255.17
2024-02-21,Audio,Sur,38,201.24,7647.12
2024-02-22,Audio,Sur,29,188.68,5471.72
2024-02-23,Audio,Sur,21,183.39,3851.19
2024-02-24,Audio,Sur,41,192.27,7883.07
2024-02-25,Audio,Sur,33,183.95,6070.35
2024-02-26,Audio,Sur,33,176.69,5830.77
2024-02-27,Audio,Sur,50,181.99,9099.5
2024-02-28,Audio,Sur,39,170.44,6647.16
2024-02-29,Audio,Sur,35,168.49,5897.15
2024-03-01,Audio,Sur,23,178.86,4113.78
2024-03-02,Audio,Sur,30,173.72,5211.6
2024-03-03,Audio,Sur,29,173.59,5034.11
2024-03-04,Audio,Sur,51,170.53,8697.03
2024-03-05,Audio,Sur,39,177.56,6924.84
2024-03-06,Audio,Sur,30,173.59,5207.7
2024-03-07,Audio,Sur,28,180.28,5047.84
2024-03-08,Audio,Sur,28,174.01,4872.28
2024-03-09,Audio,Sur,33,173.71,5732.43
2024-03-10,Audio,Sur,36,178.17,6414.12
2024-03-11,Audio,Sur,41,165.17,6771.97
2024-03-12,Audio,Sur,46,172.06,7914.76
2024-03-13,Audio,Sur,27,191.13,5160.51
2024-03-14,Audio,Sur,32,186.13,5956.16
2024-03-15,Audio,Sur,28,180.12,5043.36
2024-03-16,Audio,Sur,46,166.41,7654.86
2024-03-17,Audio,Sur,32,170.59,5458.88
2024-03-18,Audio,Sur,41,177.72,7286.52
2024-03-19,Audio,Sur,33,183.5,6055.5
2024-03-20,Audio,Sur,45,174.38,7847.1
2024-03-21,Audio,Sur,36,185.06,6662.16
2024-03-22,Audio,Sur,32,178.55,5713.6
2024-03-23,Audio,Sur,36,187.82,6761.52
2024-03-24,Audio,Sur,35,183.81,6433.35
2024-03-25,Audio,Sur,43,187.95,8081.85
2024-03-26,Audio,Sur,41,180.1,7384.1
2024-03-27,Audio,Sur,37,175.28,6485.36
2024-03-28,Audio,Sur,39,187.66,7318.74
2024-03-29,Audio,Sur,27,181.43,4898.61
2024-03-30,Audio,Sur,45,181.71,8176.95
2024-03-31,Audio,Sur,42,184.27,7739.34
2024-04-01,Audio,Sur,52,190.46,9903.92
2024-04-02,Audio,Sur,46,183.81,8455.26
2024-04-03,Audio,Sur,49,189.51,9285.99
2024-04-04,Audio,Sur,24,159.21,3821.04
2024-04-05,Audio,Sur,31,184.62,5723.22
2024-04-06,Audio,Sur,38,192.8,7326.4
2024-04-07,Audio,Sur,34,189.55,6444.7
2024-04-08,Audio,Sur,36,171.12,6160.32
2024-04-09,Audio,Sur,36,174.09,6267.24
2024-04-10,Audio,Sur,42,195.65,8217.3
2024-04-11,Audio,Sur,37,201.7,7462.9
2024-04-12,Audio,Sur,29,184.43,5348.47
2024-04-13,Audio,Sur,32,211.84,6778.88
2024-04-14,Audio,Sur,39,178.19,6949.41
2024-04-15,Audio,Sur,42,191.32,8035.44
2024-04-16,Audio,Sur,38,172.02,6536.76
2024-04-17,Audio,Sur,38,184.44,7008.72
2024-04-18,Audio,Sur,27,169.03,4563.81
2024-04-19,Audio,Sur,29,185.8,5388.2
2024-04-20,Audio,Sur,44,174.58,7681.52
2024-04-21,Audio,Sur,30,171.56,5146.8
2024-04-22,Audio,Sur,39,193.53,7547.67
2024-04-23,Audio,Sur,36,185.25,6669.0
2024-04-24,Audio,Sur,39,172.97,6745.83
2024-04-25,Audio,Sur,34,174.11,5919.74
2024-04-26,Audio,Sur,30,166.36,4990.8
2024-04-27,Audio,Sur,32,174.33,5578.56
2024-04-28,Audio,Sur,43,173.91,7478.13
2024-04-29,Audio,Sur,42,183.6,7711.2
2024-04-30,Audio,Sur,30,181.84,5455.2
2024-05-01,Audio,Sur,34,171.45,5829.3
2024-05-02,Audio,Sur,25,171.06,4276.5
2024-05-03,Audio,Sur,27,196.26,5299.02
2024-05-04,Audio,Sur,26,187.9,4885.4
2024-05-05,Audio,Sur,41,188.37,7723.17
2024-05-06,Audio,Sur,36,179.7,6469.2
2024-05-07,Audio,Sur,30,169.44,5083.2
2024-05-08,Audio,Sur,36,183.46,6604.56
2024-05-09,Audio,Sur,25,174.49,4362.25
2024-05-10,Audio,Sur,33,204.51,6748.83
2024-05-11,Audio,Sur,39,173.15,6752.85
2024-05-12,Audio,Sur,39,192.72,7516.08
2024-05-13,Audio,Sur,37,177.56,6569.72
2024-05-14,Audio,Sur,27,179.97,4859.19
2024-05-15,Audio,Sur,28,192.98,5403.44
2024-05-16,Audio,Sur,29,170.11,4933.19
2024-05-17,Audio,Sur,35,191.28,6694.8
2024-05-18,Audio,Sur,34,175.87,5979.58
2024-05-19,Audio,Sur,39,186.09,7257.51
2024-05-20,Audio,Sur,31,188.71,5850.01
2024-05-21,Audio,Sur,36,187.19,6738.84
2024-05-22,Audio,Sur,35,168.9,5911.5
2024-05-23,Audio,Sur,27,175.76,4745.52
2024-05-24,Audio,Sur,29,181.51,5263.79
2024-05-25,Audio,Sur,32,171.09,5474.88
2024-05-26,Audio,Sur,38,183.53,6974.14
2024-05-27,Audio,Sur,37,189.48,7010.76
2024-05-28,Audio,Sur,39,175.54,6846.06
2024-05-29,Audio,Sur,30,188.27,5648.1
2024-05-30,Audio,Sur,29,180.06,5221.74
2024-05-31,Audio,Sur,22,182.42,4013.24
2024-06-01,Audio,Sur,31,186.14,5770.34
2024-06-02,Audio,Sur,32,190.72,6103.04
2024-06-03,Audio,Sur,40,171.15,6846.0
2024-06-04,Audio,Sur,42,188.4,7912.8
2024-06-05,Audio,Sur,29,188.07,5454.03
2024-06-06,Audio,Sur,29,181.49,5263.21
2024-06-07,Audio,Sur,30,170.67,5120.1
2024-06-08,Audio,Sur,30,184.76,5542.8
2024-06-09,Audio,Sur,36,183.96,6622.56
2024-06-10,Audio,Sur,35,178.28,6239.8
2024-06-11,Audio,Sur,31,186.98,5796.38
2024-06-12,Audio,Sur,23,174.02,4002.46
2024-06-13,Audio,Sur,20,185.8,3716.0
2024-06-14,Audio,Sur,17,180.56,3069.52
2024-06-15,Audio,Sur,22,187.19,4118.18
2024-06-16,Audio,Sur,31,168.21,5214.51
2024-06-17,Audio,Sur,30,155.16,4654.8
2024-06-18,Audio,Sur,27,168.38,4546.26
2024-06-19,Audio,Sur,33,180.66,5961.78
2024-06-20,Audio,Sur,20,198.11,3962.2
2024-06-21,Audio,Sur,21,183.31,3849.51
2024-06-22,Audio,Sur,27,193.35,5220.45
2024-06-23,Audio,Sur,20,187.13,3742.6
2024-06-24,Audio,Sur,32,161.72,5175.04
2024-06-25,Audio,Sur,38,180.97,6876.86
2024-06-26,Audio,Sur,29,174.33,5055.57
2024-06-27,Audio,Sur,22,171.92,3782.24
2024-06-28,Audio,Sur,29,180.48,5233.92
2024-06-29,Audio,Sur,25,183.46,4586.5
2024-06-30,Audio,Sur,39,164.34,6409.26
2024-07-01,Audio,Sur,26,172.37,4481.62
2024-07-02,Audio,Sur,30,174.71,5241.3
2024-07-03,Audio,Sur,22,178.76,3932.72
2024-07-04,Audio,Sur,25,186.66,4666.5
2024-07-05,Audio,Sur,23,173.6,3992.8
2024-07-06,Audio,Sur,19,184.32,3502.08
2024-07-07,Audio,Sur,34,198.36,6744.24
2024-07-08,Audio,Sur,28,180.28,5047.84
2024-07-09,Audio,Sur,24,183.22,4397.28
2024-07-10,Audio,Sur,22,177.85,3912.7
2024-07-11,Audio,Sur,24,173.31,4159.44
2024-07-12,Audio,Sur,24,175.23,4205.52
2024-07-13,Audio,Sur,23,186.86,4297.78
2024-07-14,Audio,Sur,25,170.08,4252.0
2024-07-15,Audio,Sur,29,173.96,5044.84
2024-07-16,Audio,Sur,20,174.52,3490.4
2024-07-17,Audio,Sur,27,184.22,4973.94
2024-07-18,Audio,Sur,20,177.17,3543.4
2024-07-19,Audio,Sur,23,176.77,4065.71
2024-07-20,Audio,Sur,23,177.06,4072.38
2024-07-21,Audio,Sur,23,181.89,4183.47
2024-07-22,Audio,Sur,28,191.7,5367.6
2024-07-23,Audio,Sur,26,192.6,5007.6
2024-07-24,Audio,Sur,20,169.42,3388.4
2024-07-25,Audio,Sur,18,181.01,3258.18
2024-07-26,Audio,Sur,18,187.24,3370.32
2024-07-27,Audio,Sur,19,196.75,3738.25
2024-07-28,Audio,Sur,30,169.93,5097.9
2024-07-29,Audio,Sur,31,181.69,5632.39
2024-07-30,Audio,Sur,28,188.62,5281.36
2024-07-31,Audio,Sur,29,174.81,5069.49
2024-08-01,Audio,Sur,26,175.32,4558.32
2024-08-02,Audio,Sur,20,175.95,3519.0
2024-08-03,Audio,Sur,26,183.32,4766.32
2024-08-04,Audio,Sur,21,177.48,3727.08
2024-08-05,Audio,Sur,35,184.24,6448.4
2024-08-06,Audio,Sur,23,174.58,4015.34
2024-08-07,Audio,Sur,22,190.87,4199.14
2024-08-08,Audio,Sur,19,184.36,3502.84
2024-08-09,Audio,Sur,13,163.98,2131.74
2024-08-10,Audio,Sur,20,185.61,3712.2
2024-08-11,Audio,Sur,21,166.43,3495.03
2024-08-12,Audio,Sur,24,174.9,4197.6
2024-08-13,Audio,Sur,32,179.3,5737.6
2024-08-14,Audio,Sur,15,175.47,2632.05
2024-08-15,Audio,Sur,18,186.3,3353.4
2024-08-16,Audio,Sur,20,198.16,3963.2
2024-08-17,Audio,Sur,20,161.45,3229.0
2024-08-18,Audio,Sur,21,174.79,3670.59
2024-08-19,Audio,Sur,25,181.66,4541.5
2024-08-20,Audio,Sur,29,178.62,5179.98
2024-08-21,Audio,Sur,24,162.79,3906.96
2024-08-22,Audio,Sur,12,191.15,2293.8
2024-08-23,Audio,Sur,19,181.31,3444.89
2024-08-24,Audio,Sur,29,186.86,5418.94
2024-08-25,Audio,Sur,16,185.07,2961.12
2024-08-26,Audio,Sur,25,177.4,4435.0
2024-08-27,Audio,Sur,23,168.44,3874.12
2024-08-28,Audio,Sur,19,180.8,3435.2
2024-08-29,Audio,Sur,15,167.88,2518.2
2024-08-30,Audio,Sur,22,189.62,4171.64
2024-08-31,Audio,Sur,20,190.62,3812.4
2024-09-01,Audio,Sur,22,183.72,4041.84
2024-09-02,Audio,Sur,24,178.41,4281.84
2024-09-03,Audio,Sur,21,189.49,3979.29
2024-09-04,Audio,Sur,16,191.28,3060.48
2024-09-05,Audio,Sur,16,185.44,2967.04
2024-09-06,Audio,Sur,17,191.85,3261.45
2024-09-07,Audio,Sur,19,192.19,3651.61
2024-09-08,Audio,Sur,21,193.83,4070.43
2024-09-09,Audio,Sur,27,191.82,5179.14
2024-09-10,Audio,Sur,21,156.43,3285.03
2024-09-11,Audio,Sur,20,184.38,3687.6
2024-09-12,Audio,Sur,16,181.32,2901.12
2024-09-13,Audio,Sur,16,187.38,2998.08
2024-09-14,Audio,Sur,17,166.47,2829.99
2024-09-15,Audio,Sur,19,169.47,3219.93
2024-09-16,Audio,Sur,24,196.52,4716.48
2024-09-17,Audio,Sur,23,185.88,4275.24
2024-09-18,Audio,Sur,24,182.93,4390.32
2024-09-19,Audio,Sur,14,175.14,2451.96
2024-09-20,Audio,Sur,17,170.88,2904.96
2024-09-21,Audio,Sur,22,173.59,3818.98
2024-09-22,Audio,Sur,16,173.65,2778.4
2024-09-23,Audio,Sur,25,186.24,4656.0
2024-09-24,Audio,Sur,25,182.9,4572.5
2024-09-25,Audio,Sur,17,172.04,2924.68
2024-09-26,Audio,Sur,20,188.36,3767.2
2024-09-27,Audio,Sur,16,154.69,2475.04
2024-09-28,Audio,Sur,21,154.71,3248.91
2024-09-29,Audio,Sur,21,186.92,3925.32
2024-09-30,Audio,Sur,20,195.48,3909.6
2024-10-01,Audio,Sur,25,155.01,3875.25
2024-10-02,Audio,Sur,17,175.58,2984.86
2024-10-03,Audio,Sur,17,196.13,3334.21
2024-10-04,Audio,Sur,15,165.58,2483.7
2024-10-05,Audio,Sur,13,188.49,2450.37
2024-10-06,Audio,Sur,21,176.97,3716.37
2024-10-07,Audio,Sur,32,188.8,6041.6
2024-10-08,Audio,Sur,23,190.97,4392.31
2024-10-09,Audio,Sur,21,183.38,3850.98
2024-10-10,Audio,Sur,16,172.25,2756.0
2024-10-11,Audio,Sur,19,171.14,3251.66
2024-10-12,Audio,Sur,18,175.53,3159.54
2024-10-13,Audio,Sur,23,164.91,3792.93
2024-10-14,Audio,Sur,20,186.72,3734.4
2024-10-15,Audio,Sur,20,162.78,3255.6
2024-10-16,Audio,Sur,21,193.42,4061.82
2024-10-17,Audio,Sur,13,172.79,2246.27
2024-10-18,Audio,Sur,21,177.71,3731.91
2024-10-19,Audio,Sur,20,174.66,3493.2
2024-10-20,Audio,Sur,25,195.25,4881.25
2024-10-21,Audio,Sur,23,184.77,4249.71
2024-10-22,Audio,Sur,18,189.5,3411.0
2024-10-23,Audio,Sur,20,175.25,3505.0
2024-10-24,Audio,Sur,18,186.44,3355.92
2024-10-25,Audio,Sur,20,186.91,3738.2
2024-10-26,Audio,Sur,21,180.58,3792.18
2024-10-27,Audio,Sur,24,182.1,4370.4
2024-10-28,Audio,Sur,26,182.74,4751.24
2024-10-29,Audio,Sur,24,182.31,4375.44
2024-10-30,Audio,Sur,16,187.24,2995.84
2024-10-31,Audio,Sur,17,172.25,2928.25
2024-11-01,Audio,Sur,21,153.28,3218.88
2024-11-02,Audio,Sur,23,173.7,3995.1
2024-11-03,Audio,Sur,28,174.04,4873.12
2024-11-04,Audio,Sur,23,182.21,4190.83
2024-11-05,Audio,Sur,24,180.8,4339.2
2024-11-06,Audio,Sur,23,174.67,4017.41
2024-11-07,Audio,Sur,14,162.96,2281.44
2024-11-08,Audio,Sur,21,174.37,3661.77
2024-11-09,Audio,Sur,19,183.05,3477.95
2024-11-10,Audio,Sur,24,191.06,4585.44
2024-11-11,Audio,Sur,28,173.55,4859.4
2024-11-12,Audio,Sur,30,179.1,5373.0
2024-11-13,Audio,Sur,19,177.36,3369.84
2024-11-14,Audio,Sur,24,170.2,4084.8
2024-11-15,Audio,Sur,30,187.37,5621.1
2024-11-16,Audio,Sur,59,183.33,10816.47
2024-11-17,Audio,Sur,59,203.28,11993.52
2024-11-18,Audio,Sur,59,169.39,9994.01
2024-11-19,Audio,Sur,41,178.53,7319.73
2024-11-20,Audio,Sur,46,180.57,8306.22
2024-11-21,Audio,Sur,32,172.63,5524.16
2024-11-22,Audio,Sur,44,190.41,8378.04
2024-11-23,Audio,Sur,39,176.55,6885.45
2024-11-24,Audio,Sur,53,173.72,9207.16
2024-11-25,Audio,Sur,55,187.91,10335.05
2024-11-26,Audio,Sur,53,170.97,9061.41
2024-11-27,Audio,Sur,47,182.32,8569.04
2024-11-28,Audio,Sur,41,172.09,7055.69
2024-11-29,Audio,Sur,36,176.85,6366.6
2024-11-30,Audio,Sur,42,179.86,7554.12
2024-12-01,Audio,Sur,44,185.37,8156.28
2024-12-02,Audio,Sur,48,180.1,8644.8
2024-12-03,Audio,Sur,57,174.95,9972.15
2024-12-04,Audio,Sur,39,183.44,7154.16
2024-12-05,Audio,Sur,33,171.84,5670.72
2024-12-06,Audio,Sur,35,189.63,6637.05
2024-12-07,Audio,Sur,38,205.67,7815.46
2024-12-08,Audio,Sur,49,180.64,8851.36
2024-12-09,Audio,Sur,55,184.73,10160.15
2024-12-10,Audio,Sur,40,169.06,6762.4
2024-12-11,Audio,Sur,39,179.33,6993.87
2024-12-12,Audio,Sur,33,186.06,6139.98
2024-12-13,Audio,Sur,35,183.65,6427.75
2024-12-14,Audio,Sur,44,173.62,7639.28
2024-12-15,Audio,Sur,43,175.38,7541.34
2024-12-16,Audio,Sur,61,177.4,10821.4
2024-12-17,Audio,Sur,46,177.4,8160.4
2024-12-18,Audio,Sur,27,172.81,4665.87
2024-12-19,Audio,Sur,43,190.38,8186.34
2024-12-20,Audio,Sur,48,188.12,9029.76
2024-12-21,Audio,Sur,49,168.67,8264.83
2024-12-22,Audio,Sur,52,198.41,10317.32
2024-12-23,Audio,Sur,59,187.37,11054.83
2024-12-24,Audio,Sur,44,175.02,7700.88
2024-12-25,Audio,Sur,32,177.96,5694.72
2024-12-26,Audio,Sur,27,178.62,4822.74
2024-12-27,Audio,Sur,26,169.49,4406.74
2024-12-28,Audio,Sur,35,164.26,5749.1
2024-12-29,Audio,Sur,27,174.46,4710.42
2024-12-30,Audio,Sur,45,188.37,8476.65
2023-01-01,Audio,Bajío,18,173.83,3128.94
2023-01-02,Audio,Bajío,24,172.82,4147.68
2023-01-03,Audio,Bajío,15,171.61,2574.15
2023-01-04,Audio,Bajío,16,179.41,2870.56
2023-01-05,Audio,Bajío,16,174.14,2786.24
2023-01-06,Audio,Bajío,14,170.65,2389.1
2023-01-07,Audio,Bajío,14,191.36,2679.04
2023-01-08,Audio,Bajío,19,175.07,3326.33
2023-01-09,Audio,Bajío,29,174.9,5072.1
2023-01-10,Audio,Bajío,18,194.81,3506.58
2023-01-11,Audio,Bajío,14,196.77,2754.78
2023-01-12,Audio,Bajío,18,188.16,3386.88
2023-01-13,Audio,Bajío,20,182.08,3641.6
2023-01-14,Audio,Bajío,18,173.65,3125.7
2023-01-15,Audio,Bajío,21,189.5,3979.5
2023-01-16,Audio,Bajío,22,175.32,3857.04
2023-01-17,Audio,Bajío,19,167.1,3174.9
2023-01-18,Audio,Bajío,18,176.2,3171.6
2023-01-19,Audio,Bajío,15,170.03,2550.45
2023-01-20,Audio,Bajío,15,172.74,2591.1
2023-01-21,Audio,Bajío,15,192.6,2889.0
2023-01-22,Audio,Bajío,19,193.16,3670.04
2023-01-23,Audio,Bajío,21,173.72,3648.12
2023-01-24,Audio,Bajío,15,174.01,2610.15
2023-01-25,Audio,Bajío,22,172.23,3789.06
2023-01-26,Audio,Bajío,12,195.81,2349.72
2023-01-27,Audio,Bajío,18,193.98,3491.64
2023-01-28,Audio,Bajío,18,174.14,3134.52
2023-01-29,Audio,Bajío,32,189.9,6076.8
2023-01-30,Audio,Bajío,24,182.34,4376.16
2023-01-31,Audio,Bajío,19,183.81,3492.39
2023-02-01,Audio,Bajío,21,185.66,3898.86
2023-02-02,Audio,Bajío,16,178.09,2849.44
2023-02-03,Audio,Bajío,19,177.3,3368.7
2023-02-04,Audio,Bajío,19,194.9,3703.1
2023-02-05,Audio,Bajío,26,180.12,4683.12
2023-02-06,Audio,Bajío,29,183.64,5325.56
2023-02-07,Audio,Bajío,24,196.96,4727.04
2023-02-08,Audio,Bajío,20,184.83,3696.6
2023-02-09,Audio,Bajío,16,180.92,2894.72
2023-02-10,Audio,Bajío,13,176.57,2295.41
2023-02-11,Audio,Bajío,17,173.69,2952.73
2023-02-12,Audio,Bajío,25,182.63,4565.75
2023-02-13,Audio,Bajío,24,174.54,4188.96
2023-02-14,Audio,Bajío,23,177.51,4082.73
2023-02-15,Audio,Bajío,24,163.94,3934.56
2023-02-16,Audio,Bajío,17,184.13,3130.21
2023-02-17,Audio,Bajío,17,172.95,2940.15
2023-02-18,Audio,Bajío,26,197.84,5143.84
2023-02-19,Audio,Bajío,27,173.06,4672.62
2023-02-20,Audio,Bajío,26,177.06,4603.56
2023-02-21,Audio,Bajío,26,179.69,4671.94
2023-02-22,Audio,Bajío,25,176.74,4418.5
2023-02-23,Audio,Bajío,21,164.14,3446.94
2023-02-24,Audio,Bajío,15,180.84,2712.6
2023-02-25,Audio,Bajío,17,184.64,3138.88
2023-02-26,Audio,Bajío,22,177.48,3904.56
2023-02-27,Audio,Bajío,20,178.1,3562.0
2023-02-28,Audio,Bajío,29,177.3,5141.7
2023-03-01,Audio,Bajío,17,172.9,2939.3
2023-03-02,Audio,Bajío,18,174.7,3144.6
2023-03-03,Audio,Bajío,15,193.96,2909.4
2023-03-04,Audio,Bajío,22,184.46,4058.12
2023-03-05,Audio,Bajío,26,187.8,4882.8
2023-03-06,Audio,Bajío,29,175.59,5092.11
2023-03-07,Audio,Bajío,28,188.86,5288.08
2023-03-08,Audio,Bajío,19,190.77,3624.63
2023-03-09,Audio,Bajío,14,176.95,2477.3
2023-03-10,Audio,Bajío,19,203.46,3865.74
2023-03-11,Audio,Bajío,27,171.95,4642.65
2023-03-12,Audio,Bajío,29,169.83,4925.07
2023-03-13,Audio,Bajío,27,173.01,4671.27
2023-03-14,Audio,Bajío,27,176.12,4755.24
2023-03-15,Audio,Bajío,22,186.97,4113.34
2023-03-16,Audio,Bajío,19,174.11,3308.09
2023-03-17,Audio,Bajío,21,162.56,3413.76
2023-03-18,Audio,Bajío,24,175.21,4205.04
2023-03-19,Audio,Bajío,28,177.34,4965.52
2023-03-20,Audio,Bajío,28,183.72,5144.16
2023-03-21,Audio,Bajío,25,157.64,3941.0
2023-03-22,Audio,Bajío,21,177.21,3721.41
2023-03-23,Audio,Bajío,20,179.65,3593.0
2023-03-24,Audio,Bajío,18,180.57,3250.26
2023-03-25,Audio,Bajío,22,186.59,4104.98
2023-03-26,Audio,Bajío,28,171.66,4806.48
2023-03-27,Audio,Bajío,28,178.84,5007.52
2023-03-28,Audio,Bajío,33,180.82,5967.06
2023-03-29,Audio,Bajío,21,177.51,3727.71
2023-03-30,Audio,Bajío,21,183.75,3858.75
2023-03-31,Audio,Bajío,21,171.62,3604.02
2023-04-01,Audio,Bajío,24,184.36,4424.64
2023-04-02,Audio,Bajío,31,177.83,5512.73
2023-04-03,Audio,Bajío,33,186.98,6170.34
2023-04-04,Audio,Bajío,17,190.42,3237.14
2023-04-05,Audio,Bajío,25,187.86,4696.5
2023-04-06,Audio,Bajío,21,168.27,3533.67
2023-04-07,Audio,Bajío,22,174.2,3832.4
2023-04-08,Audio,Bajío,25,182.12,4553.0
2023-04-09,Audio,Bajío,18,176.94,3184.92
2023-04-10,Audio,Bajío,28,174.4,4883.2
2023-04-11,Audio,Bajío,30,187.74,5632.2
2023-04-12,Audio,Bajío,21,170.35,3577.35
2023-04-13,Audio,Bajío,22,165.36,3637.92
2023-04-14,Audio,Bajío,18,171.32,3083.76
2023-04-15,Audio,Bajío,22,183.15,4029.3
2023-04-16,Audio,Bajío,33,193.09,6371.97
2023-04-17,Audio,Bajío,27,196.64,5309.28
2023-04-18,Audio,Bajío,27,177.7,4797.9
2023-04-19,Audio,Bajío,21,171.35,3598.35
2023-04-20,Audio,Bajío,19,180.23,3424.37
2023-04-21,Audio,Bajío,16,181.41,2902.56
2023-04-22,Audio,Bajío,19,164.65,3128.35
2023-04-23,Audio,Bajío,23,163.44,3759.12
2023-04-24,Audio,Bajío,30,168.38,5051.4
2023-04-25,Audio,Bajío,27,191.01,5157.27
2023-04-26,Audio,Bajío,28,177.7,4975.6
2023-04-27,Audio,Bajío,22,175.1,3852.2
2023-04-28,Audio,Bajío,19,184.52,3505.88
2023-04-29,Audio,Bajío,28,189.69,5311.32
2023-04-30,Audio,Bajío,22,173.25,3811.5
2023-05-01,Audio,Bajío,32,181.19,5798.08
2023-05-02,Audio,Bajío,25,181.99,4549.75
2023-05-03,Audio,Bajío,26,187.81,4883.06
2023-05-04,Audio,Bajío,21,179.91,3778.11
2023-05-05,Audio,Bajío,18,166.87,3003.66
2023-05-06,Audio,Bajío,23,179.76,4134.48
2023-05-07,Audio,Bajío,26,183.13,4761.38
2023-05-08,Audio,Bajío,24,178.81,4291.44
2023-05-09,Audio,Bajío,27,173.95,4696.65
2023-05-10,Audio,Bajío,24,168.13,4035.12
2023-05-11,Audio,Bajío,15,190.07,2851.05
2023-05-12,Audio,Bajío,11,186.48,2051.28
2023-05-13,Audio,Bajío,16,180.3,2884.8
2023-05-14,Audio,Bajío,24,170.73,4097.52
2023-05-15,Audio,Bajío,21,186.19,3909.99
2023-05-16,Audio,Bajío,23,174.93,4023.39
2023-05-17,Audio,Bajío,16,164.19,2627.04
2023-05-18,Audio,Bajío,16,188.13,3010.08
2023-05-19,Audio,Bajío,15,161.58,2423.7
2023-05-20,Audio,Bajío,16,177.81,2844.96
2023-05-21,Audio,Bajío,18,186.93,3364.74
2023-05-22,Audio,Bajío,27,181.35,4896.45
2023-05-23,Audio,Bajío,28,186.28,5215.84
2023-05-24,Audio,Bajío,22,189.65,4172.3
2023-05-25,Audio,Bajío,17,171.38,2913.46
2023-05-26,Audio,Bajío,19,179.98,3419.62
2023-05-27,Audio,Bajío,19,179.45,3409.55
2023-05-28,Audio,Bajío,18,179.07,3223.26
2023-05-29,Audio,Bajío,26,185.99,4835.74
2023-05-30,Audio,Bajío,28,185.72,5200.16
2023-05-31,Audio,Bajío,17,188.99,3212.83
2023-06-01,Audio,Bajío,20,171.01,3420.2
2023-06-02,Audio,Bajío,22,182.75,4020.5
2023-06-03,Audio,Bajío,27,170.25,4596.75
2023-06-04,Audio,Bajío,23,183.73,4225.79
2023-06-05,Audio,Bajío,19,194.6,3697.4
2023-06-06,Audio,Bajío,20,193.52,3870.4
2023-06-07,Audio,Bajío,20,168.26,3365.2
2023-06-08,Audio,Bajío,15,169.92,2548.8
2023-06-09,Audio,Bajío,18,183.81,3308.58
2023-06-10,Audio,Bajío,22,174.84,3846.48
2023-06-11,Audio,Bajío,26,191.25,4972.5
2023-06-12,Audio,Bajío,28,186.77,5229.56
2023-06-13,Audio,Bajío,17,184.5,3136.5
2023-06-14,Audio,Bajío,13,170.48,2216.24
2023-06-15,Audio,Bajío,15,187.09,2806.35
2023-06-16,Audio,Bajío,13,185.2,2407.6
2023-06-17,Audio,Bajío,18,179.43,3229.74
2023-06-18,Audio,Bajío,18,166.8,3002.4
2023-06-19,Audio,Bajío,24,193.38,4641.12
2023-06-20,Audio,Bajío,21,169.69,3563.49
2023-06-21,Audio,Bajío,20,166.54,3330.8
2023-06-22,Audio,Bajío,17,184.32,3133.44
2023-06-23,Audio,Bajío,13,189.21,2459.73
2023-06-24,Audio,Bajío,21,173.32,3639.72
2023-06-25,Audio,Bajío,26,171.44,4457.44
2023-06-26,Audio,Bajío,24,182.91,4389.84
2023-06-27,Audio,Bajío,20,197.0,3940.0
2023-06-28,Audio,Bajío,13,195.47,2541.11
2023-06-29,Audio,Bajío,14,188.29,2636.06
2023-06-30,Audio,Bajío,13,182.71,2375.23
2023-07-01,Audio,Bajío,17,178.02,3026.34
2023-07-02,Audio,Bajío,24,177.68,4264.32
2023-07-03,Audio,Bajío,17,177.2,3012.4
2023-07-04,Audio,Bajío,17,181.58,3086.86
2023-07-05,Audio,Bajío,20,175.81,3516.2
2023-07-06,Audio,Bajío,13,177.5,2307.5
2023-07-07,Audio,Bajío,11,174.38,1918.18
2023-07-08,Audio,Bajío,19,178.41,3389.79
2023-07-09,Audio,Bajío,16,179.12,2865.92
2023-07-10,Audio,Bajío,19,182.17,3461.23
2023-07-11,Audio,Bajío,17,184.89,3143.13
2023-07-12,Audio,Bajío,14,206.41,2889.74
2023-07-13,Audio,Bajío,16,191.14,3058.24
2023-07-14,Audio,Bajío,10,190.25,1902.5
2023-07-15,Audio,Bajío,15,191.85,2877.75
2023-07-16,Audio,Bajío,14,184.5,2583.0
2023-07-17,Audio,Bajío,20,165.65,3313.0
2023-07-18,Audio,Bajío,16,184.75,2956.0
2023-07-19,Audio,Bajío,13,177.13,2302.69
2023-07-20,Audio,Bajío,15,175.1,2626.5
2023-07-21,Audio,Bajío,13,166.49,2164.37
2023-07-22,Audio,Bajío,14,167.43,2344.02
2023-07-23,Audio,Bajío,15,178.24,2673.6
2023-07-24,Audio,Bajío,20,182.57,3651.4
2023-07-25,Audio,Bajío,16,180.25,2884.0
2023-07-26,Audio,Bajío,13,176.15,2289.95
2023-07-27,Audio,Bajío,12,184.52,2214.24
2023-07-28,Audio,Bajío,14,186.42,2609.88
2023-07-29,Audio,Bajío,16,184.85,2957.6
2023-07-30,Audio,Bajío,11,185.25,2037.75
2023-07-31,Audio,Bajío,18,186.96,3365.28
2023-08-01,Audio,Bajío,16,163.82,2621.12
2023-08-02,Audio,Bajío,15,183.37,2750.55
2023-08-03,Audio,Bajío,13,174.86,2273.18
2023-08-04,Audio,Bajío,15,196.51,2947.65
2023-08-05,Audio,Bajío,13,190.2,2472.6
2023-08-06,Audio,Bajío,17,182.61,3104.37
2023-08-07,Audio,Bajío,15,178.22,2673.3
2023-08-08,Audio,Bajío,15,160.55,2408.25
2023-08-09,Audio,Bajío,16,169.65,2714.4
2023-08-10,Audio,Bajío,9,175.71,1581.39
2023-08-11,Audio,Bajío,11,183.35,2016.85
2023-08-12,Audio,Bajío,13,176.51,2294.63
2023-08-13,Audio,Bajío,14,193.26,2705.64
2023-08-14,Audio,Bajío,18,174.7,3144.6
2023-08-15,Audio,Bajío,12,200.84,2410.08
2023-08-16,Audio,Bajío,12,168.89,2026.68
2023-08-17,Audio,Bajío,9,186.42,1677.78
2023-08-18,Audio,Bajío,13,179.0,2327.0
2023-08-19,Audio,Bajío,14,177.17,2480.38
2023-08-20,Audio,Bajío,15,179.41,2691.15
2023-08-21,Audio,Bajío,13,172.77,2246.01
2023-08-22,Audio,Bajío,16,182.4,2918.4
2023-08-23,Audio,Bajío,10,173.19,1731.9
2023-08-24,Audio,Bajío,10,181.95,1819.5
2023-08-25,Audio,Bajío,12,183.54,2202.48
2023-08-26,Audio,Bajío,13,181.29,2356.77
2023-08-27,Audio,Bajío,14,175.34,2454.76
2023-08-28,Audio,Bajío,13,192.47,2502.11
2023-08-29,Audio,Bajío,20,164.35,3287.0
2023-08-30,Audio,Bajío,11,184.22,2026.42
2023-08-31,Audio,Bajío,7,195.42,1367.94
2023-09-01,Audio,Bajío,8,189.9,1519.2
2023-09-02,Audio,Bajío,18,170.03,3060.54
2023-09-03,Audio,Bajío,15,173.56,2603.4
2023-09-04,Audio,Bajío,13,179.05,2327.65
2023-09-05,Audio,Bajío,18,169.65,3053.7
2023-09-06,Audio,Bajío,14,173.68,2431.52
2023-09-07,Audio,Bajío,8,166.69,1333.52
2023-09-08,Audio,Bajío,13,186.06,2418.78
2023-09-09,Audio,Bajío,10,189.67,1896.7
2023-09-10,Audio,Bajío,14,173.82,2433.48
2023-09-11,Audio,Bajío,14,176.86,2476.04
2023-09-12,Audio,Bajío,15,171.27,2569.05
2023-09-13,Audio,Bajío,10,185.05,1850.5
2023-09-14,Audio,Bajío,9,173.51,1561.59
2023-09-15,Audio,Bajío,12,171.43,2057.16
2023-09-16,Audio,Bajío,14,186.5,2611.0
2023-09-17,Audio,Bajío,16,190.7,3051.2
2023-09-18,Audio,Bajío,16,181.02,2896.32
2023-09-19,Audio,Bajío,16,164.89,2638.24
2023-09-20,Audio,Bajío,9,190.01,1710.09
2023-09-21,Audio,Bajío,10,165.53,1655.3
2023-09-22,Audio,Bajío,10,168.67,1686.7
2023-09-23,Audio,Bajío,13,176.46,2293.98
2023-09-24,Audio,Bajío,12,182.46,2189.52
2023-09-25,Audio,Bajío,14,175.99,2463.86
2023-09-26,Audio,Bajío,15,191.68,2875.2
2023-09-27,Audio,Bajío,13,182.23,2368.99
2023-09-28,Audio,Bajío,10,180.37,1803.7
2023-09-29,Audio,Bajío,11,167.92,1847.12
2023-09-30,Audio,Bajío,12,191.99,2303.88
2023-10-01,Audio,Bajío,17,178.64,3036.88
2023-10-02,Audio,Bajío,19,170.82,3245.58
2023-10-03,Audio,Bajío,17,174.17,2960.89
2023-10-04,Audio,Bajío,16,192.4,3078.4
2023-10-05,Audio,Bajío,11,182.25,2004.75
2023-10-06,Audio,Bajío,11,178.07,1958.77
2023-10-07,Audio,Bajío,13,175.04,2275.52
2023-10-08,Audio,Bajío,15,184.42,2766.3
2023-10-09,Audio,Bajío,14,167.24,2341.36
2023-10-10,Audio,Bajío,15,181.31,2719.65
2023-10-11,Audio,Bajío,12,175.58,2106.96
2023-10-12,Audio,Bajío,10,167.3,1673.0
2023-10-13,Audio,Bajío,13,176.85,2299.05
2023-10-14,Audio,Bajío,14,166.79,2335.06
2023-10-15,Audio,Bajío,21,174.65,3667.65
2023-10-16,Audio,Bajío,20,160.19,3203.8
2023-10-17,Audio,Bajío,12,174.03,2088.36
2023-10-18,Audio,Bajío,16,169.03,2704.48
2023-10-19,Audio,Bajío,13,179.31,2331.03
2023-10-20,Audio,Bajío,13,178.3,2317.9
2023-10-21,Audio,Bajío,12,182.26,2187.12
2023-10-22,Audio,Bajío,14,190.72,2670.08
2023-10-23,Audio,Bajío,16,191.01,3056.16
2023-10-24,Audio,Bajío,14,176.57,2471.98
2023-10-25,Audio,Bajío,16,179.96,2879.36
2023-10-26,Audio,Bajío,10,170.87,1708.7
2023-10-27,Audio,Bajío,15,178.33,2674.95
2023-10-28,Audio,Bajío,13,192.2,2498.6
2023-10-29,Audio,Bajío,14,171.68,2403.52
2023-10-30,Audio,Bajío,19,197.6,3754.4
2023-10-31,Audio,Bajío,18,162.09,2917.62
2023-11-01,Audio,Bajío,15,181.48,2722.2
2023-11-02,Audio,Bajío,9,172.31,1550.79
2023-11-03,Audio,Bajío,12,159.16,1909.92
2023-11-04,Audio,Bajío,15,188.37,2825.55
2023-11-05,Audio,Bajío,15,180.67,2710.05
2023-11-06,Audio,Bajío,18,183.8,3308.4
2023-11-07,Audio,Bajío,16,173.08,2769.28
2023-11-08,Audio,Bajío,12,187.01,2244.12
2023-11-09,Audio,Bajío,10,175.94,1759.4
2023-11-10,Audio,Bajío,16,188.59,3017.44
2023-11-11,Audio,Bajío,15,175.53,2632.95
2023-11-12,Audio,Bajío,16,188.56,3016.96
2023-11-13,Audio,Bajío,21,183.63,3856.23
2023-11-14,Audio,Bajío,15,193.66,2904.9
2023-11-15,Audio,Bajío,26,183.68,4775.68
2023-11-16,Audio,Bajío,21,190.16,3993.36
2023-11-17,Audio,Bajío,21,182.99,3842.79
2023-11-18,Audio,Bajío,23,188.09,4326.07
2023-11-19,Audio,Bajío,34,180.84,6148.56
2023-11-20,Audio,Bajío,29,180.78,5242.62
2023-11-21,Audio,Bajío,30,191.71,5751.3
2023-11-22,Audio,Bajío,32,180.8,5785.6
2023-11-23,Audio,Bajío,24,165.97,3983.28
2023-11-24,Audio,Bajío,21,183.52,3853.92
2023-11-25,Audio,Bajío,28,192.12,5379.36
2023-11-26,Audio,Bajío,30,180.63,5418.9
2023-11-27,Audio,Bajío,31,179.84,5575.04
2023-11-28,Audio,Bajío,32,175.45,5614.4
2023-11-29,Audio,Bajío,25,174.78,4369.5
2023-11-30,Audio,Bajío,30,172.35,5170.5
2023-12-01,Audio,Bajío,25,178.07,4451.75
2023-12-02,Audio,Bajío,19,167.61,3184.59
2023-12-03,Audio,Bajío,25,162.3,4057.5
2023-12-04,Audio,Bajío,33,179.29,5916.57
2023-12-05,Audio,Bajío,32,187.18,5989.76
2023-12-06,Audio,Bajío,23,165.91,3815.93
2023-12-07,Audio,Bajío,25,200.06,5001.5
2023-12-08,Audio,Bajío,28,188.08,5266.24
2023-12-09,Audio,Bajío,25,182.04,4551.0
2023-12-10,Audio,Bajío,32,194.18,6213.76
2023-12-11,Audio,Bajío,33,176.31,5818.23
2023-12-12,Audio,Bajío,30,180.31,5409.3
2023-12-13,Audio,Bajío,25,165.7,4142.5
2023-12-14,Audio,Bajío,24,181.01,4344.24
2023-12-15,Audio,Bajío,23,185.33,4262.59
2023-12-16,Audio,Bajío,32,177.57,5682.24
2023-12-17,Audio,Bajío,26,177.97,4627.22
2023-12-18,Audio,Bajío,34,169.52,5763.68
2023-12-19,Audio,Bajío,31,193.69,6004.39
2023-12-20,Audio,Bajío,31,163.7,5074.7
2023-12-21,Audio,Bajío,21,195.38,4102.98
2023-12-22,Audio,Bajío,37,172.9,6397.3
2023-12-23,Audio,Bajío,40,164.84,6593.6
2023-12-24,Audio,Bajío,27,178.04,4807.08
2023-12-25,Audio,Bajío,25,178.28,4457.0
2023-12-26,Audio,Bajío,22,180.96,3981.12
2023-12-27,Audio,Bajío,18,174.01,3132.18
2023-12-28,Audio,Bajío,20,194.06,3881.2
2023-12-29,Audio,Bajío,21,185.89,3903.69
2023-12-30,Audio,Bajío,18,180.69,3252.42
2023-12-31,Audio,Bajío,19,177.31,3368.89
2024-01-01,Audio,Bajío,23,203.01,4669.23
2024-01-02,Audio,Bajío,19,177.29,3368.51
2024-01-03,Audio,Bajío,21,179.07,3760.47
2024-01-04,Audio,Bajío,20,176.4,3528.0
2024-01-05,Audio,Bajío,17,190.65,3241.05
2024-01-06,Audio,Bajío,18,180.75,3253.5
2024-01-07,Audio,Bajío,27,171.89,4641.03
2024-01-08,Audio,Bajío,21,184.54,3875.34
2024-01-09,Audio,Bajío,25,185.93,4648.25
2024-01-10,Audio,Bajío,22,174.24,3833.28
2024-01-11,Audio,Bajío,18,185.06,3331.08
2024-01-12,Audio,Bajío,15,199.36,2990.4
2024-01-13,Audio,Bajío,25,194.04,4851.0
2024-01-14,Audio,Bajío,22,190.64,4194.08
2024-01-15,Audio,Bajío,32,181.43,5805.76
2024-01-16,Audio,Bajío,24,180.96,4343.04
2024-01-17,Audio,Bajío,23,190.31,4377.13
2024-01-18,Audio,Bajío,18,164.17,2955.06
2024-01-19,Audio,Bajío,19,178.56,3392.64
2024-01-20,Audio,Bajío,32,173.43,5549.76
2024-01-21,Audio,Bajío,27,174.31,4706.37
2024-01-22,Audio,Bajío,34,183.34,6233.56
2024-01-23,Audio,Bajío,32,185.0,5920.0
2024-01-24,Audio,Bajío,25,172.69,4317.25
2024-01-25,Audio,Bajío,23,164.94,3793.62
2024-01-26,Audio,Bajío,22,189.79,4175.38
2024-01-27,Audio,Bajío,28,182.56,5111.68
2024-01-28,Audio,Bajío,32,178.16,5701.12
2024-01-29,Audio,Bajío,34,171.27,5823.18
2024-01-30,Audio,Bajío,31,182.99,5672.69
2024-01-31,Audio,Bajío,22,172.56,3796.32
2024-02-01,Audio,Bajío,25,175.3,4382.5
2024-02-02,Audio,Bajío,20,187.93,3758.6
2024-02-03,Audio,Bajío,27,185.14,4998.78
2024-02-04,Audio,Bajío,30,184.08,5522.4
2024-02-05,Audio,Bajío,30,189.2,5676.0
2024-02-06,Audio,Bajío,26,170.02,4420.52
2024-02-07,Audio,Bajío,17,188.19,3199.23
2024-02-08,Audio,Bajío,24,188.13,4515.12
2024-02-09,Audio,Bajío,23,190.69,4385.87
2024-02-10,Audio,Bajío,21,183.41,3851.61
2024-02-11,Audio,Bajío,31,180.73,5602.63
2024-02-12,Audio,Bajío,34,185.38,6302.92
2024-02-13,Audio,Bajío,34,190.16,6465.44
2024-02-14,Audio,Bajío,35,180.39,6313.65
2024-02-15,Audio,Bajío,24,188.21,4517.04
2024-02-16,Audio,Bajío,22,150.9,3319.8
2024-02-17,Audio,Bajío,30,164.51,4935.3
2024-02-18,Audio,Bajío,21,189.13,3971.73
2024-02-19,Audio,Bajío,32,183.13,5860.16
2024-02-20,Audio,Bajío,32,183.93,5885.76
2024-02-21,Audio,Bajío,28,175.99,4927.72
2024-02-22,Audio,Bajío,25,164.57,4114.25
2024-02-23,Audio,Bajío,18,190.84,3435.12
2024-02-24,Audio,Bajío,25,186.5,4662.5
2024-02-25,Audio,Bajío,28,191.32,5356.96
2024-02-26,Audio,Bajío,33,161.4,5326.2
2024-02-27,Audio,Bajío,32,189.38,6060.16
2024-02-28,Audio,Bajío,29,188.62,5469.98
2024-02-29,Audio,Bajío,25,185.16,4629.0
2024-03-01,Audio,Bajío,18,180.79,3254.22
2024-03-02,Audio,Bajío,30,174.24,5227.2
2024-03-03,Audio,Bajío,21,185.1,3887.1
2024-03-04,Audio,Bajío,42,176.11,7396.62
2024-03-05,Audio,Bajío,30,186.44,5593.2
2024-03-06,Audio,Bajío,25,175.92,4398.0
2024-03-07,Audio,Bajío,19,177.74,3377.06
2024-03-08,Audio,Bajío,28,172.36,4826.08
2024-03-09,Audio,Bajío,26,179.79,4674.54
2024-03-10,Audio,Bajío,22,180.34,3967.48
2024-03-11,Audio,Bajío,35,191.32,6696.2
2024-03-12,Audio,Bajío,36,181.16,6521.76
2024-03-13,Audio,Bajío,24,154.77,3714.48
2024-03-14,Audio,Bajío,31,202.51,6277.81
2024-03-15,Audio,Bajío,28,174.75,4893.0
2024-03-16,Audio,Bajío,32,165.1,5283.2
2024-03-17,Audio,Bajío,24,189.78,4554.72
2024-03-18,Audio,Bajío,31,187.78,5821.18
2024-03-19,Audio,Bajío,30,177.08,5312.4
2024-03-20,Audio,Bajío,32,169.05,5409.6
2024-03-21,Audio,Bajío,24,182.36,4376.64
2024-03-22,Audio,Bajío,23,176.42,4057.66
2024-03-23,Audio,Bajío,31,180.41,5592.71
2024-03-24,Audio,Bajío,24,180.64,4335.36
2024-03-25,Audio,Bajío,30,162.79,4883.7
2024-03-26,Audio,Bajío,27,174.91,4722.57
2024-03-27,Audio,Bajío,30,175.86,5275.8
2024-03-28,Audio,Bajío,23,179.22,4122.06
2024-03-29,Audio,Bajío,26,180.22,4685.72
2024-03-30,Audio,Bajío,35,165.23,5783.05
2024-03-31,Audio,Bajío,33,174.42,5755.86
2024-04-01,Audio,Bajío,34,177.59,6038.06
2024-04-02,Audio,Bajío,37,177.8,6578.6
2024-04-03,Audio,Bajío,31,189.4,5871.4
2024-04-04,Audio,Bajío,19,186.37,3541.03
2024-04-05,Audio,Bajío,26,204.98,5329.48
2024-04-06,Audio,Bajío,33,170.36,5621.88
2024-04-07,Audio,Bajío,24,188.27,4518.48
2024-04-08,Audio,Bajío,31,183.06,5674.86
2024-04-09,Audio,Bajío,29,177.14,5137.06
2024-04-10,Audio,Bajío,30,183.16,5494.8
2024-04-11,Audio,Bajío,28,190.62,5337.36
2024-04-12,Audio,Bajío,20,177.4,3548.0
2024-04-13,Audio,Bajío,24,189.27,4542.48
2024-04-14,Audio,Bajío,29,182.71,5298.59
2024-04-15,Audio,Bajío,27,180.72,4879.44
2024-04-16,Audio,Bajío,27,201.3,5435.1
2024-04-17,Audio,Bajío,37,171.92,6361.04
2024-04-18,Audio,Bajío,24,186.31,4471.44
2024-04-19,Audio,Bajío,21,190.03,3990.63
2024-04-20,Audio,Bajío,31,184.14,5708.34
2024-04-21,Audio,Bajío,22,177.53,3905.66
2024-04-22,Audio,Bajío,31,182.25,5649.75
2024-04-23,Audio,Bajío,28,167.76,4697.28
2024-04-24,Audio,Bajío,29,172.2,4993.8
2024-04-25,Audio,Bajío,27,187.74,5068.98
2024-04-26,Audio,Bajío,21,174.98,3674.58
2024-04-27,Audio,Bajío,27,170.25,4596.75
2024-04-28,Audio,Bajío,26,183.44,4769.44
2024-04-29,Audio,Bajío,28,175.64,4917.92
2024-04-30,Audio,Bajío,30,184.53,5535.9
2024-05-01,Audio,Bajío,34,197.0,6698.0
2024-05-02,Audio,Bajío,23,178.98,4116.54
2024-05-03,Audio,Bajío,23,176.17,4051.91
2024-05-04,Audio,Bajío,20,170.67,3413.4
2024-05-05,Audio,Bajío,32,172.89,5532.48
2024-05-06,Audio,Bajío,26,176.33,4584.58
2024-05-07,Audio,Bajío,29,166.63,4832.27
2024-05-08,Audio,Bajío,25,188.74,4718.5
2024-05-09,Audio,Bajío,23,177.26,4076.98
2024-05-10,Audio,Bajío,21,184.98,3884.58
2024-05-11,Audio,Bajío,31,183.77,5696.87
2024-05-12,Audio,Bajío,26,184.42,4794.92
2024-05-13,Audio,Bajío,32,177.94,5694.08
2024-05-14,Audio,Bajío,20,187.89,3757.8
2024-05-15,Audio,Bajío,18,188.8,3398.4
2024-05-16,Audio,Bajío,23,182.21,4190.83
2024-05-17,Audio,Bajío,22,169.21,3722.62
2024-05-18,Audio,Bajío,30,191.4,5742.0
2024-05-19,Audio,Bajío,26,174.98,4549.48
2024-05-20,Audio,Bajío,26,188.98,4913.48
2024-05-21,Audio,Bajío,32,184.13,5892.16
2024-05-22,Audio,Bajío,22,171.95,3782.9
2024-05-23,Audio,Bajío,23,183.34,4216.82
2024-05-24,Audio,Bajío,20,175.64,3512.8
2024-05-25,Audio,Bajío,19,175.28,3330.32
2024-05-26,Audio,Bajío,25,192.37,4809.25
2024-05-27,Audio,Bajío,30,169.0,5070.0
2024-05-28,Audio,Bajío,32,180.99,5791.68
2024-05-29,Audio,Bajío,22,188.8,4153.6
2024-05-30,Audio,Bajío,26,180.83,4701.58
2024-05-31,Audio,Bajío,16,172.36,2757.76
2024-06-01,Audio,Bajío,29,185.22,5371.38
2024-06-02,Audio,Bajío,27,175.52,4739.04
2024-06-03,Audio,Bajío,28,176.98,4955.44
2024-06-04,Audio,Bajío,29,161.58,4685.82
2024-06-05,Audio,Bajío,21,188.95,3967.95
2024-06-06,Audio,Bajío,24,185.8,4459.2
2024-06-07,Audio,Bajío,23,186.07,4279.61
2024-06-08,Audio,Bajío,21,171.72,3606.12
2024-06-09,Audio,Bajío,27,170.0,4590.0
2024-06-10,Audio,Bajío,28,184.41,5163.48
2024-06-11,Audio,Bajío,22,181.71,3997.62
2024-06-12,Audio,Bajío,18,197.38,3552.84
2024-06-13,Audio,Bajío,16,185.71,2971.36
2024-06-14,Audio,Bajío,14,172.03,2408.42
2024-06-15,Audio,Bajío,18,171.34,3084.12
2024-06-16,Audio,Bajío,27,182.57,4929.39
2024-06-17,Audio,Bajío,22,186.15,4095.3
2024-06-18,Audio,Bajío,24,190.16,4563.84
2024-06-19,Audio,Bajío,26,183.47,4770.22
2024-06-20,Audio,Bajío,20,174.38,3487.6
2024-06-21,Audio,Bajío,18,176.12,3170.16
2024-06-22,Audio,Bajío,20,169.08,3381.6
2024-06-23,Audio,Bajío,15,190.93,2863.95
2024-06-24,Audio,Bajío,23,180.51,4151.73
2024-06-25,Audio,Bajío,27,152.04,4105.08
2024-06-26,Audio,Bajío,25,185.26,4631.5
2024-06-27,Audio,Bajío,19,179.65,3413.35
2024-06-28,Audio,Bajío,20,175.26,3505.2
2024-06-29,Audio,Bajío,19,182.31,3463.89
2024-06-30,Audio,Bajío,29,182.19,5283.51
2024-07-01,Audio,Bajío,24,186.28,4470.72
2024-07-02,Audio,Bajío,26,183.73,4776.98
2024-07-03,Audio,Bajío,16,182.9,2926.4
2024-07-04,Audio,Bajío,18,176.46,3176.28
2024-07-05,Audio,Bajío,16,188.58,3017.28
2024-07-06,Audio,Bajío,17,161.82,2750.94
2024-07-07,Audio,Bajío,29,182.46,5291.34
2024-07-08,Audio,Bajío,21,169.79,3565.59
2024-07-09,Audio,Bajío,18,177.83,3200.94
2024-07-10,Audio,Bajío,17,185.08,3146.36
2024-07-11,Audio,Bajío,18,176.8,3182.4
2024-07-12,Audio,Bajío,21,178.01,3738.21
2024-07-13,Audio,Bajío,14,187.4,2623.6
2024-07-14,Audio,Bajío,24,168.57,4045.68
2024-07-15,Audio,Bajío,24,186.77,4482.48
2024-07-16,Audio,Bajío,16,178.16,2850.56
2024-07-17,Audio,Bajío,18,192.24,3460.32
2024-07-18,Audio,Bajío,15,172.79,2591.85
2024-07-19,Audio,Bajío,16,184.87,2957.92
2024-07-20,Audio,Bajío,17,184.03,3128.51
2024-07-21,Audio,Bajío,18,163.59,2944.62
2024-07-22,Audio,Bajío,24,182.71,4385.04
2024-07-23,Audio,Bajío,21,185.69,3899.49
2024-07-24,Audio,Bajío,16,175.36,2805.76
2024-07-25,Audio,Bajío,17,192.01,3264.17
2024-07-26,Audio,Bajío,14,168.6,2360.4
2024-07-27,Audio,Bajío,18,169.31,3047.58
2024-07-28,Audio,Bajío,27,174.53,4712.31
2024-07-29,Audio,Bajío,23,172.46,3966.58
2024-07-30,Audio,Bajío,26,182.89,4755.14
2024-07-31,Audio,Bajío,18,186.7,3360.6
2024-08-01,Audio,Bajío,16,169.02,2704.32
2024-08-02,Audio,Bajío,16,175.24,2803.84
2024-08-03,Audio,Bajío,18,176.94,3184.92
2024-08-04,Audio,Bajío,17,183.76,3123.92
2024-08-05,Audio,Bajío,22,169.0,3718.0
2024-08-06,Audio,Bajío,16,168.14,2690.24
2024-08-07,Audio,Bajío,18,179.78,3236.04
2024-08-08,Audio,Bajío,15,182.23,2733.45
2024-08-09,Audio,Bajío,13,187.52,2437.76
2024-08-10,Audio,Bajío,19,202.09,3839.71
2024-08-11,Audio,Bajío,19,174.28,3311.32
2024-08-12,Audio,Bajío,21,172.96,3632.16
2024-08-13,Audio,Bajío,20,184.07,3681.4
2024-08-14,Audio,Bajío,12,181.46,2177.52
2024-08-15,Audio,Bajío,16,189.26,3028.16
2024-08-16,Audio,Bajío,14,176.44,2470.16
2024-08-17,Audio,Bajío,17,172.52,2932.84
2024-08-18,Audio,Bajío,13,187.01,2431.13
2024-08-19,Audio,Bajío,21,180.63,3793.23
2024-08-20,Audio,Bajío,23,189.56,4359.88
2024-08-21,Audio,Bajío,17,180.43,3067.31
2024-08-22,Audio,Bajío,11,181.31,1994.41
2024-08-23,Audio,Bajío,14,165.27,2313.78
2024-08-24,Audio,Bajío,20,173.11,3462.2
2024-08-25,Audio,Bajío,14,187.5,2625.0
2024-08-26,Audio,Bajío,19,199.04,3781.76
2024-08-27,Audio,Bajío,19,193.22,3671.18
2024-08-28,Audio,Bajío,15,195.67,2935.05
2024-08-29,Audio,Bajío,13,178.5,2320.5
2024-08-30,Audio,Bajío,17,184.18,3131.06
2024-08-31,Audio,Bajío,16,183.09,2929.44
2024-09-01,Audio,Bajío,15,175.51,2632.65
2024-09-02,Audio,Bajío,15,180.37,2705.55
2024-09-03,Audio,Bajío,20,182.28,3645.6
2024-09-04,Audio,Bajío,15,172.38,2585.7
2024-09-05,Audio,Bajío,13,183.85,2390.05
2024-09-06,Audio,Bajío,13,184.51,2398.63
2024-09-07,Audio,Bajío,17,172.62,2934.54
2024-09-08,Audio,Bajío,15,172.33,2584.95
2024-09-09,Audio,Bajío,19,179.67,3413.73
2024-09-10,Audio,Bajío,19,181.7,3452.3
2024-09-11,Audio,Bajío,16,174.51,2792.16
2024-09-12,Audio,Bajío,15,192.68,2890.2
2024-09-13,Audio,Bajío,10,204.9,2049.0
2024-09-14,Audio,Bajío,16,211.57,3385.12
2024-09-15,Audio,Bajío,15,176.4,2646.0
2024-09-16,Audio,Bajío,19,175.66,3337.54
2024-09-17,Audio,Bajío,19,172.86,3284.34
2024-09-18,Audio,Bajío,16,188.08,3009.28
2024-09-19,Audio,Bajío,10,172.39,1723.9
2024-09-20,Audio,Bajío,17,185.39,3151.63
2024-09-21,Audio,Bajío,14,185.24,2593.36
2024-09-22,Audio,Bajío,13,190.6,2477.8
2024-09-23,Audio,Bajío,19,188.2,3575.8
2024-09-24,Audio,Bajío,16,183.33,2933.28
2024-09-25,Audio,Bajío,14,177.3,2482.2
2024-09-26,Audio,Bajío,17,187.93,3194.81
2024-09-27,Audio,Bajío,11,193.75,2131.25
2024-09-28,Audio,Bajío,17,182.17,3096.89
2024-09-29,Audio,Bajío,16,182.86,2925.76
2024-09-30,Audio,Bajío,17,167.77,2852.09
2024-10-01,Audio,Bajío,16,173.57,2777.12
2024-10-02,Audio,Bajío,15,173.99,2609.85
2024-10-03,Audio,Bajío,11,175.57,1931.27
2024-10-04,Audio,Bajío,13,195.32,2539.16
2024-10-05,Audio,Bajío,13,176.34,2292.42
2024-10-06,Audio,Bajío,15,182.14,2732.1
2024-10-07,Audio,Bajío,19,179.46,3409.74
2024-10-08,Audio,Bajío,18,185.63,3341.34
2024-10-09,Audio,Bajío,14,175.5,2457.0
2024-10-10,Audio,Bajío,12,166.98,2003.76
2024-10-11,Audio,Bajío,17,189.62,3223.54
2024-10-12,Audio,Bajío,17,183.18,3114.06
2024-10-13,Audio,Bajío,16,188.87,3021.92
2024-10-14,Audio,Bajío,14,190.14,2661.96
2024-10-15,Audio,Bajío,18,172.94,3112.92
2024-10-16,Audio,Bajío,17,182.54,3103.18
2024-10-17,Audio,Bajío,10,173.36,1733.6
2024-10-18,Audio,Bajío,18,159.77,2875.86
2024-10-19,Audio,Bajío,14,175.11,2451.54
2024-10-20,Audio,Bajío,24,173.52,4164.48
2024-10-21,Audio,Bajío,18,186.89,3364.02
2024-10-22,Audio,Bajío,16,178.04,2848.64
2024-10-23,Audio,Bajío,13,185.94,2417.22
2024-10-24,Audio,Bajío,13,185.74,2414.62
2024-10-25,Audio,Bajío,15,169.42,2541.3
2024-10-26,Audio,Bajío,18,170.52,3069.36
2024-10-27,Audio,Bajío,17,183.98,3127.66
2024-10-28,Audio,Bajío,20,168.48,3369.6
2024-10-29,Audio,Bajío,18,173.21,3117.78
2024-10-30,Audio,Bajío,12,189.97,2279.64
2024-10-31,Audio,Bajío,14,178.65,2501.1
2024-11-01,Audio,Bajío,14,162.1,2269.4
2024-11-02,Audio,Bajío,23,167.25,3846.75
2024-11-03,Audio,Bajío,22,190.92,4200.24
2024-11-04,Audio,Bajío,15,185.92,2788.8
2024-11-05,Audio,Bajío,16,175.2,2803.2
2024-11-06,Audio,Bajío,21,182.02,3822.42
2024-11-07,Audio,Bajío,12,188.27,2259.24
2024-11-08,Audio,Bajío,17,171.77,2920.09
2024-11-09,Audio,Bajío,17,184.24,3132.08
2024-11-10,Audio,Bajío,20,172.24,3444.8
2024-11-11,Audio,Bajío,17,183.95,3127.15
2024-11-12,Audio,Bajío,24,189.66,4551.84
2024-11-13,Audio,Bajío,15,190.86,2862.9
2024-11-14,Audio,Bajío,21,178.21,3742.41
2024-11-15,Audio,Bajío,28,186.63,5225.64
2024-11-16,Audio,Bajío,41,184.34,7557.94
2024-11-17,Audio,Bajío,46,175.02,8050.92
2024-11-18,Audio,Bajío,36,168.36,6060.96
2024-11-19,Audio,Bajío,39,191.62,7473.18
2024-11-20,Audio,Bajío,37,179.81,6652.97
2024-11-21,Audio,Bajío,26,177.93,4626.18
2024-11-22,Audio,Bajío,33,184.75,6096.75
2024-11-23,Audio,Bajío,31,199.13,6173.03
2024-11-24,Audio,Bajío,45,161.38,7262.1
2024-11-25,Audio,Bajío,51,197.11,10052.61
2024-11-26,Audio,Bajío,44,178.87,7870.28
2024-11-27,Audio,Bajío,41,180.95,7418.95
2024-11-28,Audio,Bajío,30,171.23,5136.9
2024-11-29,Audio,Bajío,30,165.79,4973.7
2024-11-30,Audio,Bajío,42,184.15,7734.3
2024-12-01,Audio,Bajío,33,176.89,5837.37
2024-12-02,Audio,Bajío,33,174.65,5763.45
2024-12-03,Audio,Bajío,40,172.14,6885.6
2024-12-04,Audio,Bajío,32,163.51,5232.32
2024-12-05,Audio,Bajío,27,178.7,4824.9
2024-12-06,Audio,Bajío,29,181.17,5253.93
2024-12-07,Audio,Bajío,33,186.31,6148.23
2024-12-08,Audio,Bajío,35,182.06,6372.1
2024-12-09,Audio,Bajío,43,180.34,7754.62
2024-12-10,Audio,Bajío,32,170.17,5445.44
2024-12-11,Audio,Bajío,31,188.31,5837.61
2024-12-12,Audio,Bajío,31,176.79,5480.49
2024-12-13,Audio,Bajío,27,181.78,4908.06
2024-12-14,Audio,Bajío,32,173.44,5550.08
2024-12-15,Audio,Bajío,40,187.88,7515.2
2024-12-16,Audio,Bajío,48,190.93,9164.64
2024-12-17,Audio,Bajío,45,174.72,7862.4
2024-12-18,Audio,Bajío,19,194.47,3694.93
2024-12-19,Audio,Bajío,38,188.98,7181.24
2024-12-20,Audio,Bajío,32,198.5,6352.0
2024-12-21,Audio,Bajío,31,192.21,5958.51
2024-12-22,Audio,Bajío,41,180.28,7391.48
2024-12-23,Audio,Bajío,41,169.09,6932.69
2024-12-24,Audio,Bajío,36,184.07,6626.52
2024-12-25,Audio,Bajío,25,165.69,4142.25
2024-12-26,Audio,Bajío,23,189.29,4353.67
2024-12-27,Audio,Bajío,23,182.4,4195.2
2024-12-28,Audio,Bajío,22,175.27,3855.94
2024-12-29,Audio,Bajío,24,178.14,4275.36
2024-12-30,Audio,Bajío,30,192.2,5766.0
2023-01-01,Accesorios,Norte,36,46.89,1688.04
2023-01-02,Accesorios,Norte,41,44.8,1836.8
2023-01-03,Accesorios,Norte,38,47.99,1823.62
2023-01-04,Accesorios,Norte,24,45.35,1088.4
2023-01-05,Accesorios,Norte,27,47.15,1273.05
2023-01-06,Accesorios,Norte,24,47.06,1129.44
2023-01-07,Accesorios,Norte,28,44.15,1236.2
2023-01-08,Accesorios,Norte,25,45.43,1135.75
2023-01-09,Accesorios,Norte,37,47.61,1761.57
2023-01-10,Accesorios,Norte,28,46.11,1291.08
2023-01-11,Accesorios,Norte,21,47.27,992.67
2023-01-12,Accesorios,Norte,21,50.44,1059.24
2023-01-13,Accesorios,Norte,30,43.89,1316.7
2023-01-14,Accesorios,Norte,28,44.27,1239.56
2023-01-15,Accesorios,Norte,26,41.5,1079.0
2023-01-16,Accesorios,Norte,42,42.62,1790.04
2023-01-17,Accesorios,Norte,34,43.39,1475.26
2023-01-18,Accesorios,Norte,35,45.77,1601.95
2023-01-19,Accesorios,Norte,22,44.46,978.12
2023-01-20,Accesorios,Norte,32,43.71,1398.72
2023-01-21,Accesorios,Norte,36,44.56,1604.16
2023-01-22,Accesorios,Norte,43,43.69,1878.67
2023-01-23,Accesorios,Norte,40,44.33,1773.2
2023-01-24,Accesorios,Norte,37,41.67,1541.79
2023-01-25,Accesorios,Norte,26,48.08,1250.08
2023-01-26,Accesorios,Norte,28,44.44,1244.32
2023-01-27,Accesorios,Norte,29,43.65,1265.85
2023-01-28,Accesorios,Norte,40,44.43,1777.2
2023-01-29,Accesorios,Norte,44,43.01,1892.44
2023-01-30,Accesorios,Norte,38,47.5,1805.0
2023-01-31,Accesorios,Norte,28,41.78,1169.84
2023-02-01,Accesorios,Norte,29,45.21,1311.09
2023-02-02,Accesorios,Norte,21,48.62,1021.02
2023-02-03,Accesorios,Norte,27,43.24,1167.48
2023-02-04,Accesorios,Norte,31,40.21,1246.51
2023-02-05,Accesorios,Norte,39,44.69,1742.91
2023-02-06,Accesorios,Norte,36,44.55,1603.8
2023-02-07,Accesorios,Norte,38,44.68,1697.84
2023-02-08,Accesorios,Norte,28,43.56,1219.68
2023-02-09,Accesorios,Norte,25,45.55,1138.75
2023-02-10,Accesorios,Norte,25,46.87,1171.75
2023-02-11,Accesorios,Norte,34,43.67,1484.78
2023-02-12,Accesorios,Norte,30,45.46,1363.8
2023-02-13,Accesorios,Norte,50,43.37,2168.5
2023-02-14,Accesorios,Norte,39,49.72,1939.08
2023-02-15,Accesorios,Norte,27,47.35,1278.45
2023-02-16,Accesorios,Norte,20,49.3,986.0
2023-02-17,Accesorios,Norte,24,46.98,1127.52
2023-02-18,Accesorios,Norte,22,42.08,925.76
2023-02-19,Accesorios,Norte,44,43.32,1906.08
2023-02-20,Accesorios,Norte,37,46.51,1720.87
2023-02-21,Accesorios,Norte,38,44.27,1682.26
2023-02-22,Accesorios,Norte,36,46.51,1674.36
2023-02-23,Accesorios,Norte,31,44.56,1381.36
2023-02-24,Accesorios,Norte,26,46.81,1217.06
2023-02-25,Accesorios,Norte,35,49.42,1729.7
2023-02-26,Accesorios,Norte,28,42.01,1176.28
2023-02-27,Accesorios,Norte,32,41.36,1323.52
2023-02-28,Accesorios,Norte,31,44.38,1375.78
2023-03-01,Accesorios,Norte,31,44.87,1390.97
2023-03-02,Accesorios,Norte,28,43.8,1226.4
2023-03-03,Accesorios,Norte,26,45.86,1192.36
2023-03-04,Accesorios,Norte,31,44.24,1371.44
2023-03-05,Accesorios,Norte,30,43.19,1295.7
2023-03-06,Accesorios,Norte,44,45.6,2006.4
2023-03-07,Accesorios,Norte,36,46.77,1683.72
2023-03-08,Accesorios,Norte,25,45.48,1137.0
2023-03-09,Accesorios,Norte,23,49.28,1133.44
2023-03-10,Accesorios,Norte,30,44.24,1327.2
2023-03-11,Accesorios,Norte,36,42.98,1547.28
2023-03-12,Accesorios,Norte,38,45.6,1732.8
2023-03-13,Accesorios,Norte,40,41.03,1641.2
2023-03-14,Accesorios,Norte,36,49.45,1780.2
2023-03-15,Accesorios,Norte,26,48.75,1267.5
2023-03-16,Accesorios,Norte,27,47.99,1295.73
2023-03-17,Accesorios,Norte,30,39.8,1194.0
2023-03-18,Accesorios,Norte,36,44.06,1586.16
2023-03-19,Accesorios,Norte,46,44.92,2066.32
2023-03-20,Accesorios,Norte,38,45.19,1717.22
2023-03-21,Accesorios,Norte,37,46.52,1721.24
2023-03-22,Accesorios,Norte,23,47.39,1089.97
2023-03-23,Accesorios,Norte,32,48.66,1557.12
2023-03-24,Accesorios,Norte,31,46.69,1447.39
2023-03-25,Accesorios,Norte,33,44.69,1474.77
2023-03-26,Accesorios,Norte,42,44.91,1886.22
2023-03-27,Accesorios,Norte,41,46.64,1912.24
2023-03-28,Accesorios,Norte,31,42.31,1311.61
2023-03-29,Accesorios,Norte,31,44.62,1383.22
2023-03-30,Accesorios,Norte,23,48.67,1119.41
2023-03-31,Accesorios,Norte,20,46.5,930.0
2023-04-01,Accesorios,Norte,37,47.39,1753.43
2023-04-02,Accesorios,Norte,30,45.67,1370.1
2023-04-03,Accesorios,Norte,28,47.24,1322.72
2023-04-04,Accesorios,Norte,28,46.17,1292.76
2023-04-05,Accesorios,Norte,24,49.22,1181.28
2023-04-06,Accesorios,Norte,29,44.05,1277.45
2023-04-07,Accesorios,Norte,27,43.36,1170.72
2023-04-08,Accesorios,Norte,32,41.1,1315.2
2023-04-09,Accesorios,Norte,34,44.94,1527.96
2023-04-10,Accesorios,Norte,24,47.07,1129.68
2023-04-11,Accesorios,Norte,33,47.83,1578.39
2023-04-12,Accesorios,Norte,23,45.1,1037.3
2023-04-13,Accesorios,Norte,22,48.1,1058.2
2023-04-14,Accesorios,Norte,22,45.69,1005.18
2023-04-15,Accesorios,Norte,31,42.39,1314.09
2023-04-16,Accesorios,Norte,31,47.04,1458.24
2023-04-17,Accesorios,Norte,31,43.69,1354.39
2023-04-18,Accesorios,Norte,34,44.02,1496.68
2023-04-19,Accesorios,Norte,23,47.95,1102.85
2023-04-20,Accesorios,Norte,15,47.96,719.4
2023-04-21,Accesorios,Norte,24,45.96,1103.04
2023-04-22,Accesorios,Norte,33,43.34,1430.22
2023-04-23,Accesorios,Norte,38,42.56,1617.28
2023-04-24,Accesorios,Norte,29,46.11,1337.19
2023-04-25,Accesorios,Norte,25,45.62,1140.5
2023-04-26,Accesorios,Norte,29,44.26,1283.54
2023-04-27,Accesorios,Norte,19,46.19,877.61
2023-04-28,Accesorios,Norte,26,45.33,1178.58
2023-04-29,Accesorios,Norte,32,43.82,1402.24
2023-04-30,Accesorios,Norte,29,42.61,1235.69
2023-05-01,Accesorios,Norte,35,44.9,1571.5
2023-05-02,Accesorios,Norte,24,44.21,1061.04
2023-05-03,Accesorios,Norte,22,44.24,973.28
2023-05-04,Accesorios,Norte,24,44.81,1075.44
2023-05-05,Accesorios,Norte,24,45.02,1080.48
2023-05-06,Accesorios,Norte,29,43.8,1270.2
2023-05-07,Accesorios,Norte,31,46.43,1439.33
2023-05-08,Accesorios,Norte,26,44.27,1151.02
2023-05-09,Accesorios,Norte,37,45.74,1692.38
2023-05-10,Accesorios,Norte,20,43.05,861.0
2023-05-11,Accesorios,Norte,24,43.89,1053.36
2023-05-12,Accesorios,Norte,23,46.21,1062.83
2023-05-13,Accesorios,Norte,20,41.97,839.4
2023-05-14,Accesorios,Norte,28,47.88,1340.64
2023-05-15,Accesorios,Norte,29,46.3,1342.7
2023-05-16,Accesorios,Norte,35,45.09,1578.15
2023-05-17,Accesorios,Norte,22,46.16,1015.52
2023-05-18,Accesorios,Norte,23,42.29,972.67
2023-05-19,Accesorios,Norte,25,45.81,1145.25
2023-05-20,Accesorios,Norte,24,41.18,988.32
2023-05-21,Accesorios,Norte,26,47.08,1224.08
2023-05-22,Accesorios,Norte,31,42.94,1331.14
2023-05-23,Accesorios,Norte,28,46.82,1310.96
2023-05-24,Accesorios,Norte,22,42.81,941.82
2023-05-25,Accesorios,Norte,21,45.1,947.1
2023-05-26,Accesorios,Norte,18,45.19,813.42
2023-05-27,Accesorios,Norte,26,45.12,1173.12
2023-05-28,Accesorios,Norte,29,46.32,1343.28
2023-05-29,Accesorios,Norte,25,42.62,1065.5
2023-05-30,Accesorios,Norte,22,40.85,898.7
2023-05-31,Accesorios,Norte,25,43.4,1085.0
2023-06-01,Accesorios,Norte,19,47.4,900.6
2023-06-02,Accesorios,Norte,19,44.13,838.47
2023-06-03,Accesorios,Norte,18,43.58,784.44
2023-06-04,Accesorios,Norte,26,49.07,1275.82
2023-06-05,Accesorios,Norte,25,42.64,1066.0
2023-06-06,Accesorios,Norte,25,47.08,1177.0
2023-06-07,Accesorios,Norte,21,42.7,896.7
2023-06-08,Accesorios,Norte,21,42.63,895.23
2023-06-09,Accesorios,Norte,19,46.94,891.86
2023-06-10,Accesorios,Norte,25,46.45,1161.25
2023-06-11,Accesorios,Norte,20,43.13,862.6
2023-06-12,Accesorios,Norte,22,40.36,887.92
2023-06-13,Accesorios,Norte,28,44.68,1251.04
2023-06-14,Accesorios,Norte,13,44.62,580.06
2023-06-15,Accesorios,Norte,15,49.34,740.1
2023-06-16,Accesorios,Norte,20,42.2,844.0
2023-06-17,Accesorios,Norte,25,44.45,1111.25
2023-06-18,Accesorios,Norte,29,44.75,1297.75
2023-06-19,Accesorios,Norte,33,44.84,1479.72
2023-06-20,Accesorios,Norte,25,43.59,1089.75
2023-06-21,Accesorios,Norte,20,43.85,877.0
2023-06-22,Accesorios,Norte,16,44.61,713.76
2023-06-23,Accesorios,Norte,18,45.68,822.24
2023-06-24,Accesorios,Norte,17,47.01,799.17
2023-06-25,Accesorios,Norte,26,45.69,1187.94
2023-06-26,Accesorios,Norte,28,43.75,1225.0
2023-06-27,Accesorios,Norte,22,47.49,1044.78
2023-06-28,Accesorios,Norte,20,45.68,913.6
2023-06-29,Accesorios,Norte,18,45.63,821.34
2023-06-30,Accesorios,Norte,16,43.18,690.88
2023-07-01,Accesorios,Norte,18,47.65,857.7
2023-07-02,Accesorios,Norte,18,45.16,812.88
2023-07-03,Accesorios,Norte,24,46.97,1127.28
2023-07-04,Accesorios,Norte,18,44.11,793.98
2023-07-05,Accesorios,Norte,18,43.3,779.4
2023-07-06,Accesorios,Norte,12,41.56,498.72
2023-07-07,Accesorios,Norte,15,45.22,678.3
2023-07-08,Accesorios,Norte,22,42.75,940.5
2023-07-09,Accesorios,Norte,25,42.75,1068.75
2023-07-10,Accesorios,Norte,28,46.96,1314.88
2023-07-11,Accesorios,Norte,18,46.11,829.98
2023-07-12,Accesorios,Norte,16,43.02,688.32
2023-07-13,Accesorios,Norte,18,38.88,699.84
2023-07-14,Accesorios,Norte,18,42.26,760.68
2023-07-15,Accesorios,Norte,16,49.76,796.16
2023-07-16,Accesorios,Norte,27,45.26,1222.02
2023-07-17,Accesorios,Norte,24,43.37,1040.88
2023-07-18,Accesorios,Norte,24,46.74,1121.76
2023-07-19,Accesorios,Norte,15,43.42,651.3
2023-07-20,Accesorios,Norte,8,42.73,341.84
2023-07-21,Accesorios,Norte,12,45.52,546.24
2023-07-22,Accesorios,Norte,18,45.21,813.78
2023-07-23,Accesorios,Norte,20,41.96,839.2
2023-07-24,Accesorios,Norte,21,44.26,929.46
2023-07-25,Accesorios,Norte,24,42.58,1021.92
2023-07-26,Accesorios,Norte,14,45.71,639.94
2023-07-27,Accesorios,Norte,13,44.64,580.32
2023-07-28,Accesorios,Norte,13,47.33,615.29
2023-07-29,Accesorios,Norte,18,42.23,760.14
2023-07-30,Accesorios,Norte,26,45.68,1187.68
2023-07-31,Accesorios,Norte,18,43.59,784.62
2023-08-01,Accesorios,Norte,19,46.6,885.4
2023-08-02,Accesorios,Norte,16,40.04,640.64
2023-08-03,Accesorios,Norte,13,47.71,620.23
2023-08-04,Accesorios,Norte,19,47.0,893.0
2023-08-05,Accesorios,Norte,24,45.37,1088.88
2023-08-06,Accesorios,Norte,19,48.58,923.02
2023-08-07,Accesorios,Norte,22,43.88,965.36
2023-08-08,Accesorios,Norte,18,48.15,866.7
2023-08-09,Accesorios,Norte,14,46.57,651.98
2023-08-10,Accesorios,Norte,10,44.56,445.6
2023-08-11,Accesorios,Norte,12,48.59,583.08
2023-08-12,Accesorios,Norte,13,45.78,595.14
2023-08-13,Accesorios,Norte,17,44.35,753.95
2023-08-14,Accesorios,Norte,20,46.88,937.6
2023-08-15,Accesorios,Norte,17,44.16,750.72
2023-08-16,Accesorios,Norte,17,42.52,722.84
2023-08-17,Accesorios,Norte,12,45.81,549.72
2023-08-18,Accesorios,Norte,14,45.68,639.52
2023-08-19,Accesorios,Norte,21,45.18,948.78
2023-08-20,Accesorios,Norte,18,44.92,808.56
2023-08-21,Accesorios,Norte,22,43.87,965.14
2023-08-22,Accesorios,Norte,20,43.19,863.8
2023-08-23,Accesorios,Norte,17,47.34,804.78
2023-08-24,Accesorios,Norte,14,45.37,635.18
2023-08-25,Accesorios,Norte,13,45.2,587.6
2023-08-26,Accesorios,Norte,17,41.85,711.45
2023-08-27,Accesorios,Norte,17,46.77,795.09
2023-08-28,Accesorios,Norte,19,43.47,825.93
2023-08-29,Accesorios,Norte,22,43.85,964.7
2023-08-30,Accesorios,Norte,15,46.31,694.65
2023-08-31,Accesorios,Norte,16,43.39,694.24
2023-09-01,Accesorios,Norte,11,44.99,494.89
2023-09-02,Accesorios,Norte,15,45.26,678.9
2023-09-03,Accesorios,Norte,17,45.46,772.82
2023-09-04,Accesorios,Norte,18,45.33,815.94
2023-09-05,Accesorios,Norte,17,45.71,777.07
2023-09-06,Accesorios,Norte,15,47.11,706.65
2023-09-07,Accesorios,Norte,16,45.62,729.92
2023-09-08,Accesorios,Norte,10,48.44,484.4
2023-09-09,Accesorios,Norte,20,44.47,889.4
2023-09-10,Accesorios,Norte,22,45.04,990.88
2023-09-11,Accesorios,Norte,22,50.1,1102.2
2023-09-12,Accesorios,Norte,16,43.39,694.24
2023-09-13,Accesorios,Norte,14,43.73,612.22
2023-09-14,Accesorios,Norte,14,44.26,619.64
2023-09-15,Accesorios,Norte,16,48.71,779.36
2023-09-16,Accesorios,Norte,15,46.21,693.15
2023-09-17,Accesorios,Norte,21,46.94,985.74
2023-09-18,Accesorios,Norte,25,44.42,1110.5
2023-09-19,Accesorios,Norte,17,43.12,733.04
2023-09-20,Accesorios,Norte,19,42.84,813.96
2023-09-21,Accesorios,Norte,19,44.33,842.27
2023-09-22,Accesorios,Norte,17,47.34,804.78
2023-09-23,Accesorios,Norte,24,44.68,1072.32
2023-09-24,Accesorios,Norte,21,45.9,963.9
2023-09-25,Accesorios,Norte,17,40.55,689.35
2023-09-26,Accesorios,Norte,18,44.18,795.24
2023-09-27,Accesorios,Norte,17,43.56,740.52
2023-09-28,Accesorios,Norte,17,45.55,774.35
2023-09-29,Accesorios,Norte,16,48.81,780.96
2023-09-30,Accesorios,Norte,15,47.27,709.05
2023-10-01,Accesorios,Norte,26,43.96,1142.96
2023-10-02,Accesorios,Norte,22,42.05,925.1
2023-10-03,Accesorios,Norte,17,45.96,781.32
2023-10-04,Accesorios,Norte,19,45.35,861.65
2023-10-05,Accesorios,Norte,18,45.48,818.64
2023-10-06,Accesorios,Norte,18,43.8,788.4
2023-10-07,Accesorios,Norte,20,46.64,932.8
2023-10-08,Accesorios,Norte,24,44.48,1067.52
2023-10-09,Accesorios,Norte,19,42.14,800.66
2023-10-10,Accesorios,Norte,18,48.0,864.0
2023-10-11,Accesorios,Norte,19,45.68,867.92
2023-10-12,Accesorios,Norte,18,47.72,858.96
2023-10-13,Accesorios,Norte,13,46.84,608.92
2023-10-14,Accesorios,Norte,23,46.76,1075.48
2023-10-15,Accesorios,Norte,30,50.14,1504.2
2023-10-16,Accesorios,Norte,20,46.77,935.4
2023-10-17,Accesorios,Norte,24,42.06,1009.44
2023-10-18,Accesorios,Norte,19,42.76,812.44
2023-10-19,Accesorios,Norte,18,44.36,798.48
2023-10-20,Accesorios,Norte,21,41.74,876.54
2023-10-21,Accesorios,Norte,24,42.24,1013.76
2023-10-22,Accesorios,Norte,21,47.94,1006.74
2023-10-23,Accesorios,Norte,23,46.89,1078.47
2023-10-24,Accesorios,Norte,21,46.84,983.64
2023-10-25,Accesorios,Norte,19,43.53,827.07
2023-10-26,Accesorios,Norte,16,42.98,687.68
2023-10-27,Accesorios,Norte,18,44.35,798.3
2023-10-28,Accesorios,Norte,28,47.23,1322.44
2023-10-29,Accesorios,Norte,24,44.62,1070.88
2023-10-30,Accesorios,Norte,28,46.73,1308.44
2023-10-31,Accesorios,Norte,16,48.71,779.36
2023-11-01,Accesorios,Norte,29,44.3,1284.7
2023-11-02,Accesorios,Norte,24,42.43,1018.32
2023-11-03,Accesorios,Norte,21,49.1,1031.1
2023-11-04,Accesorios,Norte,24,46.16,1107.84
2023-11-05,Accesorios,Norte,33,42.95,1417.35
2023-11-06,Accesorios,Norte,27,43.28,1168.56
2023-11-07,Accesorios,Norte,28,47.38,1326.64
2023-11-08,Accesorios,Norte,25,44.55,1113.75
2023-11-09,Accesorios,Norte,22,42.62,937.64
2023-11-10,Accesorios,Norte,17,42.39,720.63
2023-11-11,Accesorios,Norte,24,46.65,1119.6
2023-11-12,Accesorios,Norte,32,46.3,1481.6
2023-11-13,Accesorios,Norte,34,48.73,1656.82
2023-11-14,Accesorios,Norte,27,39.32,1061.64
2023-11-15,Accesorios,Norte,39,45.23,1763.97
2023-11-16,Accesorios,Norte,36,43.14,1553.04
2023-11-17,Accesorios,Norte,34,41.76,1419.84
2023-11-18,Accesorios,Norte,44,44.64,1964.16
2023-11-19,Accesorios,Norte,50,45.83,2291.5
2023-11-20,Accesorios,Norte,66,47.33,3123.78
2023-11-21,Accesorios,Norte,44,48.99,2155.56
2023-11-22,Accesorios,Norte,49,42.72,2093.28
2023-11-23,Accesorios,Norte,36,45.58,1640.88
2023-11-24,Accesorios,Norte,52,43.86,2280.72
2023-11-25,Accesorios,Norte,43,42.06,1808.58
2023-11-26,Accesorios,Norte,50,47.67,2383.5
2023-11-27,Accesorios,Norte,61,47.3,2885.3
2023-11-28,Accesorios,Norte,53,45.81,2427.93
2023-11-29,Accesorios,Norte,54,46.18,2493.72
2023-11-30,Accesorios,Norte,45,44.14,1986.3
2023-12-01,Accesorios,Norte,35,45.79,1602.65
2023-12-02,Accesorios,Norte,50,45.39,2269.5
2023-12-03,Accesorios,Norte,57,44.47,2534.79
2023-12-04,Accesorios,Norte,51,46.71,2382.21
2023-12-05,Accesorios,Norte,42,43.68,1834.56
2023-12-06,Accesorios,Norte,47,47.35,2225.45
2023-12-07,Accesorios,Norte,36,47.88,1723.68
2023-12-08,Accesorios,Norte,36,46.33,1667.88
2023-12-09,Accesorios,Norte,50,45.34,2267.0
2023-12-10,Accesorios,Norte,60,44.49,2669.4
2023-12-11,Accesorios,Norte,84,44.09,3703.56
2023-12-12,Accesorios,Norte,44,45.8,2015.2
2023-12-13,Accesorios,Norte,42,43.01,1806.42
2023-12-14,Accesorios,Norte,37,42.82,1584.34
2023-12-15,Accesorios,Norte,45,42.9,1930.5
2023-12-16,Accesorios,Norte,50,44.12,2206.0
2023-12-17,Accesorios,Norte,50,42.98,2149.0
2023-12-18,Accesorios,Norte,56,42.35,2371.6
2023-12-19,Accesorios,Norte,42,43.37,1821.54
2023-12-20,Accesorios,Norte,48,44.77,2148.96
2023-12-21,Accesorios,Norte,41,44.34,1817.94
2023-12-22,Accesorios,Norte,40,45.52,1820.8
2023-12-23,Accesorios,Norte,55,47.26,2599.3
2023-12-24,Accesorios,Norte,64,45.61,2919.04
2023-12-25,Accesorios,Norte,48,42.53,2041.44
2023-12-26,Accesorios,Norte,38,47.29,1797.02
2023-12-27,Accesorios,Norte,29,44.75,1297.75
2023-12-28,Accesorios,Norte,27,45.56,1230.12
2023-12-29,Accesorios,Norte,26,45.84,1191.84
2023-12-30,Accesorios,Norte,27,45.5,1228.5
2023-12-31,Accesorios,Norte,39,49.05,1912.95
2024-01-01,Accesorios,Norte,42,44.69,1876.98
2024-01-02,Accesorios,Norte,37,47.21,1746.77
2024-01-03,Accesorios,Norte,29,45.06,1306.74
2024-01-04,Accesorios,Norte,26,45.21,1175.46
2024-01-05,Accesorios,Norte,31,44.3,1373.3
2024-01-06,Accesorios,Norte,37,41.61,1539.57
2024-01-07,Accesorios,Norte,40,46.34,1853.6
2024-01-08,Accesorios,Norte,56,46.6,2609.6
2024-01-09,Accesorios,Norte,43,38.77,1667.11
2024-01-10,Accesorios,Norte,34,44.91,1526.94
2024-01-11,Accesorios,Norte,30,45.23,1356.9
2024-01-12,Accesorios,Norte,32,44.97,1439.04
2024-01-13,Accesorios,Norte,38,46.01,1748.38
2024-01-14,Accesorios,Norte,40,44.12,1764.8
2024-01-15,Accesorios,Norte,40,45.41,1816.4
2024-01-16,Accesorios,Norte,39,48.92,1907.88
2024-01-17,Accesorios,Norte,44,41.26,1815.44
2024-01-18,Accesorios,Norte,27,46.17,1246.59
2024-01-19,Accesorios,Norte,37,44.26,1637.62
2024-01-20,Accesorios,Norte,27,43.86,1184.22
2024-01-21,Accesorios,Norte,57,47.95,2733.15
2024-01-22,Accesorios,Norte,37,45.16,1670.92
2024-01-23,Accesorios,Norte,45,44.57,2005.65
2024-01-24,Accesorios,Norte,31,45.3,1404.3
2024-01-25,Accesorios,Norte,26,42.5,1105.0
2024-01-26,Accesorios,Norte,24,47.84,1148.16
2024-01-27,Accesorios,Norte,31,46.23,1433.13
2024-01-28,Accesorios,Norte,41,43.54,1785.14
2024-01-29,Accesorios,Norte,44,43.92,1932.48
2024-01-30,Accesorios,Norte,43,45.13,1940.59
2024-01-31,Accesorios,Norte,39,46.99,1832.61
2024-02-01,Accesorios,Norte,42,42.98,1805.16
2024-02-02,Accesorios,Norte,32,43.16,1381.12
2024-02-03,Accesorios,Norte,38,46.26,1757.88
2024-02-04,Accesorios,Norte,43,43.74,1880.82
2024-02-05,Accesorios,Norte,43,44.21,1901.03
2024-02-06,Accesorios,Norte,47,45.73,2149.31
2024-02-07,Accesorios,Norte,42,41.45,1740.9
2024-02-08,Accesorios,Norte,29,46.9,1360.1
2024-02-09,Accesorios,Norte,26,43.5,1131.0
2024-02-10,Accesorios,Norte,33,49.37,1629.21
2024-02-11,Accesorios,Norte,45,49.18,2213.1
2024-02-12,Accesorios,Norte,48,48.16,2311.68
2024-02-13,Accesorios,Norte,46,43.27,1990.42
2024-02-14,Accesorios,Norte,47,42.64,2004.08
2024-02-15,Accesorios,Norte,34,44.47,1511.98
2024-02-16,Accesorios,Norte,31,46.9,1453.9
2024-02-17,Accesorios,Norte,35,46.84,1639.4
2024-02-18,Accesorios,Norte,40,44.61,1784.4
2024-02-19,Accesorios,Norte,42,39.52,1659.84
2024-02-20,Accesorios,Norte,42,45.33,1903.86
2024-02-21,Accesorios,Norte,41,41.51,1701.91
2024-02-22,Accesorios,Norte,30,45.61,1368.3
2024-02-23,Accesorios,Norte,29,44.96,1303.84
2024-02-24,Accesorios,Norte,35,42.69,1494.15
2024-02-25,Accesorios,Norte,47,49.01,2303.47
2024-02-26,Accesorios,Norte,52,45.19,2349.88
2024-02-27,Accesorios,Norte,39,46.59,1817.01
2024-02-28,Accesorios,Norte,40,47.39,1895.6
2024-02-29,Accesorios,Norte,39,43.29,1688.31
2024-03-01,Accesorios,Norte,35,45.59,1595.65
2024-03-02,Accesorios,Norte,42,41.77,1754.34
2024-03-03,Accesorios,Norte,30,44.74,1342.2
2024-03-04,Accesorios,Norte,36,43.38,1561.68
2024-03-05,Accesorios,Norte,37,44.79,1657.23
2024-03-06,Accesorios,Norte,38,44.67,1697.46
2024-03-07,Accesorios,Norte,27,43.22,1166.94
2024-03-08,Accesorios,Norte,28,47.08,1318.24
2024-03-09,Accesorios,Norte,39,46.14,1799.46
2024-03-10,Accesorios,Norte,38,44.75,1700.5
2024-03-11,Accesorios,Norte,50,50.75,2537.5
2024-03-12,Accesorios,Norte,40,42.46,1698.4
2024-03-13,Accesorios,Norte,34,42.17,1433.78
2024-03-14,Accesorios,Norte,36,48.29,1738.44
2024-03-15,Accesorios,Norte,30,47.05,1411.5
2024-03-16,Accesorios,Norte,30,47.58,1427.4
2024-03-17,Accesorios,Norte,37,48.26,1785.62
2024-03-18,Accesorios,Norte,52,48.14,2503.28
2024-03-19,Accesorios,Norte,47,43.18,2029.46
2024-03-20,Accesorios,Norte,36,44.7,1609.2
2024-03-21,Accesorios,Norte,34,46.61,1584.74
2024-03-22,Accesorios,Norte,34,42.02,1428.68
2024-03-23,Accesorios,Norte,35,43.43,1520.05
2024-03-24,Accesorios,Norte,40,49.04,1961.6
2024-03-25,Accesorios,Norte,38,42.39,1610.82
2024-03-26,Accesorios,Norte,39,46.15,1799.85
2024-03-27,Accesorios,Norte,27,45.14,1218.78
2024-03-28,Accesorios,Norte,27,46.05,1243.35
2024-03-29,Accesorios,Norte,31,42.22,1308.82
2024-03-30,Accesorios,Norte,33,46.13,1522.29
2024-03-31,Accesorios,Norte,45,41.2,1854.0
2024-04-01,Accesorios,Norte,45,44.27,1992.15
2024-04-02,Accesorios,Norte,38,44.73,1699.74
2024-04-03,Accesorios,Norte,36,45.54,1639.44
2024-04-04,Accesorios,Norte,32,47.75,1528.0
2024-04-05,Accesorios,Norte,27,43.06,1162.62
2024-04-06,Accesorios,Norte,36,47.08,1694.88
2024-04-07,Accesorios,Norte,39,48.21,1880.19
2024-04-08,Accesorios,Norte,32,43.36,1387.52
2024-04-09,Accesorios,Norte,43,41.28,1775.04
2024-04-10,Accesorios,Norte,45,44.27,1992.15
2024-04-11,Accesorios,Norte,26,47.62,1238.12
2024-04-12,Accesorios,Norte,30,47.84,1435.2
2024-04-13,Accesorios,Norte,43,43.4,1866.2
2024-04-14,Accesorios,Norte,31,45.36,1406.16
2024-04-15,Accesorios,Norte,53,46.67,2473.51
2024-04-16,Accesorios,Norte,37,47.27,1748.99
2024-04-17,Accesorios,Norte,33,46.68,1540.44
2024-04-18,Accesorios,Norte,22,48.21,1060.62
2024-04-19,Accesorios,Norte,28,46.8,1310.4
2024-04-20,Accesorios,Norte,27,44.92,1212.84
2024-04-21,Accesorios,Norte,32,45.61,1459.52
2024-04-22,Accesorios,Norte,42,45.53,1912.26
2024-04-23,Accesorios,Norte,35,46.55,1629.25
2024-04-24,Accesorios,Norte,31,41.82,1296.42
2024-04-25,Accesorios,Norte,31,43.68,1354.08
2024-04-26,Accesorios,Norte,23,45.81,1053.63
2024-04-27,Accesorios,Norte,39,46.99,1832.61
2024-04-28,Accesorios,Norte,38,47.14,1791.32
2024-04-29,Accesorios,Norte,35,39.7,1389.5
2024-04-30,Accesorios,Norte,30,47.75,1432.5
2024-05-01,Accesorios,Norte,27,45.34,1224.18
2024-05-02,Accesorios,Norte,30,41.62,1248.6
2024-05-03,Accesorios,Norte,23,43.5,1000.5
2024-05-04,Accesorios,Norte,29,41.39,1200.31
2024-05-05,Accesorios,Norte,26,45.78,1190.28
2024-05-06,Accesorios,Norte,47,44.15,2075.05
2024-05-07,Accesorios,Norte,37,43.9,1624.3
2024-05-08,Accesorios,Norte,26,50.11,1302.86
2024-05-09,Accesorios,Norte,32,46.3,1481.6
2024-05-10,Accesorios,Norte,30,47.31,1419.3
2024-05-11,Accesorios,Norte,36,44.5,1602.0
2024-05-12,Accesorios,Norte,28,45.11,1263.08
2024-05-13,Accesorios,Norte,27,44.85,1210.95
2024-05-14,Accesorios,Norte,34,47.18,1604.12
2024-05-15,Accesorios,Norte,37,47.16,1744.92
2024-05-16,Accesorios,Norte,27,45.3,1223.1
2024-05-17,Accesorios,Norte,28,43.09,1206.52
2024-05-18,Accesorios,Norte,34,48.1,1635.4
2024-05-19,Accesorios,Norte,41,45.3,1857.3
2024-05-20,Accesorios,Norte,42,40.95,1719.9
2024-05-21,Accesorios,Norte,24,50.6,1214.4
2024-05-22,Accesorios,Norte,23,45.86,1054.78
2024-05-23,Accesorios,Norte,24,45.24,1085.76
2024-05-24,Accesorios,Norte,24,40.86,980.64
2024-05-25,Accesorios,Norte,35,46.86,1640.1
2024-05-26,Accesorios,Norte,30,41.9,1257.0
2024-05-27,Accesorios,Norte,42,49.07,2060.94
2024-05-28,Accesorios,Norte,34,39.99,1359.66
2024-05-29,Accesorios,Norte,26,46.91,1219.66
2024-05-30,Accesorios,Norte,17,48.45,823.65
2024-05-31,Accesorios,Norte,24,45.58,1093.92
2024-06-01,Accesorios,Norte,32,45.31,1449.92
2024-06-02,Accesorios,Norte,29,45.72,1325.88
2024-06-03,Accesorios,Norte,32,41.06,1313.92
2024-06-04,Accesorios,Norte,26,43.78,1138.28
2024-06-05,Accesorios,Norte,20,45.67,913.4
2024-06-06,Accesorios,Norte,25,46.97,1174.25
2024-06-07,Accesorios,Norte,27,47.0,1269.0
2024-06-08,Accesorios,Norte,28,42.75,1197.0
2024-06-09,Accesorios,Norte,23,46.76,1075.48
2024-06-10,Accesorios,Norte,26,46.61,1211.86
2024-06-11,Accesorios,Norte,30,40.41,1212.3
2024-06-12,Accesorios,Norte,22,41.55,914.1
2024-06-13,Accesorios,Norte,18,47.12,848.16
2024-06-14,Accesorios,Norte,17,45.02,765.34
2024-06-15,Accesorios,Norte,25,47.57,1189.25
2024-06-16,Accesorios,Norte,24,49.42,1186.08
2024-06-17,Accesorios,Norte,28,47.9,1341.2
2024-06-18,Accesorios,Norte,30,43.9,1317.0
2024-06-19,Accesorios,Norte,25,44.08,1102.0
2024-06-20,Accesorios,Norte,18,44.8,806.4
2024-06-21,Accesorios,Norte,22,46.34,1019.48
2024-06-22,Accesorios,Norte,26,47.76,1241.76
2024-06-23,Accesorios,Norte,25,41.18,1029.5
2024-06-24,Accesorios,Norte,33,45.32,1495.56
2024-06-25,Accesorios,Norte,19,47.13,895.47
2024-06-26,Accesorios,Norte,24,47.91,1149.84
2024-06-27,Accesorios,Norte,18,47.9,862.2
2024-06-28,Accesorios,Norte,22,41.18,905.96
2024-06-29,Accesorios,Norte,26,41.12,1069.12
2024-06-30,Accesorios,Norte,23,46.13,1060.99
2024-07-01,Accesorios,Norte,33,48.96,1615.68
2024-07-02,Accesorios,Norte,27,45.64,1232.28
2024-07-03,Accesorios,Norte,20,44.99,899.8
2024-07-04,Accesorios,Norte,22,42.35,931.7
2024-07-05,Accesorios,Norte,19,43.45,825.55
2024-07-06,Accesorios,Norte,25,42.96,1074.0
2024-07-07,Accesorios,Norte,28,44.45,1244.6
2024-07-08,Accesorios,Norte,19,43.61,828.59
2024-07-09,Accesorios,Norte,24,46.37,1112.88
2024-07-10,Accesorios,Norte,26,47.9,1245.4
2024-07-11,Accesorios,Norte,18,44.39,799.02
2024-07-12,Accesorios,Norte,19,43.86,833.34
2024-07-13,Accesorios,Norte,21,43.71,917.91
2024-07-14,Accesorios,Norte,32,49.01,1568.32
2024-07-15,Accesorios,Norte,25,42.53,1063.25
2024-07-16,Accesorios,Norte,24,45.38,1089.12
2024-07-17,Accesorios,Norte,20,42.5,850.0
2024-07-18,Accesorios,Norte,23,40.73,936.79
2024-07-19,Accesorios,Norte,18,44.07,793.26
2024-07-20,Accesorios,Norte,25,45.19,1129.75
2024-07-21,Accesorios,Norte,30,42.96,1288.8
2024-07-22,Accesorios,Norte,21,42.77,898.17
2024-07-23,Accesorios,Norte,21,42.27,887.67
2024-07-24,Accesorios,Norte,20,44.4,888.0
2024-07-25,Accesorios,Norte,19,44.59,847.21
2024-07-26,Accesorios,Norte,21,48.25,1013.25
2024-07-27,Accesorios,Norte,22,46.99,1033.78
2024-07-28,Accesorios,Norte,25,44.88,1122.0
2024-07-29,Accesorios,Norte,24,42.1,1010.4
2024-07-30,Accesorios,Norte,17,42.3,719.1
2024-07-31,Accesorios,Norte,25,46.13,1153.25
2024-08-01,Accesorios,Norte,16,50.1,801.6
2024-08-02,Accesorios,Norte,18,44.49,800.82
2024-08-03,Accesorios,Norte,22,41.1,904.2
2024-08-04,Accesorios,Norte,23,46.53,1070.19
2024-08-05,Accesorios,Norte,26,47.63,1238.38
2024-08-06,Accesorios,Norte,22,45.74,1006.28
2024-08-07,Accesorios,Norte,16,44.86,717.76
2024-08-08,Accesorios,Norte,19,43.28,822.32
2024-08-09,Accesorios,Norte,18,42.94,772.92
2024-08-10,Accesorios,Norte,23,46.0,1058.0
2024-08-11,Accesorios,Norte,24,42.97,1031.28
2024-08-12,Accesorios,Norte,27,45.76,1235.52
2024-08-13,Accesorios,Norte,19,43.18,820.42
2024-08-14,Accesorios,Norte,22,47.11,1036.42
2024-08-15,Accesorios,Norte,16,44.09,705.44
2024-08-16,Accesorios,Norte,18,44.75,805.5
2024-08-17,Accesorios,Norte,18,46.02,828.36
2024-08-18,Accesorios,Norte,18,47.68,858.24
2024-08-19,Accesorios,Norte,24,46.73,1121.52
2024-08-20,Accesorios,Norte,19,45.21,858.99
2024-08-21,Accesorios,Norte,20,45.12,902.4
2024-08-22,Accesorios,Norte,17,42.5,722.5
2024-08-23,Accesorios,Norte,23,44.43,1021.89
2024-08-24,Accesorios,Norte,18,48.24,868.32
2024-08-25,Accesorios,Norte,26,45.29,1177.54
2024-08-26,Accesorios,Norte,22,43.32,953.04
2024-08-27,Accesorios,Norte,25,46.72,1168.0
2024-08-28,Accesorios,Norte,20,45.41,908.2
2024-08-29,Accesorios,Norte,14,40.72,570.08
2024-08-30,Accesorios,Norte,15,43.07,646.05
2024-08-31,Accesorios,Norte,19,42.3,803.7
2024-09-01,Accesorios,Norte,25,42.67,1066.75
2024-09-02,Accesorios,Norte,30,43.54,1306.2
2024-09-03,Accesorios,Norte,26,46.42,1206.92
2024-09-04,Accesorios,Norte,28,42.83,1199.24
2024-09-05,Accesorios,Norte,17,41.99,713.83
2024-09-06,Accesorios,Norte,21,46.66,979.86
2024-09-07,Accesorios,Norte,23,44.72,1028.56
2024-09-08,Accesorios,Norte,21,46.92,985.32
2024-09-09,Accesorios,Norte,25,45.29,1132.25
2024-09-10,Accesorios,Norte,27,53.37,1440.99
2024-09-11,Accesorios,Norte,22,44.65,982.3
2024-09-12,Accesorios,Norte,18,43.11,775.98
2024-09-13,Accesorios,Norte,16,45.55,728.8
2024-09-14,Accesorios,Norte,23,44.27,1018.21
2024-09-15,Accesorios,Norte,26,45.75,1189.5
2024-09-16,Accesorios,Norte,26,44.29,1151.54
2024-09-17,Accesorios,Norte,26,47.71,1240.46
2024-09-18,Accesorios,Norte,21,47.83,1004.43
2024-09-19,Accesorios,Norte,18,43.65,785.7
2024-09-20,Accesorios,Norte,19,46.6,885.4
2024-09-21,Accesorios,Norte,25,47.0,1175.0
2024-09-22,Accesorios,Norte,27,47.35,1278.45
2024-09-23,Accesorios,Norte,25,41.89,1047.25
2024-09-24,Accesorios,Norte,23,45.94,1056.62
2024-09-25,Accesorios,Norte,21,42.66,895.86
2024-09-26,Accesorios,Norte,16,43.85,701.6
2024-09-27,Accesorios,Norte,17,45.21,768.57
2024-09-28,Accesorios,Norte,20,43.61,872.2
2024-09-29,Accesorios,Norte,25,45.03,1125.75
2024-09-30,Accesorios,Norte,26,46.92,1219.92
2024-10-01,Accesorios,Norte,25,45.69,1142.25
2024-10-02,Accesorios,Norte,22,43.95,966.9
2024-10-03,Accesorios,Norte,18,45.4,817.2
2024-10-04,Accesorios,Norte,16,45.49,727.84
2024-10-05,Accesorios,Norte,18,46.29,833.22
2024-10-06,Accesorios,Norte,23,42.85,985.55
2024-10-07,Accesorios,Norte,33,44.38,1464.54
2024-10-08,Accesorios,Norte,28,45.04,1261.12
2024-10-09,Accesorios,Norte,21,48.56,1019.76
2024-10-10,Accesorios,Norte,28,43.24,1210.72
2024-10-11,Accesorios,Norte,18,45.62,821.16
2024-10-12,Accesorios,Norte,23,43.88,1009.24
2024-10-13,Accesorios,Norte,30,42.7,1281.0
2024-10-14,Accesorios,Norte,27,45.92,1239.84
2024-10-15,Accesorios,Norte,25,43.7,1092.5
2024-10-16,Accesorios,Norte,22,47.24,1039.28
2024-10-17,Accesorios,Norte,22,43.19,950.18
2024-10-18,Accesorios,Norte,17,44.79,761.43
2024-10-19,Accesorios,Norte,30,45.59,1367.7
2024-10-20,Accesorios,Norte,29,44.98,1304.42
2024-10-21,Accesorios,Norte,34,41.83,1422.22
2024-10-22,Accesorios,Norte,34,42.02,1428.68
2024-10-23,Accesorios,Norte,23,46.1,1060.3
2024-10-24,Accesorios,Norte,19,47.82,908.58
2024-10-25,Accesorios,Norte,20,42.19,843.8
2024-10-26,Accesorios,Norte,30,39.7,1191.0
2024-10-27,Accesorios,Norte,38,45.93,1745.34
2024-10-28,Accesorios,Norte,26,46.29,1203.54
2024-10-29,Accesorios,Norte,22,46.86,1030.92
2024-10-30,Accesorios,Norte,26,45.89,1193.14
2024-10-31,Accesorios,Norte,25,46.55,1163.75
2024-11-01,Accesorios,Norte,26,49.39,1284.14
2024-11-02,Accesorios,Norte,30,43.57,1307.1
2024-11-03,Accesorios,Norte,29,47.62,1380.98
2024-11-04,Accesorios,Norte,35,49.13,1719.55
2024-11-05,Accesorios,Norte,30,45.24,1357.2
2024-11-06,Accesorios,Norte,19,44.53,846.07
2024-11-07,Accesorios,Norte,23,43.69,1004.87
2024-11-08,Accesorios,Norte,27,42.02,1134.54
2024-11-09,Accesorios,Norte,31,38.12,1181.72
2024-11-10,Accesorios,Norte,33,47.57,1569.81
2024-11-11,Accesorios,Norte,31,43.97,1363.07
2024-11-12,Accesorios,Norte,33,44.63,1472.79
2024-11-13,Accesorios,Norte,34,42.77,1454.18
2024-11-14,Accesorios,Norte,28,44.65,1250.2
2024-11-15,Accesorios,Norte,50,47.46,2373.0
2024-11-16,Accesorios,Norte,52,43.55,2264.6
2024-11-17,Accesorios,Norte,62,49.25,3053.5
2024-11-18,Accesorios,Norte,57,44.51,2537.07
2024-11-19,Accesorios,Norte,74,45.25,3348.5
2024-11-20,Accesorios,Norte,51,47.27,2410.77
2024-11-21,Accesorios,Norte,50,46.97,2348.5
2024-11-22,Accesorios,Norte,39,47.02,1833.78
2024-11-23,Accesorios,Norte,52,50.77,2640.04
2024-11-24,Accesorios,Norte,54,46.96,2535.84
2024-11-25,Accesorios,Norte,71,45.35,3219.85
2024-11-26,Accesorios,Norte,67,46.99,3148.33
2024-11-27,Accesorios,Norte,60,43.16,2589.6
2024-11-28,Accesorios,Norte,43,45.44,1953.92
2024-11-29,Accesorios,Norte,49,50.0,2450.0
2024-11-30,Accesorios,Norte,68,44.12,3000.16
2024-12-01,Accesorios,Norte,59,46.69,2754.71
2024-12-02,Accesorios,Norte,63,43.73,2754.99
2024-12-03,Accesorios,Norte,57,43.07,2454.99
2024-12-04,Accesorios,Norte,52,43.86,2280.72
2024-12-05,Accesorios,Norte,38,48.83,1855.54
2024-12-06,Accesorios,Norte,46,45.94,2113.24
2024-12-07,Accesorios,Norte,58,44.42,2576.36
2024-12-08,Accesorios,Norte,49,44.42,2176.58
2024-12-09,Accesorios,Norte,60,44.47,2668.2
2024-12-10,Accesorios,Norte,75,45.32,3399.0
2024-12-11,Accesorios,Norte,39,43.06,1679.34
2024-12-12,Accesorios,Norte,45,46.15,2076.75
2024-12-13,Accesorios,Norte,39,47.42,1849.38
2024-12-14,Accesorios,Norte,59,44.79,2642.61
2024-12-15,Accesorios,Norte,62,42.04,2606.48
2024-12-16,Accesorios,Norte,77,45.58,3509.66
2024-12-17,Accesorios,Norte,61,42.22,2575.42
2024-12-18,Accesorios,Norte,68,41.75,2839.0
2024-12-19,Accesorios,Norte,36,46.6,1677.6
2024-12-20,Accesorios,Norte,57,39.69,2262.33
2024-12-21,Accesorios,Norte,46,45.37,2087.02
2024-12-22,Accesorios,Norte,60,46.95,2817.0
2024-12-23,Accesorios,Norte,76,49.86,3789.36
2024-12-24,Accesorios,Norte,71,41.21,2925.91
2024-12-25,Accesorios,Norte,31,44.17,1369.27
2024-12-26,Accesorios,Norte,41,43.18,1770.38
2024-12-27,Accesorios,Norte,35,46.12,1614.2
2024-12-28,Accesorios,Norte,42,42.77,1796.34
2024-12-29,Accesorios,Norte,47,49.99,2349.53
2024-12-30,Accesorios,Norte,48,42.82,2055.36
2023-01-01,Accesorios,Centro,24,46.53,1116.72
2023-01-02,Accesorios,Centro,26,43.55,1132.3
2023-01-03,Accesorios,Centro,23,44.21,1016.83
2023-01-04,Accesorios,Centro,14,45.85,641.9
2023-01-05,Accesorios,Centro,19,46.53,884.07
2023-01-06,Accesorios,Centro,14,42.09,589.26
2023-01-07,Accesorios,Centro,18,46.19,831.42
2023-01-08,Accesorios,Centro,15,43.83,657.45
2023-01-09,Accesorios,Centro,22,43.42,955.24
2023-01-10,Accesorios,Centro,21,47.89,1005.69
2023-01-11,Accesorios,Centro,14,44.57,623.98
2023-01-12,Accesorios,Centro,16,44.95,719.2
2023-01-13,Accesorios,Centro,21,46.13,968.73
2023-01-14,Accesorios,Centro,19,46.36,880.84
2023-01-15,Accesorios,Centro,17,44.93,763.81
2023-01-16,Accesorios,Centro,27,45.0,1215.0
2023-01-17,Accesorios,Centro,18,43.24,778.32
2023-01-18,Accesorios,Centro,19,45.44,863.36
2023-01-19,Accesorios,Centro,16,45.7,731.2
2023-01-20,Accesorios,Centro,17,47.26,803.42
2023-01-21,Accesorios,Centro,23,47.62,1095.26
2023-01-22,Accesorios,Centro,28,43.55,1219.4
2023-01-23,Accesorios,Centro,23,47.35,1089.05
2023-01-24,Accesorios,Centro,23,42.63,980.49
2023-01-25,Accesorios,Centro,16,45.6,729.6
2023-01-26,Accesorios,Centro,17,47.66,810.22
2023-01-27,Accesorios,Centro,18,47.95,863.1
2023-01-28,Accesorios,Centro,26,46.22,1201.72
2023-01-29,Accesorios,Centro,34,47.61,1618.74
2023-01-30,Accesorios,Centro,24,45.93,1102.32
2023-01-31,Accesorios,Centro,18,43.92,790.56
2023-02-01,Accesorios,Centro,17,47.77,812.09
2023-02-02,Accesorios,Centro,16,39.69,635.04
2023-02-03,Accesorios,Centro,16,46.24,739.84
2023-02-04,Accesorios,Centro,22,44.04,968.88
2023-02-05,Accesorios,Centro,22,45.05,991.1
2023-02-06,Accesorios,Centro,24,50.26,1206.24
2023-02-07,Accesorios,Centro,26,46.46,1207.96
2023-02-08,Accesorios,Centro,18,43.66,785.88
2023-02-09,Accesorios,Centro,15,40.95,614.25
2023-02-10,Accesorios,Centro,16,43.18,690.88
2023-02-11,Accesorios,Centro,24,47.12,1130.88
2023-02-12,Accesorios,Centro,19,43.94,834.86
2023-02-13,Accesorios,Centro,32,44.73,1431.36
2023-02-14,Accesorios,Centro,25,44.34,1108.5
2023-02-15,Accesorios,Centro,21,42.89,900.69
2023-02-16,Accesorios,Centro,16,49.08,785.28
2023-02-17,Accesorios,Centro,18,45.49,818.82
2023-02-18,Accesorios,Centro,19,45.97,873.43
2023-02-19,Accesorios,Centro,24,49.13,1179.12
2023-02-20,Accesorios,Centro,27,44.6,1204.2
2023-02-21,Accesorios,Centro,25,43.98,1099.5
2023-02-22,Accesorios,Centro,21,45.13,947.73
2023-02-23,Accesorios,Centro,20,41.95,839.0
2023-02-24,Accesorios,Centro,21,45.5,955.5
2023-02-25,Accesorios,Centro,27,44.88,1211.76
2023-02-26,Accesorios,Centro,19,44.53,846.07
2023-02-27,Accesorios,Centro,28,47.43,1328.04
2023-02-28,Accesorios,Centro,22,45.45,999.9
2023-03-01,Accesorios,Centro,20,45.72,914.4
2023-03-02,Accesorios,Centro,17,45.81,778.77
2023-03-03,Accesorios,Centro,17,45.96,781.32
2023-03-04,Accesorios,Centro,20,44.44,888.8
2023-03-05,Accesorios,Centro,25,41.52,1038.0
2023-03-06,Accesorios,Centro,29,43.11,1250.19
2023-03-07,Accesorios,Centro,25,44.33,1108.25
2023-03-08,Accesorios,Centro,17,46.5,790.5
2023-03-09,Accesorios,Centro,17,45.91,780.47
2023-03-10,Accesorios,Centro,19,48.02,912.38
2023-03-11,Accesorios,Centro,20,45.13,902.6
2023-03-12,Accesorios,Centro,25,50.91,1272.75
2023-03-13,Accesorios,Centro,35,47.75,1671.25
2023-03-14,Accesorios,Centro,24,43.42,1042.08
2023-03-15,Accesorios,Centro,16,44.7,715.2
2023-03-16,Accesorios,Centro,18,43.92,790.56
2023-03-17,Accesorios,Centro,21,46.52,976.92
2023-03-18,Accesorios,Centro,21,46.29,972.09
2023-03-19,Accesorios,Centro,29,46.56,1350.24
2023-03-20,Accesorios,Centro,24,40.51,972.24
2023-03-21,Accesorios,Centro,23,43.28,995.44
2023-03-22,Accesorios,Centro,15,42.81,642.15
2023-03-23,Accesorios,Centro,21,45.21,949.41
2023-03-24,Accesorios,Centro,19,42.7,811.3
2023-03-25,Accesorios,Centro,22,43.61,959.42
2023-03-26,Accesorios,Centro,27,42.18,1138.86
2023-03-27,Accesorios,Centro,26,45.36,1179.36
2023-03-28,Accesorios,Centro,23,49.08,1128.84
2023-03-29,Accesorios,Centro,17,46.7,793.9
2023-03-30,Accesorios,Centro,19,47.31,898.89
2023-03-31,Accesorios,Centro,16,49.57,793.12
2023-04-01,Accesorios,Centro,25,46.84,1171.0
2023-04-02,Accesorios,Centro,23,46.11,1060.53
2023-04-03,Accesorios,Centro,18,41.06,739.08
2023-04-04,Accesorios,Centro,19,47.22,897.18
2023-04-05,Accesorios,Centro,15,43.9,658.5
2023-04-06,Accesorios,Centro,24,45.93,1102.32
2023-04-07,Accesorios,Centro,15,46.74,701.1
2023-04-08,Accesorios,Centro,25,44.57,1114.25
2023-04-09,Accesorios,Centro,26,45.23,1175.98
2023-04-10,Accesorios,Centro,15,41.42,621.3
2023-04-11,Accesorios,Centro,23,42.43,975.89
2023-04-12,Accesorios,Centro,17,45.03,765.51
2023-04-13,Accesorios,Centro,20,40.51,810.2
2023-04-14,Accesorios,Centro,15,48.72,730.8
2023-04-15,Accesorios,Centro,18,44.65,803.7
2023-04-16,Accesorios,Centro,21,45.75,960.75
2023-04-17,Accesorios,Centro,21,41.57,872.97
2023-04-18,Accesorios,Centro,19,43.36,823.84
2023-04-19,Accesorios,Centro,17,44.23,751.91
2023-04-20,Accesorios,Centro,12,40.45,485.4
2023-04-21,Accesorios,Centro,19,45.73,868.87
2023-04-22,Accesorios,Centro,19,47.65,905.35
2023-04-23,Accesorios,Centro,20,44.94,898.8
2023-04-24,Accesorios,Centro,20,45.19,903.8
2023-04-25,Accesorios,Centro,22,44.52,979.44
2023-04-26,Accesorios,Centro,18,43.11,775.98
2023-04-27,Accesorios,Centro,15,45.05,675.75
2023-04-28,Accesorios,Centro,15,45.22,678.3
2023-04-29,Accesorios,Centro,19,46.21,877.99
2023-04-30,Accesorios,Centro,22,43.1,948.2
2023-05-01,Accesorios,Centro,27,44.93,1213.11
2023-05-02,Accesorios,Centro,18,43.75,787.5
2023-05-03,Accesorios,Centro,19,44.22,840.18
2023-05-04,Accesorios,Centro,16,45.68,730.88
2023-05-05,Accesorios,Centro,17,39.97,679.49
2023-05-06,Accesorios,Centro,16,47.24,755.84
2023-05-07,Accesorios,Centro,23,45.65,1049.95
2023-05-08,Accesorios,Centro,19,47.93,910.67
2023-05-09,Accesorios,Centro,22,39.7,873.4
2023-05-10,Accesorios,Centro,12,46.9,562.8
2023-05-11,Accesorios,Centro,15,42.72,640.8
2023-05-12,Accesorios,Centro,13,46.88,609.44
2023-05-13,Accesorios,Centro,12,46.79,561.48
2023-05-14,Accesorios,Centro,23,49.05,1128.15
2023-05-15,Accesorios,Centro,23,45.88,1055.24
2023-05-16,Accesorios,Centro,22,40.34,887.48
2023-05-17,Accesorios,Centro,16,43.83,701.28
2023-05-18,Accesorios,Centro,14,45.91,642.74
2023-05-19,Accesorios,Centro,16,45.14,722.24
2023-05-20,Accesorios,Centro,15,42.51,637.65
2023-05-21,Accesorios,Centro,20,46.53,930.6
2023-05-22,Accesorios,Centro,21,50.72,1065.12
2023-05-23,Accesorios,Centro,22,45.21,994.62
2023-05-24,Accesorios,Centro,13,47.44,616.72
2023-05-25,Accesorios,Centro,12,45.71,548.52
2023-05-26,Accesorios,Centro,13,43.06,559.78
2023-05-27,Accesorios,Centro,16,41.92,670.72
2023-05-28,Accesorios,Centro,21,45.49,955.29
2023-05-29,Accesorios,Centro,13,45.47,591.11
2023-05-30,Accesorios,Centro,18,44.14,794.52
2023-05-31,Accesorios,Centro,18,45.08,811.44
2023-06-01,Accesorios,Centro,13,42.6,553.8
2023-06-02,Accesorios,Centro,13,44.82,582.66
2023-06-03,Accesorios,Centro,13,45.04,585.52
2023-06-04,Accesorios,Centro,16,43.45,695.2
2023-06-05,Accesorios,Centro,19,42.44,806.36
2023-06-06,Accesorios,Centro,19,42.07,799.33
2023-06-07,Accesorios,Centro,13,49.69,645.97
2023-06-08,Accesorios,Centro,12,42.42,509.04
2023-06-09,Accesorios,Centro,13,45.32,589.16
2023-06-10,Accesorios,Centro,16,46.79,748.64
2023-06-11,Accesorios,Centro,15,47.53,712.95
2023-06-12,Accesorios,Centro,19,49.58,942.02
2023-06-13,Accesorios,Centro,15,41.98,629.7
2023-06-14,Accesorios,Centro,8,44.83,358.64
2023-06-15,Accesorios,Centro,11,42.8,470.8
2023-06-16,Accesorios,Centro,13,45.52,591.76
2023-06-17,Accesorios,Centro,14,43.1,603.4
2023-06-18,Accesorios,Centro,17,45.12,767.04
2023-06-19,Accesorios,Centro,20,42.72,854.4
2023-06-20,Accesorios,Centro,15,42.29,634.35
2023-06-21,Accesorios,Centro,13,42.82,556.66
2023-06-22,Accesorios,Centro,11,42.29,465.19
2023-06-23,Accesorios,Centro,11,45.73,503.03
2023-06-24,Accesorios,Centro,14,44.2,618.8
2023-06-25,Accesorios,Centro,17,45.28,769.76
2023-06-26,Accesorios,Centro,20,41.48,829.6
2023-06-27,Accesorios,Centro,15,45.39,680.85
2023-06-28,Accesorios,Centro,11,44.07,484.77
2023-06-29,Accesorios,Centro,11,47.9,526.9
2023-06-30,Accesorios,Centro,10,49.46,494.6
2023-07-01,Accesorios,Centro,13,45.97,597.61
2023-07-02,Accesorios,Centro,14,46.66,653.24
2023-07-03,Accesorios,Centro,18,44.29,797.22
2023-07-04,Accesorios,Centro,14,45.69,639.66
2023-07-05,Accesorios,Centro,14,44.19,618.66
2023-07-06,Accesorios,Centro,8,45.22,361.76
2023-07-07,Accesorios,Centro,9,44.23,398.07
2023-07-08,Accesorios,Centro,15,45.64,684.6
2023-07-09,Accesorios,Centro,14,46.03,644.42
2023-07-10,Accesorios,Centro,17,45.24,769.08
2023-07-11,Accesorios,Centro,14,45.49,636.86
2023-07-12,Accesorios,Centro,10,48.93,489.3
2023-07-13,Accesorios,Centro,11,44.83,493.13
2023-07-14,Accesorios,Centro,11,46.74,514.14
2023-07-15,Accesorios,Centro,12,44.56,534.72
2023-07-16,Accesorios,Centro,18,46.73,841.14
2023-07-17,Accesorios,Centro,20,47.16,943.2
2023-07-18,Accesorios,Centro,14,47.31,662.34
2023-07-19,Accesorios,Centro,12,46.87,562.44
2023-07-20,Accesorios,Centro,6,47.7,286.2
2023-07-21,Accesorios,Centro,11,42.92,472.12
2023-07-22,Accesorios,Centro,13,42.68,554.84
2023-07-23,Accesorios,Centro,13,47.9,622.7
2023-07-24,Accesorios,Centro,13,42.97,558.61
2023-07-25,Accesorios,Centro,13,45.45,590.85
2023-07-26,Accesorios,Centro,9,47.74,429.66
2023-07-27,Accesorios,Centro,9,44.54,400.86
2023-07-28,Accesorios,Centro,9,43.88,394.92
2023-07-29,Accesorios,Centro,13,42.46,551.98
2023-07-30,Accesorios,Centro,14,45.77,640.78
2023-07-31,Accesorios,Centro,14,45.37,635.18
2023-08-01,Accesorios,Centro,16,48.62,777.92
2023-08-02,Accesorios,Centro,11,46.01,506.11
2023-08-03,Accesorios,Centro,11,48.4,532.4
2023-08-04,Accesorios,Centro,9,47.58,428.22
2023-08-05,Accesorios,Centro,15,46.93,703.95
2023-08-06,Accesorios,Centro,10,43.1,431.0
2023-08-07,Accesorios,Centro,13,48.33,628.29
2023-08-08,Accesorios,Centro,15,43.41,651.15
2023-08-09,Accesorios,Centro,9,44.39,399.51
2023-08-10,Accesorios,Centro,7,43.62,305.34
2023-08-11,Accesorios,Centro,7,45.7,319.9
2023-08-12,Accesorios,Centro,9,43.41,390.69
2023-08-13,Accesorios,Centro,12,41.39,496.68
2023-08-14,Accesorios,Centro,16,51.58,825.28
2023-08-15,Accesorios,Centro,12,42.14,505.68
2023-08-16,Accesorios,Centro,11,48.09,528.99
2023-08-17,Accesorios,Centro,10,47.44,474.4
2023-08-18,Accesorios,Centro,10,46.43,464.3
2023-08-19,Accesorios,Centro,11,44.63,490.93
2023-08-20,Accesorios,Centro,12,42.06,504.72
2023-08-21,Accesorios,Centro,17,45.6,775.2
2023-08-22,Accesorios,Centro,11,47.89,526.79
2023-08-23,Accesorios,Centro,12,46.6,559.2
2023-08-24,Accesorios,Centro,9,45.34,408.06
2023-08-25,Accesorios,Centro,9,48.81,439.29
2023-08-26,Accesorios,Centro,12,46.89,562.68
2023-08-27,Accesorios,Centro,14,44.73,626.22
2023-08-28,Accesorios,Centro,15,46.81,702.15
2023-08-29,Accesorios,Centro,14,44.97,629.58
2023-08-30,Accesorios,Centro,10,41.89,418.9
2023-08-31,Accesorios,Centro,8,50.36,402.88
2023-09-01,Accesorios,Centro,8,46.47,371.76
2023-09-02,Accesorios,Centro,10,39.23,392.3
2023-09-03,Accesorios,Centro,14,47.24,661.36
2023-09-04,Accesorios,Centro,13,48.14,625.82
2023-09-05,Accesorios,Centro,14,47.06,658.84
2023-09-06,Accesorios,Centro,10,48.16,481.6
2023-09-07,Accesorios,Centro,10,46.44,464.4
2023-09-08,Accesorios,Centro,6,43.63,261.78
2023-09-09,Accesorios,Centro,13,46.13,599.69
2023-09-10,Accesorios,Centro,16,48.46,775.36
2023-09-11,Accesorios,Centro,14,48.06,672.84
2023-09-12,Accesorios,Centro,11,42.67,469.37
2023-09-13,Accesorios,Centro,9,48.41,435.69
2023-09-14,Accesorios,Centro,13,44.28,575.64
2023-09-15,Accesorios,Centro,11,44.8,492.8
2023-09-16,Accesorios,Centro,10,45.24,452.4
2023-09-17,Accesorios,Centro,15,49.73,745.95
2023-09-18,Accesorios,Centro,14,41.88,586.32
2023-09-19,Accesorios,Centro,10,44.28,442.8
2023-09-20,Accesorios,Centro,12,46.68,560.16
2023-09-21,Accesorios,Centro,10,45.42,454.2
2023-09-22,Accesorios,Centro,9,45.38,408.42
2023-09-23,Accesorios,Centro,14,47.65,667.1
2023-09-24,Accesorios,Centro,13,42.15,547.95
2023-09-25,Accesorios,Centro,13,44.07,572.91
2023-09-26,Accesorios,Centro,12,51.61,619.32
2023-09-27,Accesorios,Centro,8,43.17,345.36
2023-09-28,Accesorios,Centro,12,45.81,549.72
2023-09-29,Accesorios,Centro,13,44.45,577.85
2023-09-30,Accesorios,Centro,9,41.16,370.44
2023-10-01,Accesorios,Centro,17,43.08,732.36
2023-10-02,Accesorios,Centro,18,43.12,776.16
2023-10-03,Accesorios,Centro,11,47.5,522.5
2023-10-04,Accesorios,Centro,13,43.35,563.55
2023-10-05,Accesorios,Centro,13,48.11,625.43
2023-10-06,Accesorios,Centro,13,43.7,568.1
2023-10-07,Accesorios,Centro,12,46.44,557.28
2023-10-08,Accesorios,Centro,15,46.07,691.05
2023-10-09,Accesorios,Centro,13,45.36,589.68
2023-10-10,Accesorios,Centro,14,47.23,661.22
2023-10-11,Accesorios,Centro,12,45.71,548.52
2023-10-12,Accesorios,Centro,13,46.98,610.74
2023-10-13,Accesorios,Centro,9,41.77,375.93
2023-10-14,Accesorios,Centro,15,42.49,637.35
2023-10-15,Accesorios,Centro,17,43.86,745.62
2023-10-16,Accesorios,Centro,13,42.66,554.58
2023-10-17,Accesorios,Centro,17,45.89,780.13
2023-10-18,Accesorios,Centro,11,45.29,498.19
2023-10-19,Accesorios,Centro,12,48.83,585.96
2023-10-20,Accesorios,Centro,14,46.95,657.3
2023-10-21,Accesorios,Centro,18,43.87,789.66
2023-10-22,Accesorios,Centro,18,45.59,820.62
2023-10-23,Accesorios,Centro,19,47.19,896.61
2023-10-24,Accesorios,Centro,17,46.83,796.11
2023-10-25,Accesorios,Centro,16,45.58,729.28
2023-10-26,Accesorios,Centro,11,43.17,474.87
2023-10-27,Accesorios,Centro,12,45.26,543.12
2023-10-28,Accesorios,Centro,18,42.93,772.74
2023-10-29,Accesorios,Centro,15,46.97,704.55
2023-10-30,Accesorios,Centro,15,47.02,705.3
2023-10-31,Accesorios,Centro,13,43.92,570.96
2023-11-01,Accesorios,Centro,17,45.67,776.39
2023-11-02,Accesorios,Centro,15,45.73,685.95
2023-11-03,Accesorios,Centro,13,45.46,590.98
2023-11-04,Accesorios,Centro,17,43.44,738.48
2023-11-05,Accesorios,Centro,23,43.59,1002.57
2023-11-06,Accesorios,Centro,17,46.83,796.11
2023-11-07,Accesorios,Centro,21,46.14,968.94
2023-11-08,Accesorios,Centro,18,46.74,841.32
2023-11-09,Accesorios,Centro,11,45.51,500.61
2023-11-10,Accesorios,Centro,12,41.97,503.64
2023-11-11,Accesorios,Centro,18,45.46,818.28
2023-11-12,Accesorios,Centro,20,45.07,901.4
2023-11-13,Accesorios,Centro,21,43.73,918.33
2023-11-14,Accesorios,Centro,15,41.03,615.45
2023-11-15,Accesorios,Centro,28,41.97,1175.16
2023-11-16,Accesorios,Centro,27,43.26,1168.02
2023-11-17,Accesorios,Centro,19,45.04,855.76
2023-11-18,Accesorios,Centro,32,46.91,1501.12
2023-11-19,Accesorios,Centro,36,48.45,1744.2
2023-11-20,Accesorios,Centro,39,44.03,1717.17
2023-11-21,Accesorios,Centro,27,46.41,1253.07
2023-11-22,Accesorios,Centro,42,45.78,1922.76
2023-11-23,Accesorios,Centro,31,47.66,1477.46
2023-11-24,Accesorios,Centro,28,48.45,1356.6
2023-11-25,Accesorios,Centro,32,48.11,1539.52
2023-11-26,Accesorios,Centro,36,46.87,1687.32
2023-11-27,Accesorios,Centro,35,44.92,1572.2
2023-11-28,Accesorios,Centro,37,45.4,1679.8
2023-11-29,Accesorios,Centro,28,45.28,1267.84
2023-11-30,Accesorios,Centro,32,44.38,1420.16
2023-12-01,Accesorios,Centro,26,42.54,1106.04
2023-12-02,Accesorios,Centro,33,40.52,1337.16
2023-12-03,Accesorios,Centro,33,41.46,1368.18
2023-12-04,Accesorios,Centro,37,44.48,1645.76
2023-12-05,Accesorios,Centro,27,45.03,1215.81
2023-12-06,Accesorios,Centro,32,46.02,1472.64
2023-12-07,Accesorios,Centro,20,45.24,904.8
2023-12-08,Accesorios,Centro,25,46.74,1168.5
2023-12-09,Accesorios,Centro,27,44.73,1207.71
2023-12-10,Accesorios,Centro,38,47.31,1797.78
2023-12-11,Accesorios,Centro,52,46.4,2412.8
2023-12-12,Accesorios,Centro,28,43.63,1221.64
2023-12-13,Accesorios,Centro,30,47.83,1434.9
2023-12-14,Accesorios,Centro,24,44.4,1065.6
2023-12-15,Accesorios,Centro,23,44.82,1030.86
2023-12-16,Accesorios,Centro,36,45.02,1620.72
2023-12-17,Accesorios,Centro,31,46.43,1439.33
2023-12-18,Accesorios,Centro,35,48.94,1712.9
2023-12-19,Accesorios,Centro,27,43.17,1165.59
2023-12-20,Accesorios,Centro,30,47.36,1420.8
2023-12-21,Accesorios,Centro,29,48.85,1416.65
2023-12-22,Accesorios,Centro,30,48.08,1442.4
2023-12-23,Accesorios,Centro,36,43.49,1565.64
2023-12-24,Accesorios,Centro,38,47.75,1814.5
2023-12-25,Accesorios,Centro,29,45.64,1323.56
2023-12-26,Accesorios,Centro,27,42.32,1142.64
2023-12-27,Accesorios,Centro,19,42.61,809.59
2023-12-28,Accesorios,Centro,16,42.0,672.0
2023-12-29,Accesorios,Centro,15,45.28,679.2
2023-12-30,Accesorios,Centro,19,45.61,866.59
2023-12-31,Accesorios,Centro,21,45.26,950.46
2024-01-01,Accesorios,Centro,30,42.97,1289.1
2024-01-02,Accesorios,Centro,21,42.6,894.6
2024-01-03,Accesorios,Centro,18,45.8,824.4
2024-01-04,Accesorios,Centro,18,46.59,838.62
2024-01-05,Accesorios,Centro,20,45.12,902.4
2024-01-06,Accesorios,Centro,21,43.05,904.05
2024-01-07,Accesorios,Centro,28,43.9,1229.2
2024-01-08,Accesorios,Centro,36,46.48,1673.28
2024-01-09,Accesorios,Centro,29,43.29,1255.41
2024-01-10,Accesorios,Centro,26,46.29,1203.54
2024-01-11,Accesorios,Centro,24,44.34,1064.16
2024-01-12,Accesorios,Centro,22,44.56,980.32
2024-01-13,Accesorios,Centro,25,47.51,1187.75
2024-01-14,Accesorios,Centro,23,45.16,1038.68
2024-01-15,Accesorios,Centro,26,43.32,1126.32
2024-01-16,Accesorios,Centro,28,41.87,1172.36
2024-01-17,Accesorios,Centro,31,40.68,1261.08
2024-01-18,Accesorios,Centro,22,45.27,995.94
2024-01-19,Accesorios,Centro,22,44.87,987.14
2024-01-20,Accesorios,Centro,22,48.67,1070.74
2024-01-21,Accesorios,Centro,33,45.93,1515.69
2024-01-22,Accesorios,Centro,28,46.22,1294.16
2024-01-23,Accesorios,Centro,30,43.82,1314.6
2024-01-24,Accesorios,Centro,24,43.47,1043.28
2024-01-25,Accesorios,Centro,17,46.71,794.07
2024-01-26,Accesorios,Centro,15,44.31,664.65
2024-01-27,Accesorios,Centro,23,43.04,989.92
2024-01-28,Accesorios,Centro,27,48.07,1297.89
2024-01-29,Accesorios,Centro,32,44.4,1420.8
2024-01-30,Accesorios,Centro,29,43.08,1249.32
2024-01-31,Accesorios,Centro,26,49.52,1287.52
2024-02-01,Accesorios,Centro,27,43.59,1176.93
2024-02-02,Accesorios,Centro,22,44.05,969.1
2024-02-03,Accesorios,Centro,30,48.03,1440.9
2024-02-04,Accesorios,Centro,23,49.52,1138.96
2024-02-05,Accesorios,Centro,35,45.28,1584.8
2024-02-06,Accesorios,Centro,27,48.79,1317.33
2024-02-07,Accesorios,Centro,25,44.74,1118.5
2024-02-08,Accesorios,Centro,17,43.02,731.34
2024-02-09,Accesorios,Centro,17,42.66,725.22
2024-02-10,Accesorios,Centro,25,48.2,1205.0
2024-02-11,Accesorios,Centro,27,46.31,1250.37
2024-02-12,Accesorios,Centro,33,45.73,1509.09
2024-02-13,Accesorios,Centro,27,43.38,1171.26
2024-02-14,Accesorios,Centro,30,44.17,1325.1
2024-02-15,Accesorios,Centro,20,46.01,920.2
2024-02-16,Accesorios,Centro,21,42.78,898.38
2024-02-17,Accesorios,Centro,30,42.27,1268.1
2024-02-18,Accesorios,Centro,26,44.01,1144.26
2024-02-19,Accesorios,Centro,32,45.21,1446.72
2024-02-20,Accesorios,Centro,24,44.44,1066.56
2024-02-21,Accesorios,Centro,25,48.63,1215.75
2024-02-22,Accesorios,Centro,19,48.71,925.49
2024-02-23,Accesorios,Centro,22,45.68,1004.96
2024-02-24,Accesorios,Centro,22,42.85,942.7
2024-02-25,Accesorios,Centro,34,45.95,1562.3
2024-02-26,Accesorios,Centro,31,44.05,1365.55
2024-02-27,Accesorios,Centro,24,38.73,929.52
2024-02-28,Accesorios,Centro,21,49.02,1029.42
2024-02-29,Accesorios,Centro,22,42.4,932.8
2024-03-01,Accesorios,Centro,20,49.54,990.8
2024-03-02,Accesorios,Centro,33,44.97,1484.01
2024-03-03,Accesorios,Centro,21,47.94,1006.74
2024-03-04,Accesorios,Centro,28,48.48,1357.44
2024-03-05,Accesorios,Centro,28,47.09,1318.52
2024-03-06,Accesorios,Centro,23,45.74,1052.02
2024-03-07,Accesorios,Centro,23,45.4,1044.2
2024-03-08,Accesorios,Centro,23,45.51,1046.73
2024-03-09,Accesorios,Centro,23,42.07,967.61
2024-03-10,Accesorios,Centro,31,43.5,1348.5
2024-03-11,Accesorios,Centro,39,40.69,1586.91
2024-03-12,Accesorios,Centro,29,44.1,1278.9
2024-03-13,Accesorios,Centro,20,41.74,834.8
2024-03-14,Accesorios,Centro,19,46.39,881.41
2024-03-15,Accesorios,Centro,19,40.09,761.71
2024-03-16,Accesorios,Centro,24,44.4,1065.6
2024-03-17,Accesorios,Centro,30,45.52,1365.6
2024-03-18,Accesorios,Centro,36,45.61,1641.96
2024-03-19,Accesorios,Centro,31,41.46,1285.26
2024-03-20,Accesorios,Centro,23,48.09,1106.07
2024-03-21,Accesorios,Centro,25,44.98,1124.5
2024-03-22,Accesorios,Centro,21,43.95,922.95
2024-03-23,Accesorios,Centro,24,42.51,1020.24
2024-03-24,Accesorios,Centro,27,44.69,1206.63
2024-03-25,Accesorios,Centro,26,41.47,1078.22
2024-03-26,Accesorios,Centro,24,45.22,1085.28
2024-03-27,Accesorios,Centro,19,41.03,779.57
2024-03-28,Accesorios,Centro,22,43.75,962.5
2024-03-29,Accesorios,Centro,22,44.16,971.52
2024-03-30,Accesorios,Centro,19,43.27,822.13
2024-03-31,Accesorios,Centro,22,43.66,960.52
2024-04-01,Accesorios,Centro,31,43.68,1354.08
2024-04-02,Accesorios,Centro,21,44.99,944.79
2024-04-03,Accesorios,Centro,26,47.25,1228.5
2024-04-04,Accesorios,Centro,17,48.15,818.55
2024-04-05,Accesorios,Centro,16,47.25,756.0
2024-04-06,Accesorios,Centro,24,48.11,1154.64
2024-04-07,Accesorios,Centro,28,47.42,1327.76
2024-04-08,Accesorios,Centro,22,44.86,986.92
2024-04-09,Accesorios,Centro,23,44.3,1018.9
2024-04-10,Accesorios,Centro,28,49.04,1373.12
2024-04-11,Accesorios,Centro,19,45.07,856.33
2024-04-12,Accesorios,Centro,20,42.49,849.8
2024-04-13,Accesorios,Centro,22,46.21,1016.62
2024-04-14,Accesorios,Centro,23,48.75,1121.25
2024-04-15,Accesorios,Centro,28,46.95,1314.6
2024-04-16,Accesorios,Centro,21,44.57,935.97
2024-04-17,Accesorios,Centro,22,47.65,1048.3
2024-04-18,Accesorios,Centro,13,42.65,554.45
2024-04-19,Accesorios,Centro,20,45.96,919.2
2024-04-20,Accesorios,Centro,22,44.38,976.36
2024-04-21,Accesorios,Centro,28,43.49,1217.72
2024-04-22,Accesorios,Centro,27,43.25,1167.75
2024-04-23,Accesorios,Centro,23,45.46,1045.58
2024-04-24,Accesorios,Centro,22,45.0,990.0
2024-04-25,Accesorios,Centro,22,47.29,1040.38
2024-04-26,Accesorios,Centro,15,42.75,641.25
2024-04-27,Accesorios,Centro,24,51.34,1232.16
2024-04-28,Accesorios,Centro,22,45.58,1002.76
2024-04-29,Accesorios,Centro,23,45.86,1054.78
2024-04-30,Accesorios,Centro,25,46.83,1170.75
2024-05-01,Accesorios,Centro,21,41.57,872.97
2024-05-02,Accesorios,Centro,18,49.65,893.7
2024-05-03,Accesorios,Centro,14,43.52,609.28
2024-05-04,Accesorios,Centro,21,47.2,991.2
2024-05-05,Accesorios,Centro,17,46.15,784.55
2024-05-06,Accesorios,Centro,27,44.25,1194.75
2024-05-07,Accesorios,Centro,23,46.74,1075.02
2024-05-08,Accesorios,Centro,17,44.67,759.39
2024-05-09,Accesorios,Centro,22,45.9,1009.8
2024-05-10,Accesorios,Centro,19,46.55,884.45
2024-05-11,Accesorios,Centro,23,45.08,1036.84
2024-05-12,Accesorios,Centro,24,45.7,1096.8
2024-05-13,Accesorios,Centro,18,43.72,786.96
2024-05-14,Accesorios,Centro,17,42.99,730.83
2024-05-15,Accesorios,Centro,28,47.06,1317.68
2024-05-16,Accesorios,Centro,14,43.22,605.08
2024-05-17,Accesorios,Centro,17,48.42,823.14
2024-05-18,Accesorios,Centro,19,42.97,816.43
2024-05-19,Accesorios,Centro,28,45.07,1261.96
2024-05-20,Accesorios,Centro,25,46.44,1161.0
2024-05-21,Accesorios,Centro,16,47.6,761.6
2024-05-22,Accesorios,Centro,18,45.42,817.56
2024-05-23,Accesorios,Centro,12,49.7,596.4
2024-05-24,Accesorios,Centro,19,41.36,785.84
2024-05-25,Accesorios,Centro,19,40.12,762.28
2024-05-26,Accesorios,Centro,22,41.58,914.76
2024-05-27,Accesorios,Centro,26,41.51,1079.26
2024-05-28,Accesorios,Centro,26,42.14,1095.64
2024-05-29,Accesorios,Centro,20,43.73,874.6
2024-05-30,Accesorios,Centro,11,43.8,481.8
2024-05-31,Accesorios,Centro,14,44.03,616.42
2024-06-01,Accesorios,Centro,21,42.26,887.46
2024-06-02,Accesorios,Centro,22,44.99,989.78
2024-06-03,Accesorios,Centro,24,46.75,1122.0
2024-06-04,Accesorios,Centro,21,43.9,921.9
2024-06-05,Accesorios,Centro,14,44.35,620.9
2024-06-06,Accesorios,Centro,16,47.18,754.88
2024-06-07,Accesorios,Centro,16,46.83,749.28
2024-06-08,Accesorios,Centro,15,43.91,658.65
2024-06-09,Accesorios,Centro,15,47.7,715.5
2024-06-10,Accesorios,Centro,21,44.28,929.88
2024-06-11,Accesorios,Centro,19,46.38,881.22
2024-06-12,Accesorios,Centro,18,42.32,761.76
2024-06-13,Accesorios,Centro,13,43.22,561.86
2024-06-14,Accesorios,Centro,11,42.22,464.42
2024-06-15,Accesorios,Centro,14,44.87,628.18
2024-06-16,Accesorios,Centro,15,43.84,657.6
2024-06-17,Accesorios,Centro,22,43.22,950.84
2024-06-18,Accesorios,Centro,17,45.55,774.35
2024-06-19,Accesorios,Centro,16,47.09,753.44
2024-06-20,Accesorios,Centro,13,44.62,580.06
2024-06-21,Accesorios,Centro,13,45.48,591.24
2024-06-22,Accesorios,Centro,15,44.8,672.0
2024-06-23,Accesorios,Centro,18,42.81,770.58
2024-06-24,Accesorios,Centro,20,43.95,879.0
2024-06-25,Accesorios,Centro,15,48.11,721.65
2024-06-26,Accesorios,Centro,14,44.12,617.68
2024-06-27,Accesorios,Centro,12,49.44,593.28
2024-06-28,Accesorios,Centro,14,43.88,614.32
2024-06-29,Accesorios,Centro,15,43.38,650.7
2024-06-30,Accesorios,Centro,14,49.69,695.66
2024-07-01,Accesorios,Centro,18,48.1,865.8
2024-07-02,Accesorios,Centro,18,43.69,786.42
2024-07-03,Accesorios,Centro,15,44.64,669.6
2024-07-04,Accesorios,Centro,12,40.14,481.68
2024-07-05,Accesorios,Centro,13,46.51,604.63
2024-07-06,Accesorios,Centro,14,43.71,611.94
2024-07-07,Accesorios,Centro,19,44.74,850.06
2024-07-08,Accesorios,Centro,13,42.3,549.9
2024-07-09,Accesorios,Centro,20,47.66,953.2
2024-07-10,Accesorios,Centro,18,43.36,780.48
2024-07-11,Accesorios,Centro,14,45.84,641.76
2024-07-12,Accesorios,Centro,11,44.69,491.59
2024-07-13,Accesorios,Centro,15,48.35,725.25
2024-07-14,Accesorios,Centro,17,46.84,796.28
2024-07-15,Accesorios,Centro,21,45.22,949.62
2024-07-16,Accesorios,Centro,16,44.51,712.16
2024-07-17,Accesorios,Centro,13,42.52,552.76
2024-07-18,Accesorios,Centro,14,41.2,576.8
2024-07-19,Accesorios,Centro,12,41.97,503.64
2024-07-20,Accesorios,Centro,17,45.66,776.22
2024-07-21,Accesorios,Centro,18,46.8,842.4
2024-07-22,Accesorios,Centro,14,47.56,665.84
2024-07-23,Accesorios,Centro,15,44.91,673.65
2024-07-24,Accesorios,Centro,14,45.1,631.4
2024-07-25,Accesorios,Centro,10,43.92,439.2
2024-07-26,Accesorios,Centro,11,44.12,485.32
2024-07-27,Accesorios,Centro,12,46.49,557.88
2024-07-28,Accesorios,Centro,16,43.37,693.92
2024-07-29,Accesorios,Centro,17,45.46,772.82
2024-07-30,Accesorios,Centro,10,45.29,452.9
2024-07-31,Accesorios,Centro,16,44.92,718.72
2024-08-01,Accesorios,Centro,9,44.82,403.38
2024-08-02,Accesorios,Centro,12,47.5,570.0
2024-08-03,Accesorios,Centro,14,46.19,646.66
2024-08-04,Accesorios,Centro,18,45.76,823.68
2024-08-05,Accesorios,Centro,17,46.56,791.52
2024-08-06,Accesorios,Centro,13,44.01,572.13
2024-08-07,Accesorios,Centro,13,47.44,616.72
2024-08-08,Accesorios,Centro,14,47.43,664.02
2024-08-09,Accesorios,Centro,12,43.93,527.16
2024-08-10,Accesorios,Centro,15,45.21,678.15
2024-08-11,Accesorios,Centro,17,44.49,756.33
2024-08-12,Accesorios,Centro,18,46.53,837.54
2024-08-13,Accesorios,Centro,12,45.87,550.44
2024-08-14,Accesorios,Centro,15,42.72,640.8
2024-08-15,Accesorios,Centro,11,44.72,491.92
2024-08-16,Accesorios,Centro,11,48.1,529.1
2024-08-17,Accesorios,Centro,12,44.32,531.84
2024-08-18,Accesorios,Centro,12,47.18,566.16
2024-08-19,Accesorios,Centro,17,48.62,826.54
2024-08-20,Accesorios,Centro,12,44.98,539.76
2024-08-21,Accesorios,Centro,16,47.97,767.52
2024-08-22,Accesorios,Centro,13,42.57,553.41
2024-08-23,Accesorios,Centro,16,45.47,727.52
2024-08-24,Accesorios,Centro,13,45.97,597.61
2024-08-25,Accesorios,Centro,17,43.84,745.28
2024-08-26,Accesorios,Centro,14,44.07,616.98
2024-08-27,Accesorios,Centro,13,46.22,600.86
2024-08-28,Accesorios,Centro,11,45.39,499.29
2024-08-29,Accesorios,Centro,10,46.09,460.9
2024-08-30,Accesorios,Centro,12,51.34,616.08
2024-08-31,Accesorios,Centro,11,44.6,490.6
2024-09-01,Accesorios,Centro,13,42.1,547.3
2024-09-02,Accesorios,Centro,16,43.28,692.48
2024-09-03,Accesorios,Centro,18,44.85,807.3
2024-09-04,Accesorios,Centro,17,41.79,710.43
2024-09-05,Accesorios,Centro,12,45.53,546.36
2024-09-06,Accesorios,Centro,13,48.28,627.64
2024-09-07,Accesorios,Centro,12,48.71,584.52
2024-09-08,Accesorios,Centro,15,45.07,676.05
2024-09-09,Accesorios,Centro,13,46.29,601.77
2024-09-10,Accesorios,Centro,19,47.17,896.23
2024-09-11,Accesorios,Centro,11,51.25,563.75
2024-09-12,Accesorios,Centro,12,45.18,542.16
2024-09-13,Accesorios,Centro,12,43.03,516.36
2024-09-14,Accesorios,Centro,15,44.28,664.2
2024-09-15,Accesorios,Centro,18,43.24,778.32
2024-09-16,Accesorios,Centro,15,45.86,687.9
2024-09-17,Accesorios,Centro,19,46.73,887.87
2024-09-18,Accesorios,Centro,15,45.11,676.65
2024-09-19,Accesorios,Centro,13,43.29,562.77
2024-09-20,Accesorios,Centro,12,43.61,523.32
2024-09-21,Accesorios,Centro,15,47.1,706.5
2024-09-22,Accesorios,Centro,19,43.84,832.96
2024-09-23,Accesorios,Centro,17,50.78,863.26
2024-09-24,Accesorios,Centro,13,42.83,556.79
2024-09-25,Accesorios,Centro,14,42.7,597.8
2024-09-26,Accesorios,Centro,12,42.9,514.8
2024-09-27,Accesorios,Centro,11,47.78,525.58
2024-09-28,Accesorios,Centro,12,44.38,532.56
2024-09-29,Accesorios,Centro,13,44.16,574.08
2024-09-30,Accesorios,Centro,17,49.12,835.04
2024-10-01,Accesorios,Centro,18,39.2,705.6
2024-10-02,Accesorios,Centro,15,45.69,685.35
2024-10-03,Accesorios,Centro,13,44.41,577.33
2024-10-04,Accesorios,Centro,10,50.63,506.3
2024-10-05,Accesorios,Centro,15,43.9,658.5
2024-10-06,Accesorios,Centro,20,43.26,865.2
2024-10-07,Accesorios,Centro,21,46.54,977.34
2024-10-08,Accesorios,Centro,20,45.75,915.0
2024-10-09,Accesorios,Centro,16,46.32,741.12
2024-10-10,Accesorios,Centro,15,44.11,661.65
2024-10-11,Accesorios,Centro,12,43.64,523.68
2024-10-12,Accesorios,Centro,13,42.91,557.83
2024-10-13,Accesorios,Centro,17,45.61,775.37
2024-10-14,Accesorios,Centro,16,45.41,726.56
2024-10-15,Accesorios,Centro,18,45.81,824.58
2024-10-16,Accesorios,Centro,15,50.52,757.8
2024-10-17,Accesorios,Centro,16,48.49,775.84
2024-10-18,Accesorios,Centro,14,44.91,628.74
2024-10-19,Accesorios,Centro,23,43.98,1011.54
2024-10-20,Accesorios,Centro,18,47.8,860.4
2024-10-21,Accesorios,Centro,25,46.72,1168.0
2024-10-22,Accesorios,Centro,20,45.74,914.8
2024-10-23,Accesorios,Centro,16,46.56,744.96
2024-10-24,Accesorios,Centro,14,42.79,599.06
2024-10-25,Accesorios,Centro,15,46.87,703.05
2024-10-26,Accesorios,Centro,19,43.8,832.2
2024-10-27,Accesorios,Centro,24,44.72,1073.28
2024-10-28,Accesorios,Centro,21,46.69,980.49
2024-10-29,Accesorios,Centro,15,47.09,706.35
2024-10-30,Accesorios,Centro,15,40.31,604.65
2024-10-31,Accesorios,Centro,14,48.63,680.82
2024-11-01,Accesorios,Centro,14,47.17,660.38
2024-11-02,Accesorios,Centro,19,43.19,820.61
2024-11-03,Accesorios,Centro,23,44.12,1014.76
2024-11-04,Accesorios,Centro,26,45.54,1184.04
2024-11-05,Accesorios,Centro,22,44.2,972.4
2024-11-06,Accesorios,Centro,14,42.12,589.68
2024-11-07,Accesorios,Centro,13,43.07,559.91
2024-11-08,Accesorios,Centro,18,46.56,838.08
2024-11-09,Accesorios,Centro,21,42.67,896.07
2024-11-10,Accesorios,Centro,23,44.92,1033.16
2024-11-11,Accesorios,Centro,21,46.06,967.26
2024-11-12,Accesorios,Centro,23,45.65,1049.95
2024-11-13,Accesorios,Centro,18,44.25,796.5
2024-11-14,Accesorios,Centro,19,43.67,829.73
2024-11-15,Accesorios,Centro,33,42.56,1404.48
2024-11-16,Accesorios,Centro,46,45.83,2108.18
2024-11-17,Accesorios,Centro,48,43.02,2064.96
2024-11-18,Accesorios,Centro,34,49.67,1688.78
2024-11-19,Accesorios,Centro,41,44.49,1824.09
2024-11-20,Accesorios,Centro,39,45.6,1778.4
2024-11-21,Accesorios,Centro,36,43.54,1567.44
2024-11-22,Accesorios,Centro,26,46.5,1209.0
2024-11-23,Accesorios,Centro,35,40.73,1425.55
2024-11-24,Accesorios,Centro,38,45.96,1746.48
2024-11-25,Accesorios,Centro,53,44.48,2357.44
2024-11-26,Accesorios,Centro,39,51.21,1997.19
2024-11-27,Accesorios,Centro,36,44.9,1616.4
2024-11-28,Accesorios,Centro,37,43.23,1599.51
2024-11-29,Accesorios,Centro,35,47.16,1650.6
2024-11-30,Accesorios,Centro,45,45.43,2044.35
2024-12-01,Accesorios,Centro,40,41.82,1672.8
2024-12-02,Accesorios,Centro,43,48.8,2098.4
2024-12-03,Accesorios,Centro,42,42.2,1772.4
2024-12-04,Accesorios,Centro,29,44.11,1279.19
2024-12-05,Accesorios,Centro,27,45.74,1234.98
2024-12-06,Accesorios,Centro,30,45.26,1357.8
2024-12-07,Accesorios,Centro,38,46.97,1784.86
2024-12-08,Accesorios,Centro,32,42.04,1345.28
2024-12-09,Accesorios,Centro,41,44.59,1828.19
2024-12-10,Accesorios,Centro,51,43.15,2200.65
2024-12-11,Accesorios,Centro,33,46.45,1532.85
2024-12-12,Accesorios,Centro,27,47.15,1273.05
2024-12-13,Accesorios,Centro,30,44.29,1328.7
2024-12-14,Accesorios,Centro,36,44.73,1610.28
2024-12-15,Accesorios,Centro,44,43.86,1929.84
2024-12-16,Accesorios,Centro,40,42.61,1704.4
2024-12-17,Accesorios,Centro,39,46.41,1809.99
2024-12-18,Accesorios,Centro,36,42.85,1542.6
2024-12-19,Accesorios,Centro,29,44.97,1304.13
2024-12-20,Accesorios,Centro,29,46.4,1345.6
2024-12-21,Accesorios,Centro,27,41.64,1124.28
2024-12-22,Accesorios,Centro,40,45.37,1814.8
2024-12-23,Accesorios,Centro,52,42.62,2216.24
2024-12-24,Accesorios,Centro,43,45.85,1971.55
2024-12-25,Accesorios,Centro,21,45.16,948.36
2024-12-26,Accesorios,Centro,26,43.41,1128.66
2024-12-27,Accesorios,Centro,26,45.66,1187.16
2024-12-28,Accesorios,Centro,24,46.17,1108.08
2024-12-29,Accesorios,Centro,30,42.27,1268.1
2024-12-30,Accesorios,Centro,35,45.26,1584.1
2023-01-01,Accesorios,Sur,34,44.22,1503.48
2023-01-02,Accesorios,Sur,45,48.05,2162.25
2023-01-03,Accesorios,Sur,36,39.03,1405.08
2023-01-04,Accesorios,Sur,30,47.0,1410.0
2023-01-05,Accesorios,Sur,28,40.26,1127.28
2023-01-06,Accesorios,Sur,27,44.96,1213.92
2023-01-07,Accesorios,Sur,34,47.14,1602.76
2023-01-08,Accesorios,Sur,28,46.25,1295.0
2023-01-09,Accesorios,Sur,33,43.54,1436.82
2023-01-10,Accesorios,Sur,32,46.06,1473.92
2023-01-11,Accesorios,Sur,29,43.25,1254.25
2023-01-12,Accesorios,Sur,27,42.07,1135.89
2023-01-13,Accesorios,Sur,37,42.89,1586.93
2023-01-14,Accesorios,Sur,34,42.89,1458.26
2023-01-15,Accesorios,Sur,28,46.47,1301.16
2023-01-16,Accesorios,Sur,50,51.06,2553.0
2023-01-17,Accesorios,Sur,31,45.81,1420.11
2023-01-18,Accesorios,Sur,42,43.85,1841.7
2023-01-19,Accesorios,Sur,25,42.08,1052.0
2023-01-20,Accesorios,Sur,34,43.48,1478.32
2023-01-21,Accesorios,Sur,37,42.42,1569.54
2023-01-22,Accesorios,Sur,42,42.6,1789.2
2023-01-23,Accesorios,Sur,48,43.51,2088.48
2023-01-24,Accesorios,Sur,42,44.68,1876.56
2023-01-25,Accesorios,Sur,28,42.89,1200.92
2023-01-26,Accesorios,Sur,29,47.63,1381.27
2023-01-27,Accesorios,Sur,29,47.84,1387.36
2023-01-28,Accesorios,Sur,45,44.77,2014.65
2023-01-29,Accesorios,Sur,53,40.54,2148.62
2023-01-30,Accesorios,Sur,37,45.71,1691.27
2023-01-31,Accesorios,Sur,34,46.68,1587.12
2023-02-01,Accesorios,Sur,37,42.75,1581.75
2023-02-02,Accesorios,Sur,28,41.91,1173.48
2023-02-03,Accesorios,Sur,32,48.6,1555.2
2023-02-04,Accesorios,Sur,40,43.28,1731.2
2023-02-05,Accesorios,Sur,44,43.62,1919.28
2023-02-06,Accesorios,Sur,45,43.02,1935.9
2023-02-07,Accesorios,Sur,46,43.33,1993.18
2023-02-08,Accesorios,Sur,24,43.81,1051.44
2023-02-09,Accesorios,Sur,30,44.68,1340.4
2023-02-10,Accesorios,Sur,31,42.32,1311.92
2023-02-11,Accesorios,Sur,34,39.41,1339.94
2023-02-12,Accesorios,Sur,36,45.64,1643.04
2023-02-13,Accesorios,Sur,43,43.49,1870.07
2023-02-14,Accesorios,Sur,39,41.93,1635.27
2023-02-15,Accesorios,Sur,39,45.01,1755.39
2023-02-16,Accesorios,Sur,23,44.81,1030.63
2023-02-17,Accesorios,Sur,28,47.27,1323.56
2023-02-18,Accesorios,Sur,33,39.21,1293.93
2023-02-19,Accesorios,Sur,53,44.74,2371.22
2023-02-20,Accesorios,Sur,50,43.85,2192.5
2023-02-21,Accesorios,Sur,41,42.63,1747.83
2023-02-22,Accesorios,Sur,43,46.82,2013.26
2023-02-23,Accesorios,Sur,27,45.55,1229.85
2023-02-24,Accesorios,Sur,37,44.79,1657.23
2023-02-25,Accesorios,Sur,50,43.02,2151.0
2023-02-26,Accesorios,Sur,32,46.96,1502.72
2023-02-27,Accesorios,Sur,41,40.78,1671.98
2023-02-28,Accesorios,Sur,36,47.19,1698.84
2023-03-01,Accesorios,Sur,34,43.01,1462.34
2023-03-02,Accesorios,Sur,35,44.18,1546.3
2023-03-03,Accesorios,Sur,29,47.94,1390.26
2023-03-04,Accesorios,Sur,32,47.82,1530.24
2023-03-05,Accesorios,Sur,33,45.69,1507.77
2023-03-06,Accesorios,Sur,46,45.72,2103.12
2023-03-07,Accesorios,Sur,43,44.35,1907.05
2023-03-08,Accesorios,Sur,29,47.1,1365.9
2023-03-09,Accesorios,Sur,28,46.18,1293.04
2023-03-10,Accesorios,Sur,31,46.5,1441.5
2023-03-11,Accesorios,Sur,39,42.7,1665.3
2023-03-12,Accesorios,Sur,44,45.37,1996.28
2023-03-13,Accesorios,Sur,50,44.69,2234.5
2023-03-14,Accesorios,Sur,35,43.2,1512.0
2023-03-15,Accesorios,Sur,28,44.96,1258.88
2023-03-16,Accesorios,Sur,24,48.28,1158.72
2023-03-17,Accesorios,Sur,30,46.15,1384.5
2023-03-18,Accesorios,Sur,40,44.72,1788.8
2023-03-19,Accesorios,Sur,43,44.12,1897.16
2023-03-20,Accesorios,Sur,40,44.06,1762.4
2023-03-21,Accesorios,Sur,42,45.36,1905.12
2023-03-22,Accesorios,Sur,28,44.9,1257.2
2023-03-23,Accesorios,Sur,37,47.48,1756.76
2023-03-24,Accesorios,Sur,32,44.02,1408.64
2023-03-25,Accesorios,Sur,39,47.33,1845.87
2023-03-26,Accesorios,Sur,47,43.93,2064.71
2023-03-27,Accesorios,Sur,39,47.42,1849.38
2023-03-28,Accesorios,Sur,39,49.99,1949.61
2023-03-29,Accesorios,Sur,34,50.11,1703.74
2023-03-30,Accesorios,Sur,25,47.76,1194.0
2023-03-31,Accesorios,Sur,24,49.86,1196.64
2023-04-01,Accesorios,Sur,46,42.84,1970.64
2023-04-02,Accesorios,Sur,41,42.96,1761.36
2023-04-03,Accesorios,Sur,33,45.35,1496.55
2023-04-04,Accesorios,Sur,31,46.41,1438.71
2023-04-05,Accesorios,Sur,28,44.88,1256.64
2023-04-06,Accesorios,Sur,35,45.32,1586.2
2023-04-07,Accesorios,Sur,29,47.17,1367.93
2023-04-08,Accesorios,Sur,43,44.61,1918.23
2023-04-09,Accesorios,Sur,45,43.75,1968.75
2023-04-10,Accesorios,Sur,29,46.17,1338.93
2023-04-11,Accesorios,Sur,47,45.77,2151.19
2023-04-12,Accesorios,Sur,24,44.04,1056.96
2023-04-13,Accesorios,Sur,33,44.03,1452.99
2023-04-14,Accesorios,Sur,25,46.39,1159.75
2023-04-15,Accesorios,Sur,39,43.49,1696.11
2023-04-16,Accesorios,Sur,36,41.8,1504.8
2023-04-17,Accesorios,Sur,39,41.98,1637.22
2023-04-18,Accesorios,Sur,40,42.26,1690.4
2023-04-19,Accesorios,Sur,29,42.31,1226.99
2023-04-20,Accesorios,Sur,18,45.94,826.92
2023-04-21,Accesorios,Sur,33,44.26,1460.58
2023-04-22,Accesorios,Sur,34,46.38,1576.92
2023-04-23,Accesorios,Sur,35,45.34,1586.9
2023-04-24,Accesorios,Sur,28,44.91,1257.48
2023-04-25,Accesorios,Sur,30,45.43,1362.9
2023-04-26,Accesorios,Sur,29,46.68,1353.72
2023-04-27,Accesorios,Sur,25,43.4,1085.0
2023-04-28,Accesorios,Sur,31,46.17,1431.27
2023-04-29,Accesorios,Sur,36,45.81,1649.16
2023-04-30,Accesorios,Sur,37,47.29,1749.73
2023-05-01,Accesorios,Sur,40,40.44,1617.6
2023-05-02,Accesorios,Sur,30,46.37,1391.1
2023-05-03,Accesorios,Sur,31,46.12,1429.72
2023-05-04,Accesorios,Sur,27,43.4,1171.8
2023-05-05,Accesorios,Sur,29,43.83,1271.07
2023-05-06,Accesorios,Sur,34,43.34,1473.56
2023-05-07,Accesorios,Sur,45,44.18,1988.1
2023-05-08,Accesorios,Sur,30,46.63,1398.9
2023-05-09,Accesorios,Sur,42,43.83,1840.86
2023-05-10,Accesorios,Sur,22,48.55,1068.1
2023-05-11,Accesorios,Sur,25,42.68,1067.0
2023-05-12,Accesorios,Sur,28,40.68,1139.04
2023-05-13,Accesorios,Sur,22,42.62,937.64
2023-05-14,Accesorios,Sur,32,44.57,1426.24
2023-05-15,Accesorios,Sur,33,45.53,1502.49
2023-05-16,Accesorios,Sur,35,45.79,1602.65
2023-05-17,Accesorios,Sur,24,42.39,1017.36
2023-05-18,Accesorios,Sur,28,44.77,1253.56
2023-05-19,Accesorios,Sur,30,44.14,1324.2
2023-05-20,Accesorios,Sur,32,47.92,1533.44
2023-05-21,Accesorios,Sur,34,43.86,1491.24
2023-05-22,Accesorios,Sur,37,45.96,1700.52
2023-05-23,Accesorios,Sur,37,45.42,1680.54
2023-05-24,Accesorios,Sur,24,48.09,1154.16
2023-05-25,Accesorios,Sur,25,46.12,1153.0
2023-05-26,Accesorios,Sur,19,42.61,809.59
2023-05-27,Accesorios,Sur,31,49.61,1537.91
2023-05-28,Accesorios,Sur,34,45.47,1545.98
2023-05-29,Accesorios,Sur,28,48.2,1349.6
2023-05-30,Accesorios,Sur,28,45.83,1283.24
2023-05-31,Accesorios,Sur,28,45.13,1263.64
2023-06-01,Accesorios,Sur,23,45.46,1045.58
2023-06-02,Accesorios,Sur,19,40.89,776.91
2023-06-03,Accesorios,Sur,22,42.6,937.2
2023-06-04,Accesorios,Sur,32,45.82,1466.24
2023-06-05,Accesorios,Sur,28,48.89,1368.92
2023-06-06,Accesorios,Sur,31,42.81,1327.11
2023-06-07,Accesorios,Sur,19,46.46,882.74
2023-06-08,Accesorios,Sur,22,47.29,1040.38
2023-06-09,Accesorios,Sur,22,46.34,1019.48
2023-06-10,Accesorios,Sur,23,43.84,1008.32
2023-06-11,Accesorios,Sur,23,45.63,1049.49
2023-06-12,Accesorios,Sur,28,40.81,1142.68
2023-06-13,Accesorios,Sur,32,49.58,1586.56
2023-06-14,Accesorios,Sur,14,50.21,702.94
2023-06-15,Accesorios,Sur,18,45.46,818.28
2023-06-16,Accesorios,Sur,19,44.7,849.3
2023-06-17,Accesorios,Sur,28,45.74,1280.72
2023-06-18,Accesorios,Sur,29,48.6,1409.4
2023-06-19,Accesorios,Sur,41,45.38,1860.58
2023-06-20,Accesorios,Sur,26,43.39,1128.14
2023-06-21,Accesorios,Sur,23,46.31,1065.13
2023-06-22,Accesorios,Sur,20,45.55,911.0
2023-06-23,Accesorios,Sur,19,45.39,862.41
2023-06-24,Accesorios,Sur,22,45.92,1010.24
2023-06-25,Accesorios,Sur,35,43.43,1520.05
2023-06-26,Accesorios,Sur,36,43.32,1559.52
2023-06-27,Accesorios,Sur,26,40.7,1058.2
2023-06-28,Accesorios,Sur,18,44.26,796.68
2023-06-29,Accesorios,Sur,22,44.01,968.22
2023-06-30,Accesorios,Sur,21,43.78,919.38
2023-07-01,Accesorios,Sur,25,47.04,1176.0
2023-07-02,Accesorios,Sur,21,48.84,1025.64
2023-07-03,Accesorios,Sur,31,42.17,1307.27
2023-07-04,Accesorios,Sur,21,47.6,999.6
2023-07-05,Accesorios,Sur,21,43.62,916.02
2023-07-06,Accesorios,Sur,14,44.49,622.86
2023-07-07,Accesorios,Sur,16,43.62,697.92
2023-07-08,Accesorios,Sur,23,43.19,993.37
2023-07-09,Accesorios,Sur,22,47.83,1052.26
2023-07-10,Accesorios,Sur,31,43.2,1339.2
2023-07-11,Accesorios,Sur,24,48.11,1154.64
2023-07-12,Accesorios,Sur,17,46.3,787.1
2023-07-13,Accesorios,Sur,22,46.18,1015.96
2023-07-14,Accesorios,Sur,17,43.22,734.74
2023-07-15,Accesorios,Sur,20,49.97,999.4
2023-07-16,Accesorios,Sur,33,45.05,1486.65
2023-07-17,Accesorios,Sur,28,43.02,1204.56
2023-07-18,Accesorios,Sur,24,44.38,1065.12
2023-07-19,Accesorios,Sur,20,44.35,887.0
2023-07-20,Accesorios,Sur,11,44.74,492.14
2023-07-21,Accesorios,Sur,16,45.51,728.16
2023-07-22,Accesorios,Sur,22,44.4,976.8
2023-07-23,Accesorios,Sur,23,42.63,980.49
2023-07-24,Accesorios,Sur,19,42.24,802.56
2023-07-25,Accesorios,Sur,26,45.17,1174.42
2023-07-26,Accesorios,Sur,17,39.83,677.11
2023-07-27,Accesorios,Sur,16,49.16,786.56
2023-07-28,Accesorios,Sur,18,44.39,799.02
2023-07-29,Accesorios,Sur,18,46.82,842.76
2023-07-30,Accesorios,Sur,25,44.46,1111.5
2023-07-31,Accesorios,Sur,21,48.02,1008.42
2023-08-01,Accesorios,Sur,26,43.2,1123.2
2023-08-02,Accesorios,Sur,20,49.43,988.6
2023-08-03,Accesorios,Sur,18,45.05,810.9
2023-08-04,Accesorios,Sur,18,41.67,750.06
2023-08-05,Accesorios,Sur,29,43.36,1257.44
2023-08-06,Accesorios,Sur,23,45.45,1045.35
2023-08-07,Accesorios,Sur,22,43.82,964.04
2023-08-08,Accesorios,Sur,22,47.54,1045.88
2023-08-09,Accesorios,Sur,15,42.44,636.6
2023-08-10,Accesorios,Sur,12,42.68,512.16
2023-08-11,Accesorios,Sur,14,42.93,601.02
2023-08-12,Accesorios,Sur,13,45.39,590.07
2023-08-13,Accesorios,Sur,23,46.15,1061.45
2023-08-14,Accesorios,Sur,27,42.29,1141.83
2023-08-15,Accesorios,Sur,20,46.68,933.6
2023-08-16,Accesorios,Sur,18,46.6,838.8
2023-08-17,Accesorios,Sur,14,45.0,630.0
2023-08-18,Accesorios,Sur,21,42.85,899.85
2023-08-19,Accesorios,Sur,23,45.66,1050.18
2023-08-20,Accesorios,Sur,24,43.46,1043.04
2023-08-21,Accesorios,Sur,23,45.74,1052.02
2023-08-22,Accesorios,Sur,23,43.46,999.58
2023-08-23,Accesorios,Sur,21,43.6,915.6
2023-08-24,Accesorios,Sur,13,41.9,544.7
2023-08-25,Accesorios,Sur,15,45.87,688.05
2023-08-26,Accesorios,Sur,18,44.45,800.1
2023-08-27,Accesorios,Sur,20,46.77,935.4
2023-08-28,Accesorios,Sur,23,48.55,1116.65
2023-08-29,Accesorios,Sur,24,43.7,1048.8
2023-08-30,Accesorios,Sur,19,42.17,801.23
2023-08-31,Accesorios,Sur,15,46.0,690.0
2023-09-01,Accesorios,Sur,12,48.03,576.36
2023-09-02,Accesorios,Sur,17,42.87,728.79
2023-09-03,Accesorios,Sur,22,43.05,947.1
2023-09-04,Accesorios,Sur,27,44.22,1193.94
2023-09-05,Accesorios,Sur,24,48.56,1165.44
2023-09-06,Accesorios,Sur,16,43.4,694.4
2023-09-07,Accesorios,Sur,17,46.27,786.59
2023-09-08,Accesorios,Sur,12,44.64,535.68
2023-09-09,Accesorios,Sur,21,47.85,1004.85
2023-09-10,Accesorios,Sur,28,45.88,1284.64
2023-09-11,Accesorios,Sur,26,46.62,1212.12
2023-09-12,Accesorios,Sur,17,44.59,758.03
2023-09-13,Accesorios,Sur,18,42.96,773.28
2023-09-14,Accesorios,Sur,21,46.28,971.88
2023-09-15,Accesorios,Sur,17,46.47,789.99
2023-09-16,Accesorios,Sur,21,43.61,915.81
2023-09-17,Accesorios,Sur,24,44.51,1068.24
2023-09-18,Accesorios,Sur,28,46.16,1292.48
2023-09-19,Accesorios,Sur,18,40.94,736.92
2023-09-20,Accesorios,Sur,23,44.08,1013.84
2023-09-21,Accesorios,Sur,19,45.16,858.04
2023-09-22,Accesorios,Sur,15,44.71,670.65
2023-09-23,Accesorios,Sur,23,46.05,1059.15
2023-09-24,Accesorios,Sur,27,40.57,1095.39
2023-09-25,Accesorios,Sur,22,45.06,991.32
2023-09-26,Accesorios,Sur,20,41.69,833.8
2023-09-27,Accesorios,Sur,17,46.69,793.73
2023-09-28,Accesorios,Sur,22,44.31,974.82
2023-09-29,Accesorios,Sur,21,42.82,899.22
2023-09-30,Accesorios,Sur,19,42.12,800.28
2023-10-01,Accesorios,Sur,24,46.35,1112.4
2023-10-02,Accesorios,Sur,31,44.96,1393.76
2023-10-03,Accesorios,Sur,22,46.26,1017.72
2023-10-04,Accesorios,Sur,23,44.35,1020.05
2023-10-05,Accesorios,Sur,16,40.67,650.72
2023-10-06,Accesorios,Sur,17,48.1,817.7
2023-10-07,Accesorios,Sur,22,46.14,1015.08
2023-10-08,Accesorios,Sur,22,47.03,1034.66
2023-10-09,Accesorios,Sur,25,41.44,1036.0
2023-10-10,Accesorios,Sur,20,51.08,1021.6
2023-10-11,Accesorios,Sur,18,46.79,842.22
2023-10-12,Accesorios,Sur,23,50.5,1161.5
2023-10-13,Accesorios,Sur,14,45.12,631.68
2023-10-14,Accesorios,Sur,22,45.79,1007.38
2023-10-15,Accesorios,Sur,33,45.95,1516.35
2023-10-16,Accesorios,Sur,20,42.04,840.8
2023-10-17,Accesorios,Sur,26,45.94,1194.44
2023-10-18,Accesorios,Sur,24,45.53,1092.72
2023-10-19,Accesorios,Sur,21,45.21,949.41
2023-10-20,Accesorios,Sur,22,44.6,981.2
2023-10-21,Accesorios,Sur,26,44.86,1166.36
2023-10-22,Accesorios,Sur,28,48.53,1358.84
2023-10-23,Accesorios,Sur,34,44.02,1496.68
2023-10-24,Accesorios,Sur,31,44.47,1378.57
2023-10-25,Accesorios,Sur,24,46.49,1115.76
2023-10-26,Accesorios,Sur,19,45.91,872.29
2023-10-27,Accesorios,Sur,25,45.82,1145.5
2023-10-28,Accesorios,Sur,31,44.8,1388.8
2023-10-29,Accesorios,Sur,27,42.49,1147.23
2023-10-30,Accesorios,Sur,32,42.26,1352.32
2023-10-31,Accesorios,Sur,23,45.64,1049.72
2023-11-01,Accesorios,Sur,30,43.71,1311.3
2023-11-02,Accesorios,Sur,27,45.62,1231.74
2023-11-03,Accesorios,Sur,19,45.12,857.28
2023-11-04,Accesorios,Sur,28,48.32,1352.96
2023-11-05,Accesorios,Sur,39,44.17,1722.63
2023-11-06,Accesorios,Sur,33,46.51,1534.83
2023-11-07,Accesorios,Sur,39,42.32,1650.48
2023-11-08,Accesorios,Sur,35,46.26,1619.1
2023-11-09,Accesorios,Sur,21,46.76,981.96
2023-11-10,Accesorios,Sur,19,47.4,900.6
2023-11-11,Accesorios,Sur,34,44.04,1497.36
2023-11-12,Accesorios,Sur,32,46.96,1502.72
2023-11-13,Accesorios,Sur,32,48.37,1547.84
2023-11-14,Accesorios,Sur,33,43.96,1450.68
2023-11-15,Accesorios,Sur,51,45.56,2323.56
2023-11-16,Accesorios,Sur,47,46.07,2165.29
2023-11-17,Accesorios,Sur,40,43.87,1754.8
2023-11-18,Accesorios,Sur,61,44.44,2710.84
2023-11-19,Accesorios,Sur,57,43.81,2497.17
2023-11-20,Accesorios,Sur,58,45.56,2642.48
2023-11-21,Accesorios,Sur,47,43.51,2044.97
2023-11-22,Accesorios,Sur,73,42.8,3124.4
2023-11-23,Accesorios,Sur,49,49.29,2415.21
2023-11-24,Accesorios,Sur,55,46.19,2540.45
2023-11-25,Accesorios,Sur,46,42.66,1962.36
2023-11-26,Accesorios,Sur,58,42.33,2455.14
2023-11-27,Accesorios,Sur,68,39.78,2705.04
2023-11-28,Accesorios,Sur,70,42.82,2997.4
2023-11-29,Accesorios,Sur,49,42.18,2066.82
2023-11-30,Accesorios,Sur,55,44.93,2471.15
2023-12-01,Accesorios,Sur,46,44.48,2046.08
2023-12-02,Accesorios,Sur,45,41.94,1887.3
2023-12-03,Accesorios,Sur,59,46.83,2762.97
2023-12-04,Accesorios,Sur,66,41.98,2770.68
2023-12-05,Accesorios,Sur,59,46.72,2756.48
2023-12-06,Accesorios,Sur,57,42.86,2443.02
2023-12-07,Accesorios,Sur,44,47.08,2071.52
2023-12-08,Accesorios,Sur,38,43.35,1647.3
2023-12-09,Accesorios,Sur,54,43.34,2340.36
2023-12-10,Accesorios,Sur,64,47.84,3061.76
2023-12-11,Accesorios,Sur,98,42.37,4152.26
2023-12-12,Accesorios,Sur,50,47.61,2380.5
2023-12-13,Accesorios,Sur,45,44.27,1992.15
2023-12-14,Accesorios,Sur,43,43.12,1854.16
2023-12-15,Accesorios,Sur,45,45.25,2036.25
2023-12-16,Accesorios,Sur,64,45.97,2942.08
2023-12-17,Accesorios,Sur,57,42.51,2423.07
2023-12-18,Accesorios,Sur,59,44.91,2649.69
2023-12-19,Accesorios,Sur,57,45.64,2601.48
2023-12-20,Accesorios,Sur,44,42.52,1870.88
2023-12-21,Accesorios,Sur,49,46.73,2289.77
2023-12-22,Accesorios,Sur,43,46.67,2006.81
2023-12-23,Accesorios,Sur,54,45.64,2464.56
2023-12-24,Accesorios,Sur,82,45.64,3742.48
2023-12-25,Accesorios,Sur,56,45.26,2534.56
2023-12-26,Accesorios,Sur,43,43.62,1875.66
2023-12-27,Accesorios,Sur,37,45.29,1675.73
2023-12-28,Accesorios,Sur,31,48.75,1511.25
2023-12-29,Accesorios,Sur,35,38.41,1344.35
2023-12-30,Accesorios,Sur,30,42.74,1282.2
2023-12-31,Accesorios,Sur,39,43.23,1685.97
2024-01-01,Accesorios,Sur,48,42.81,2054.88
2024-01-02,Accesorios,Sur,45,42.4,1908.0
2024-01-03,Accesorios,Sur,38,45.29,1721.02
2024-01-04,Accesorios,Sur,35,47.72,1670.2
2024-01-05,Accesorios,Sur,35,44.18,1546.3
2024-01-06,Accesorios,Sur,46,48.62,2236.52
2024-01-07,Accesorios,Sur,53,49.18,2606.54
2024-01-08,Accesorios,Sur,65,46.86,3045.9
2024-01-09,Accesorios,Sur,40,44.06,1762.4
2024-01-10,Accesorios,Sur,47,41.94,1971.18
2024-01-11,Accesorios,Sur,32,45.44,1454.08
2024-01-12,Accesorios,Sur,37,46.55,1722.35
2024-01-13,Accesorios,Sur,48,46.03,2209.44
2024-01-14,Accesorios,Sur,37,48.67,1800.79
2024-01-15,Accesorios,Sur,37,50.24,1858.88
2024-01-16,Accesorios,Sur,58,47.45,2752.1
2024-01-17,Accesorios,Sur,48,45.13,2166.24
2024-01-18,Accesorios,Sur,32,43.6,1395.2
2024-01-19,Accesorios,Sur,35,43.09,1508.15
2024-01-20,Accesorios,Sur,31,47.49,1472.19
2024-01-21,Accesorios,Sur,50,43.85,2192.5
2024-01-22,Accesorios,Sur,45,43.95,1977.75
2024-01-23,Accesorios,Sur,49,43.89,2150.61
2024-01-24,Accesorios,Sur,40,45.75,1830.0
2024-01-25,Accesorios,Sur,37,43.49,1609.13
2024-01-26,Accesorios,Sur,32,48.3,1545.6
2024-01-27,Accesorios,Sur,38,42.05,1597.9
2024-01-28,Accesorios,Sur,55,48.19,2650.45
2024-01-29,Accesorios,Sur,45,43.04,1936.8
2024-01-30,Accesorios,Sur,53,42.07,2229.71
2024-01-31,Accesorios,Sur,44,45.84,2016.96
2024-02-01,Accesorios,Sur,44,46.41,2042.04
2024-02-02,Accesorios,Sur,39,45.52,1775.28
2024-02-03,Accesorios,Sur,49,45.51,2229.99
2024-02-04,Accesorios,Sur,49,45.98,2253.02
2024-02-05,Accesorios,Sur,53,44.88,2378.64
2024-02-06,Accesorios,Sur,47,43.17,2028.99
2024-02-07,Accesorios,Sur,41,42.59,1746.19
2024-02-08,Accesorios,Sur,33,45.86,1513.38
2024-02-09,Accesorios,Sur,25,46.16,1154.0
2024-02-10,Accesorios,Sur,42,46.94,1971.48
2024-02-11,Accesorios,Sur,47,43.5,2044.5
2024-02-12,Accesorios,Sur,57,47.46,2705.22
2024-02-13,Accesorios,Sur,53,49.22,2608.66
2024-02-14,Accesorios,Sur,46,44.88,2064.48
2024-02-15,Accesorios,Sur,39,41.62,1623.18
2024-02-16,Accesorios,Sur,35,42.4,1484.0
2024-02-17,Accesorios,Sur,40,43.72,1748.8
2024-02-18,Accesorios,Sur,49,40.47,1983.03
2024-02-19,Accesorios,Sur,57,45.24,2578.68
2024-02-20,Accesorios,Sur,44,45.9,2019.6
2024-02-21,Accesorios,Sur,47,45.75,2150.25
2024-02-22,Accesorios,Sur,32,41.79,1337.28
2024-02-23,Accesorios,Sur,35,40.58,1420.3
2024-02-24,Accesorios,Sur,46,46.54,2140.84
2024-02-25,Accesorios,Sur,45,49.89,2245.05
2024-02-26,Accesorios,Sur,52,48.19,2505.88
2024-02-27,Accesorios,Sur,44,44.94,1977.36
2024-02-28,Accesorios,Sur,45,43.03,1936.35
2024-02-29,Accesorios,Sur,36,43.72,1573.92
2024-03-01,Accesorios,Sur,34,46.13,1568.42
2024-03-02,Accesorios,Sur,46,43.71,2010.66
2024-03-03,Accesorios,Sur,38,44.21,1679.98
2024-03-04,Accesorios,Sur,41,44.86,1839.26
2024-03-05,Accesorios,Sur,53,47.64,2524.92
2024-03-06,Accesorios,Sur,40,47.97,1918.8
2024-03-07,Accesorios,Sur,40,48.27,1930.8
2024-03-08,Accesorios,Sur,35,42.11,1473.85
2024-03-09,Accesorios,Sur,39,44.38,1730.82
2024-03-10,Accesorios,Sur,43,45.9,1973.7
2024-03-11,Accesorios,Sur,67,43.76,2931.92
2024-03-12,Accesorios,Sur,52,43.67,2270.84
2024-03-13,Accesorios,Sur,42,48.49,2036.58
2024-03-14,Accesorios,Sur,34,50.34,1711.56
2024-03-15,Accesorios,Sur,33,42.97,1418.01
2024-03-16,Accesorios,Sur,35,43.11,1508.85
2024-03-17,Accesorios,Sur,41,42.5,1742.5
2024-03-18,Accesorios,Sur,50,44.31,2215.5
2024-03-19,Accesorios,Sur,56,48.87,2736.72
2024-03-20,Accesorios,Sur,41,43.46,1781.86
2024-03-21,Accesorios,Sur,44,45.45,1999.8
2024-03-22,Accesorios,Sur,33,50.49,1666.17
2024-03-23,Accesorios,Sur,36,45.92,1653.12
2024-03-24,Accesorios,Sur,43,47.16,2027.88
2024-03-25,Accesorios,Sur,48,43.79,2101.92
2024-03-26,Accesorios,Sur,41,44.43,1821.63
2024-03-27,Accesorios,Sur,28,46.44,1300.32
2024-03-28,Accesorios,Sur,37,47.39,1753.43
2024-03-29,Accesorios,Sur,40,41.67,1666.8
2024-03-30,Accesorios,Sur,35,45.63,1597.05
2024-03-31,Accesorios,Sur,47,44.14,2074.58
2024-04-01,Accesorios,Sur,41,41.33,1694.53
2024-04-02,Accesorios,Sur,35,43.9,1536.5
2024-04-03,Accesorios,Sur,41,45.91,1882.31
2024-04-04,Accesorios,Sur,30,45.34,1360.2
2024-04-05,Accesorios,Sur,31,47.2,1463.2
2024-04-06,Accesorios,Sur,44,46.23,2034.12
2024-04-07,Accesorios,Sur,42,42.94,1803.48
2024-04-08,Accesorios,Sur,35,43.37,1517.95
2024-04-09,Accesorios,Sur,45,47.29,2128.05
2024-04-10,Accesorios,Sur,46,46.55,2141.3
2024-04-11,Accesorios,Sur,34,46.99,1597.66
2024-04-12,Accesorios,Sur,31,44.33,1374.23
2024-04-13,Accesorios,Sur,42,48.66,2043.72
2024-04-14,Accesorios,Sur,36,45.02,1620.72
2024-04-15,Accesorios,Sur,60,51.14,3068.4
2024-04-16,Accesorios,Sur,42,45.38,1905.96
2024-04-17,Accesorios,Sur,36,45.88,1651.68
2024-04-18,Accesorios,Sur,23,48.21,1108.83
2024-04-19,Accesorios,Sur,32,43.05,1377.6
2024-04-20,Accesorios,Sur,39,45.11,1759.29
2024-04-21,Accesorios,Sur,42,43.04,1807.68
2024-04-22,Accesorios,Sur,46,45.3,2083.8
2024-04-23,Accesorios,Sur,36,41.72,1501.92
2024-04-24,Accesorios,Sur,37,48.13,1780.81
2024-04-25,Accesorios,Sur,36,46.88,1687.68
2024-04-26,Accesorios,Sur,21,44.43,933.03
2024-04-27,Accesorios,Sur,36,46.21,1663.56
2024-04-28,Accesorios,Sur,40,46.11,1844.4
2024-04-29,Accesorios,Sur,37,46.66,1726.42
2024-04-30,Accesorios,Sur,38,42.95,1632.1
2024-05-01,Accesorios,Sur,36,46.31,1667.16
2024-05-02,Accesorios,Sur,36,42.91,1544.76
2024-05-03,Accesorios,Sur,28,47.34,1325.52
2024-05-04,Accesorios,Sur,37,46.08,1704.96
2024-05-05,Accesorios,Sur,30,43.95,1318.5
2024-05-06,Accesorios,Sur,54,48.28,2607.12
2024-05-07,Accesorios,Sur,45,48.2,2169.0
2024-05-08,Accesorios,Sur,25,43.57,1089.25
2024-05-09,Accesorios,Sur,35,42.72,1495.2
2024-05-10,Accesorios,Sur,28,42.98,1203.44
2024-05-11,Accesorios,Sur,39,45.39,1770.21
2024-05-12,Accesorios,Sur,40,43.73,1749.2
2024-05-13,Accesorios,Sur,33,45.46,1500.18
2024-05-14,Accesorios,Sur,39,47.46,1850.94
2024-05-15,Accesorios,Sur,47,48.94,2300.18
2024-05-16,Accesorios,Sur,27,41.64,1124.28
2024-05-17,Accesorios,Sur,28,39.66,1110.48
2024-05-18,Accesorios,Sur,36,44.38,1597.68
2024-05-19,Accesorios,Sur,47,42.3,1988.1
2024-05-20,Accesorios,Sur,47,43.54,2046.38
2024-05-21,Accesorios,Sur,30,44.61,1338.3
2024-05-22,Accesorios,Sur,25,46.83,1170.75
2024-05-23,Accesorios,Sur,24,45.18,1084.32
2024-05-24,Accesorios,Sur,29,43.67,1266.43
2024-05-25,Accesorios,Sur,38,45.52,1729.76
2024-05-26,Accesorios,Sur,38,44.88,1705.44
2024-05-27,Accesorios,Sur,38,44.27,1682.26
2024-05-28,Accesorios,Sur,43,42.77,1839.11
2024-05-29,Accesorios,Sur,35,44.11,1543.85
2024-05-30,Accesorios,Sur,20,46.28,925.6
2024-05-31,Accesorios,Sur,25,46.32,1158.0
2024-06-01,Accesorios,Sur,40,42.62,1704.8
2024-06-02,Accesorios,Sur,35,44.23,1548.05
2024-06-03,Accesorios,Sur,32,42.88,1372.16
2024-06-04,Accesorios,Sur,27,46.9,1266.3
2024-06-05,Accesorios,Sur,24,45.15,1083.6
2024-06-06,Accesorios,Sur,23,43.04,989.92
2024-06-07,Accesorios,Sur,33,44.01,1452.33
2024-06-08,Accesorios,Sur,30,39.83,1194.9
2024-06-09,Accesorios,Sur,22,44.05,969.1
2024-06-10,Accesorios,Sur,35,45.89,1606.15
2024-06-11,Accesorios,Sur,30,46.0,1380.0
2024-06-12,Accesorios,Sur,24,43.69,1048.56
2024-06-13,Accesorios,Sur,25,44.83,1120.75
2024-06-14,Accesorios,Sur,18,46.08,829.44
2024-06-15,Accesorios,Sur,30,47.14,1414.2
2024-06-16,Accesorios,Sur,31,44.45,1377.95
2024-06-17,Accesorios,Sur,38,46.66,1773.08
2024-06-18,Accesorios,Sur,32,42.76,1368.32
2024-06-19,Accesorios,Sur,31,46.06,1427.86
2024-06-20,Accesorios,Sur,22,45.58,1002.76
2024-06-21,Accesorios,Sur,19,40.98,778.62
2024-06-22,Accesorios,Sur,29,44.75,1297.75
2024-06-23,Accesorios,Sur,24,47.9,1149.6
2024-06-24,Accesorios,Sur,31,42.44,1315.64
2024-06-25,Accesorios,Sur,22,45.56,1002.32
2024-06-26,Accesorios,Sur,27,46.63,1259.01
2024-06-27,Accesorios,Sur,18,47.15,848.7
2024-06-28,Accesorios,Sur,20,45.63,912.6
2024-06-29,Accesorios,Sur,29,44.0,1276.0
2024-06-30,Accesorios,Sur,22,46.94,1032.68
2024-07-01,Accesorios,Sur,31,44.92,1392.52
2024-07-02,Accesorios,Sur,30,42.2,1266.0
2024-07-03,Accesorios,Sur,23,44.65,1026.95
2024-07-04,Accesorios,Sur,24,41.03,984.72
2024-07-05,Accesorios,Sur,22,45.29,996.38
2024-07-06,Accesorios,Sur,26,44.77,1164.02
2024-07-07,Accesorios,Sur,34,42.38,1440.92
2024-07-08,Accesorios,Sur,26,50.29,1307.54
2024-07-09,Accesorios,Sur,31,42.47,1316.57
2024-07-10,Accesorios,Sur,29,45.76,1327.04
2024-07-11,Accesorios,Sur,21,44.8,940.8
2024-07-12,Accesorios,Sur,20,43.72,874.4
2024-07-13,Accesorios,Sur,27,44.17,1192.59
2024-07-14,Accesorios,Sur,33,43.36,1430.88
2024-07-15,Accesorios,Sur,36,45.84,1650.24
2024-07-16,Accesorios,Sur,24,48.47,1163.28
2024-07-17,Accesorios,Sur,21,49.16,1032.36
2024-07-18,Accesorios,Sur,27,46.41,1253.07
2024-07-19,Accesorios,Sur,23,43.38,997.74
2024-07-20,Accesorios,Sur,24,46.02,1104.48
2024-07-21,Accesorios,Sur,32,45.31,1449.92
2024-07-22,Accesorios,Sur,25,45.92,1148.0
2024-07-23,Accesorios,Sur,24,41.92,1006.08
2024-07-24,Accesorios,Sur,24,41.28,990.72
2024-07-25,Accesorios,Sur,21,47.78,1003.38
2024-07-26,Accesorios,Sur,22,44.78,985.16
2024-07-27,Accesorios,Sur,27,44.14,1191.78
2024-07-28,Accesorios,Sur,26,45.43,1181.18
2024-07-29,Accesorios,Sur,31,41.71,1293.01
2024-07-30,Accesorios,Sur,17,48.47,823.99
2024-07-31,Accesorios,Sur,26,42.15,1095.9
2024-08-01,Accesorios,Sur,15,41.27,619.05
2024-08-02,Accesorios,Sur,23,47.9,1101.7
2024-08-03,Accesorios,Sur,26,51.35,1335.1
2024-08-04,Accesorios,Sur,31,42.51,1317.81
2024-08-05,Accesorios,Sur,29,45.99,1333.71
2024-08-06,Accesorios,Sur,26,51.89,1349.14
2024-08-07,Accesorios,Sur,20,41.19,823.8
2024-08-08,Accesorios,Sur,20,45.25,905.0
2024-08-09,Accesorios,Sur,22,47.37,1042.14
2024-08-10,Accesorios,Sur,27,43.81,1182.87
2024-08-11,Accesorios,Sur,27,47.97,1295.19
2024-08-12,Accesorios,Sur,25,46.4,1160.0
2024-08-13,Accesorios,Sur,23,42.58,979.34
2024-08-14,Accesorios,Sur,26,42.12,1095.12
2024-08-15,Accesorios,Sur,15,43.53,652.95
2024-08-16,Accesorios,Sur,21,43.95,922.95
2024-08-17,Accesorios,Sur,18,45.11,811.98
2024-08-18,Accesorios,Sur,20,49.37,987.4
2024-08-19,Accesorios,Sur,22,43.79,963.38
2024-08-20,Accesorios,Sur,25,45.27,1131.75
2024-08-21,Accesorios,Sur,23,49.06,1128.38
2024-08-22,Accesorios,Sur,22,47.21,1038.62
2024-08-23,Accesorios,Sur,29,45.1,1307.9
2024-08-24,Accesorios,Sur,26,44.45,1155.7
2024-08-25,Accesorios,Sur,27,41.4,1117.8
2024-08-26,Accesorios,Sur,25,44.45,1111.25
2024-08-27,Accesorios,Sur,24,50.21,1205.04
2024-08-28,Accesorios,Sur,23,43.43,998.89
2024-08-29,Accesorios,Sur,18,47.38,852.84
2024-08-30,Accesorios,Sur,21,43.45,912.45
2024-08-31,Accesorios,Sur,24,46.86,1124.64
2024-09-01,Accesorios,Sur,28,47.32,1324.96
2024-09-02,Accesorios,Sur,29,43.8,1270.2
2024-09-03,Accesorios,Sur,30,43.55,1306.5
2024-09-04,Accesorios,Sur,31,46.42,1439.02
2024-09-05,Accesorios,Sur,18,46.63,839.34
2024-09-06,Accesorios,Sur,23,46.96,1080.08
2024-09-07,Accesorios,Sur,21,45.06,946.26
2024-09-08,Accesorios,Sur,31,42.58,1319.98
2024-09-09,Accesorios,Sur,24,44.78,1074.72
2024-09-10,Accesorios,Sur,29,42.54,1233.66
2024-09-11,Accesorios,Sur,23,46.27,1064.21
2024-09-12,Accesorios,Sur,20,42.58,851.6
2024-09-13,Accesorios,Sur,23,43.2,993.6
2024-09-14,Accesorios,Sur,25,44.61,1115.25
2024-09-15,Accesorios,Sur,32,48.06,1537.92
2024-09-16,Accesorios,Sur,31,42.27,1310.37
2024-09-17,Accesorios,Sur,36,43.47,1564.92
2024-09-18,Accesorios,Sur,21,43.86,921.06
2024-09-19,Accesorios,Sur,21,45.98,965.58
2024-09-20,Accesorios,Sur,22,42.93,944.46
2024-09-21,Accesorios,Sur,30,42.21,1266.3
2024-09-22,Accesorios,Sur,35,43.21,1512.35
2024-09-23,Accesorios,Sur,27,45.79,1236.33
2024-09-24,Accesorios,Sur,24,41.35,992.4
2024-09-25,Accesorios,Sur,25,47.35,1183.75
2024-09-26,Accesorios,Sur,23,46.63,1072.49
2024-09-27,Accesorios,Sur,24,46.5,1116.0
2024-09-28,Accesorios,Sur,18,45.94,826.92
2024-09-29,Accesorios,Sur,29,45.19,1310.51
2024-09-30,Accesorios,Sur,31,43.16,1337.96
2024-10-01,Accesorios,Sur,25,43.97,1099.25
2024-10-02,Accesorios,Sur,32,43.9,1404.8
2024-10-03,Accesorios,Sur,18,41.7,750.6
2024-10-04,Accesorios,Sur,20,48.23,964.6
2024-10-05,Accesorios,Sur,26,42.21,1097.46
2024-10-06,Accesorios,Sur,35,43.9,1536.5
2024-10-07,Accesorios,Sur,30,44.25,1327.5
2024-10-08,Accesorios,Sur,33,45.71,1508.43
2024-10-09,Accesorios,Sur,23,43.99,1011.77
2024-10-10,Accesorios,Sur,31,43.37,1344.47
2024-10-11,Accesorios,Sur,26,47.17,1226.42
2024-10-12,Accesorios,Sur,25,52.36,1309.0
2024-10-13,Accesorios,Sur,27,49.77,1343.79
2024-10-14,Accesorios,Sur,32,45.18,1445.76
2024-10-15,Accesorios,Sur,28,41.21,1153.88
2024-10-16,Accesorios,Sur,28,41.09,1150.52
2024-10-17,Accesorios,Sur,25,47.16,1179.0
2024-10-18,Accesorios,Sur,21,45.1,947.1
2024-10-19,Accesorios,Sur,41,45.35,1859.35
2024-10-20,Accesorios,Sur,32,45.66,1461.12
2024-10-21,Accesorios,Sur,49,43.43,2128.07
2024-10-22,Accesorios,Sur,40,44.97,1798.8
2024-10-23,Accesorios,Sur,24,46.2,1108.8
2024-10-24,Accesorios,Sur,23,48.64,1118.72
2024-10-25,Accesorios,Sur,24,48.73,1169.52
2024-10-26,Accesorios,Sur,33,46.63,1538.79
2024-10-27,Accesorios,Sur,48,43.95,2109.6
2024-10-28,Accesorios,Sur,30,45.45,1363.5
2024-10-29,Accesorios,Sur,29,47.76,1385.04
2024-10-30,Accesorios,Sur,32,49.22,1575.04
2024-10-31,Accesorios,Sur,25,47.94,1198.5
2024-11-01,Accesorios,Sur,30,43.83,1314.9
2024-11-02,Accesorios,Sur,33,47.65,1572.45
2024-11-03,Accesorios,Sur,38,43.68,1659.84
2024-11-04,Accesorios,Sur,41,47.44,1945.04
2024-11-05,Accesorios,Sur,34,47.91,1628.94
2024-11-06,Accesorios,Sur,27,46.86,1265.22
2024-11-07,Accesorios,Sur,23,43.73,1005.79
2024-11-08,Accesorios,Sur,28,42.62,1193.36
2024-11-09,Accesorios,Sur,34,44.3,1506.2
2024-11-10,Accesorios,Sur,35,46.36,1622.6
2024-11-11,Accesorios,Sur,33,43.17,1424.61
2024-11-12,Accesorios,Sur,44,41.0,1804.0
2024-11-13,Accesorios,Sur,35,48.26,1689.1
2024-11-14,Accesorios,Sur,37,42.14,1559.18
2024-11-15,Accesorios,Sur,53,45.47,2409.91
2024-11-16,Accesorios,Sur,76,45.85,3484.6
2024-11-17,Accesorios,Sur,82,43.23,3544.86
2024-11-18,Accesorios,Sur,55,44.6,2453.0
2024-11-19,Accesorios,Sur,76,48.52,3687.52
2024-11-20,Accesorios,Sur,62,41.12,2549.44
2024-11-21,Accesorios,Sur,61,47.46,2895.06
2024-11-22,Accesorios,Sur,46,45.09,2074.14
2024-11-23,Accesorios,Sur,66,43.18,2849.88
2024-11-24,Accesorios,Sur,73,45.86,3347.78
2024-11-25,Accesorios,Sur,101,44.03,4447.03
2024-11-26,Accesorios,Sur,63,45.32,2855.16
2024-11-27,Accesorios,Sur,59,46.76,2758.84
2024-11-28,Accesorios,Sur,57,46.95,2676.15
2024-11-29,Accesorios,Sur,61,44.05,2687.05
2024-11-30,Accesorios,Sur,77,46.78,3602.06
2024-12-01,Accesorios,Sur,62,49.52,3070.24
2024-12-02,Accesorios,Sur,85,42.3,3595.5
2024-12-03,Accesorios,Sur,63,43.16,2719.08
2024-12-04,Accesorios,Sur,46,41.67,1916.82
2024-12-05,Accesorios,Sur,47,48.97,2301.59
2024-12-06,Accesorios,Sur,62,45.04,2792.48
2024-12-07,Accesorios,Sur,55,44.57,2451.35
2024-12-08,Accesorios,Sur,57,46.31,2639.67
2024-12-09,Accesorios,Sur,71,47.05,3340.55
2024-12-10,Accesorios,Sur,90,45.46,4091.4
2024-12-11,Accesorios,Sur,47,48.12,2261.64
2024-12-12,Accesorios,Sur,47,44.73,2102.31
2024-12-13,Accesorios,Sur,48,42.3,2030.4
2024-12-14,Accesorios,Sur,67,48.36,3240.12
2024-12-15,Accesorios,Sur,70,44.56,3119.2
2024-12-16,Accesorios,Sur,89,41.24,3670.36
2024-12-17,Accesorios,Sur,60,38.28,2296.8
2024-12-18,Accesorios,Sur,64,41.61,2663.04
2024-12-19,Accesorios,Sur,52,43.51,2262.52
2024-12-20,Accesorios,Sur,56,45.01,2520.56
2024-12-21,Accesorios,Sur,58,45.65,2647.7
2024-12-22,Accesorios,Sur,84,41.55,3490.2
2024-12-23,Accesorios,Sur,84,44.22,3714.48
2024-12-24,Accesorios,Sur,64,43.49,2783.36
2024-12-25,Accesorios,Sur,38,45.87,1743.06
2024-12-26,Accesorios,Sur,44,46.84,2060.96
2024-12-27,Accesorios,Sur,46,48.54,2232.84
2024-12-28,Accesorios,Sur,44,48.06,2114.64
2024-12-29,Accesorios,Sur,55,41.9,2304.5
2024-12-30,Accesorios,Sur,55,45.36,2494.8
2023-01-01,Accesorios,Bajío,42,47.76,2005.92
2023-01-02,Accesorios,Bajío,51,45.41,2315.91
2023-01-03,Accesorios,Bajío,43,43.12,1854.16
2023-01-04,Accesorios,Bajío,30,44.56,1336.8
2023-01-05,Accesorios,Bajío,32,47.85,1531.2
2023-01-06,Accesorios,Bajío,27,44.94,1213.38
2023-01-07,Accesorios,Bajío,40,43.71,1748.4
2023-01-08,Accesorios,Bajío,31,44.71,1386.01
2023-01-09,Accesorios,Bajío,42,41.87,1758.54
2023-01-10,Accesorios,Bajío,40,43.13,1725.2
2023-01-11,Accesorios,Bajío,32,46.37,1483.84
2023-01-12,Accesorios,Bajío,29,44.61,1293.69
2023-01-13,Accesorios,Bajío,39,44.15,1721.85
2023-01-14,Accesorios,Bajío,34,44.91,1526.94
2023-01-15,Accesorios,Bajío,34,46.66,1586.44
2023-01-16,Accesorios,Bajío,59,50.92,3004.28
2023-01-17,Accesorios,Bajío,41,38.39,1573.99
2023-01-18,Accesorios,Bajío,38,44.83,1703.54
2023-01-19,Accesorios,Bajío,26,44.2,1149.2
2023-01-20,Accesorios,Bajío,41,47.81,1960.21
2023-01-21,Accesorios,Bajío,39,44.65,1741.35
2023-01-22,Accesorios,Bajío,48,43.87,2105.76
2023-01-23,Accesorios,Bajío,44,44.32,1950.08
2023-01-24,Accesorios,Bajío,49,48.16,2359.84
2023-01-25,Accesorios,Bajío,35,40.93,1432.55
2023-01-26,Accesorios,Bajío,30,45.55,1366.5
2023-01-27,Accesorios,Bajío,38,45.87,1743.06
2023-01-28,Accesorios,Bajío,42,48.65,2043.3
2023-01-29,Accesorios,Bajío,65,42.12,2737.8
2023-01-30,Accesorios,Bajío,40,43.67,1746.8
2023-01-31,Accesorios,Bajío,34,46.02,1564.68
2023-02-01,Accesorios,Bajío,36,44.1,1587.6
2023-02-02,Accesorios,Bajío,29,41.3,1197.7
2023-02-03,Accesorios,Bajío,32,47.04,1505.28
2023-02-04,Accesorios,Bajío,44,45.05,1982.2
2023-02-05,Accesorios,Bajío,43,43.07,1852.01
2023-02-06,Accesorios,Bajío,50,42.58,2129.0
2023-02-07,Accesorios,Bajío,45,45.7,2056.5
2023-02-08,Accesorios,Bajío,28,42.11,1179.08
2023-02-09,Accesorios,Bajío,30,45.87,1376.1
2023-02-10,Accesorios,Bajío,34,51.67,1756.78
2023-02-11,Accesorios,Bajío,38,42.26,1605.88
2023-02-12,Accesorios,Bajío,31,48.82,1513.42
2023-02-13,Accesorios,Bajío,50,47.77,2388.5
2023-02-14,Accesorios,Bajío,46,43.68,2009.28
2023-02-15,Accesorios,Bajío,37,44.25,1637.25
2023-02-16,Accesorios,Bajío,30,43.86,1315.8
2023-02-17,Accesorios,Bajío,38,45.77,1739.26
2023-02-18,Accesorios,Bajío,34,45.13,1534.42
2023-02-19,Accesorios,Bajío,50,44.13,2206.5
2023-02-20,Accesorios,Bajío,41,43.41,1779.81
2023-02-21,Accesorios,Bajío,46,43.35,1994.1
2023-02-22,Accesorios,Bajío,46,46.88,2156.48
2023-02-23,Accesorios,Bajío,35,42.8,1498.0
2023-02-24,Accesorios,Bajío,32,43.56,1393.92
2023-02-25,Accesorios,Bajío,49,46.7,2288.3
2023-02-26,Accesorios,Bajío,36,44.04,1585.44
2023-02-27,Accesorios,Bajío,50,43.38,2169.0
2023-02-28,Accesorios,Bajío,41,44.09,1807.69
2023-03-01,Accesorios,Bajío,40,49.13,1965.2
2023-03-02,Accesorios,Bajío,35,42.74,1495.9
2023-03-03,Accesorios,Bajío,36,47.7,1717.2
2023-03-04,Accesorios,Bajío,37,43.6,1613.2
2023-03-05,Accesorios,Bajío,41,45.84,1879.44
2023-03-06,Accesorios,Bajío,55,43.77,2407.35
2023-03-07,Accesorios,Bajío,46,46.97,2160.62
2023-03-08,Accesorios,Bajío,38,41.99,1595.62
2023-03-09,Accesorios,Bajío,27,43.09,1163.43
2023-03-10,Accesorios,Bajío,37,43.53,1610.61
2023-03-11,Accesorios,Bajío,44,45.64,2008.16
2023-03-12,Accesorios,Bajío,41,45.03,1846.23
2023-03-13,Accesorios,Bajío,58,41.06,2381.48
2023-03-14,Accesorios,Bajío,48,42.62,2045.76
2023-03-15,Accesorios,Bajío,35,48.83,1709.05
2023-03-16,Accesorios,Bajío,33,45.02,1485.66
2023-03-17,Accesorios,Bajío,36,40.37,1453.32
2023-03-18,Accesorios,Bajío,38,46.35,1761.3
2023-03-19,Accesorios,Bajío,54,45.11,2435.94
2023-03-20,Accesorios,Bajío,50,45.73,2286.5
2023-03-21,Accesorios,Bajío,46,46.18,2124.28
2023-03-22,Accesorios,Bajío,33,42.77,1411.41
2023-03-23,Accesorios,Bajío,37,45.92,1699.04
2023-03-24,Accesorios,Bajío,37,47.0,1739.0
2023-03-25,Accesorios,Bajío,47,44.29,2081.63
2023-03-26,Accesorios,Bajío,47,47.73,2243.31
2023-03-27,Accesorios,Bajío,44,41.09,1807.96
2023-03-28,Accesorios,Bajío,42,46.46,1951.32
2023-03-29,Accesorios,Bajío,38,42.51,1615.38
2023-03-30,Accesorios,Bajío,29,39.97,1159.13
2023-03-31,Accesorios,Bajío,27,42.05,1135.35
2023-04-01,Accesorios,Bajío,51,40.83,2082.33
2023-04-02,Accesorios,Bajío,35,48.18,1686.3
2023-04-03,Accesorios,Bajío,31,43.22,1339.82
2023-04-04,Accesorios,Bajío,41,45.98,1885.18
2023-04-05,Accesorios,Bajío,34,43.65,1484.1
2023-04-06,Accesorios,Bajío,42,48.71,2045.82
2023-04-07,Accesorios,Bajío,29,43.76,1269.04
2023-04-08,Accesorios,Bajío,44,45.59,2005.96
2023-04-09,Accesorios,Bajío,47,43.16,2028.52
2023-04-10,Accesorios,Bajío,28,46.57,1303.96
2023-04-11,Accesorios,Bajío,44,44.56,1960.64
2023-04-12,Accesorios,Bajío,31,46.24,1433.44
2023-04-13,Accesorios,Bajío,33,41.49,1369.17
2023-04-14,Accesorios,Bajío,28,45.98,1287.44
2023-04-15,Accesorios,Bajío,34,45.15,1535.1
2023-04-16,Accesorios,Bajío,46,41.24,1897.04
2023-04-17,Accesorios,Bajío,42,40.33,1693.86
2023-04-18,Accesorios,Bajío,36,47.99,1727.64
2023-04-19,Accesorios,Bajío,33,46.09,1520.97
2023-04-20,Accesorios,Bajío,23,46.12,1060.76
2023-04-21,Accesorios,Bajío,32,48.49,1551.68
2023-04-22,Accesorios,Bajío,40,46.87,1874.8
2023-04-23,Accesorios,Bajío,43,47.99,2063.57
2023-04-24,Accesorios,Bajío,38,42.45,1613.1
2023-04-25,Accesorios,Bajío,37,44.99,1664.63
2023-04-26,Accesorios,Bajío,30,50.91,1527.3
2023-04-27,Accesorios,Bajío,29,46.44,1346.76
2023-04-28,Accesorios,Bajío,35,38.17,1335.95
2023-04-29,Accesorios,Bajío,36,45.48,1637.28
2023-04-30,Accesorios,Bajío,31,43.65,1353.15
2023-05-01,Accesorios,Bajío,50,42.92,2146.0
2023-05-02,Accesorios,Bajío,30,47.64,1429.2
2023-05-03,Accesorios,Bajío,29,43.91,1273.39
2023-05-04,Accesorios,Bajío,31,45.63,1414.53
2023-05-05,Accesorios,Bajío,29,43.32,1256.28
2023-05-06,Accesorios,Bajío,33,45.64,1506.12
2023-05-07,Accesorios,Bajío,42,46.45,1950.9
2023-05-08,Accesorios,Bajío,36,45.72,1645.92
2023-05-09,Accesorios,Bajío,44,44.2,1944.8
2023-05-10,Accesorios,Bajío,28,45.71,1279.88
2023-05-11,Accesorios,Bajío,32,49.53,1584.96
2023-05-12,Accesorios,Bajío,24,47.06,1129.44
2023-05-13,Accesorios,Bajío,26,44.31,1152.06
2023-05-14,Accesorios,Bajío,40,42.56,1702.4
2023-05-15,Accesorios,Bajío,39,41.03,1600.17
2023-05-16,Accesorios,Bajío,34,41.31,1404.54
2023-05-17,Accesorios,Bajío,28,41.18,1153.04
2023-05-18,Accesorios,Bajío,26,41.34,1074.84
2023-05-19,Accesorios,Bajío,32,45.95,1470.4
2023-05-20,Accesorios,Bajío,31,47.24,1464.44
2023-05-21,Accesorios,Bajío,32,43.89,1404.48
2023-05-22,Accesorios,Bajío,41,45.17,1851.97
2023-05-23,Accesorios,Bajío,35,46.64,1632.4
2023-05-24,Accesorios,Bajío,25,46.3,1157.5
2023-05-25,Accesorios,Bajío,24,46.0,1104.0
2023-05-26,Accesorios,Bajío,22,47.36,1041.92
2023-05-27,Accesorios,Bajío,30,46.34,1390.2
2023-05-28,Accesorios,Bajío,37,43.02,1591.74
2023-05-29,Accesorios,Bajío,27,45.64,1232.28
2023-05-30,Accesorios,Bajío,32,49.19,1574.08
2023-05-31,Accesorios,Bajío,30,44.48,1334.4
2023-06-01,Accesorios,Bajío,20,46.61,932.2
2023-06-02,Accesorios,Bajío,25,49.34,1233.5
2023-06-03,Accesorios,Bajío,29,43.84,1271.36
2023-06-04,Accesorios,Bajío,30,42.06,1261.8
2023-06-05,Accesorios,Bajío,38,44.94,1707.72
2023-06-06,Accesorios,Bajío,37,43.76,1619.12
2023-06-07,Accesorios,Bajío,24,45.14,1083.36
2023-06-08,Accesorios,Bajío,25,42.24,1056.0
2023-06-09,Accesorios,Bajío,22,42.39,932.58
2023-06-10,Accesorios,Bajío,26,44.62,1160.12
2023-06-11,Accesorios,Bajío,22,43.93,966.46
2023-06-12,Accesorios,Bajío,34,48.61,1652.74
2023-06-13,Accesorios,Bajío,33,43.41,1432.53
2023-06-14,Accesorios,Bajío,13,44.11,573.43
2023-06-15,Accesorios,Bajío,19,46.09,875.71
2023-06-16,Accesorios,Bajío,24,51.02,1224.48
2023-06-17,Accesorios,Bajío,26,44.51,1157.26
2023-06-18,Accesorios,Bajío,34,47.22,1605.48
2023-06-19,Accesorios,Bajío,34,44.06,1498.04
2023-06-20,Accesorios,Bajío,27,42.07,1135.89
2023-06-21,Accesorios,Bajío,23,43.21,993.83
2023-06-22,Accesorios,Bajío,23,44.32,1019.36
2023-06-23,Accesorios,Bajío,25,48.89,1222.25
2023-06-24,Accesorios,Bajío,25,46.95,1173.75
2023-06-25,Accesorios,Bajío,31,46.73,1448.63
2023-06-26,Accesorios,Bajío,35,44.02,1540.7
2023-06-27,Accesorios,Bajío,29,43.69,1267.01
2023-06-28,Accesorios,Bajío,19,42.94,815.86
2023-06-29,Accesorios,Bajío,21,46.71,980.91
2023-06-30,Accesorios,Bajío,21,47.26,992.46
2023-07-01,Accesorios,Bajío,25,47.1,1177.5
2023-07-02,Accesorios,Bajío,24,42.03,1008.72
2023-07-03,Accesorios,Bajío,31,43.1,1336.1
2023-07-04,Accesorios,Bajío,23,49.65,1141.95
2023-07-05,Accesorios,Bajío,26,46.64,1212.64
2023-07-06,Accesorios,Bajío,13,47.47,617.11
2023-07-07,Accesorios,Bajío,20,44.7,894.0
2023-07-08,Accesorios,Bajío,26,46.96,1220.96
2023-07-09,Accesorios,Bajío,30,44.1,1323.0
2023-07-10,Accesorios,Bajío,35,46.44,1625.4
2023-07-11,Accesorios,Bajío,28,44.76,1253.28
2023-07-12,Accesorios,Bajío,19,44.77,850.63
2023-07-13,Accesorios,Bajío,18,45.04,810.72
2023-07-14,Accesorios,Bajío,19,40.03,760.57
2023-07-15,Accesorios,Bajío,20,42.28,845.6
2023-07-16,Accesorios,Bajío,28,47.6,1332.8
2023-07-17,Accesorios,Bajío,34,46.4,1577.6
2023-07-18,Accesorios,Bajío,24,46.25,1110.0
2023-07-19,Accesorios,Bajío,19,42.01,798.19
2023-07-20,Accesorios,Bajío,10,43.84,438.4
2023-07-21,Accesorios,Bajío,20,47.52,950.4
2023-07-22,Accesorios,Bajío,18,41.77,751.86
2023-07-23,Accesorios,Bajío,25,43.39,1084.75
2023-07-24,Accesorios,Bajío,25,41.61,1040.25
2023-07-25,Accesorios,Bajío,27,46.35,1251.45
2023-07-26,Accesorios,Bajío,15,43.45,651.75
2023-07-27,Accesorios,Bajío,16,47.8,764.8
2023-07-28,Accesorios,Bajío,17,45.34,770.78
2023-07-29,Accesorios,Bajío,22,45.88,1009.36
2023-07-30,Accesorios,Bajío,27,46.11,1244.97
2023-07-31,Accesorios,Bajío,22,48.38,1064.36
2023-08-01,Accesorios,Bajío,24,46.46,1115.04
2023-08-02,Accesorios,Bajío,20,47.56,951.2
2023-08-03,Accesorios,Bajío,17,43.62,741.54
2023-08-04,Accesorios,Bajío,18,43.42,781.56
2023-08-05,Accesorios,Bajío,27,41.6,1123.2
2023-08-06,Accesorios,Bajío,24,46.18,1108.32
2023-08-07,Accesorios,Bajío,29,44.08,1278.32
2023-08-08,Accesorios,Bajío,28,44.74,1252.72
2023-08-09,Accesorios,Bajío,17,45.04,765.68
2023-08-10,Accesorios,Bajío,14,46.08,645.12
2023-08-11,Accesorios,Bajío,15,43.72,655.8
2023-08-12,Accesorios,Bajío,16,45.75,732.0
2023-08-13,Accesorios,Bajío,23,42.25,971.75
2023-08-14,Accesorios,Bajío,25,47.71,1192.75
2023-08-15,Accesorios,Bajío,23,40.0,920.0
2023-08-16,Accesorios,Bajío,16,42.55,680.8
2023-08-17,Accesorios,Bajío,17,46.5,790.5
2023-08-18,Accesorios,Bajío,20,46.33,926.6
2023-08-19,Accesorios,Bajío,26,46.38,1205.88
2023-08-20,Accesorios,Bajío,23,42.05,967.15
2023-08-21,Accesorios,Bajío,25,38.24,956.0
2023-08-22,Accesorios,Bajío,19,48.07,913.33
2023-08-23,Accesorios,Bajío,22,45.03,990.66
2023-08-24,Accesorios,Bajío,14,46.35,648.9
2023-08-25,Accesorios,Bajío,16,43.02,688.32
2023-08-26,Accesorios,Bajío,23,44.92,1033.16
2023-08-27,Accesorios,Bajío,22,41.37,910.14
2023-08-28,Accesorios,Bajío,22,44.34,975.48
2023-08-29,Accesorios,Bajío,25,46.94,1173.5
2023-08-30,Accesorios,Bajío,23,40.19,924.37
2023-08-31,Accesorios,Bajío,19,49.91,948.29
2023-09-01,Accesorios,Bajío,15,41.92,628.8
2023-09-02,Accesorios,Bajío,17,43.6,741.2
2023-09-03,Accesorios,Bajío,23,44.22,1017.06
2023-09-04,Accesorios,Bajío,29,49.83,1445.07
2023-09-05,Accesorios,Bajío,26,44.46,1155.96
2023-09-06,Accesorios,Bajío,16,46.36,741.76
2023-09-07,Accesorios,Bajío,17,42.38,720.46
2023-09-08,Accesorios,Bajío,11,43.78,481.58
2023-09-09,Accesorios,Bajío,23,45.1,1037.3
2023-09-10,Accesorios,Bajío,29,40.79,1182.91
2023-09-11,Accesorios,Bajío,33,42.27,1394.91
2023-09-12,Accesorios,Bajío,17,43.76,743.92
2023-09-13,Accesorios,Bajío,16,46.09,737.44
2023-09-14,Accesorios,Bajío,20,44.9,898.0
2023-09-15,Accesorios,Bajío,23,46.54,1070.42
2023-09-16,Accesorios,Bajío,23,43.0,989.0
2023-09-17,Accesorios,Bajío,23,47.87,1101.01
2023-09-18,Accesorios,Bajío,28,46.52,1302.56
2023-09-19,Accesorios,Bajío,22,44.19,972.18
2023-09-20,Accesorios,Bajío,20,43.89,877.8
2023-09-21,Accesorios,Bajío,20,43.87,877.4
2023-09-22,Accesorios,Bajío,18,42.91,772.38
2023-09-23,Accesorios,Bajío,26,43.81,1139.06
2023-09-24,Accesorios,Bajío,23,44.78,1029.94
2023-09-25,Accesorios,Bajío,19,45.49,864.31
2023-09-26,Accesorios,Bajío,22,46.91,1032.02
2023-09-27,Accesorios,Bajío,20,45.44,908.8
2023-09-28,Accesorios,Bajío,22,41.95,922.9
2023-09-29,Accesorios,Bajío,21,44.66,937.86
2023-09-30,Accesorios,Bajío,21,46.55,977.55
2023-10-01,Accesorios,Bajío,32,49.2,1574.4
2023-10-02,Accesorios,Bajío,29,44.86,1300.94
2023-10-03,Accesorios,Bajío,21,44.88,942.48
2023-10-04,Accesorios,Bajío,22,44.66,982.52
2023-10-05,Accesorios,Bajío,23,45.53,1047.19
2023-10-06,Accesorios,Bajío,20,43.22,864.4
2023-10-07,Accesorios,Bajío,24,47.14,1131.36
2023-10-08,Accesorios,Bajío,23,45.55,1047.65
2023-10-09,Accesorios,Bajío,23,50.13,1152.99
2023-10-10,Accesorios,Bajío,26,44.86,1166.36
2023-10-11,Accesorios,Bajío,20,46.82,936.4
2023-10-12,Accesorios,Bajío,22,44.02,968.44
2023-10-13,Accesorios,Bajío,19,45.66,867.54
2023-10-14,Accesorios,Bajío,27,46.31,1250.37
2023-10-15,Accesorios,Bajío,35,49.13,1719.55
2023-10-16,Accesorios,Bajío,22,44.14,971.08
2023-10-17,Accesorios,Bajío,27,44.06,1189.62
2023-10-18,Accesorios,Bajío,23,45.06,1036.38
2023-10-19,Accesorios,Bajío,24,41.1,986.4
2023-10-20,Accesorios,Bajío,23,46.91,1078.93
2023-10-21,Accesorios,Bajío,33,44.87,1480.71
2023-10-22,Accesorios,Bajío,32,46.02,1472.64
2023-10-23,Accesorios,Bajío,30,43.93,1317.9
2023-10-24,Accesorios,Bajío,30,44.76,1342.8
2023-10-25,Accesorios,Bajío,28,46.41,1299.48
2023-10-26,Accesorios,Bajío,21,46.05,967.05
2023-10-27,Accesorios,Bajío,24,42.75,1026.0
2023-10-28,Accesorios,Bajío,36,46.93,1689.48
2023-10-29,Accesorios,Bajío,35,45.48,1591.8
2023-10-30,Accesorios,Bajío,32,44.4,1420.8
2023-10-31,Accesorios,Bajío,24,44.05,1057.2
2023-11-01,Accesorios,Bajío,36,46.32,1667.52
2023-11-02,Accesorios,Bajío,23,42.6,979.8
2023-11-03,Accesorios,Bajío,21,42.42,890.82
2023-11-04,Accesorios,Bajío,32,47.46,1518.72
2023-11-05,Accesorios,Bajío,46,45.64,2099.44
2023-11-06,Accesorios,Bajío,36,46.09,1659.24
2023-11-07,Accesorios,Bajío,41,44.44,1822.04
2023-11-08,Accesorios,Bajío,30,46.24,1387.2
2023-11-09,Accesorios,Bajío,22,43.42,955.24
2023-11-10,Accesorios,Bajío,22,46.02,1012.44
2023-11-11,Accesorios,Bajío,30,42.56,1276.8
2023-11-12,Accesorios,Bajío,31,47.33,1467.23
2023-11-13,Accesorios,Bajío,37,47.13,1743.81
2023-11-14,Accesorios,Bajío,34,44.3,1506.2
2023-11-15,Accesorios,Bajío,52,43.94,2284.88
2023-11-16,Accesorios,Bajío,56,46.31,2593.36
2023-11-17,Accesorios,Bajío,33,42.8,1412.4
2023-11-18,Accesorios,Bajío,52,43.57,2265.64
2023-11-19,Accesorios,Bajío,71,47.6,3379.6
2023-11-20,Accesorios,Bajío,68,44.4,3019.2
2023-11-21,Accesorios,Bajío,47,45.58,2142.26
2023-11-22,Accesorios,Bajío,63,42.01,2646.63
2023-11-23,Accesorios,Bajío,50,46.16,2308.0
2023-11-24,Accesorios,Bajío,62,48.45,3003.9
2023-11-25,Accesorios,Bajío,52,45.61,2371.72
2023-11-26,Accesorios,Bajío,68,47.82,3251.76
2023-11-27,Accesorios,Bajío,64,43.49,2783.36
2023-11-28,Accesorios,Bajío,72,49.94,3595.68
2023-11-29,Accesorios,Bajío,58,44.82,2599.56
2023-11-30,Accesorios,Bajío,50,42.84,2142.0
2023-12-01,Accesorios,Bajío,47,41.3,1941.1
2023-12-02,Accesorios,Bajío,54,46.54,2513.16
2023-12-03,Accesorios,Bajío,66,47.62,3142.92
2023-12-04,Accesorios,Bajío,61,41.06,2504.66
2023-12-05,Accesorios,Bajío,60,46.21,2772.6
2023-12-06,Accesorios,Bajío,54,44.48,2401.92
2023-12-07,Accesorios,Bajío,46,47.41,2180.86
2023-12-08,Accesorios,Bajío,36,43.33,1559.88
2023-12-09,Accesorios,Bajío,49,46.54,2280.46
2023-12-10,Accesorios,Bajío,77,49.33,3798.41
2023-12-11,Accesorios,Bajío,104,43.78,4553.12
2023-12-12,Accesorios,Bajío,61,43.0,2623.0
2023-12-13,Accesorios,Bajío,56,49.33,2762.48
2023-12-14,Accesorios,Bajío,43,45.23,1944.89
2023-12-15,Accesorios,Bajío,45,44.61,2007.45
2023-12-16,Accesorios,Bajío,66,43.52,2872.32
2023-12-17,Accesorios,Bajío,69,47.68,3289.92
2023-12-18,Accesorios,Bajío,70,44.52,3116.4
2023-12-19,Accesorios,Bajío,64,44.6,2854.4
2023-12-20,Accesorios,Bajío,58,43.86,2543.88
2023-12-21,Accesorios,Bajío,53,45.11,2390.83
2023-12-22,Accesorios,Bajío,48,45.79,2197.92
2023-12-23,Accesorios,Bajío,55,47.79,2628.45
2023-12-24,Accesorios,Bajío,67,42.36,2838.12
2023-12-25,Accesorios,Bajío,64,44.07,2820.48
2023-12-26,Accesorios,Bajío,55,49.0,2695.0
2023-12-27,Accesorios,Bajío,33,45.24,1492.92
2023-12-28,Accesorios,Bajío,28,46.43,1300.04
2023-12-29,Accesorios,Bajío,36,44.28,1594.08
2023-12-30,Accesorios,Bajío,36,44.34,1596.24
2023-12-31,Accesorios,Bajío,37,46.92,1736.04
2024-01-01,Accesorios,Bajío,48,44.32,2127.36
2024-01-02,Accesorios,Bajío,48,46.54,2233.92
2024-01-03,Accesorios,Bajío,36,47.38,1705.68
2024-01-04,Accesorios,Bajío,38,41.59,1580.42
2024-01-05,Accesorios,Bajío,38,45.17,1716.46
2024-01-06,Accesorios,Bajío,39,44.86,1749.54
2024-01-07,Accesorios,Bajío,51,46.25,2358.75
2024-01-08,Accesorios,Bajío,59,47.73,2816.07
2024-01-09,Accesorios,Bajío,44,43.96,1934.24
2024-01-10,Accesorios,Bajío,47,47.13,2215.11
2024-01-11,Accesorios,Bajío,43,47.04,2022.72
2024-01-12,Accesorios,Bajío,31,45.35,1405.85
2024-01-13,Accesorios,Bajío,47,45.62,2144.14
2024-01-14,Accesorios,Bajío,44,44.56,1960.64
2024-01-15,Accesorios,Bajío,42,43.17,1813.14
2024-01-16,Accesorios,Bajío,49,46.64,2285.36
2024-01-17,Accesorios,Bajío,57,45.69,2604.33
2024-01-18,Accesorios,Bajío,35,45.66,1598.1
2024-01-19,Accesorios,Bajío,43,47.82,2056.26
2024-01-20,Accesorios,Bajío,32,43.62,1395.84
2024-01-21,Accesorios,Bajío,66,44.4,2930.4
2024-01-22,Accesorios,Bajío,45,39.63,1783.35
2024-01-23,Accesorios,Bajío,54,46.07,2487.78
2024-01-24,Accesorios,Bajío,42,42.77,1796.34
2024-01-25,Accesorios,Bajío,32,45.38,1452.16
2024-01-26,Accesorios,Bajío,28,41.41,1159.48
2024-01-27,Accesorios,Bajío,41,45.33,1858.53
2024-01-28,Accesorios,Bajío,53,45.51,2412.03
2024-01-29,Accesorios,Bajío,52,44.67,2322.84
2024-01-30,Accesorios,Bajío,51,44.48,2268.48
2024-01-31,Accesorios,Bajío,49,43.61,2136.89
2024-02-01,Accesorios,Bajío,51,48.24,2460.24
2024-02-02,Accesorios,Bajío,40,42.8,1712.0
2024-02-03,Accesorios,Bajío,43,48.89,2102.27
2024-02-04,Accesorios,Bajío,49,44.41,2176.09
2024-02-05,Accesorios,Bajío,64,48.36,3095.04
2024-02-06,Accesorios,Bajío,56,45.23,2532.88
2024-02-07,Accesorios,Bajío,46,46.86,2155.56
2024-02-08,Accesorios,Bajío,31,42.46,1316.26
2024-02-09,Accesorios,Bajío,28,41.18,1153.04
2024-02-10,Accesorios,Bajío,43,48.02,2064.86
2024-02-11,Accesorios,Bajío,61,48.43,2954.23
2024-02-12,Accesorios,Bajío,58,43.3,2511.4
2024-02-13,Accesorios,Bajío,48,49.03,2353.44
2024-02-14,Accesorios,Bajío,56,40.69,2278.64
2024-02-15,Accesorios,Bajío,34,44.97,1528.98
2024-02-16,Accesorios,Bajío,43,43.71,1879.53
2024-02-17,Accesorios,Bajío,53,44.72,2370.16
2024-02-18,Accesorios,Bajío,52,47.9,2490.8
2024-02-19,Accesorios,Bajío,51,41.19,2100.69
2024-02-20,Accesorios,Bajío,43,45.53,1957.79
2024-02-21,Accesorios,Bajío,41,41.44,1699.04
2024-02-22,Accesorios,Bajío,33,43.11,1422.63
2024-02-23,Accesorios,Bajío,39,46.02,1794.78
2024-02-24,Accesorios,Bajío,51,45.06,2298.06
2024-02-25,Accesorios,Bajío,58,45.4,2633.2
2024-02-26,Accesorios,Bajío,67,42.0,2814.0
2024-02-27,Accesorios,Bajío,39,47.69,1859.91
2024-02-28,Accesorios,Bajío,41,43.23,1772.43
2024-02-29,Accesorios,Bajío,46,47.16,2169.36
2024-03-01,Accesorios,Bajío,42,44.71,1877.82
2024-03-02,Accesorios,Bajío,53,47.07,2494.71
2024-03-03,Accesorios,Bajío,39,49.06,1913.34
2024-03-04,Accesorios,Bajío,45,44.65,2009.25
2024-03-05,Accesorios,Bajío,44,49.34,2170.96
2024-03-06,Accesorios,Bajío,44,46.5,2046.0
2024-03-07,Accesorios,Bajío,36,45.62,1642.32
2024-03-08,Accesorios,Bajío,37,42.35,1566.95
2024-03-09,Accesorios,Bajío,51,43.85,2236.35
2024-03-10,Accesorios,Bajío,58,45.85,2659.3
2024-03-11,Accesorios,Bajío,58,44.35,2572.3
2024-03-12,Accesorios,Bajío,50,45.89,2294.5
2024-03-13,Accesorios,Bajío,39,45.77,1785.03
2024-03-14,Accesorios,Bajío,39,42.52,1658.28
2024-03-15,Accesorios,Bajío,33,43.88,1448.04
2024-03-16,Accesorios,Bajío,49,48.04,2353.96
2024-03-17,Accesorios,Bajío,44,43.87,1930.28
2024-03-18,Accesorios,Bajío,57,42.14,2401.98
2024-03-19,Accesorios,Bajío,52,43.1,2241.2
2024-03-20,Accesorios,Bajío,44,46.77,2057.88
2024-03-21,Accesorios,Bajío,47,43.84,2060.48
2024-03-22,Accesorios,Bajío,41,41.95,1719.95
2024-03-23,Accesorios,Bajío,38,44.2,1679.6
2024-03-24,Accesorios,Bajío,55,46.28,2545.4
2024-03-25,Accesorios,Bajío,53,43.3,2294.9
2024-03-26,Accesorios,Bajío,55,46.09,2534.95
2024-03-27,Accesorios,Bajío,37,45.74,1692.38
2024-03-28,Accesorios,Bajío,41,45.44,1863.04
2024-03-29,Accesorios,Bajío,35,42.96,1503.6
2024-03-30,Accesorios,Bajío,43,42.39,1822.77
2024-03-31,Accesorios,Bajío,46,47.55,2187.3
2024-04-01,Accesorios,Bajío,45,46.51,2092.95
2024-04-02,Accesorios,Bajío,39,45.75,1784.25
2024-04-03,Accesorios,Bajío,50,45.81,2290.5
2024-04-04,Accesorios,Bajío,37,46.63,1725.31
2024-04-05,Accesorios,Bajío,26,43.72,1136.72
2024-04-06,Accesorios,Bajío,42,47.19,1981.98
2024-04-07,Accesorios,Bajío,47,44.33,2083.51
2024-04-08,Accesorios,Bajío,42,44.53,1870.26
2024-04-09,Accesorios,Bajío,43,48.59,2089.37
2024-04-10,Accesorios,Bajío,42,46.47,1951.74
2024-04-11,Accesorios,Bajío,31,43.48,1347.88
2024-04-12,Accesorios,Bajío,35,46.17,1615.95
2024-04-13,Accesorios,Bajío,47,44.21,2077.87
2024-04-14,Accesorios,Bajío,43,45.01,1935.43
2024-04-15,Accesorios,Bajío,56,45.65,2556.4
2024-04-16,Accesorios,Bajío,40,41.24,1649.6
2024-04-17,Accesorios,Bajío,45,43.99,1979.55
2024-04-18,Accesorios,Bajío,28,44.25,1239.0
2024-04-19,Accesorios,Bajío,31,45.35,1405.85
2024-04-20,Accesorios,Bajío,41,41.88,1717.08
2024-04-21,Accesorios,Bajío,39,41.51,1618.89
2024-04-22,Accesorios,Bajío,56,45.35,2539.6
2024-04-23,Accesorios,Bajío,45,47.64,2143.8
2024-04-24,Accesorios,Bajío,38,45.64,1734.32
2024-04-25,Accesorios,Bajío,42,50.76,2131.92
2024-04-26,Accesorios,Bajío,26,44.63,1160.38
2024-04-27,Accesorios,Bajío,50,44.79,2239.5
2024-04-28,Accesorios,Bajío,40,43.31,1732.4
2024-04-29,Accesorios,Bajío,46,48.14,2214.44
2024-04-30,Accesorios,Bajío,38,43.38,1648.44
2024-05-01,Accesorios,Bajío,43,45.22,1944.46
2024-05-02,Accesorios,Bajío,33,39.77,1312.41
2024-05-03,Accesorios,Bajío,28,48.01,1344.28
2024-05-04,Accesorios,Bajío,43,46.77,2011.11
2024-05-05,Accesorios,Bajío,38,44.53,1692.14
2024-05-06,Accesorios,Bajío,51,44.62,2275.62
2024-05-07,Accesorios,Bajío,39,45.7,1782.3
2024-05-08,Accesorios,Bajío,27,49.62,1339.74
2024-05-09,Accesorios,Bajío,41,43.97,1802.77
2024-05-10,Accesorios,Bajío,34,45.79,1556.86
2024-05-11,Accesorios,Bajío,35,42.14,1474.9
2024-05-12,Accesorios,Bajío,44,47.22,2077.68
2024-05-13,Accesorios,Bajío,38,47.74,1814.12
2024-05-14,Accesorios,Bajío,36,43.07,1550.52
2024-05-15,Accesorios,Bajío,44,44.29,1948.76
2024-05-16,Accesorios,Bajío,29,47.93,1389.97
2024-05-17,Accesorios,Bajío,38,45.51,1729.38
2024-05-18,Accesorios,Bajío,44,41.7,1834.8
2024-05-19,Accesorios,Bajío,49,47.48,2326.52
2024-05-20,Accesorios,Bajío,45,44.17,1987.65
2024-05-21,Accesorios,Bajío,32,42.56,1361.92
2024-05-22,Accesorios,Bajío,32,46.57,1490.24
2024-05-23,Accesorios,Bajío,27,50.19,1355.13
2024-05-24,Accesorios,Bajío,28,45.26,1267.28
2024-05-25,Accesorios,Bajío,44,44.59,1961.96
2024-05-26,Accesorios,Bajío,48,41.35,1984.8
2024-05-27,Accesorios,Bajío,43,42.01,1806.43
2024-05-28,Accesorios,Bajío,44,40.24,1770.56
2024-05-29,Accesorios,Bajío,33,43.01,1419.33
2024-05-30,Accesorios,Bajío,22,43.22,950.84
2024-05-31,Accesorios,Bajío,25,43.12,1078.0
2024-06-01,Accesorios,Bajío,44,44.4,1953.6
2024-06-02,Accesorios,Bajío,34,44.86,1525.24
2024-06-03,Accesorios,Bajío,36,42.53,1531.08
2024-06-04,Accesorios,Bajío,35,44.72,1565.2
2024-06-05,Accesorios,Bajío,29,46.39,1345.31
2024-06-06,Accesorios,Bajío,26,47.27,1229.02
2024-06-07,Accesorios,Bajío,35,46.02,1610.7
2024-06-08,Accesorios,Bajío,30,48.05,1441.5
2024-06-09,Accesorios,Bajío,26,41.64,1082.64
2024-06-10,Accesorios,Bajío,36,38.31,1379.16
2024-06-11,Accesorios,Bajío,31,46.2,1432.2
2024-06-12,Accesorios,Bajío,25,48.5,1212.5
2024-06-13,Accesorios,Bajío,26,41.6,1081.6
2024-06-14,Accesorios,Bajío,23,44.43,1021.89
2024-06-15,Accesorios,Bajío,26,43.96,1142.96
2024-06-16,Accesorios,Bajío,33,48.81,1610.73
2024-06-17,Accesorios,Bajío,35,46.12,1614.2
2024-06-18,Accesorios,Bajío,28,44.6,1248.8
2024-06-19,Accesorios,Bajío,30,47.51,1425.3
2024-06-20,Accesorios,Bajío,25,45.4,1135.0
2024-06-21,Accesorios,Bajío,22,43.23,951.06
2024-06-22,Accesorios,Bajío,31,47.56,1474.36
2024-06-23,Accesorios,Bajío,30,41.53,1245.9
2024-06-24,Accesorios,Bajío,39,44.4,1731.6
2024-06-25,Accesorios,Bajío,27,44.24,1194.48
2024-06-26,Accesorios,Bajío,24,50.45,1210.8
2024-06-27,Accesorios,Bajío,21,41.39,869.19
2024-06-28,Accesorios,Bajío,26,42.61,1107.86
2024-06-29,Accesorios,Bajío,29,46.9,1360.1
2024-06-30,Accesorios,Bajío,28,43.18,1209.04
2024-07-01,Accesorios,Bajío,34,45.72,1554.48
2024-07-02,Accesorios,Bajío,27,44.33,1196.91
2024-07-03,Accesorios,Bajío,25,43.34,1083.5
2024-07-04,Accesorios,Bajío,21,45.26,950.46
2024-07-05,Accesorios,Bajío,22,46.33,1019.26
2024-07-06,Accesorios,Bajío,32,43.01,1376.32
2024-07-07,Accesorios,Bajío,36,42.27,1521.72
2024-07-08,Accesorios,Bajío,26,44.32,1152.32
2024-07-09,Accesorios,Bajío,39,43.69,1703.91
2024-07-10,Accesorios,Bajío,28,46.26,1295.28
2024-07-11,Accesorios,Bajío,24,45.26,1086.24
2024-07-12,Accesorios,Bajío,19,45.82,870.58
2024-07-13,Accesorios,Bajío,23,44.88,1032.24
2024-07-14,Accesorios,Bajío,33,43.65,1440.45
2024-07-15,Accesorios,Bajío,36,48.36,1740.96
2024-07-16,Accesorios,Bajío,26,45.61,1185.86
2024-07-17,Accesorios,Bajío,18,41.35,744.3
2024-07-18,Accesorios,Bajío,26,45.94,1194.44
2024-07-19,Accesorios,Bajío,24,41.85,1004.4
2024-07-20,Accesorios,Bajío,29,45.88,1330.52
2024-07-21,Accesorios,Bajío,28,48.0,1344.0
2024-07-22,Accesorios,Bajío,30,45.36,1360.8
2024-07-23,Accesorios,Bajío,30,49.84,1495.2
2024-07-24,Accesorios,Bajío,25,41.88,1047.0
2024-07-25,Accesorios,Bajío,19,46.92,891.48
2024-07-26,Accesorios,Bajío,24,44.32,1063.68
2024-07-27,Accesorios,Bajío,26,42.58,1107.08
2024-07-28,Accesorios,Bajío,25,48.46,1211.5
2024-07-29,Accesorios,Bajío,32,44.48,1423.36
2024-07-30,Accesorios,Bajío,23,45.02,1035.46
2024-07-31,Accesorios,Bajío,29,44.92,1302.68
2024-08-01,Accesorios,Bajío,16,50.77,812.32
2024-08-02,Accesorios,Bajío,20,46.58,931.6
2024-08-03,Accesorios,Bajío,21,47.64,1000.44
2024-08-04,Accesorios,Bajío,32,43.08,1378.56
2024-08-05,Accesorios,Bajío,28,42.88,1200.64
2024-08-06,Accesorios,Bajío,24,43.39,1041.36
2024-08-07,Accesorios,Bajío,21,44.05,925.05
2024-08-08,Accesorios,Bajío,20,42.64,852.8
2024-08-09,Accesorios,Bajío,24,44.31,1063.44
2024-08-10,Accesorios,Bajío,29,47.85,1387.65
2024-08-11,Accesorios,Bajío,29,45.15,1309.35
2024-08-12,Accesorios,Bajío,31,40.61,1258.91
2024-08-13,Accesorios,Bajío,20,48.23,964.6
2024-08-14,Accesorios,Bajío,25,41.43,1035.75
2024-08-15,Accesorios,Bajío,20,47.72,954.4
2024-08-16,Accesorios,Bajío,24,44.79,1074.96
2024-08-17,Accesorios,Bajío,23,50.93,1171.39
2024-08-18,Accesorios,Bajío,23,48.79,1122.17
2024-08-19,Accesorios,Bajío,24,46.48,1115.52
2024-08-20,Accesorios,Bajío,28,44.91,1257.48
2024-08-21,Accesorios,Bajío,25,48.34,1208.5
2024-08-22,Accesorios,Bajío,23,45.32,1042.36
2024-08-23,Accesorios,Bajío,26,46.28,1203.28
2024-08-24,Accesorios,Bajío,25,45.43,1135.75
2024-08-25,Accesorios,Bajío,28,43.47,1217.16
2024-08-26,Accesorios,Bajío,30,45.79,1373.7
2024-08-27,Accesorios,Bajío,28,43.22,1210.16
2024-08-28,Accesorios,Bajío,23,46.7,1074.1
2024-08-29,Accesorios,Bajío,18,45.0,810.0
2024-08-30,Accesorios,Bajío,22,43.78,963.16
2024-08-31,Accesorios,Bajío,24,43.47,1043.28
2024-09-01,Accesorios,Bajío,27,48.86,1319.22
2024-09-02,Accesorios,Bajío,38,42.54,1616.52
2024-09-03,Accesorios,Bajío,32,45.71,1462.72
2024-09-04,Accesorios,Bajío,34,42.35,1439.9
2024-09-05,Accesorios,Bajío,22,46.0,1012.0
2024-09-06,Accesorios,Bajío,25,44.25,1106.25
2024-09-07,Accesorios,Bajío,26,45.19,1174.94
2024-09-08,Accesorios,Bajío,33,44.05,1453.65
2024-09-09,Accesorios,Bajío,33,40.31,1330.23
2024-09-10,Accesorios,Bajío,36,45.79,1648.44
2024-09-11,Accesorios,Bajío,25,45.62,1140.5
2024-09-12,Accesorios,Bajío,18,42.59,766.62
2024-09-13,Accesorios,Bajío,23,45.14,1038.22
2024-09-14,Accesorios,Bajío,26,45.64,1186.64
2024-09-15,Accesorios,Bajío,36,45.87,1651.32
2024-09-16,Accesorios,Bajío,34,45.14,1534.76
2024-09-17,Accesorios,Bajío,32,43.4,1388.8
2024-09-18,Accesorios,Bajío,24,46.78,1122.72
2024-09-19,Accesorios,Bajío,24,45.75,1098.0
2024-09-20,Accesorios,Bajío,27,40.63,1097.01
2024-09-21,Accesorios,Bajío,28,43.98,1231.44
2024-09-22,Accesorios,Bajío,29,46.47,1347.63
2024-09-23,Accesorios,Bajío,33,48.84,1611.72
2024-09-24,Accesorios,Bajío,31,45.47,1409.57
2024-09-25,Accesorios,Bajío,24,42.11,1010.64
2024-09-26,Accesorios,Bajío,24,41.22,989.28
2024-09-27,Accesorios,Bajío,23,45.18,1039.14
2024-09-28,Accesorios,Bajío,26,44.62,1160.12
2024-09-29,Accesorios,Bajío,27,45.82,1237.14
2024-09-30,Accesorios,Bajío,35,42.5,1487.5
2024-10-01,Accesorios,Bajío,31,45.51,1410.81
2024-10-02,Accesorios,Bajío,27,44.8,1209.6
2024-10-03,Accesorios,Bajío,22,42.88,943.36
2024-10-04,Accesorios,Bajío,20,48.57,971.4
2024-10-05,Accesorios,Bajío,27,46.94,1267.38
2024-10-06,Accesorios,Bajío,37,44.7,1653.9
2024-10-07,Accesorios,Bajío,40,41.97,1678.8
2024-10-08,Accesorios,Bajío,35,46.1,1613.5
2024-10-09,Accesorios,Bajío,25,43.46,1086.5
2024-10-10,Accesorios,Bajío,29,46.49,1348.21
2024-10-11,Accesorios,Bajío,22,45.92,1010.24
2024-10-12,Accesorios,Bajío,23,42.69,981.87
2024-10-13,Accesorios,Bajío,29,44.93,1302.97
2024-10-14,Accesorios,Bajío,32,47.19,1510.08
2024-10-15,Accesorios,Bajío,36,41.46,1492.56
2024-10-16,Accesorios,Bajío,29,45.76,1327.04
2024-10-17,Accesorios,Bajío,35,48.76,1706.6
2024-10-18,Accesorios,Bajío,24,42.55,1021.2
2024-10-19,Accesorios,Bajío,41,41.08,1684.28
2024-10-20,Accesorios,Bajío,34,51.08,1736.72
2024-10-21,Accesorios,Bajío,40,39.77,1590.8
2024-10-22,Accesorios,Bajío,34,44.82,1523.88
2024-10-23,Accesorios,Bajío,27,47.68,1287.36
2024-10-24,Accesorios,Bajío,30,48.03,1440.9
2024-10-25,Accesorios,Bajío,27,45.67,1233.09
2024-10-26,Accesorios,Bajío,28,48.38,1354.64
2024-10-27,Accesorios,Bajío,41,44.48,1823.68
2024-10-28,Accesorios,Bajío,38,43.94,1669.72
2024-10-29,Accesorios,Bajío,29,45.31,1313.99
2024-10-30,Accesorios,Bajío,34,45.91,1560.94
2024-10-31,Accesorios,Bajío,30,46.02,1380.6
2024-11-01,Accesorios,Bajío,28,42.85,1199.8
2024-11-02,Accesorios,Bajío,37,45.2,1672.4
2024-11-03,Accesorios,Bajío,40,42.62,1704.8
2024-11-04,Accesorios,Bajío,50,44.63,2231.5
2024-11-05,Accesorios,Bajío,44,46.33,2038.52
2024-11-06,Accesorios,Bajío,22,46.21,1016.62
2024-11-07,Accesorios,Bajío,24,49.4,1185.6
2024-11-08,Accesorios,Bajío,28,43.84,1227.52
2024-11-09,Accesorios,Bajío,37,47.37,1752.69
2024-11-10,Accesorios,Bajío,48,49.54,2377.92
2024-11-11,Accesorios,Bajío,43,50.2,2158.6
2024-11-12,Accesorios,Bajío,41,47.37,1942.17
2024-11-13,Accesorios,Bajío,32,41.86,1339.52
2024-11-14,Accesorios,Bajío,38,42.77,1625.26
2024-11-15,Accesorios,Bajío,54,43.05,2324.7
2024-11-16,Accesorios,Bajío,75,45.31,3398.25
2024-11-17,Accesorios,Bajío,80,49.31,3944.8
2024-11-18,Accesorios,Bajío,59,44.68,2636.12
2024-11-19,Accesorios,Bajío,90,43.29,3896.1
2024-11-20,Accesorios,Bajío,74,47.77,3534.98
2024-11-21,Accesorios,Bajío,63,43.92,2766.96
2024-11-22,Accesorios,Bajío,45,47.3,2128.5
2024-11-23,Accesorios,Bajío,64,44.19,2828.16
2024-11-24,Accesorios,Bajío,85,47.05,3999.25
2024-11-25,Accesorios,Bajío,103,45.61,4697.83
2024-11-26,Accesorios,Bajío,82,44.34,3635.88
2024-11-27,Accesorios,Bajío,67,41.79,2799.93
2024-11-28,Accesorios,Bajío,68,45.11,3067.48
2024-11-29,Accesorios,Bajío,74,42.13,3117.62
2024-11-30,Accesorios,Bajío,68,45.84,3117.12
2024-12-01,Accesorios,Bajío,71,47.12,3345.52
2024-12-02,Accesorios,Bajío,83,46.28,3841.24
2024-12-03,Accesorios,Bajío,74,44.9,3322.6
2024-12-04,Accesorios,Bajío,50,44.87,2243.5
2024-12-05,Accesorios,Bajío,51,46.63,2378.13
2024-12-06,Accesorios,Bajío,61,43.63,2661.43
2024-12-07,Accesorios,Bajío,60,45.43,2725.8
2024-12-08,Accesorios,Bajío,68,41.89,2848.52
2024-12-09,Accesorios,Bajío,66,43.35,2861.1
2024-12-10,Accesorios,Bajío,74,45.57,3372.18
2024-12-11,Accesorios,Bajío,60,41.99,2519.4
2024-12-12,Accesorios,Bajío,63,45.45,2863.35
2024-12-13,Accesorios,Bajío,45,46.46,2090.7
2024-12-14,Accesorios,Bajío,65,43.42,2822.3
2024-12-15,Accesorios,Bajío,78,45.76,3569.28
2024-12-16,Accesorios,Bajío,85,41.95,3565.75
2024-12-17,Accesorios,Bajío,69,46.02,3175.38
2024-12-18,Accesorios,Bajío,74,43.96,3253.04
2024-12-19,Accesorios,Bajío,55,42.82,2355.1
2024-12-20,Accesorios,Bajío,69,44.18,3048.42
2024-12-21,Accesorios,Bajío,50,42.32,2116.0
2024-12-22,Accesorios,Bajío,72,46.72,3363.84
2024-12-23,Accesorios,Bajío,93,45.28,4211.04
2024-12-24,Accesorios,Bajío,83,47.33,3928.39
2024-12-25,Accesorios,Bajío,39,40.93,1596.27
2024-12-26,Accesorios,Bajío,54,47.01,2538.54
2024-12-27,Accesorios,Bajío,52,41.32,2148.64
2024-12-28,Accesorios,Bajío,46,44.87,2064.02
2024-12-29,Accesorios,Bajío,61,50.39,3073.79
2024-12-30,Accesorios,Bajío,58,41.41,2401.78
2023-01-01,Gaming,Norte,24,576.07,13825.68
2023-01-02,Gaming,Norte,22,669.47,14728.34
2023-01-03,Gaming,Norte,20,621.42,12428.4
2023-01-04,Gaming,Norte,24,621.25,14910.0
2023-01-05,Gaming,Norte,22,698.16,15359.52
2023-01-06,Gaming,Norte,17,608.73,10348.41
2023-01-07,Gaming,Norte,33,599.23,19774.59
2023-01-08,Gaming,Norte,28,599.64,16789.92
2023-01-09,Gaming,Norte,27,599.58,16188.66
2023-01-10,Gaming,Norte,29,624.09,18098.61
2023-01-11,Gaming,Norte,22,644.44,14177.68
2023-01-12,Gaming,Norte,22,636.65,14006.3
2023-01-13,Gaming,Norte,27,675.59,18240.93
2023-01-14,Gaming,Norte,28,661.82,18530.96
2023-01-15,Gaming,Norte,30,654.38,19631.4
2023-01-16,Gaming,Norte,27,658.59,17781.93
2023-01-17,Gaming,Norte,25,666.51,16662.75
2023-01-18,Gaming,Norte,19,642.55,12208.45
2023-01-19,Gaming,Norte,20,699.79,13995.8
2023-01-20,Gaming,Norte,25,626.06,15651.5
2023-01-21,Gaming,Norte,28,628.6,17600.8
2023-01-22,Gaming,Norte,33,618.83,20421.39
2023-01-23,Gaming,Norte,35,620.46,21716.1
2023-01-24,Gaming,Norte,25,608.14,15203.5
2023-01-25,Gaming,Norte,23,609.49,14018.27
2023-01-26,Gaming,Norte,27,641.11,17309.97
2023-01-27,Gaming,Norte,17,640.34,10885.78
2023-01-28,Gaming,Norte,25,631.06,15776.5
2023-01-29,Gaming,Norte,30,620.16,18604.8
2023-01-30,Gaming,Norte,33,689.69,22759.77
2023-01-31,Gaming,Norte,18,696.84,12543.12
2023-02-01,Gaming,Norte,26,670.27,17427.02
2023-02-02,Gaming,Norte,21,657.52,13807.92
2023-02-03,Gaming,Norte,32,696.93,22301.76
2023-02-04,Gaming,Norte,33,657.95,21712.35
2023-02-05,Gaming,Norte,29,603.23,17493.67
2023-02-06,Gaming,Norte,31,615.92,19093.52
2023-02-07,Gaming,Norte,38,650.76,24728.88
2023-02-08,Gaming,Norte,29,669.48,19414.92
2023-02-09,Gaming,Norte,27,691.16,18661.32
2023-02-10,Gaming,Norte,17,690.35,11735.95
2023-02-11,Gaming,Norte,28,678.07,18985.96
2023-02-12,Gaming,Norte,27,681.98,18413.46
2023-02-13,Gaming,Norte,30,638.02,19140.6
2023-02-14,Gaming,Norte,29,636.45,18457.05
2023-02-15,Gaming,Norte,22,634.35,13955.7
2023-02-16,Gaming,Norte,32,651.33,20842.56
2023-02-17,Gaming,Norte,24,674.42,16186.08
2023-02-18,Gaming,Norte,18,753.44,13561.92
2023-02-19,Gaming,Norte,30,635.94,19078.2
2023-02-20,Gaming,Norte,40,628.89,25155.6
2023-02-21,Gaming,Norte,34,670.97,22812.98
2023-02-22,Gaming,Norte,22,635.89,13989.58
2023-02-23,Gaming,Norte,19,692.1,13149.9
2023-02-24,Gaming,Norte,18,696.77,12541.86
2023-02-25,Gaming,Norte,29,711.54,20634.66
2023-02-26,Gaming,Norte,31,665.49,20630.19
2023-02-27,Gaming,Norte,34,701.77,23860.18
2023-02-28,Gaming,Norte,26,608.71,15826.46
2023-03-01,Gaming,Norte,26,693.09,18020.34
2023-03-02,Gaming,Norte,21,676.89,14214.69
2023-03-03,Gaming,Norte,23,658.44,15144.12
2023-03-04,Gaming,Norte,28,644.57,18047.96
2023-03-05,Gaming,Norte,29,557.29,16161.41
2023-03-06,Gaming,Norte,30,673.91,20217.3
2023-03-07,Gaming,Norte,28,632.93,17722.04
2023-03-08,Gaming,Norte,22,639.57,14070.54
2023-03-09,Gaming,Norte,29,658.28,19090.12
2023-03-10,Gaming,Norte,22,661.88,14561.36
2023-03-11,Gaming,Norte,20,625.32,12506.4
2023-03-12,Gaming,Norte,40,623.49,24939.6
2023-03-13,Gaming,Norte,25,619.53,15488.25
2023-03-14,Gaming,Norte,24,653.4,15681.6
2023-03-15,Gaming,Norte,29,689.1,19983.9
2023-03-16,Gaming,Norte,24,656.17,15748.08
2023-03-17,Gaming,Norte,19,660.53,12550.07
2023-03-18,Gaming,Norte,25,643.24,16081.0
2023-03-19,Gaming,Norte,30,635.17,19055.1
2023-03-20,Gaming,Norte,36,629.31,22655.16
2023-03-21,Gaming,Norte,33,637.36,21032.88
2023-03-22,Gaming,Norte,23,604.12,13894.76
2023-03-23,Gaming,Norte,19,693.03,13167.57
2023-03-24,Gaming,Norte,24,659.01,15816.24
2023-03-25,Gaming,Norte,28,657.02,18396.56
2023-03-26,Gaming,Norte,34,662.69,22531.46
2023-03-27,Gaming,Norte,35,636.66,22283.1
2023-03-28,Gaming,Norte,38,660.54,25100.52
2023-03-29,Gaming,Norte,26,629.15,16357.9
2023-03-30,Gaming,Norte,22,633.3,13932.6
2023-03-31,Gaming,Norte,22,649.28,14284.16
2023-04-01,Gaming,Norte,21,652.36,13699.56
2023-04-02,Gaming,Norte,32,698.35,22347.2
2023-04-03,Gaming,Norte,24,620.28,14886.72
2023-04-04,Gaming,Norte,26,618.75,16087.5
2023-04-05,Gaming,Norte,25,635.83,15895.75
2023-04-06,Gaming,Norte,16,683.73,10939.68
2023-04-07,Gaming,Norte,26,659.56,17148.56
2023-04-08,Gaming,Norte,19,723.4,13744.6
2023-04-09,Gaming,Norte,35,647.88,22675.8
2023-04-10,Gaming,Norte,30,662.24,19867.2
2023-04-11,Gaming,Norte,30,652.88,19586.4
2023-04-12,Gaming,Norte,22,659.08,14499.76
2023-04-13,Gaming,Norte,17,625.38,10631.46
2023-04-14,Gaming,Norte,24,652.89,15669.36
2023-04-15,Gaming,Norte,23,613.44,14109.12
2023-04-16,Gaming,Norte,25,661.26,16531.5
2023-04-17,Gaming,Norte,37,664.42,24583.54
2023-04-18,Gaming,Norte,29,643.53,18662.37
2023-04-19,Gaming,Norte,25,628.59,15714.75
2023-04-20,Gaming,Norte,14,625.63,8758.82
2023-04-21,Gaming,Norte,23,619.37,14245.51
2023-04-22,Gaming,Norte,21,626.37,13153.77
2023-04-23,Gaming,Norte,27,731.21,19742.67
2023-04-24,Gaming,Norte,31,659.35,20439.85
2023-04-25,Gaming,Norte,25,641.97,16049.25
2023-04-26,Gaming,Norte,18,626.38,11274.84
2023-04-27,Gaming,Norte,21,645.14,13547.94
2023-04-28,Gaming,Norte,19,669.13,12713.47
2023-04-29,Gaming,Norte,34,667.29,22687.86
2023-04-30,Gaming,Norte,28,681.36,19078.08
2023-05-01,Gaming,Norte,28,682.91,19121.48
2023-05-02,Gaming,Norte,24,649.37,15584.88
2023-05-03,Gaming,Norte,20,627.23,12544.6
2023-05-04,Gaming,Norte,22,642.22,14128.84
2023-05-05,Gaming,Norte,19,675.56,12835.64
2023-05-06,Gaming,Norte,20,628.72,12574.4
2023-05-07,Gaming,Norte,26,718.38,18677.88
2023-05-08,Gaming,Norte,29,627.68,18202.72
2023-05-09,Gaming,Norte,20,666.48,13329.6
2023-05-10,Gaming,Norte,22,659.51,14509.22
2023-05-11,Gaming,Norte,17,675.92,11490.64
2023-05-12,Gaming,Norte,17,583.26,9915.42
2023-05-13,Gaming,Norte,24,680.93,16342.32
2023-05-14,Gaming,Norte,33,638.11,21057.63
2023-05-15,Gaming,Norte,29,622.38,18049.02
2023-05-16,Gaming,Norte,21,681.46,14310.66
2023-05-17,Gaming,Norte,19,591.07,11230.33
2023-05-18,Gaming,Norte,18,712.39,12823.02
2023-05-19,Gaming,Norte,18,656.75,11821.5
2023-05-20,Gaming,Norte,18,645.21,11613.78
2023-05-21,Gaming,Norte,23,608.91,14004.93
2023-05-22,Gaming,Norte,26,641.29,16673.54
2023-05-23,Gaming,Norte,25,688.11,17202.75
2023-05-24,Gaming,Norte,21,658.48,13828.08
2023-05-25,Gaming,Norte,20,668.26,13365.2
2023-05-26,Gaming,Norte,14,682.82,9559.48
2023-05-27,Gaming,Norte,19,622.34,11824.46
2023-05-28,Gaming,Norte,32,597.3,19113.6
2023-05-29,Gaming,Norte,21,617.48,12967.08
2023-05-30,Gaming,Norte,19,649.04,12331.76
2023-05-31,Gaming,Norte,15,642.25,9633.75
2023-06-01,Gaming,Norte,14,641.73,8984.22
2023-06-02,Gaming,Norte,19,666.71,12667.49
2023-06-03,Gaming,Norte,24,636.03,15264.72
2023-06-04,Gaming,Norte,21,615.52,12925.92
2023-06-05,Gaming,Norte,23,617.98,14213.54
2023-06-06,Gaming,Norte,25,669.95,16748.75
2023-06-07,Gaming,Norte,20,684.82,13696.4
2023-06-08,Gaming,Norte,21,695.59,14607.39
2023-06-09,Gaming,Norte,18,634.56,11422.08
2023-06-10,Gaming,Norte,21,655.72,13770.12
2023-06-11,Gaming,Norte,26,665.33,17298.58
2023-06-12,Gaming,Norte,25,659.41,16485.25
2023-06-13,Gaming,Norte,19,668.22,12696.18
2023-06-14,Gaming,Norte,16,672.63,10762.08
2023-06-15,Gaming,Norte,20,625.15,12503.0
2023-06-16,Gaming,Norte,18,629.82,11336.76
2023-06-17,Gaming,Norte,20,663.87,13277.4
2023-06-18,Gaming,Norte,22,617.74,13590.28
2023-06-19,Gaming,Norte,21,629.77,13225.17
2023-06-20,Gaming,Norte,18,655.04,11790.72
2023-06-21,Gaming,Norte,15,634.02,9510.3
2023-06-22,Gaming,Norte,14,661.53,9261.42
2023-06-23,Gaming,Norte,16,627.17,10034.72
2023-06-24,Gaming,Norte,16,572.58,9161.28
2023-06-25,Gaming,Norte,20,659.53,13190.6
2023-06-26,Gaming,Norte,21,647.63,13600.23
2023-06-27,Gaming,Norte,19,690.83,13125.77
2023-06-28,Gaming,Norte,17,637.87,10843.79
2023-06-29,Gaming,Norte,14,652.67,9137.38
2023-06-30,Gaming,Norte,15,636.9,9553.5
2023-07-01,Gaming,Norte,20,626.99,12539.8
2023-07-02,Gaming,Norte,22,634.28,13954.16
2023-07-03,Gaming,Norte,15,618.06,9270.9
2023-07-04,Gaming,Norte,19,654.0,12426.0
2023-07-05,Gaming,Norte,19,653.33,12413.27
2023-07-06,Gaming,Norte,18,618.6,11134.8
2023-07-07,Gaming,Norte,11,677.26,7449.86
2023-07-08,Gaming,Norte,16,626.26,10020.16
2023-07-09,Gaming,Norte,20,649.18,12983.6
2023-07-10,Gaming,Norte,22,676.88,14891.36
2023-07-11,Gaming,Norte,15,691.83,10377.45
2023-07-12,Gaming,Norte,15,573.02,8595.3
2023-07-13,Gaming,Norte,16,677.92,10846.72
2023-07-14,Gaming,Norte,15,657.66,9864.9
2023-07-15,Gaming,Norte,18,665.52,11979.36
2023-07-16,Gaming,Norte,23,633.92,14580.16
2023-07-17,Gaming,Norte,18,672.7,12108.6
2023-07-18,Gaming,Norte,19,684.02,12996.38
2023-07-19,Gaming,Norte,16,668.15,10690.4
2023-07-20,Gaming,Norte,18,677.01,12186.18
2023-07-21,Gaming,Norte,13,710.69,9238.97
2023-07-22,Gaming,Norte,19,694.87,13202.53
2023-07-23,Gaming,Norte,17,628.0,10676.0
2023-07-24,Gaming,Norte,19,672.37,12775.03
2023-07-25,Gaming,Norte,16,685.46,10967.36
2023-07-26,Gaming,Norte,11,659.61,7255.71
2023-07-27,Gaming,Norte,13,670.55,8717.15
2023-07-28,Gaming,Norte,17,599.55,10192.35
2023-07-29,Gaming,Norte,19,647.59,12304.21
2023-07-30,Gaming,Norte,15,640.67,9610.05
2023-07-31,Gaming,Norte,13,618.23,8036.99
2023-08-01,Gaming,Norte,14,680.83,9531.62
2023-08-02,Gaming,Norte,11,610.66,6717.26
2023-08-03,Gaming,Norte,11,679.66,7476.26
2023-08-04,Gaming,Norte,12,644.59,7735.08
2023-08-05,Gaming,Norte,16,686.68,10986.88
2023-08-06,Gaming,Norte,20,662.13,13242.6
2023-08-07,Gaming,Norte,20,654.33,13086.6
2023-08-08,Gaming,Norte,11,648.34,7131.74
2023-08-09,Gaming,Norte,13,634.58,8249.54
2023-08-10,Gaming,Norte,10,657.02,6570.2
2023-08-11,Gaming,Norte,17,582.67,9905.39
2023-08-12,Gaming,Norte,16,639.8,10236.8
2023-08-13,Gaming,Norte,13,670.29,8713.77
2023-08-14,Gaming,Norte,19,646.66,12286.54
2023-08-15,Gaming,Norte,13,678.69,8822.97
2023-08-16,Gaming,Norte,15,623.86,9357.9
2023-08-17,Gaming,Norte,10,617.09,6170.9
2023-08-18,Gaming,Norte,13,653.9,8500.7
2023-08-19,Gaming,Norte,10,630.24,6302.4
2023-08-20,Gaming,Norte,21,668.3,14034.3
2023-08-21,Gaming,Norte,21,634.29,13320.09
2023-08-22,Gaming,Norte,17,656.56,11161.52
2023-08-23,Gaming,Norte,14,571.73,8004.22
2023-08-24,Gaming,Norte,13,639.58,8314.54
2023-08-25,Gaming,Norte,12,639.9,7678.8
2023-08-26,Gaming,Norte,13,593.24,7712.12
2023-08-27,Gaming,Norte,16,657.43,10518.88
2023-08-28,Gaming,Norte,19,645.77,12269.63
2023-08-29,Gaming,Norte,17,622.75,10586.75
2023-08-30,Gaming,Norte,13,691.78,8993.14
2023-08-31,Gaming,Norte,14,617.65,8647.1
2023-09-01,Gaming,Norte,13,679.49,8833.37
2023-09-02,Gaming,Norte,17,646.46,10989.82
2023-09-03,Gaming,Norte,17,680.48,11568.16
2023-09-04,Gaming,Norte,19,668.25,12696.75
2023-09-05,Gaming,Norte,19,586.55,11144.45
2023-09-06,Gaming,Norte,11,616.6,6782.6
2023-09-07,Gaming,Norte,10,622.96,6229.6
2023-09-08,Gaming,Norte,12,725.88,8710.56
2023-09-09,Gaming,Norte,18,683.31,12299.58
2023-09-10,Gaming,Norte,18,697.97,12563.46
2023-09-11,Gaming,Norte,21,613.32,12879.72
2023-09-12,Gaming,Norte,15,656.58,9848.7
2023-09-13,Gaming,Norte,14,626.21,8766.94
2023-09-14,Gaming,Norte,15,701.49,10522.35
2023-09-15,Gaming,Norte,11,666.23,7328.53
2023-09-16,Gaming,Norte,17,642.56,10923.52
2023-09-17,Gaming,Norte,18,628.59,11314.62
2023-09-18,Gaming,Norte,21,671.85,14108.85
2023-09-19,Gaming,Norte,19,661.71,12572.49
2023-09-20,Gaming,Norte,13,639.5,8313.5
2023-09-21,Gaming,Norte,10,625.55,6255.5
2023-09-22,Gaming,Norte,12,671.61,8059.32
2023-09-23,Gaming,Norte,15,648.77,9731.55
2023-09-24,Gaming,Norte,21,628.75,13203.75
2023-09-25,Gaming,Norte,20,657.25,13145.0
2023-09-26,Gaming,Norte,16,674.18,10786.88
2023-09-27,Gaming,Norte,15,650.36,9755.4
2023-09-28,Gaming,Norte,16,671.3,10740.8
2023-09-29,Gaming,Norte,16,621.5,9944.0
2023-09-30,Gaming,Norte,17,698.19,11869.23
2023-10-01,Gaming,Norte,19,622.76,11832.44
2023-10-02,Gaming,Norte,19,668.27,12697.13
2023-10-03,Gaming,Norte,22,646.04,14212.88
2023-10-04,Gaming,Norte,15,619.62,9294.3
2023-10-05,Gaming,Norte,11,638.16,7019.76
2023-10-06,Gaming,Norte,13,706.96,9190.48
2023-10-07,Gaming,Norte,18,618.53,11133.54
2023-10-08,Gaming,Norte,26,618.72,16086.72
2023-10-09,Gaming,Norte,24,621.72,14921.28
2023-10-10,Gaming,Norte,18,682.29,12281.22
2023-10-11,Gaming,Norte,16,655.9,10494.4
2023-10-12,Gaming,Norte,14,636.87,8916.18
2023-10-13,Gaming,Norte,18,640.63,11531.34
2023-10-14,Gaming,Norte,27,635.52,17159.04
2023-10-15,Gaming,Norte,16,643.65,10298.4
2023-10-16,Gaming,Norte,25,615.25,15381.25
2023-10-17,Gaming,Norte,25,605.48,15137.0
2023-10-18,Gaming,Norte,15,657.51,9862.65
2023-10-19,Gaming,Norte,15,629.86,9447.9
2023-10-20,Gaming,Norte,17,663.47,11278.99
2023-10-21,Gaming,Norte,18,655.46,11798.28
2023-10-22,Gaming,Norte,25,687.83,17195.75
2023-10-23,Gaming,Norte,28,655.08,18342.24
2023-10-24,Gaming,Norte,22,669.22,14722.84
2023-10-25,Gaming,Norte,15,631.96,9479.4
2023-10-26,Gaming,Norte,17,595.03,10115.51
2023-10-27,Gaming,Norte,19,641.51,12188.69
2023-10-28,Gaming,Norte,19,632.85,12024.15
2023-10-29,Gaming,Norte,24,618.42,14842.08
2023-10-30,Gaming,Norte,20,677.21,13544.2
2023-10-31,Gaming,Norte,23,639.48,14708.04
2023-11-01,Gaming,Norte,19,660.89,12556.91
2023-11-02,Gaming,Norte,21,612.65,12865.65
2023-11-03,Gaming,Norte,13,656.14,8529.82
2023-11-04,Gaming,Norte,24,681.04,16344.96
2023-11-05,Gaming,Norte,21,714.7,15008.7
2023-11-06,Gaming,Norte,29,604.9,17542.1
2023-11-07,Gaming,Norte,19,659.63,12532.97
2023-11-08,Gaming,Norte,19,603.86,11473.34
2023-11-09,Gaming,Norte,15,609.93,9148.95
2023-11-10,Gaming,Norte,23,659.05,15158.15
2023-11-11,Gaming,Norte,17,663.2,11274.4
2023-11-12,Gaming,Norte,30,674.7,20241.0
2023-11-13,Gaming,Norte,29,645.51,18719.79
2023-11-14,Gaming,Norte,25,688.6,17215.0
2023-11-15,Gaming,Norte,27,674.59,18213.93
2023-11-16,Gaming,Norte,37,647.53,23958.61
2023-11-17,Gaming,Norte,27,673.24,18177.48
2023-11-18,Gaming,Norte,45,638.42,28728.9
2023-11-19,Gaming,Norte,49,685.34,33581.66
2023-11-20,Gaming,Norte,44,658.44,28971.36
2023-11-21,Gaming,Norte,36,641.91,23108.76
2023-11-22,Gaming,Norte,31,626.67,19426.77
2023-11-23,Gaming,Norte,30,642.94,19288.2
2023-11-24,Gaming,Norte,40,660.28,26411.2
2023-11-25,Gaming,Norte,44,650.02,28600.88
2023-11-26,Gaming,Norte,45,673.22,30294.9
2023-11-27,Gaming,Norte,39,639.61,24944.79
2023-11-28,Gaming,Norte,55,667.57,36716.35
2023-11-29,Gaming,Norte,42,573.0,24066.0
2023-11-30,Gaming,Norte,34,641.13,21798.42
2023-12-01,Gaming,Norte,35,638.96,22363.6
2023-12-02,Gaming,Norte,30,585.07,17552.1
2023-12-03,Gaming,Norte,42,681.76,28633.92
2023-12-04,Gaming,Norte,33,648.92,21414.36
2023-12-05,Gaming,Norte,35,665.58,23295.3
2023-12-06,Gaming,Norte,30,636.87,19106.1
2023-12-07,Gaming,Norte,39,676.21,26372.19
2023-12-08,Gaming,Norte,32,652.99,20895.68
2023-12-09,Gaming,Norte,37,670.29,24800.73
2023-12-10,Gaming,Norte,43,654.87,28159.41
2023-12-11,Gaming,Norte,48,665.61,31949.28
2023-12-12,Gaming,Norte,47,653.37,30708.39
2023-12-13,Gaming,Norte,44,662.61,29154.84
2023-12-14,Gaming,Norte,35,652.48,22836.8
2023-12-15,Gaming,Norte,33,599.37,19779.21
2023-12-16,Gaming,Norte,42,602.74,25315.08
2023-12-17,Gaming,Norte,48,633.52,30408.96
2023-12-18,Gaming,Norte,45,685.75,30858.75
2023-12-19,Gaming,Norte,43,649.79,27940.97
2023-12-20,Gaming,Norte,35,606.55,21229.25
2023-12-21,Gaming,Norte,41,640.49,26260.09
2023-12-22,Gaming,Norte,40,635.84,25433.6
2023-12-23,Gaming,Norte,44,642.76,28281.44
2023-12-24,Gaming,Norte,61,673.6,41089.6
2023-12-25,Gaming,Norte,40,666.8,26672.0
2023-12-26,Gaming,Norte,33,683.58,22558.14
2023-12-27,Gaming,Norte,23,641.77,14760.71
2023-12-28,Gaming,Norte,30,662.5,19875.0
2023-12-29,Gaming,Norte,30,682.02,20460.6
2023-12-30,Gaming,Norte,33,647.69,21373.77
2023-12-31,Gaming,Norte,38,585.64,22254.32
2024-01-01,Gaming,Norte,41,639.35,26213.35
2024-01-02,Gaming,Norte,29,706.65,20492.85
2024-01-03,Gaming,Norte,21,659.83,13856.43
2024-01-04,Gaming,Norte,30,651.8,19554.0
2024-01-05,Gaming,Norte,23,630.35,14498.05
2024-01-06,Gaming,Norte,30,633.84,19015.2
2024-01-07,Gaming,Norte,29,654.33,18975.57
2024-01-08,Gaming,Norte,45,676.42,30438.9
2024-01-09,Gaming,Norte,37,602.73,22301.01
2024-01-10,Gaming,Norte,20,616.08,12321.6
2024-01-11,Gaming,Norte,24,659.9,15837.6
2024-01-12,Gaming,Norte,25,652.59,16314.75
2024-01-13,Gaming,Norte,33,589.24,19444.92
2024-01-14,Gaming,Norte,29,637.07,18475.03
2024-01-15,Gaming,Norte,26,692.32,18000.32
2024-01-16,Gaming,Norte,27,648.59,17511.93
2024-01-17,Gaming,Norte,20,621.33,12426.6
2024-01-18,Gaming,Norte,33,644.8,21278.4
2024-01-19,Gaming,Norte,18,691.51,12447.18
2024-01-20,Gaming,Norte,31,667.08,20679.48
2024-01-21,Gaming,Norte,30,625.81,18774.3
2024-01-22,Gaming,Norte,33,666.0,21978.0
2024-01-23,Gaming,Norte,28,638.82,17886.96
2024-01-24,Gaming,Norte,34,610.38,20752.92
2024-01-25,Gaming,Norte,25,681.09,17027.25
2024-01-26,Gaming,Norte,29,666.16,19318.64
2024-01-27,Gaming,Norte,30,620.41,18612.3
2024-01-28,Gaming,Norte,42,679.62,28544.04
2024-01-29,Gaming,Norte,40,577.6,23104.0
2024-01-30,Gaming,Norte,28,649.12,18175.36
2024-01-31,Gaming,Norte,25,720.96,18024.0
2024-02-01,Gaming,Norte,27,715.21,19310.67
2024-02-02,Gaming,Norte,27,640.01,17280.27
2024-02-03,Gaming,Norte,32,735.9,23548.8
2024-02-04,Gaming,Norte,31,669.09,20741.79
2024-02-05,Gaming,Norte,36,643.49,23165.64
2024-02-06,Gaming,Norte,49,657.06,32195.94
2024-02-07,Gaming,Norte,30,635.62,19068.6
2024-02-08,Gaming,Norte,27,676.15,18256.05
2024-02-09,Gaming,Norte,30,639.99,19199.7
2024-02-10,Gaming,Norte,37,659.5,24401.5
2024-02-11,Gaming,Norte,35,642.22,22477.7
2024-02-12,Gaming,Norte,53,596.35,31606.55
2024-02-13,Gaming,Norte,33,630.42,20803.86
2024-02-14,Gaming,Norte,23,647.13,14883.99
2024-02-15,Gaming,Norte,28,647.7,18135.6
2024-02-16,Gaming,Norte,24,677.83,16267.92
2024-02-17,Gaming,Norte,35,669.5,23432.5
2024-02-18,Gaming,Norte,32,638.89,20444.48
2024-02-19,Gaming,Norte,36,636.79,22924.44
2024-02-20,Gaming,Norte,35,656.95,22993.25
2024-02-21,Gaming,Norte,25,641.5,16037.5
2024-02-22,Gaming,Norte,22,635.96,13991.12
2024-02-23,Gaming,Norte,28,624.56,17487.68
2024-02-24,Gaming,Norte,29,638.95,18529.55
2024-02-25,Gaming,Norte,37,667.76,24707.12
2024-02-26,Gaming,Norte,29,618.0,17922.0
2024-02-27,Gaming,Norte,41,667.0,27347.0
2024-02-28,Gaming,Norte,38,738.84,28075.92
2024-02-29,Gaming,Norte,22,634.14,13951.08
2024-03-01,Gaming,Norte,26,642.8,16712.8
2024-03-02,Gaming,Norte,28,636.3,17816.4
2024-03-03,Gaming,Norte,38,661.15,25123.7
2024-03-04,Gaming,Norte,34,640.44,21774.96
2024-03-05,Gaming,Norte,38,642.73,24423.74
2024-03-06,Gaming,Norte,24,600.54,14412.96
2024-03-07,Gaming,Norte,28,642.25,17983.0
2024-03-08,Gaming,Norte,29,612.19,17753.51
2024-03-09,Gaming,Norte,42,626.1,26296.2
2024-03-10,Gaming,Norte,38,688.76,26172.88
2024-03-11,Gaming,Norte,51,621.9,31716.9
2024-03-12,Gaming,Norte,35,638.22,22337.7
2024-03-13,Gaming,Norte,29,669.13,19404.77
2024-03-14,Gaming,Norte,35,641.26,22444.1
2024-03-15,Gaming,Norte,30,668.83,20064.9
2024-03-16,Gaming,Norte,29,705.22,20451.38
2024-03-17,Gaming,Norte,41,664.85,27258.85
2024-03-18,Gaming,Norte,31,609.47,18893.57
2024-03-19,Gaming,Norte,32,682.0,21824.0
2024-03-20,Gaming,Norte,27,638.86,17249.22
2024-03-21,Gaming,Norte,31,589.51,18274.81
2024-03-22,Gaming,Norte,24,612.45,14698.8
2024-03-23,Gaming,Norte,29,642.88,18643.52
2024-03-24,Gaming,Norte,30,671.86,20155.8
2024-03-25,Gaming,Norte,45,637.81,28701.45
2024-03-26,Gaming,Norte,30,658.62,19758.6
2024-03-27,Gaming,Norte,25,635.48,15887.0
2024-03-28,Gaming,Norte,25,710.27,17756.75
2024-03-29,Gaming,Norte,26,627.02,16302.52
2024-03-30,Gaming,Norte,26,694.76,18063.76
2024-03-31,Gaming,Norte,33,649.2,21423.6
2024-04-01,Gaming,Norte,41,663.09,27186.69
2024-04-02,Gaming,Norte,38,567.43,21562.34
2024-04-03,Gaming,Norte,28,701.87,19652.36
2024-04-04,Gaming,Norte,20,618.63,12372.6
2024-04-05,Gaming,Norte,26,672.26,17478.76
2024-04-06,Gaming,Norte,26,628.96,16352.96
2024-04-07,Gaming,Norte,32,605.88,19388.16
2024-04-08,Gaming,Norte,33,679.3,22416.9
2024-04-09,Gaming,Norte,28,632.34,17705.52
2024-04-10,Gaming,Norte,26,646.27,16803.02
2024-04-11,Gaming,Norte,26,640.14,16643.64
2024-04-12,Gaming,Norte,28,590.78,16541.84
2024-04-13,Gaming,Norte,48,610.6,29308.8
2024-04-14,Gaming,Norte,39,583.02,22737.78
2024-04-15,Gaming,Norte,44,619.9,27275.6
2024-04-16,Gaming,Norte,31,700.73,21722.63
2024-04-17,Gaming,Norte,28,689.4,19303.2
2024-04-18,Gaming,Norte,23,711.98,16375.54
2024-04-19,Gaming,Norte,25,682.11,17052.75
2024-04-20,Gaming,Norte,36,660.21,23767.56
2024-04-21,Gaming,Norte,36,698.44,25143.84
2024-04-22,Gaming,Norte,40,634.4,25376.0
2024-04-23,Gaming,Norte,31,699.2,21675.2
2024-04-24,Gaming,Norte,29,652.52,18923.08
2024-04-25,Gaming,Norte,26,650.77,16920.02
2024-04-26,Gaming,Norte,31,651.61,20199.91
2024-04-27,Gaming,Norte,37,694.76,25706.12
2024-04-28,Gaming,Norte,41,716.89,29392.49
2024-04-29,Gaming,Norte,30,609.01,18270.3
2024-04-30,Gaming,Norte,25,682.69,17067.25
2024-05-01,Gaming,Norte,26,641.73,16684.98
2024-05-02,Gaming,Norte,20,648.98,12979.6
2024-05-03,Gaming,Norte,30,652.23,19566.9
2024-05-04,Gaming,Norte,23,682.27,15692.21
2024-05-05,Gaming,Norte,24,606.44,14554.56
2024-05-06,Gaming,Norte,37,605.98,22421.26
2024-05-07,Gaming,Norte,33,652.5,21532.5
2024-05-08,Gaming,Norte,26,602.51,15665.26
2024-05-09,Gaming,Norte,27,656.07,17713.89
2024-05-10,Gaming,Norte,29,682.61,19795.69
2024-05-11,Gaming,Norte,23,663.98,15271.54
2024-05-12,Gaming,Norte,34,662.58,22527.72
2024-05-13,Gaming,Norte,38,623.02,23674.76
2024-05-14,Gaming,Norte,33,703.72,23222.76
2024-05-15,Gaming,Norte,17,692.04,11764.68
2024-05-16,Gaming,Norte,20,693.29,13865.8
2024-05-17,Gaming,Norte,22,669.13,14720.86
2024-05-18,Gaming,Norte,33,618.14,20398.62
2024-05-19,Gaming,Norte,23,608.15,13987.45
2024-05-20,Gaming,Norte,37,689.07,25495.59
2024-05-21,Gaming,Norte,25,634.28,15857.0
2024-05-22,Gaming,Norte,27,604.44,16319.88
2024-05-23,Gaming,Norte,18,570.51,10269.18
2024-05-24,Gaming,Norte,24,684.73,16433.52
2024-05-25,Gaming,Norte,27,686.41,18533.07
2024-05-26,Gaming,Norte,34,722.31,24558.54
2024-05-27,Gaming,Norte,32,657.12,21027.84
2024-05-28,Gaming,Norte,21,653.32,13719.72
2024-05-29,Gaming,Norte,21,584.29,12270.09
2024-05-30,Gaming,Norte,20,684.58,13691.6
2024-05-31,Gaming,Norte,20,643.8,12876.0
2024-06-01,Gaming,Norte,24,648.69,15568.56
2024-06-02,Gaming,Norte,20,623.54,12470.8
2024-06-03,Gaming,Norte,23,647.3,14887.9
2024-06-04,Gaming,Norte,27,660.65,17837.55
2024-06-05,Gaming,Norte,21,638.62,13411.02
2024-06-06,Gaming,Norte,23,603.96,13891.08
2024-06-07,Gaming,Norte,17,676.83,11506.11
2024-06-08,Gaming,Norte,20,665.3,13306.0
2024-06-09,Gaming,Norte,35,640.83,22429.05
2024-06-10,Gaming,Norte,23,696.0,16008.0
2024-06-11,Gaming,Norte,25,642.1,16052.5
2024-06-12,Gaming,Norte,22,656.5,14443.0
2024-06-13,Gaming,Norte,21,578.04,12138.84
2024-06-14,Gaming,Norte,17,623.44,10598.48
2024-06-15,Gaming,Norte,21,663.36,13930.56
2024-06-16,Gaming,Norte,25,640.91,16022.75
2024-06-17,Gaming,Norte,28,669.19,18737.32
2024-06-18,Gaming,Norte,20,579.64,11592.8
2024-06-19,Gaming,Norte,21,670.57,14081.97
2024-06-20,Gaming,Norte,14,644.9,9028.6
2024-06-21,Gaming,Norte,14,694.82,9727.48
2024-06-22,Gaming,Norte,22,646.09,14213.98
2024-06-23,Gaming,Norte,24,669.59,16070.16
2024-06-24,Gaming,Norte,28,669.06,18733.68
2024-06-25,Gaming,Norte,26,680.91,17703.66
2024-06-26,Gaming,Norte,17,660.6,11230.2
2024-06-27,Gaming,Norte,19,650.59,12361.21
2024-06-28,Gaming,Norte,19,643.81,12232.39
2024-06-29,Gaming,Norte,25,684.74,17118.5
2024-06-30,Gaming,Norte,22,640.09,14081.98
2024-07-01,Gaming,Norte,19,631.64,12001.16
2024-07-02,Gaming,Norte,17,674.54,11467.18
2024-07-03,Gaming,Norte,16,686.99,10991.84
2024-07-04,Gaming,Norte,19,700.85,13316.15
2024-07-05,Gaming,Norte,24,704.08,16897.92
2024-07-06,Gaming,Norte,18,656.19,11811.42
2024-07-07,Gaming,Norte,20,671.35,13427.0
2024-07-08,Gaming,Norte,25,719.12,17978.0
2024-07-09,Gaming,Norte,22,683.75,15042.5
2024-07-10,Gaming,Norte,15,702.97,10544.55
2024-07-11,Gaming,Norte,15,681.83,10227.45
2024-07-12,Gaming,Norte,11,625.28,6878.08
2024-07-13,Gaming,Norte,16,642.73,10283.68
2024-07-14,Gaming,Norte,19,598.25,11366.75
2024-07-15,Gaming,Norte,27,642.95,17359.65
2024-07-16,Gaming,Norte,21,631.62,13264.02
2024-07-17,Gaming,Norte,16,628.77,10060.32
2024-07-18,Gaming,Norte,16,642.94,10287.04
2024-07-19,Gaming,Norte,15,622.55,9338.25
2024-07-20,Gaming,Norte,21,611.65,12844.65
2024-07-21,Gaming,Norte,27,683.22,18446.94
2024-07-22,Gaming,Norte,16,630.64,10090.24
2024-07-23,Gaming,Norte,14,641.63,8982.82
2024-07-24,Gaming,Norte,14,690.18,9662.52
2024-07-25,Gaming,Norte,13,625.43,8130.59
2024-07-26,Gaming,Norte,12,675.07,8100.84
2024-07-27,Gaming,Norte,19,609.04,11571.76
2024-07-28,Gaming,Norte,21,654.21,13738.41
2024-07-29,Gaming,Norte,15,670.94,10064.1
2024-07-30,Gaming,Norte,18,630.77,11353.86
2024-07-31,Gaming,Norte,18,683.85,12309.3
2024-08-01,Gaming,Norte,17,667.0,11339.0
2024-08-02,Gaming,Norte,17,661.57,11246.69
2024-08-03,Gaming,Norte,19,686.29,13039.51
2024-08-04,Gaming,Norte,12,677.83,8133.96
2024-08-05,Gaming,Norte,16,649.59,10393.44
2024-08-06,Gaming,Norte,19,601.08,11420.52
2024-08-07,Gaming,Norte,13,712.51,9262.63
2024-08-08,Gaming,Norte,18,633.24,11398.32
2024-08-09,Gaming,Norte,14,574.01,8036.14
2024-08-10,Gaming,Norte,17,703.93,11966.81
2024-08-11,Gaming,Norte,21,670.21,14074.41
2024-08-12,Gaming,Norte,16,651.27,10420.32
2024-08-13,Gaming,Norte,17,648.21,11019.57
2024-08-14,Gaming,Norte,14,679.25,9509.5
2024-08-15,Gaming,Norte,11,722.6,7948.6
2024-08-16,Gaming,Norte,19,637.78,12117.82
2024-08-17,Gaming,Norte,19,623.72,11850.68
2024-08-18,Gaming,Norte,19,642.89,12214.91
2024-08-19,Gaming,Norte,18,605.35,10896.3
2024-08-20,Gaming,Norte,13,645.47,8391.11
2024-08-21,Gaming,Norte,14,690.88,9672.32
2024-08-22,Gaming,Norte,10,656.22,6562.2
2024-08-23,Gaming,Norte,19,664.66,12628.54
2024-08-24,Gaming,Norte,24,683.01,16392.24
2024-08-25,Gaming,Norte,16,641.03,10256.48
2024-08-26,Gaming,Norte,17,612.81,10417.77
2024-08-27,Gaming,Norte,18,644.31,11597.58
2024-08-28,Gaming,Norte,21,645.73,13560.33
2024-08-29,Gaming,Norte,15,676.6,10149.0
2024-08-30,Gaming,Norte,17,674.64,11468.88
2024-08-31,Gaming,Norte,20,583.44,11668.8
2024-09-01,Gaming,Norte,20,599.3,11986.0
2024-09-02,Gaming,Norte,17,687.49,11687.33
2024-09-03,Gaming,Norte,14,611.93,8567.02
2024-09-04,Gaming,Norte,13,683.5,8885.5
2024-09-05,Gaming,Norte,16,566.92,9070.72
2024-09-06,Gaming,Norte,15,708.34,10625.1
2024-09-07,Gaming,Norte,26,652.12,16955.12
2024-09-08,Gaming,Norte,23,687.81,15819.63
2024-09-09,Gaming,Norte,21,655.99,13775.79
2024-09-10,Gaming,Norte,16,699.99,11199.84
2024-09-11,Gaming,Norte,16,698.51,11176.16
2024-09-12,Gaming,Norte,14,646.75,9054.5
2024-09-13,Gaming,Norte,15,602.68,9040.2
2024-09-14,Gaming,Norte,22,594.65,13082.3
2024-09-15,Gaming,Norte,26,619.54,16108.04
2024-09-16,Gaming,Norte,25,621.49,15537.25
2024-09-17,Gaming,Norte,19,700.21,13303.99
2024-09-18,Gaming,Norte,14,633.14,8863.96
2024-09-19,Gaming,Norte,14,662.34,9272.76
2024-09-20,Gaming,Norte,16,601.83,9629.28
2024-09-21,Gaming,Norte,22,639.95,14078.9
2024-09-22,Gaming,Norte,22,651.76,14338.72
2024-09-23,Gaming,Norte,23,649.53,14939.19
2024-09-24,Gaming,Norte,18,608.23,10948.14
2024-09-25,Gaming,Norte,17,671.99,11423.83
2024-09-26,Gaming,Norte,18,677.03,12186.54
2024-09-27,Gaming,Norte,17,641.26,10901.42
2024-09-28,Gaming,Norte,19,581.23,11043.37
2024-09-29,Gaming,Norte,18,670.63,12071.34
2024-09-30,Gaming,Norte,23,659.53,15169.19
2024-10-01,Gaming,Norte,22,694.78,15285.16
2024-10-02,Gaming,Norte,18,615.71,11082.78
2024-10-03,Gaming,Norte,14,707.55,9905.7
2024-10-04,Gaming,Norte,21,633.13,13295.73
2024-10-05,Gaming,Norte,19,723.03,13737.57
2024-10-06,Gaming,Norte,18,626.58,11278.44
2024-10-07,Gaming,Norte,26,663.39,17248.14
2024-10-08,Gaming,Norte,27,592.68,16002.36
2024-10-09,Gaming,Norte,17,642.48,10922.16
2024-10-10,Gaming,Norte,20,644.21,12884.2
2024-10-11,Gaming,Norte,18,663.29,11939.22
2024-10-12,Gaming,Norte,22,638.34,14043.48
2024-10-13,Gaming,Norte,25,644.11,16102.75
2024-10-14,Gaming,Norte,23,686.65,15792.95
2024-10-15,Gaming,Norte,25,627.94,15698.5
2024-10-16,Gaming,Norte,22,636.16,13995.52
2024-10-17,Gaming,Norte,23,663.38,15257.74
2024-10-18,Gaming,Norte,18,652.86,11751.48
2024-10-19,Gaming,Norte,20,645.12,12902.4
2024-10-20,Gaming,Norte,24,652.11,15650.64
2024-10-21,Gaming,Norte,25,605.96,15149.0
2024-10-22,Gaming,Norte,20,713.6,14272.0
2024-10-23,Gaming,Norte,22,632.76,13920.72
2024-10-24,Gaming,Norte,19,620.25,11784.75
2024-10-25,Gaming,Norte,20,657.3,13146.0
2024-10-26,Gaming,Norte,25,612.08,15302.0
2024-10-27,Gaming,Norte,26,637.36,16571.36
2024-10-28,Gaming,Norte,24,689.73,16553.52
2024-10-29,Gaming,Norte,17,650.78,11063.26
2024-10-30,Gaming,Norte,21,625.8,13141.8
2024-10-31,Gaming,Norte,20,612.01,12240.2
2024-11-01,Gaming,Norte,30,660.99,19829.7
2024-11-02,Gaming,Norte,25,620.3,15507.5
2024-11-03,Gaming,Norte,36,618.98,22283.28
2024-11-04,Gaming,Norte,29,660.88,19165.52
2024-11-05,Gaming,Norte,24,677.6,16262.4
2024-11-06,Gaming,Norte,20,625.99,12519.8
2024-11-07,Gaming,Norte,26,599.9,15597.4
2024-11-08,Gaming,Norte,21,637.82,13394.22
2024-11-09,Gaming,Norte,30,669.85,20095.5
2024-11-10,Gaming,Norte,29,660.83,19164.07
2024-11-11,Gaming,Norte,31,627.3,19446.3
2024-11-12,Gaming,Norte,30,661.96,19858.8
2024-11-13,Gaming,Norte,28,627.15,17560.2
2024-11-14,Gaming,Norte,23,614.31,14129.13
2024-11-15,Gaming,Norte,39,697.01,27183.39
2024-11-16,Gaming,Norte,52,688.01,35776.52
2024-11-17,Gaming,Norte,62,619.94,38436.28
2024-11-18,Gaming,Norte,46,666.49,30658.54
2024-11-19,Gaming,Norte,51,605.65,30888.15
2024-11-20,Gaming,Norte,46,697.0,32062.0
2024-11-21,Gaming,Norte,36,670.85,24150.6
2024-11-22,Gaming,Norte,48,656.9,31531.2
2024-11-23,Gaming,Norte,62,606.1,37578.2
2024-11-24,Gaming,Norte,55,685.2,37686.0
2024-11-25,Gaming,Norte,64,660.69,42284.16
2024-11-26,Gaming,Norte,50,666.77,33338.5
2024-11-27,Gaming,Norte,46,688.18,31656.28
2024-11-28,Gaming,Norte,46,669.48,30796.08
2024-11-29,Gaming,Norte,44,609.49,26817.56
2024-11-30,Gaming,Norte,50,686.69,34334.5
2024-12-01,Gaming,Norte,56,624.85,34991.6
2024-12-02,Gaming,Norte,49,639.8,31350.2
2024-12-03,Gaming,Norte,44,638.78,28106.32
2024-12-04,Gaming,Norte,42,606.64,25478.88
2024-12-05,Gaming,Norte,33,624.64,20613.12
2024-12-06,Gaming,Norte,36,614.24,22112.64
2024-12-07,Gaming,Norte,41,615.9,25251.9
2024-12-08,Gaming,Norte,43,646.28,27790.04
2024-12-09,Gaming,Norte,62,675.88,41904.56
2024-12-10,Gaming,Norte,34,711.09,24177.06
2024-12-11,Gaming,Norte,40,668.07,26722.8
2024-12-12,Gaming,Norte,45,704.74,31713.3
2024-12-13,Gaming,Norte,46,611.41,28124.86
2024-12-14,Gaming,Norte,52,707.31,36780.12
2024-12-15,Gaming,Norte,79,639.72,50537.88
2024-12-16,Gaming,Norte,65,722.22,46944.3
2024-12-17,Gaming,Norte,61,618.5,37728.5
2024-12-18,Gaming,Norte,49,684.81,33555.69
2024-12-19,Gaming,Norte,38,611.0,23218.0
2024-12-20,Gaming,Norte,39,613.24,23916.36
2024-12-21,Gaming,Norte,54,722.56,39018.24
2024-12-22,Gaming,Norte,52,622.18,32353.36
2024-12-23,Gaming,Norte,50,658.07,32903.5
2024-12-24,Gaming,Norte,46,611.89,28146.94
2024-12-25,Gaming,Norte,24,651.12,15626.88
2024-12-26,Gaming,Norte,29,716.03,20764.87
2024-12-27,Gaming,Norte,24,659.2,15820.8
2024-12-28,Gaming,Norte,37,632.66,23408.42
2024-12-29,Gaming,Norte,46,637.19,29310.74
2024-12-30,Gaming,Norte,43,646.04,27779.72
2023-01-01,Gaming,Centro,18,700.1,12601.8
2023-01-02,Gaming,Centro,18,659.05,11862.9
2023-01-03,Gaming,Centro,13,574.72,7471.36
2023-01-04,Gaming,Centro,16,634.72,10155.52
2023-01-05,Gaming,Centro,15,635.04,9525.6
2023-01-06,Gaming,Centro,14,646.76,9054.64
2023-01-07,Gaming,Centro,25,638.86,15971.5
2023-01-08,Gaming,Centro,20,652.27,13045.4
2023-01-09,Gaming,Centro,25,618.98,15474.5
2023-01-10,Gaming,Centro,23,701.81,16141.63
2023-01-11,Gaming,Centro,17,646.11,10983.87
2023-01-12,Gaming,Centro,16,720.7,11531.2
2023-01-13,Gaming,Centro,20,606.16,12123.2
2023-01-14,Gaming,Centro,19,636.27,12089.13
2023-01-15,Gaming,Centro,22,674.01,14828.22
2023-01-16,Gaming,Centro,23,601.7,13839.1
2023-01-17,Gaming,Centro,17,689.37,11719.29
2023-01-18,Gaming,Centro,17,654.78,11131.26
2023-01-19,Gaming,Centro,14,654.29,9160.06
2023-01-20,Gaming,Centro,16,692.65,11082.4
2023-01-21,Gaming,Centro,24,635.07,15241.68
2023-01-22,Gaming,Centro,24,631.63,15159.12
2023-01-23,Gaming,Centro,29,636.71,18464.59
2023-01-24,Gaming,Centro,21,639.88,13437.48
2023-01-25,Gaming,Centro,19,609.33,11577.27
2023-01-26,Gaming,Centro,17,662.47,11261.99
2023-01-27,Gaming,Centro,12,638.5,7662.0
2023-01-28,Gaming,Centro,18,643.72,11586.96
2023-01-29,Gaming,Centro,21,644.43,13533.03
2023-01-30,Gaming,Centro,22,676.16,14875.52
2023-01-31,Gaming,Centro,15,660.1,9901.5
2023-02-01,Gaming,Centro,20,665.27,13305.4
2023-02-02,Gaming,Centro,17,644.55,10957.35
2023-02-03,Gaming,Centro,21,665.93,13984.53
2023-02-04,Gaming,Centro,21,713.98,14993.58
2023-02-05,Gaming,Centro,20,688.27,13765.4
2023-02-06,Gaming,Centro,22,619.44,13627.68
2023-02-07,Gaming,Centro,25,687.12,17178.0
2023-02-08,Gaming,Centro,20,664.99,13299.8
2023-02-09,Gaming,Centro,20,650.77,13015.4
2023-02-10,Gaming,Centro,18,676.44,12175.92
2023-02-11,Gaming,Centro,23,671.68,15448.64
2023-02-12,Gaming,Centro,19,656.69,12477.11
2023-02-13,Gaming,Centro,21,638.4,13406.4
2023-02-14,Gaming,Centro,21,625.8,13141.8
2023-02-15,Gaming,Centro,18,677.07,12187.26
2023-02-16,Gaming,Centro,19,661.36,12565.84
2023-02-17,Gaming,Centro,14,641.47,8980.58
2023-02-18,Gaming,Centro,13,649.38,8441.94
2023-02-19,Gaming,Centro,25,638.04,15951.0
2023-02-20,Gaming,Centro,26,616.95,16040.7
2023-02-21,Gaming,Centro,24,690.08,16561.92
2023-02-22,Gaming,Centro,16,654.44,10471.04
2023-02-23,Gaming,Centro,15,588.64,8829.6
2023-02-24,Gaming,Centro,17,674.63,11468.71
2023-02-25,Gaming,Centro,19,660.01,12540.19
2023-02-26,Gaming,Centro,21,668.16,14031.36
2023-02-27,Gaming,Centro,26,684.92,17807.92
2023-02-28,Gaming,Centro,23,645.11,14837.53
2023-03-01,Gaming,Centro,18,654.89,11788.02
2023-03-02,Gaming,Centro,14,607.15,8500.1
2023-03-03,Gaming,Centro,20,632.98,12659.6
2023-03-04,Gaming,Centro,27,680.56,18375.12
2023-03-05,Gaming,Centro,21,648.84,13625.64
2023-03-06,Gaming,Centro,19,637.84,12118.96
2023-03-07,Gaming,Centro,20,658.81,13176.2
2023-03-08,Gaming,Centro,19,620.78,11794.82
2023-03-09,Gaming,Centro,18,631.98,11375.64
2023-03-10,Gaming,Centro,16,675.77,10812.32
2023-03-11,Gaming,Centro,15,594.46,8916.9
2023-03-12,Gaming,Centro,25,633.31,15832.75
2023-03-13,Gaming,Centro,22,653.55,14378.1
2023-03-14,Gaming,Centro,19,662.94,12595.86
2023-03-15,Gaming,Centro,21,622.59,13074.39
2023-03-16,Gaming,Centro,20,666.19,13323.8
2023-03-17,Gaming,Centro,15,651.39,9770.85
2023-03-18,Gaming,Centro,21,690.54,14501.34
2023-03-19,Gaming,Centro,19,671.1,12750.9
2023-03-20,Gaming,Centro,24,642.21,15413.04
2023-03-21,Gaming,Centro,24,685.78,16458.72
2023-03-22,Gaming,Centro,15,651.35,9770.25
2023-03-23,Gaming,Centro,15,663.68,9955.2
2023-03-24,Gaming,Centro,15,631.76,9476.4
2023-03-25,Gaming,Centro,20,619.94,12398.8
2023-03-26,Gaming,Centro,29,601.03,17429.87
2023-03-27,Gaming,Centro,26,632.25,16438.5
2023-03-28,Gaming,Centro,26,650.07,16901.82
2023-03-29,Gaming,Centro,20,630.59,12611.8
2023-03-30,Gaming,Centro,17,658.28,11190.76
2023-03-31,Gaming,Centro,19,644.16,12239.04
2023-04-01,Gaming,Centro,16,650.12,10401.92
2023-04-02,Gaming,Centro,22,688.94,15156.68
2023-04-03,Gaming,Centro,21,697.5,14647.5
2023-04-04,Gaming,Centro,21,602.26,12647.46
2023-04-05,Gaming,Centro,17,613.57,10430.69
2023-04-06,Gaming,Centro,15,655.46,9831.9
2023-04-07,Gaming,Centro,18,637.45,11474.1
2023-04-08,Gaming,Centro,18,601.93,10834.74
2023-04-09,Gaming,Centro,30,662.58,19877.4
2023-04-10,Gaming,Centro,19,614.2,11669.8
2023-04-11,Gaming,Centro,18,671.53,12087.54
2023-04-12,Gaming,Centro,17,681.4,11583.8
2023-04-13,Gaming,Centro,14,686.89,9616.46
2023-04-14,Gaming,Centro,20,626.75,12535.0
2023-04-15,Gaming,Centro,19,650.87,12366.53
2023-04-16,Gaming,Centro,18,686.0,12348.0
2023-04-17,Gaming,Centro,23,581.89,13383.47
2023-04-18,Gaming,Centro,27,613.49,16564.23
2023-04-19,Gaming,Centro,17,667.36,11345.12
2023-04-20,Gaming,Centro,11,699.43,7693.73
2023-04-21,Gaming,Centro,14,570.34,7984.76
2023-04-22,Gaming,Centro,21,612.42,12860.82
2023-04-23,Gaming,Centro,20,638.8,12776.0
2023-04-24,Gaming,Centro,27,653.69,17649.63
2023-04-25,Gaming,Centro,23,711.56,16365.88
2023-04-26,Gaming,Centro,14,682.06,9548.84
2023-04-27,Gaming,Centro,16,664.83,10637.28
2023-04-28,Gaming,Centro,17,604.02,10268.34
2023-04-29,Gaming,Centro,22,650.19,14304.18
2023-04-30,Gaming,Centro,24,676.78,16242.72
2023-05-01,Gaming,Centro,19,613.67,11659.73
2023-05-02,Gaming,Centro,15,636.73,9550.95
2023-05-03,Gaming,Centro,17,645.32,10970.44
2023-05-04,Gaming,Centro,13,628.02,8164.26
2023-05-05,Gaming,Centro,16,673.2,10771.2
2023-05-06,Gaming,Centro,16,678.31,10852.96
2023-05-07,Gaming,Centro,17,622.94,10589.98
2023-05-08,Gaming,Centro,20,615.67,12313.4
2023-05-09,Gaming,Centro,15,647.67,9715.05
2023-05-10,Gaming,Centro,19,661.3,12564.7
2023-05-11,Gaming,Centro,16,711.49,11383.84
2023-05-12,Gaming,Centro,15,650.65,9759.75
2023-05-13,Gaming,Centro,15,638.03,9570.45
2023-05-14,Gaming,Centro,23,624.58,14365.34
2023-05-15,Gaming,Centro,19,655.65,12457.35
2023-05-16,Gaming,Centro,18,641.35,11544.3
2023-05-17,Gaming,Centro,15,675.34,10130.1
2023-05-18,Gaming,Centro,12,656.89,7882.68
2023-05-19,Gaming,Centro,13,646.9,8409.7
2023-05-20,Gaming,Centro,15,619.62,9294.3
2023-05-21,Gaming,Centro,15,664.16,9962.4
2023-05-22,Gaming,Centro,18,645.01,11610.18
2023-05-23,Gaming,Centro,19,672.34,12774.46
2023-05-24,Gaming,Centro,14,603.34,8446.76
2023-05-25,Gaming,Centro,12,659.87,7918.44
2023-05-26,Gaming,Centro,12,674.79,8097.48
2023-05-27,Gaming,Centro,13,651.54,8470.02
2023-05-28,Gaming,Centro,21,677.2,14221.2
2023-05-29,Gaming,Centro,20,663.48,13269.6
2023-05-30,Gaming,Centro,18,629.99,11339.82
2023-05-31,Gaming,Centro,11,612.51,6737.61
2023-06-01,Gaming,Centro,10,681.97,6819.7
2023-06-02,Gaming,Centro,13,631.51,8209.63
2023-06-03,Gaming,Centro,16,645.95,10335.2
2023-06-04,Gaming,Centro,14,632.74,8858.36
2023-06-05,Gaming,Centro,20,684.43,13688.6
2023-06-06,Gaming,Centro,16,576.28,9220.48
2023-06-07,Gaming,Centro,11,678.93,7468.23
2023-06-08,Gaming,Centro,14,632.55,8855.7
2023-06-09,Gaming,Centro,11,718.51,7903.61
2023-06-10,Gaming,Centro,15,679.77,10196.55
2023-06-11,Gaming,Centro,23,623.81,14347.63
2023-06-12,Gaming,Centro,20,700.76,14015.2
2023-06-13,Gaming,Centro,13,629.26,8180.38
2023-06-14,Gaming,Centro,13,669.12,8698.56
2023-06-15,Gaming,Centro,11,664.65,7311.15
2023-06-16,Gaming,Centro,13,721.09,9374.17
2023-06-17,Gaming,Centro,16,619.23,9907.68
2023-06-18,Gaming,Centro,17,572.27,9728.59
2023-06-19,Gaming,Centro,20,611.92,12238.4
2023-06-20,Gaming,Centro,13,650.4,8455.2
2023-06-21,Gaming,Centro,11,615.61,6771.71
2023-06-22,Gaming,Centro,10,604.54,6045.4
2023-06-23,Gaming,Centro,11,639.18,7030.98
2023-06-24,Gaming,Centro,13,680.39,8845.07
2023-06-25,Gaming,Centro,13,555.75,7224.75
2023-06-26,Gaming,Centro,14,655.61,9178.54
2023-06-27,Gaming,Centro,11,655.46,7210.06
2023-06-28,Gaming,Centro,11,675.84,7434.24
2023-06-29,Gaming,Centro,10,615.86,6158.6
2023-06-30,Gaming,Centro,14,706.03,9884.42
2023-07-01,Gaming,Centro,17,655.97,11151.49
2023-07-02,Gaming,Centro,17,663.55,11280.35
2023-07-03,Gaming,Centro,13,632.92,8227.96
2023-07-04,Gaming,Centro,13,686.64,8926.32
2023-07-05,Gaming,Centro,13,730.01,9490.13
2023-07-06,Gaming,Centro,14,639.56,8953.84
2023-07-07,Gaming,Centro,9,658.53,5926.77
2023-07-08,Gaming,Centro,15,669.84,10047.6
2023-07-09,Gaming,Centro,16,696.12,11137.92
2023-07-10,Gaming,Centro,13,683.02,8879.26
2023-07-11,Gaming,Centro,10,666.85,6668.5
2023-07-12,Gaming,Centro,12,669.21,8030.52
2023-07-13,Gaming,Centro,13,678.94,8826.22
2023-07-14,Gaming,Centro,13,683.33,8883.29
2023-07-15,Gaming,Centro,12,684.42,8213.04
2023-07-16,Gaming,Centro,16,632.12,10113.92
2023-07-17,Gaming,Centro,14,741.01,10374.14
2023-07-18,Gaming,Centro,14,660.55,9247.7
2023-07-19,Gaming,Centro,13,668.24,8687.12
2023-07-20,Gaming,Centro,15,682.05,10230.75
2023-07-21,Gaming,Centro,9,669.28,6023.52
2023-07-22,Gaming,Centro,13,680.94,8852.22
2023-07-23,Gaming,Centro,10,630.64,6306.4
2023-07-24,Gaming,Centro,13,652.53,8482.89
2023-07-25,Gaming,Centro,14,650.99,9113.86
2023-07-26,Gaming,Centro,7,681.61,4771.27
2023-07-27,Gaming,Centro,10,653.78,6537.8
2023-07-28,Gaming,Centro,11,657.72,7234.92
2023-07-29,Gaming,Centro,13,659.16,8569.08
2023-07-30,Gaming,Centro,11,695.39,7649.29
2023-07-31,Gaming,Centro,10,563.84,5638.4
2023-08-01,Gaming,Centro,11,664.4,7308.4
2023-08-02,Gaming,Centro,9,638.34,5745.06
2023-08-03,Gaming,Centro,10,592.4,5924.0
2023-08-04,Gaming,Centro,10,615.59,6155.9
2023-08-05,Gaming,Centro,14,615.14,8611.96
2023-08-06,Gaming,Centro,14,636.62,8912.68
2023-08-07,Gaming,Centro,14,623.12,8723.68
2023-08-08,Gaming,Centro,8,651.95,5215.6
2023-08-09,Gaming,Centro,8,675.61,5404.88
2023-08-10,Gaming,Centro,7,655.44,4588.08
2023-08-11,Gaming,Centro,13,627.65,8159.45
2023-08-12,Gaming,Centro,11,656.53,7221.83
2023-08-13,Gaming,Centro,13,670.28,8713.64
2023-08-14,Gaming,Centro,14,688.49,9638.86
2023-08-15,Gaming,Centro,11,623.33,6856.63
2023-08-16,Gaming,Centro,10,705.53,7055.3
2023-08-17,Gaming,Centro,8,655.5,5244.0
2023-08-18,Gaming,Centro,12,654.67,7856.04
2023-08-19,Gaming,Centro,9,627.17,5644.53
2023-08-20,Gaming,Centro,17,607.03,10319.51
2023-08-21,Gaming,Centro,13,604.25,7855.25
2023-08-22,Gaming,Centro,14,708.18,9914.52
2023-08-23,Gaming,Centro,10,696.61,6966.1
2023-08-24,Gaming,Centro,8,670.33,5362.64
2023-08-25,Gaming,Centro,9,614.16,5527.44
2023-08-26,Gaming,Centro,11,646.64,7113.04
2023-08-27,Gaming,Centro,15,601.96,9029.4
2023-08-28,Gaming,Centro,11,630.3,6933.3
2023-08-29,Gaming,Centro,10,598.65,5986.5
2023-08-30,Gaming,Centro,8,636.87,5094.96
2023-08-31,Gaming,Centro,10,638.51,6385.1
2023-09-01,Gaming,Centro,9,628.97,5660.73
2023-09-02,Gaming,Centro,11,619.91,6819.01
2023-09-03,Gaming,Centro,12,644.82,7737.84
2023-09-04,Gaming,Centro,12,667.21,8006.52
2023-09-05,Gaming,Centro,14,691.59,9682.26
2023-09-06,Gaming,Centro,11,627.28,6900.08
2023-09-07,Gaming,Centro,7,669.22,4684.54
2023-09-08,Gaming,Centro,10,668.63,6686.3
2023-09-09,Gaming,Centro,12,661.48,7937.76
2023-09-10,Gaming,Centro,16,678.48,10855.68
2023-09-11,Gaming,Centro,14,654.81,9167.34
2023-09-12,Gaming,Centro,13,649.06,8437.78
2023-09-13,Gaming,Centro,10,669.09,6690.9
2023-09-14,Gaming,Centro,11,711.4,7825.4
2023-09-15,Gaming,Centro,7,600.03,4200.21
2023-09-16,Gaming,Centro,12,655.43,7865.16
2023-09-17,Gaming,Centro,11,635.68,6992.48
2023-09-18,Gaming,Centro,14,614.78,8606.92
2023-09-19,Gaming,Centro,12,667.02,8004.24
2023-09-20,Gaming,Centro,12,639.3,7671.6
2023-09-21,Gaming,Centro,7,634.17,4439.19
2023-09-22,Gaming,Centro,8,660.5,5284.0
2023-09-23,Gaming,Centro,13,675.53,8781.89
2023-09-24,Gaming,Centro,16,614.41,9830.56
2023-09-25,Gaming,Centro,19,656.72,12477.68
2023-09-26,Gaming,Centro,14,695.67,9739.38
2023-09-27,Gaming,Centro,12,655.24,7862.88
2023-09-28,Gaming,Centro,11,646.4,7110.4
2023-09-29,Gaming,Centro,12,643.92,7727.04
2023-09-30,Gaming,Centro,13,584.53,7598.89
2023-10-01,Gaming,Centro,15,589.72,8845.8
2023-10-02,Gaming,Centro,13,681.22,8855.86
2023-10-03,Gaming,Centro,15,714.45,10716.75
2023-10-04,Gaming,Centro,11,701.95,7721.45
2023-10-05,Gaming,Centro,9,712.18,6409.62
2023-10-06,Gaming,Centro,13,639.88,8318.44
2023-10-07,Gaming,Centro,13,645.59,8392.67
2023-10-08,Gaming,Centro,17,611.23,10390.91
2023-10-09,Gaming,Centro,16,615.87,9853.92
2023-10-10,Gaming,Centro,13,674.91,8773.83
2023-10-11,Gaming,Centro,12,627.5,7530.0
2023-10-12,Gaming,Centro,10,632.48,6324.8
2023-10-13,Gaming,Centro,13,640.06,8320.78
2023-10-14,Gaming,Centro,21,679.74,14274.54
2023-10-15,Gaming,Centro,13,650.48,8456.24
2023-10-16,Gaming,Centro,16,630.89,10094.24
2023-10-17,Gaming,Centro,16,650.6,10409.6
2023-10-18,Gaming,Centro,14,679.2,9508.8
2023-10-19,Gaming,Centro,13,630.34,8194.42
2023-10-20,Gaming,Centro,10,618.18,6181.8
2023-10-21,Gaming,Centro,14,620.08,8681.12
2023-10-22,Gaming,Centro,17,714.1,12139.7
2023-10-23,Gaming,Centro,21,625.6,13137.6
2023-10-24,Gaming,Centro,19,650.59,12361.21
2023-10-25,Gaming,Centro,14,588.62,8240.68
2023-10-26,Gaming,Centro,16,725.23,11603.68
2023-10-27,Gaming,Centro,12,630.9,7570.8
2023-10-28,Gaming,Centro,15,665.81,9987.15
2023-10-29,Gaming,Centro,17,646.97,10998.49
2023-10-30,Gaming,Centro,20,626.05,12521.0
2023-10-31,Gaming,Centro,17,672.26,11428.42
2023-11-01,Gaming,Centro,17,630.61,10720.37
2023-11-02,Gaming,Centro,13,681.33,8857.29
2023-11-03,Gaming,Centro,10,734.91,7349.1
2023-11-04,Gaming,Centro,19,678.3,12887.7
2023-11-05,Gaming,Centro,16,622.72,9963.52
2023-11-06,Gaming,Centro,23,642.73,14782.79
2023-11-07,Gaming,Centro,17,595.5,10123.5
2023-11-08,Gaming,Centro,16,575.55,9208.8
2023-11-09,Gaming,Centro,12,607.29,7287.48
2023-11-10,Gaming,Centro,20,651.88,13037.6
2023-11-11,Gaming,Centro,16,660.93,10574.88
2023-11-12,Gaming,Centro,19,660.32,12546.08
2023-11-13,Gaming,Centro,18,665.76,11983.68
2023-11-14,Gaming,Centro,19,655.06,12446.14
2023-11-15,Gaming,Centro,25,676.1,16902.5
2023-11-16,Gaming,Centro,23,655.93,15086.39
2023-11-17,Gaming,Centro,21,625.4,13133.4
2023-11-18,Gaming,Centro,31,677.73,21009.63
2023-11-19,Gaming,Centro,39,613.71,23934.69
2023-11-20,Gaming,Centro,39,619.69,24167.91
2023-11-21,Gaming,Centro,22,716.87,15771.14
2023-11-22,Gaming,Centro,20,616.53,12330.6
2023-11-23,Gaming,Centro,21,677.98,14237.58
2023-11-24,Gaming,Centro,30,668.57,20057.1
2023-11-25,Gaming,Centro,36,613.12,22072.32
2023-11-26,Gaming,Centro,38,738.01,28044.38
2023-11-27,Gaming,Centro,33,641.3,21162.9
2023-11-28,Gaming,Centro,41,637.24,26126.84
2023-11-29,Gaming,Centro,39,638.64,24906.96
2023-11-30,Gaming,Centro,29,665.07,19287.03
2023-12-01,Gaming,Centro,29,627.41,18194.89
2023-12-02,Gaming,Centro,22,604.08,13289.76
2023-12-03,Gaming,Centro,36,671.76,24183.36
2023-12-04,Gaming,Centro,25,609.24,15231.0
2023-12-05,Gaming,Centro,24,602.66,14463.84
2023-12-06,Gaming,Centro,27,629.24,16989.48
2023-12-07,Gaming,Centro,28,726.7,20347.6
2023-12-08,Gaming,Centro,29,636.71,18464.59
2023-12-09,Gaming,Centro,25,704.17,17604.25
2023-12-10,Gaming,Centro,30,646.05,19381.5
2023-12-11,Gaming,Centro,35,652.68,22843.8
2023-12-12,Gaming,Centro,31,657.29,20375.99
2023-12-13,Gaming,Centro,29,629.45,18254.05
2023-12-14,Gaming,Centro,29,650.77,18872.33
2023-12-15,Gaming,Centro,25,667.76,16694.0
2023-12-16,Gaming,Centro,30,656.67,19700.1
2023-12-17,Gaming,Centro,32,629.25,20136.0
2023-12-18,Gaming,Centro,30,680.77,20423.1
2023-12-19,Gaming,Centro,30,587.1,17613.0
2023-12-20,Gaming,Centro,28,670.82,18782.96
2023-12-21,Gaming,Centro,31,663.45,20566.95
2023-12-22,Gaming,Centro,34,652.66,22190.44
2023-12-23,Gaming,Centro,34,687.7,23381.8
2023-12-24,Gaming,Centro,45,662.66,29819.7
2023-12-25,Gaming,Centro,24,557.79,13386.96
2023-12-26,Gaming,Centro,23,676.39,15556.97
2023-12-27,Gaming,Centro,16,650.35,10405.6
2023-12-28,Gaming,Centro,25,654.12,16353.0
2023-12-29,Gaming,Centro,19,658.04,12502.76
2023-12-30,Gaming,Centro,23,653.3,15025.9
2023-12-31,Gaming,Centro,23,613.27,14105.21
2024-01-01,Gaming,Centro,27,630.57,17025.39
2024-01-02,Gaming,Centro,20,678.19,13563.8
2024-01-03,Gaming,Centro,17,649.07,11034.19
2024-01-04,Gaming,Centro,19,655.59,12456.21
2024-01-05,Gaming,Centro,15,671.88,10078.2
2024-01-06,Gaming,Centro,21,642.53,13493.13
2024-01-07,Gaming,Centro,23,685.62,15769.26
2024-01-08,Gaming,Centro,34,657.28,22347.52
2024-01-09,Gaming,Centro,26,613.86,15960.36
2024-01-10,Gaming,Centro,14,639.29,8950.06
2024-01-11,Gaming,Centro,21,637.12,13379.52
2024-01-12,Gaming,Centro,19,652.18,12391.42
2024-01-13,Gaming,Centro,24,614.87,14756.88
2024-01-14,Gaming,Centro,22,708.24,15581.28
2024-01-15,Gaming,Centro,22,676.92,14892.24
2024-01-16,Gaming,Centro,21,657.83,13814.43
2024-01-17,Gaming,Centro,17,653.23,11104.91
2024-01-18,Gaming,Centro,22,681.39,14990.58
2024-01-19,Gaming,Centro,16,600.37,9605.92
2024-01-20,Gaming,Centro,20,659.99,13199.8
2024-01-21,Gaming,Centro,23,610.31,14037.13
2024-01-22,Gaming,Centro,29,679.24,19697.96
2024-01-23,Gaming,Centro,24,622.0,14928.0
2024-01-24,Gaming,Centro,23,660.02,15180.46
2024-01-25,Gaming,Centro,21,713.14,14975.94
2024-01-26,Gaming,Centro,22,686.34,15099.48
2024-01-27,Gaming,Centro,25,616.89,15422.25
2024-01-28,Gaming,Centro,29,657.28,19061.12
2024-01-29,Gaming,Centro,32,652.29,20873.28
2024-01-30,Gaming,Centro,26,648.26,16854.76
2024-01-31,Gaming,Centro,18,704.39,12679.02
2024-02-01,Gaming,Centro,23,648.09,14906.07
2024-02-02,Gaming,Centro,22,724.55,15940.1
2024-02-03,Gaming,Centro,24,629.24,15101.76
2024-02-04,Gaming,Centro,22,652.62,14357.64
2024-02-05,Gaming,Centro,27,650.56,17565.12
2024-02-06,Gaming,Centro,36,659.37,23737.32
2024-02-07,Gaming,Centro,22,676.3,14878.6
2024-02-08,Gaming,Centro,16,692.64,11082.24
2024-02-09,Gaming,Centro,24,646.99,15527.76
2024-02-10,Gaming,Centro,22,643.88,14165.36
2024-02-11,Gaming,Centro,31,647.99,20087.69
2024-02-12,Gaming,Centro,35,680.45,23815.75
2024-02-13,Gaming,Centro,26,610.41,15870.66
2024-02-14,Gaming,Centro,21,635.48,13345.08
2024-02-15,Gaming,Centro,18,708.85,12759.3
2024-02-16,Gaming,Centro,21,581.6,12213.6
2024-02-17,Gaming,Centro,26,679.43,17665.18
2024-02-18,Gaming,Centro,28,688.86,19288.08
2024-02-19,Gaming,Centro,33,681.12,22476.96
2024-02-20,Gaming,Centro,30,633.48,19004.4
2024-02-21,Gaming,Centro,17,683.58,11620.86
2024-02-22,Gaming,Centro,18,670.0,12060.0
2024-02-23,Gaming,Centro,20,668.82,13376.4
2024-02-24,Gaming,Centro,24,614.44,14746.56
2024-02-25,Gaming,Centro,27,641.4,17317.8
2024-02-26,Gaming,Centro,27,653.1,17633.7
2024-02-27,Gaming,Centro,23,733.07,16860.61
2024-02-28,Gaming,Centro,25,610.42,15260.5
2024-02-29,Gaming,Centro,20,647.32,12946.4
2024-03-01,Gaming,Centro,17,662.9,11269.3
2024-03-02,Gaming,Centro,25,651.13,16278.25
2024-03-03,Gaming,Centro,34,655.36,22282.24
2024-03-04,Gaming,Centro,26,597.22,15527.72
2024-03-05,Gaming,Centro,29,659.15,19115.35
2024-03-06,Gaming,Centro,21,615.33,12921.93
2024-03-07,Gaming,Centro,25,648.32,16208.0
2024-03-08,Gaming,Centro,18,647.61,11656.98
2024-03-09,Gaming,Centro,29,693.86,20121.94
2024-03-10,Gaming,Centro,34,572.78,19474.52
2024-03-11,Gaming,Centro,37,581.56,21517.72
2024-03-12,Gaming,Centro,30,629.31,18879.3
2024-03-13,Gaming,Centro,23,679.14,15620.22
2024-03-14,Gaming,Centro,28,660.16,18484.48
2024-03-15,Gaming,Centro,24,649.61,15590.64
2024-03-16,Gaming,Centro,19,694.4,13193.6
2024-03-17,Gaming,Centro,27,623.57,16836.39
2024-03-18,Gaming,Centro,30,631.66,18949.8
2024-03-19,Gaming,Centro,24,667.76,16026.24
2024-03-20,Gaming,Centro,23,661.43,15212.89
2024-03-21,Gaming,Centro,18,627.16,11288.88
2024-03-22,Gaming,Centro,17,632.34,10749.78
2024-03-23,Gaming,Centro,21,625.05,13126.05
2024-03-24,Gaming,Centro,25,608.08,15202.0
2024-03-25,Gaming,Centro,34,631.78,21480.52
2024-03-26,Gaming,Centro,23,584.52,13443.96
2024-03-27,Gaming,Centro,19,645.29,12260.51
2024-03-28,Gaming,Centro,20,643.93,12878.6
2024-03-29,Gaming,Centro,20,653.44,13068.8
2024-03-30,Gaming,Centro,23,690.65,15884.95
2024-03-31,Gaming,Centro,25,645.91,16147.75
2024-04-01,Gaming,Centro,25,621.99,15549.75
2024-04-02,Gaming,Centro,23,641.64,14757.72
2024-04-03,Gaming,Centro,23,617.01,14191.23
2024-04-04,Gaming,Centro,18,665.37,11976.66
2024-04-05,Gaming,Centro,19,675.82,12840.58
2024-04-06,Gaming,Centro,24,676.92,16246.08
2024-04-07,Gaming,Centro,28,692.8,19398.4
2024-04-08,Gaming,Centro,25,598.34,14958.5
2024-04-09,Gaming,Centro,21,634.17,13317.57
2024-04-10,Gaming,Centro,22,736.12,16194.64
2024-04-11,Gaming,Centro,18,683.18,12297.24
2024-04-12,Gaming,Centro,22,666.63,14665.86
2024-04-13,Gaming,Centro,36,645.92,23253.12
2024-04-14,Gaming,Centro,30,690.4,20712.0
2024-04-15,Gaming,Centro,32,639.65,20468.8
2024-04-16,Gaming,Centro,22,632.09,13905.98
2024-04-17,Gaming,Centro,18,658.25,11848.5
2024-04-18,Gaming,Centro,16,646.57,10345.12
2024-04-19,Gaming,Centro,15,627.71,9415.65
2024-04-20,Gaming,Centro,28,630.57,17655.96
2024-04-21,Gaming,Centro,29,683.41,19818.89
2024-04-22,Gaming,Centro,27,700.32,18908.64
2024-04-23,Gaming,Centro,24,666.41,15993.84
2024-04-24,Gaming,Centro,21,631.5,13261.5
2024-04-25,Gaming,Centro,18,645.61,11620.98
2024-04-26,Gaming,Centro,21,618.11,12980.31
2024-04-27,Gaming,Centro,22,611.24,13447.28
2024-04-28,Gaming,Centro,34,657.42,22352.28
2024-04-29,Gaming,Centro,21,646.32,13572.72
2024-04-30,Gaming,Centro,26,688.94,17912.44
2024-05-01,Gaming,Centro,19,676.36,12850.84
2024-05-02,Gaming,Centro,15,590.81,8862.15
2024-05-03,Gaming,Centro,20,698.5,13970.0
2024-05-04,Gaming,Centro,21,635.97,13355.37
2024-05-05,Gaming,Centro,18,633.01,11394.18
2024-05-06,Gaming,Centro,34,643.07,21864.38
2024-05-07,Gaming,Centro,27,646.89,17466.03
2024-05-08,Gaming,Centro,20,603.86,12077.2
2024-05-09,Gaming,Centro,19,667.88,12689.72
2024-05-10,Gaming,Centro,17,633.29,10765.93
2024-05-11,Gaming,Centro,20,613.27,12265.4
2024-05-12,Gaming,Centro,27,683.23,18447.21
2024-05-13,Gaming,Centro,27,612.15,16528.05
2024-05-14,Gaming,Centro,27,661.74,17866.98
2024-05-15,Gaming,Centro,17,635.1,10796.7
2024-05-16,Gaming,Centro,14,690.91,9672.74
2024-05-17,Gaming,Centro,17,671.07,11408.19
2024-05-18,Gaming,Centro,21,683.0,14343.0
2024-05-19,Gaming,Centro,21,585.13,12287.73
2024-05-20,Gaming,Centro,29,631.24,18305.96
2024-05-21,Gaming,Centro,17,643.25,10935.25
2024-05-22,Gaming,Centro,21,660.57,13871.97
2024-05-23,Gaming,Centro,15,690.33,10354.95
2024-05-24,Gaming,Centro,13,594.91,7733.83
2024-05-25,Gaming,Centro,16,658.47,10535.52
2024-05-26,Gaming,Centro,25,621.43,15535.75
2024-05-27,Gaming,Centro,26,641.85,16688.1
2024-05-28,Gaming,Centro,17,614.9,10453.3
2024-05-29,Gaming,Centro,17,737.11,12530.87
2024-05-30,Gaming,Centro,17,673.55,11450.35
2024-05-31,Gaming,Centro,19,642.86,12214.34
2024-06-01,Gaming,Centro,15,628.41,9426.15
2024-06-02,Gaming,Centro,16,672.67,10762.72
2024-06-03,Gaming,Centro,18,642.93,11572.74
2024-06-04,Gaming,Centro,19,662.17,12581.23
2024-06-05,Gaming,Centro,18,660.22,11883.96
2024-06-06,Gaming,Centro,14,634.45,8882.3
2024-06-07,Gaming,Centro,12,669.83,8037.96
2024-06-08,Gaming,Centro,16,628.82,10061.12
2024-06-09,Gaming,Centro,24,613.37,14720.88
2024-06-10,Gaming,Centro,20,658.12,13162.4
2024-06-11,Gaming,Centro,23,682.98,15708.54
2024-06-12,Gaming,Centro,19,608.13,11554.47
2024-06-13,Gaming,Centro,17,723.84,12305.28
2024-06-14,Gaming,Centro,12,615.26,7383.12
2024-06-15,Gaming,Centro,18,659.77,11875.86
2024-06-16,Gaming,Centro,17,727.26,12363.42
2024-06-17,Gaming,Centro,22,606.78,13349.16
2024-06-18,Gaming,Centro,19,613.25,11651.75
2024-06-19,Gaming,Centro,15,694.51,10417.65
2024-06-20,Gaming,Centro,10,701.46,7014.6
2024-06-21,Gaming,Centro,13,594.55,7729.15
2024-06-22,Gaming,Centro,17,625.83,10639.11
2024-06-23,Gaming,Centro,18,634.84,11427.12
2024-06-24,Gaming,Centro,20,631.3,12626.0
2024-06-25,Gaming,Centro,23,662.74,15243.02
2024-06-26,Gaming,Centro,14,654.07,9156.98
2024-06-27,Gaming,Centro,16,600.47,9607.52
2024-06-28,Gaming,Centro,16,696.13,11138.08
2024-06-29,Gaming,Centro,16,606.3,9700.8
2024-06-30,Gaming,Centro,19,669.46,12719.74
2024-07-01,Gaming,Centro,15,574.07,8611.05
2024-07-02,Gaming,Centro,15,616.59,9248.85
2024-07-03,Gaming,Centro,12,615.15,7381.8
2024-07-04,Gaming,Centro,12,719.04,8628.48
2024-07-05,Gaming,Centro,17,629.54,10702.18
2024-07-06,Gaming,Centro,18,663.42,11941.56
2024-07-07,Gaming,Centro,14,675.34,9454.76
2024-07-08,Gaming,Centro,14,670.93,9393.02
2024-07-09,Gaming,Centro,19,633.74,12041.06
2024-07-10,Gaming,Centro,14,639.23,8949.22
2024-07-11,Gaming,Centro,13,671.82,8733.66
2024-07-12,Gaming,Centro,10,656.05,6560.5
2024-07-13,Gaming,Centro,12,703.94,8447.28
2024-07-14,Gaming,Centro,18,574.81,10346.58
2024-07-15,Gaming,Centro,22,686.01,15092.22
2024-07-16,Gaming,Centro,12,658.25,7899.0
2024-07-17,Gaming,Centro,13,709.04,9217.52
2024-07-18,Gaming,Centro,12,726.91,8722.92
2024-07-19,Gaming,Centro,12,647.84,7774.08
2024-07-20,Gaming,Centro,14,664.85,9307.9
2024-07-21,Gaming,Centro,17,637.88,10843.96
2024-07-22,Gaming,Centro,12,684.49,8213.88
2024-07-23,Gaming,Centro,10,685.25,6852.5
2024-07-24,Gaming,Centro,11,639.64,7036.04
2024-07-25,Gaming,Centro,9,675.39,6078.51
2024-07-26,Gaming,Centro,10,648.19,6481.9
2024-07-27,Gaming,Centro,15,622.97,9344.55
2024-07-28,Gaming,Centro,16,660.19,10563.04
2024-07-29,Gaming,Centro,10,668.77,6687.7
2024-07-30,Gaming,Centro,15,670.87,10063.05
2024-07-31,Gaming,Centro,10,621.51,6215.1
2024-08-01,Gaming,Centro,13,643.63,8367.19
2024-08-02,Gaming,Centro,11,597.8,6575.8
2024-08-03,Gaming,Centro,16,655.17,10482.72
2024-08-04,Gaming,Centro,10,653.48,6534.8
2024-08-05,Gaming,Centro,13,604.49,7858.37
2024-08-06,Gaming,Centro,15,603.55,9053.25
2024-08-07,Gaming,Centro,11,669.24,7361.64
2024-08-08,Gaming,Centro,14,692.2,9690.8
2024-08-09,Gaming,Centro,11,623.24,6855.64
2024-08-10,Gaming,Centro,12,645.99,7751.88
2024-08-11,Gaming,Centro,16,601.78,9628.48
2024-08-12,Gaming,Centro,13,679.42,8832.46
2024-08-13,Gaming,Centro,11,698.67,7685.37
2024-08-14,Gaming,Centro,11,613.21,6745.31
2024-08-15,Gaming,Centro,9,604.22,5437.98
2024-08-16,Gaming,Centro,15,643.57,9653.55
2024-08-17,Gaming,Centro,14,656.73,9194.22
2024-08-18,Gaming,Centro,15,608.41,9126.15
2024-08-19,Gaming,Centro,17,610.27,10374.59
2024-08-20,Gaming,Centro,12,683.91,8206.92
2024-08-21,Gaming,Centro,10,595.47,5954.7
2024-08-22,Gaming,Centro,8,600.66,4805.28
2024-08-23,Gaming,Centro,12,644.81,7737.72
2024-08-24,Gaming,Centro,18,710.48,12788.64
2024-08-25,Gaming,Centro,13,633.39,8234.07
2024-08-26,Gaming,Centro,15,611.4,9171.0
2024-08-27,Gaming,Centro,13,667.3,8674.9
2024-08-28,Gaming,Centro,14,686.62,9612.68
2024-08-29,Gaming,Centro,14,694.37,9721.18
2024-08-30,Gaming,Centro,12,662.4,7948.8
2024-08-31,Gaming,Centro,18,669.38,12048.84
2024-09-01,Gaming,Centro,17,670.01,11390.17
2024-09-02,Gaming,Centro,15,656.77,9851.55
2024-09-03,Gaming,Centro,12,709.53,8514.36
2024-09-04,Gaming,Centro,12,652.29,7827.48
2024-09-05,Gaming,Centro,10,647.61,6476.1
2024-09-06,Gaming,Centro,11,678.51,7463.61
2024-09-07,Gaming,Centro,16,656.95,10511.2
2024-09-08,Gaming,Centro,17,713.02,12121.34
2024-09-09,Gaming,Centro,15,714.72,10720.8
2024-09-10,Gaming,Centro,11,619.19,6811.09
2024-09-11,Gaming,Centro,11,676.53,7441.83
2024-09-12,Gaming,Centro,10,651.48,6514.8
2024-09-13,Gaming,Centro,12,661.06,7932.72
2024-09-14,Gaming,Centro,18,688.16,12386.88
2024-09-15,Gaming,Centro,19,641.12,12181.28
2024-09-16,Gaming,Centro,16,623.58,9977.28
2024-09-17,Gaming,Centro,13,631.24,8206.12
2024-09-18,Gaming,Centro,13,645.28,8388.64
2024-09-19,Gaming,Centro,11,584.91,6434.01
2024-09-20,Gaming,Centro,13,638.31,8298.03
2024-09-21,Gaming,Centro,16,649.39,10390.24
2024-09-22,Gaming,Centro,15,679.06,10185.9
2024-09-23,Gaming,Centro,20,630.2,12604.0
2024-09-24,Gaming,Centro,14,663.24,9285.36
2024-09-25,Gaming,Centro,12,652.24,7826.88
2024-09-26,Gaming,Centro,14,677.48,9484.72
2024-09-27,Gaming,Centro,12,687.78,8253.36
2024-09-28,Gaming,Centro,12,636.29,7635.48
2024-09-29,Gaming,Centro,12,687.91,8254.92
2024-09-30,Gaming,Centro,14,681.8,9545.2
2024-10-01,Gaming,Centro,13,639.0,8307.0
2024-10-02,Gaming,Centro,15,684.48,10267.2
2024-10-03,Gaming,Centro,10,658.34,6583.4
2024-10-04,Gaming,Centro,15,673.15,10097.25
2024-10-05,Gaming,Centro,18,668.65,12035.7
2024-10-06,Gaming,Centro,13,632.98,8228.74
2024-10-07,Gaming,Centro,21,630.11,13232.31
2024-10-08,Gaming,Centro,20,692.78,13855.6
2024-10-09,Gaming,Centro,16,635.12,10161.92
2024-10-10,Gaming,Centro,13,584.67,7600.71
2024-10-11,Gaming,Centro,14,626.88,8776.32
2024-10-12,Gaming,Centro,16,689.92,11038.72
2024-10-13,Gaming,Centro,22,697.58,15346.76
2024-10-14,Gaming,Centro,14,687.04,9618.56
2024-10-15,Gaming,Centro,17,637.31,10834.27
2024-10-16,Gaming,Centro,15,639.11,9586.65
2024-10-17,Gaming,Centro,16,662.66,10602.56
2024-10-18,Gaming,Centro,16,669.25,10708.0
2024-10-19,Gaming,Centro,16,584.32,9349.12
2024-10-20,Gaming,Centro,22,620.86,13658.92
2024-10-21,Gaming,Centro,15,653.52,9802.8
2024-10-22,Gaming,Centro,16,640.82,10253.12
2024-10-23,Gaming,Centro,16,624.4,9990.4
2024-10-24,Gaming,Centro,11,664.45,7308.95
2024-10-25,Gaming,Centro,15,631.91,9478.65
2024-10-26,Gaming,Centro,20,589.15,11783.0
2024-10-27,Gaming,Centro,23,682.29,15692.67
2024-10-28,Gaming,Centro,20,646.71,12934.2
2024-10-29,Gaming,Centro,16,660.89,10574.24
2024-10-30,Gaming,Centro,16,614.46,9831.36
2024-10-31,Gaming,Centro,12,618.2,7418.4
2024-11-01,Gaming,Centro,23,593.41,13648.43
2024-11-02,Gaming,Centro,19,662.52,12587.88
2024-11-03,Gaming,Centro,26,643.16,16722.16
2024-11-04,Gaming,Centro,25,688.62,17215.5
2024-11-05,Gaming,Centro,21,629.49,13219.29
2024-11-06,Gaming,Centro,18,617.91,11122.38
2024-11-07,Gaming,Centro,19,616.85,11720.15
2024-11-08,Gaming,Centro,16,674.4,10790.4
2024-11-09,Gaming,Centro,24,725.26,17406.24
2024-11-10,Gaming,Centro,25,638.18,15954.5
2024-11-11,Gaming,Centro,24,669.6,16070.4
2024-11-12,Gaming,Centro,21,632.83,13289.43
2024-11-13,Gaming,Centro,20,636.89,12737.8
2024-11-14,Gaming,Centro,22,611.95,13462.9
2024-11-15,Gaming,Centro,30,653.57,19607.1
2024-11-16,Gaming,Centro,29,629.27,18248.83
2024-11-17,Gaming,Centro,38,619.79,23552.02
2024-11-18,Gaming,Centro,36,687.85,24762.6
2024-11-19,Gaming,Centro,37,678.27,25095.99
2024-11-20,Gaming,Centro,35,688.8,24108.0
2024-11-21,Gaming,Centro,31,658.08,20400.48
2024-11-22,Gaming,Centro,34,624.29,21225.86
2024-11-23,Gaming,Centro,40,661.32,26452.8
2024-11-24,Gaming,Centro,38,658.79,25034.02
2024-11-25,Gaming,Centro,40,622.18,24887.2
2024-11-26,Gaming,Centro,38,711.0,27018.0
2024-11-27,Gaming,Centro,28,649.94,18198.32
2024-11-28,Gaming,Centro,35,655.64,22947.4
2024-11-29,Gaming,Centro,29,655.69,19015.01
2024-11-30,Gaming,Centro,35,665.85,23304.75
2024-12-01,Gaming,Centro,45,641.57,28870.65
2024-12-02,Gaming,Centro,32,691.11,22115.52
2024-12-03,Gaming,Centro,34,697.16,23703.44
2024-12-04,Gaming,Centro,30,587.56,17626.8
2024-12-05,Gaming,Centro,27,642.71,17353.17
2024-12-06,Gaming,Centro,28,686.26,19215.28
2024-12-07,Gaming,Centro,30,664.87,19946.1
2024-12-08,Gaming,Centro,38,614.85,23364.3
2024-12-09,Gaming,Centro,45,637.3,28678.5
2024-12-10,Gaming,Centro,25,699.16,17479.0
2024-12-11,Gaming,Centro,29,598.38,17353.02
2024-12-12,Gaming,Centro,35,654.1,22893.5
2024-12-13,Gaming,Centro,28,646.9,18113.2
2024-12-14,Gaming,Centro,41,637.33,26130.53
2024-12-15,Gaming,Centro,56,639.72,35824.32
2024-12-16,Gaming,Centro,48,670.47,32182.56
2024-12-17,Gaming,Centro,40,672.58,26903.2
2024-12-18,Gaming,Centro,40,660.43,26417.2
2024-12-19,Gaming,Centro,27,670.25,18096.75
2024-12-20,Gaming,Centro,32,645.52,20656.64
2024-12-21,Gaming,Centro,32,695.01,22240.32
2024-12-22,Gaming,Centro,41,673.45,27611.45
2024-12-23,Gaming,Centro,41,631.48,25890.68
2024-12-24,Gaming,Centro,33,666.34,21989.22
2024-12-25,Gaming,Centro,21,684.08,14365.68
2024-12-26,Gaming,Centro,19,656.86,12480.34
2024-12-27,Gaming,Centro,18,618.82,11138.76
2024-12-28,Gaming,Centro,28,590.86,16544.08
2024-12-29,Gaming,Centro,38,671.23,25506.74
2024-12-30,Gaming,Centro,35,614.78,21517.3
2023-01-01,Gaming,Sur,39,673.72,26275.08
2023-01-02,Gaming,Sur,39,640.01,24960.39
2023-01-03,Gaming,Sur,27,624.81,16869.87
2023-01-04,Gaming,Sur,35,691.53,24203.55
2023-01-05,Gaming,Sur,31,648.53,20104.43
2023-01-06,Gaming,Sur,27,686.88,18545.76
2023-01-07,Gaming,Sur,46,636.07,29259.22
2023-01-08,Gaming,Sur,37,530.67,19634.79
2023-01-09,Gaming,Sur,38,706.13,26832.94
2023-01-10,Gaming,Sur,42,620.51,26061.42
2023-01-11,Gaming,Sur,31,605.31,18764.61
2023-01-12,Gaming,Sur,25,675.24,16881.0
2023-01-13,Gaming,Sur,34,590.14,20064.76
2023-01-14,Gaming,Sur,32,681.57,21810.24
2023-01-15,Gaming,Sur,39,652.06,25430.34
2023-01-16,Gaming,Sur,34,658.48,22388.32
2023-01-17,Gaming,Sur,36,664.4,23918.4
2023-01-18,Gaming,Sur,25,613.97,15349.25
2023-01-19,Gaming,Sur,26,614.32,15972.32
2023-01-20,Gaming,Sur,35,679.41,23779.35
2023-01-21,Gaming,Sur,36,629.38,22657.68
2023-01-22,Gaming,Sur,43,640.8,27554.4
2023-01-23,Gaming,Sur,48,654.55,31418.4
2023-01-24,Gaming,Sur,33,672.58,22195.14
2023-01-25,Gaming,Sur,37,595.43,22030.91
2023-01-26,Gaming,Sur,29,665.37,19295.73
2023-01-27,Gaming,Sur,28,684.23,19158.44
2023-01-28,Gaming,Sur,30,664.79,19943.7
2023-01-29,Gaming,Sur,42,694.54,29170.68
2023-01-30,Gaming,Sur,45,640.24,28810.8
2023-01-31,Gaming,Sur,29,600.09,17402.61
2023-02-01,Gaming,Sur,38,667.59,25368.42
2023-02-02,Gaming,Sur,30,650.59,19517.7
2023-02-03,Gaming,Sur,34,710.51,24157.34
2023-02-04,Gaming,Sur,50,658.81,32940.5
2023-02-05,Gaming,Sur,38,678.5,25783.0
2023-02-06,Gaming,Sur,42,639.52,26859.84
2023-02-07,Gaming,Sur,50,651.47,32573.5
2023-02-08,Gaming,Sur,45,690.09,31054.05
2023-02-09,Gaming,Sur,31,671.25,20808.75
2023-02-10,Gaming,Sur,30,742.13,22263.9
2023-02-11,Gaming,Sur,38,681.0,25878.0
2023-02-12,Gaming,Sur,42,652.68,27412.56
2023-02-13,Gaming,Sur,38,659.16,25048.08
2023-02-14,Gaming,Sur,47,672.65,31614.55
2023-02-15,Gaming,Sur,35,695.37,24337.95
2023-02-16,Gaming,Sur,42,645.14,27095.88
2023-02-17,Gaming,Sur,30,594.79,17843.7
2023-02-18,Gaming,Sur,23,677.4,15580.2
2023-02-19,Gaming,Sur,39,685.92,26750.88
2023-02-20,Gaming,Sur,51,637.25,32499.75
2023-02-21,Gaming,Sur,35,697.28,24404.8
2023-02-22,Gaming,Sur,29,679.04,19692.16
2023-02-23,Gaming,Sur,25,660.69,16517.25
2023-02-24,Gaming,Sur,25,635.55,15888.75
2023-02-25,Gaming,Sur,35,621.9,21766.5
2023-02-26,Gaming,Sur,34,670.61,22800.74
2023-02-27,Gaming,Sur,49,662.43,32459.07
2023-02-28,Gaming,Sur,44,641.24,28214.56
2023-03-01,Gaming,Sur,39,596.68,23270.52
2023-03-02,Gaming,Sur,26,670.96,17444.96
2023-03-03,Gaming,Sur,28,672.45,18828.6
2023-03-04,Gaming,Sur,40,658.31,26332.4
2023-03-05,Gaming,Sur,34,647.49,22014.66
2023-03-06,Gaming,Sur,44,617.17,27155.48
2023-03-07,Gaming,Sur,43,673.46,28958.78
2023-03-08,Gaming,Sur,36,710.7,25585.2
2023-03-09,Gaming,Sur,32,622.36,19915.52
2023-03-10,Gaming,Sur,24,624.96,14999.04
2023-03-11,Gaming,Sur,27,638.23,17232.21
2023-03-12,Gaming,Sur,52,692.17,35992.84
2023-03-13,Gaming,Sur,35,698.4,24444.0
2023-03-14,Gaming,Sur,42,648.44,27234.48
2023-03-15,Gaming,Sur,34,650.17,22105.78
2023-03-16,Gaming,Sur,39,651.9,25424.1
2023-03-17,Gaming,Sur,30,603.87,18116.1
2023-03-18,Gaming,Sur,35,598.84,20959.4
2023-03-19,Gaming,Sur,33,663.38,21891.54
2023-03-20,Gaming,Sur,50,716.63,35831.5
2023-03-21,Gaming,Sur,48,733.79,35221.92
2023-03-22,Gaming,Sur,32,642.62,20563.84
2023-03-23,Gaming,Sur,29,624.12,18099.48
2023-03-24,Gaming,Sur,29,617.3,17901.7
2023-03-25,Gaming,Sur,35,721.94,25267.9
2023-03-26,Gaming,Sur,41,613.3,25145.3
2023-03-27,Gaming,Sur,44,650.43,28618.92
2023-03-28,Gaming,Sur,49,684.29,33530.21
2023-03-29,Gaming,Sur,34,650.17,22105.78
2023-03-30,Gaming,Sur,26,699.23,18179.98
2023-03-31,Gaming,Sur,28,605.41,16951.48
2023-04-01,Gaming,Sur,31,626.4,19418.4
2023-04-02,Gaming,Sur,43,633.88,27256.84
2023-04-03,Gaming,Sur,37,645.72,23891.64
2023-04-04,Gaming,Sur,33,684.12,22575.96
2023-04-05,Gaming,Sur,32,580.46,18574.72
2023-04-06,Gaming,Sur,25,644.23,16105.75
2023-04-07,Gaming,Sur,34,663.18,22548.12
2023-04-08,Gaming,Sur,30,679.1,20373.0
2023-04-09,Gaming,Sur,55,631.26,34719.3
2023-04-10,Gaming,Sur,34,646.95,21996.3
2023-04-11,Gaming,Sur,38,656.09,24931.42
2023-04-12,Gaming,Sur,24,670.34,16088.16
2023-04-13,Gaming,Sur,29,704.4,20427.6
2023-04-14,Gaming,Sur,34,648.78,22058.52
2023-04-15,Gaming,Sur,33,669.97,22109.01
2023-04-16,Gaming,Sur,42,585.67,24598.14
2023-04-17,Gaming,Sur,46,642.54,29556.84
2023-04-18,Gaming,Sur,46,673.22,30968.12
2023-04-19,Gaming,Sur,31,686.97,21296.07
2023-04-20,Gaming,Sur,22,594.72,13083.84
2023-04-21,Gaming,Sur,29,647.9,18789.1
2023-04-22,Gaming,Sur,28,634.13,17755.64
2023-04-23,Gaming,Sur,41,689.54,28271.14
2023-04-24,Gaming,Sur,42,599.74,25189.08
2023-04-25,Gaming,Sur,34,669.98,22779.32
2023-04-26,Gaming,Sur,25,662.84,16571.0
2023-04-27,Gaming,Sur,24,675.09,16202.16
2023-04-28,Gaming,Sur,28,654.78,18333.84
2023-04-29,Gaming,Sur,38,668.38,25398.44
2023-04-30,Gaming,Sur,48,675.73,32435.04
2023-05-01,Gaming,Sur,38,629.9,23936.2
2023-05-02,Gaming,Sur,28,645.35,18069.8
2023-05-03,Gaming,Sur,31,678.59,21036.29
2023-05-04,Gaming,Sur,28,657.95,18422.6
2023-05-05,Gaming,Sur,27,584.59,15783.93
2023-05-06,Gaming,Sur,32,600.64,19220.48
2023-05-07,Gaming,Sur,28,697.41,19527.48
2023-05-08,Gaming,Sur,42,635.62,26696.04
2023-05-09,Gaming,Sur,27,578.81,15627.87
2023-05-10,Gaming,Sur,36,632.84,22782.24
2023-05-11,Gaming,Sur,27,676.63,18269.01
2023-05-12,Gaming,Sur,25,632.28,15807.0
2023-05-13,Gaming,Sur,31,695.63,21564.53
2023-05-14,Gaming,Sur,39,615.91,24020.49
2023-05-15,Gaming,Sur,38,666.06,25310.28
2023-05-16,Gaming,Sur,28,677.76,18977.28
2023-05-17,Gaming,Sur,27,659.76,17813.52
2023-05-18,Gaming,Sur,24,672.0,16128.0
2023-05-19,Gaming,Sur,29,707.92,20529.68
2023-05-20,Gaming,Sur,26,669.16,17398.16
2023-05-21,Gaming,Sur,36,590.54,21259.44
2023-05-22,Gaming,Sur,32,648.73,20759.36
2023-05-23,Gaming,Sur,29,666.76,19336.04
2023-05-24,Gaming,Sur,26,690.32,17948.32
2023-05-25,Gaming,Sur,22,662.88,14583.36
2023-05-26,Gaming,Sur,20,659.53,13190.6
2023-05-27,Gaming,Sur,23,673.49,15490.27
2023-05-28,Gaming,Sur,34,661.33,22485.22
2023-05-29,Gaming,Sur,34,620.83,21108.22
2023-05-30,Gaming,Sur,30,688.18,20645.4
2023-05-31,Gaming,Sur,19,626.33,11900.27
2023-06-01,Gaming,Sur,17,597.79,10162.43
2023-06-02,Gaming,Sur,24,660.39,15849.36
2023-06-03,Gaming,Sur,37,626.77,23190.49
2023-06-04,Gaming,Sur,31,655.15,20309.65
2023-06-05,Gaming,Sur,29,603.91,17513.39
2023-06-06,Gaming,Sur,32,654.29,20937.28
2023-06-07,Gaming,Sur,22,638.21,14040.62
2023-06-08,Gaming,Sur,24,645.32,15487.68
2023-06-09,Gaming,Sur,23,654.47,15052.81
2023-06-10,Gaming,Sur,24,642.83,15427.92
2023-06-11,Gaming,Sur,40,626.69,25067.6
2023-06-12,Gaming,Sur,34,609.61,20726.74
2023-06-13,Gaming,Sur,30,664.82,19944.6
2023-06-14,Gaming,Sur,19,627.16,11916.04
2023-06-15,Gaming,Sur,25,599.99,14999.75
2023-06-16,Gaming,Sur,27,634.22,17123.94
2023-06-17,Gaming,Sur,28,627.67,17574.76
2023-06-18,Gaming,Sur,32,631.81,20217.92
2023-06-19,Gaming,Sur,35,680.73,23825.55
2023-06-20,Gaming,Sur,24,619.47,14867.28
2023-06-21,Gaming,Sur,22,706.44,15541.68
2023-06-22,Gaming,Sur,18,649.59,11692.62
2023-06-23,Gaming,Sur,24,636.26,15270.24
2023-06-24,Gaming,Sur,20,690.6,13812.0
2023-06-25,Gaming,Sur,25,644.87,16121.75
2023-06-26,Gaming,Sur,29,634.33,18395.57
2023-06-27,Gaming,Sur,22,643.51,14157.22
2023-06-28,Gaming,Sur,20,770.61,15412.2
2023-06-29,Gaming,Sur,18,561.78,10112.04
2023-06-30,Gaming,Sur,27,650.37,17559.99
2023-07-01,Gaming,Sur,26,686.19,17840.94
2023-07-02,Gaming,Sur,37,663.99,24567.63
2023-07-03,Gaming,Sur,25,663.82,16595.5
2023-07-04,Gaming,Sur,23,677.19,15575.37
2023-07-05,Gaming,Sur,24,674.98,16199.52
2023-07-06,Gaming,Sur,20,642.44,12848.8
2023-07-07,Gaming,Sur,14,676.44,9470.16
2023-07-08,Gaming,Sur,27,653.42,17642.34
2023-07-09,Gaming,Sur,28,659.94,18478.32
2023-07-10,Gaming,Sur,27,619.29,16720.83
2023-07-11,Gaming,Sur,22,627.92,13814.24
2023-07-12,Gaming,Sur,19,632.25,12012.75
2023-07-13,Gaming,Sur,21,622.9,13080.9
2023-07-14,Gaming,Sur,19,613.86,11663.34
2023-07-15,Gaming,Sur,23,678.91,15614.93
2023-07-16,Gaming,Sur,33,626.73,20682.09
2023-07-17,Gaming,Sur,24,613.75,14730.0
2023-07-18,Gaming,Sur,31,656.15,20340.65
2023-07-19,Gaming,Sur,20,620.44,12408.8
2023-07-20,Gaming,Sur,22,669.4,14726.8
2023-07-21,Gaming,Sur,19,660.23,12544.37
2023-07-22,Gaming,Sur,30,664.2,19926.0
2023-07-23,Gaming,Sur,19,620.7,11793.3
2023-07-24,Gaming,Sur,24,633.04,15192.96
2023-07-25,Gaming,Sur,21,666.61,13998.81
2023-07-26,Gaming,Sur,12,597.99,7175.88
2023-07-27,Gaming,Sur,16,660.89,10574.24
2023-07-28,Gaming,Sur,26,650.68,16917.68
2023-07-29,Gaming,Sur,23,691.56,15905.88
2023-07-30,Gaming,Sur,17,598.04,10166.68
2023-07-31,Gaming,Sur,21,633.72,13308.12
2023-08-01,Gaming,Sur,15,654.15,9812.25
2023-08-02,Gaming,Sur,16,691.62,11065.92
2023-08-03,Gaming,Sur,17,674.88,11472.96
2023-08-04,Gaming,Sur,17,629.2,10696.4
2023-08-05,Gaming,Sur,24,655.99,15743.76
2023-08-06,Gaming,Sur,27,678.83,18328.41
2023-08-07,Gaming,Sur,25,676.85,16921.25
2023-08-08,Gaming,Sur,13,689.31,8961.03
2023-08-09,Gaming,Sur,19,614.22,11670.18
2023-08-10,Gaming,Sur,12,711.43,8537.16
2023-08-11,Gaming,Sur,25,620.49,15512.25
2023-08-12,Gaming,Sur,17,657.49,11177.33
2023-08-13,Gaming,Sur,20,631.8,12636.0
2023-08-14,Gaming,Sur,29,647.82,18786.78
2023-08-15,Gaming,Sur,20,639.43,12788.6
2023-08-16,Gaming,Sur,18,705.83,12704.94
2023-08-17,Gaming,Sur,13,609.56,7924.28
2023-08-18,Gaming,Sur,19,591.29,11234.51
2023-08-19,Gaming,Sur,16,616.55,9864.8
2023-08-20,Gaming,Sur,26,616.39,16026.14
2023-08-21,Gaming,Sur,28,666.93,18674.04
2023-08-22,Gaming,Sur,22,643.76,14162.72
2023-08-23,Gaming,Sur,17,661.29,11241.93
2023-08-24,Gaming,Sur,16,659.07,10545.12
2023-08-25,Gaming,Sur,17,622.99,10590.83
2023-08-26,Gaming,Sur,21,627.81,13184.01
2023-08-27,Gaming,Sur,24,613.43,14722.32
2023-08-28,Gaming,Sur,24,672.93,16150.32
2023-08-29,Gaming,Sur,19,607.19,11536.61
2023-08-30,Gaming,Sur,19,582.09,11059.71
2023-08-31,Gaming,Sur,18,624.84,11247.12
2023-09-01,Gaming,Sur,16,696.64,11146.24
2023-09-02,Gaming,Sur,20,620.86,12417.2
2023-09-03,Gaming,Sur,21,642.68,13496.28
2023-09-04,Gaming,Sur,20,612.52,12250.4
2023-09-05,Gaming,Sur,24,601.85,14444.4
2023-09-06,Gaming,Sur,19,620.49,11789.31
2023-09-07,Gaming,Sur,12,664.98,7979.76
2023-09-08,Gaming,Sur,16,591.12,9457.92
2023-09-09,Gaming,Sur,23,700.42,16109.66
2023-09-10,Gaming,Sur,28,593.99,16631.72
2023-09-11,Gaming,Sur,30,622.39,18671.7
2023-09-12,Gaming,Sur,21,611.93,12850.53
2023-09-13,Gaming,Sur,19,630.28,11975.32
2023-09-14,Gaming,Sur,21,701.19,14724.99
2023-09-15,Gaming,Sur,17,637.41,10835.97
2023-09-16,Gaming,Sur,20,633.43,12668.6
2023-09-17,Gaming,Sur,25,669.06,16726.5
2023-09-18,Gaming,Sur,25,618.19,15454.75
2023-09-19,Gaming,Sur,22,651.09,14323.98
2023-09-20,Gaming,Sur,22,695.74,15306.28
2023-09-21,Gaming,Sur,16,671.56,10744.96
2023-09-22,Gaming,Sur,15,659.67,9895.05
2023-09-23,Gaming,Sur,23,658.35,15142.05
2023-09-24,Gaming,Sur,24,630.54,15132.96
2023-09-25,Gaming,Sur,34,606.11,20607.74
2023-09-26,Gaming,Sur,23,670.98,15432.54
2023-09-27,Gaming,Sur,22,646.86,14230.92
2023-09-28,Gaming,Sur,17,671.44,11414.48
2023-09-29,Gaming,Sur,21,701.73,14736.33
2023-09-30,Gaming,Sur,19,695.55,13215.45
2023-10-01,Gaming,Sur,27,649.54,17537.58
2023-10-02,Gaming,Sur,30,656.38,19691.4
2023-10-03,Gaming,Sur,27,616.12,16635.24
2023-10-04,Gaming,Sur,21,627.25,13172.25
2023-10-05,Gaming,Sur,18,635.2,11433.6
2023-10-06,Gaming,Sur,20,661.93,13238.6
2023-10-07,Gaming,Sur,23,639.61,14711.03
2023-10-08,Gaming,Sur,31,655.65,20325.15
2023-10-09,Gaming,Sur,31,639.32,19818.92
2023-10-10,Gaming,Sur,28,624.91,17497.48
2023-10-11,Gaming,Sur,23,669.33,15394.59
2023-10-12,Gaming,Sur,19,658.68,12514.92
2023-10-13,Gaming,Sur,20,626.96,12539.2
2023-10-14,Gaming,Sur,29,661.43,19181.47
2023-10-15,Gaming,Sur,23,633.79,14577.17
2023-10-16,Gaming,Sur,35,678.28,23739.8
2023-10-17,Gaming,Sur,37,700.39,25914.43
2023-10-18,Gaming,Sur,21,633.26,13298.46
2023-10-19,Gaming,Sur,24,658.52,15804.48
2023-10-20,Gaming,Sur,19,666.37,12661.03
2023-10-21,Gaming,Sur,26,645.27,16777.02
2023-10-22,Gaming,Sur,30,622.33,18669.9
2023-10-23,Gaming,Sur,38,652.85,24808.3
2023-10-24,Gaming,Sur,27,670.79,18111.33
2023-10-25,Gaming,Sur,22,600.85,13218.7
2023-10-26,Gaming,Sur,22,640.73,14096.06
2023-10-27,Gaming,Sur,23,682.77,15703.71
2023-10-28,Gaming,Sur,28,680.43,19052.04
2023-10-29,Gaming,Sur,30,606.91,18207.3
2023-10-30,Gaming,Sur,30,599.33,17979.9
2023-10-31,Gaming,Sur,30,685.46,20563.8
2023-11-01,Gaming,Sur,28,588.51,16478.28
2023-11-02,Gaming,Sur,28,625.15,17504.2
2023-11-03,Gaming,Sur,20,676.85,13537.0
2023-11-04,Gaming,Sur,31,691.72,21443.32
2023-11-05,Gaming,Sur,33,615.73,20319.09
2023-11-06,Gaming,Sur,37,658.63,24369.31
2023-11-07,Gaming,Sur,26,687.15,17865.9
2023-11-08,Gaming,Sur,34,637.58,21677.72
2023-11-09,Gaming,Sur,21,633.93,13312.53
2023-11-10,Gaming,Sur,34,704.47,23951.98
2023-11-11,Gaming,Sur,30,644.63,19338.9
2023-11-12,Gaming,Sur,32,574.49,18383.68
2023-11-13,Gaming,Sur,34,654.43,22250.62
2023-11-14,Gaming,Sur,32,667.7,21366.4
2023-11-15,Gaming,Sur,45,684.76,30814.2
2023-11-16,Gaming,Sur,48,672.97,32302.56
2023-11-17,Gaming,Sur,33,663.15,21883.95
2023-11-18,Gaming,Sur,59,622.76,36742.84
2023-11-19,Gaming,Sur,63,700.52,44132.76
2023-11-20,Gaming,Sur,59,645.67,38094.53
2023-11-21,Gaming,Sur,37,676.66,25036.42
2023-11-22,Gaming,Sur,44,678.19,29840.36
2023-11-23,Gaming,Sur,46,669.69,30805.74
2023-11-24,Gaming,Sur,42,637.66,26781.72
2023-11-25,Gaming,Sur,61,696.16,42465.76
2023-11-26,Gaming,Sur,61,653.32,39852.52
2023-11-27,Gaming,Sur,58,659.35,38242.3
2023-11-28,Gaming,Sur,68,676.39,45994.52
2023-11-29,Gaming,Sur,54,647.29,34953.66
2023-11-30,Gaming,Sur,54,684.38,36956.52
2023-12-01,Gaming,Sur,45,661.17,29752.65
2023-12-02,Gaming,Sur,51,637.67,32521.17
2023-12-03,Gaming,Sur,53,668.03,35405.59
2023-12-04,Gaming,Sur,50,617.76,30888.0
2023-12-05,Gaming,Sur,45,655.55,29499.75
2023-12-06,Gaming,Sur,44,642.95,28289.8
2023-12-07,Gaming,Sur,53,673.75,35708.75
2023-12-08,Gaming,Sur,47,674.82,31716.54
2023-12-09,Gaming,Sur,41,630.58,25853.78
2023-12-10,Gaming,Sur,56,623.88,34937.28
2023-12-11,Gaming,Sur,58,695.11,40316.38
2023-12-12,Gaming,Sur,59,703.6,41512.4
2023-12-13,Gaming,Sur,47,734.6,34526.2
2023-12-14,Gaming,Sur,51,637.38,32506.38
2023-12-15,Gaming,Sur,55,631.23,34717.65
2023-12-16,Gaming,Sur,50,616.73,30836.5
2023-12-17,Gaming,Sur,76,644.14,48954.64
2023-12-18,Gaming,Sur,52,600.69,31235.88
2023-12-19,Gaming,Sur,50,635.72,31786.0
2023-12-20,Gaming,Sur,50,653.57,32678.5
2023-12-21,Gaming,Sur,52,595.9,30986.8
2023-12-22,Gaming,Sur,57,654.1,37283.7
2023-12-23,Gaming,Sur,50,684.98,34249.0
2023-12-24,Gaming,Sur,84,661.73,55585.32
2023-12-25,Gaming,Sur,45,676.0,30420.0
2023-12-26,Gaming,Sur,46,623.72,28691.12
2023-12-27,Gaming,Sur,23,598.87,13774.01
2023-12-28,Gaming,Sur,37,685.31,25356.47
2023-12-29,Gaming,Sur,39,659.9,25736.1
2023-12-30,Gaming,Sur,40,644.72,25788.8
2023-12-31,Gaming,Sur,48,648.82,31143.36
2024-01-01,Gaming,Sur,55,615.51,33853.05
2024-01-02,Gaming,Sur,40,660.24,26409.6
2024-01-03,Gaming,Sur,29,659.23,19117.67
2024-01-04,Gaming,Sur,35,658.62,23051.7
2024-01-05,Gaming,Sur,35,635.35,22237.25
2024-01-06,Gaming,Sur,41,663.34,27196.94
2024-01-07,Gaming,Sur,35,660.25,23108.75
2024-01-08,Gaming,Sur,49,659.32,32306.68
2024-01-09,Gaming,Sur,50,648.43,32421.5
2024-01-10,Gaming,Sur,31,647.31,20066.61
2024-01-11,Gaming,Sur,43,641.02,27563.86
2024-01-12,Gaming,Sur,34,652.98,22201.32
2024-01-13,Gaming,Sur,42,602.23,25293.66
2024-01-14,Gaming,Sur,48,650.97,31246.56
2024-01-15,Gaming,Sur,44,643.07,28295.08
2024-01-16,Gaming,Sur,46,702.51,32315.46
2024-01-17,Gaming,Sur,34,614.67,20898.78
2024-01-18,Gaming,Sur,44,607.41,26726.04
2024-01-19,Gaming,Sur,25,628.04,15701.0
2024-01-20,Gaming,Sur,37,658.48,24363.76
2024-01-21,Gaming,Sur,40,641.87,25674.8
2024-01-22,Gaming,Sur,47,593.54,27896.38
2024-01-23,Gaming,Sur,38,607.36,23079.68
2024-01-24,Gaming,Sur,42,686.21,28820.82
2024-01-25,Gaming,Sur,38,713.9,27128.2
2024-01-26,Gaming,Sur,35,667.71,23369.85
2024-01-27,Gaming,Sur,44,644.52,28358.88
2024-01-28,Gaming,Sur,64,656.86,42039.04
2024-01-29,Gaming,Sur,55,624.76,34361.8
2024-01-30,Gaming,Sur,42,692.06,29066.52
2024-01-31,Gaming,Sur,36,701.01,25236.36
2024-02-01,Gaming,Sur,35,626.01,21910.35
2024-02-02,Gaming,Sur,42,665.68,27958.56
2024-02-03,Gaming,Sur,44,635.15,27946.6
2024-02-04,Gaming,Sur,42,668.36,28071.12
2024-02-05,Gaming,Sur,58,639.86,37111.88
2024-02-06,Gaming,Sur,54,625.52,33778.08
2024-02-07,Gaming,Sur,50,657.58,32879.0
2024-02-08,Gaming,Sur,31,605.05,18756.55
2024-02-09,Gaming,Sur,38,649.06,24664.28
2024-02-10,Gaming,Sur,42,642.12,26969.04
2024-02-11,Gaming,Sur,57,670.12,38196.84
2024-02-12,Gaming,Sur,71,656.74,46628.54
2024-02-13,Gaming,Sur,47,650.9,30592.3
2024-02-14,Gaming,Sur,38,679.02,25802.76
2024-02-15,Gaming,Sur,39,675.58,26347.62
2024-02-16,Gaming,Sur,34,677.59,23038.06
2024-02-17,Gaming,Sur,49,616.13,30190.37
2024-02-18,Gaming,Sur,52,671.73,34929.96
2024-02-19,Gaming,Sur,54,699.92,37795.68
2024-02-20,Gaming,Sur,63,596.27,37565.01
2024-02-21,Gaming,Sur,36,609.46,21940.56
2024-02-22,Gaming,Sur,34,709.41,24119.94
2024-02-23,Gaming,Sur,37,663.6,24553.2
2024-02-24,Gaming,Sur,37,630.02,23310.74
2024-02-25,Gaming,Sur,64,609.66,39018.24
2024-02-26,Gaming,Sur,47,628.71,29549.37
2024-02-27,Gaming,Sur,43,582.79,25059.97
2024-02-28,Gaming,Sur,43,660.64,28407.52
2024-02-29,Gaming,Sur,29,679.15,19695.35
2024-03-01,Gaming,Sur,40,694.58,27783.2
2024-03-02,Gaming,Sur,43,590.24,25380.32
2024-03-03,Gaming,Sur,52,668.18,34745.36
2024-03-04,Gaming,Sur,60,652.46,39147.6
2024-03-05,Gaming,Sur,55,674.29,37085.95
2024-03-06,Gaming,Sur,36,571.36,20568.96
2024-03-07,Gaming,Sur,43,648.99,27906.57
2024-03-08,Gaming,Sur,43,614.57,26426.51
2024-03-09,Gaming,Sur,48,614.74,29507.52
2024-03-10,Gaming,Sur,62,708.83,43947.46
2024-03-11,Gaming,Sur,64,704.09,45061.76
2024-03-12,Gaming,Sur,51,656.28,33470.28
2024-03-13,Gaming,Sur,38,584.37,22206.06
2024-03-14,Gaming,Sur,47,628.01,29516.47
2024-03-15,Gaming,Sur,51,709.08,36163.08
2024-03-16,Gaming,Sur,37,643.55,23811.35
2024-03-17,Gaming,Sur,54,612.26,33062.04
2024-03-18,Gaming,Sur,49,654.5,32070.5
2024-03-19,Gaming,Sur,43,647.03,27822.29
2024-03-20,Gaming,Sur,43,614.45,26421.35
2024-03-21,Gaming,Sur,40,628.75,25150.0
2024-03-22,Gaming,Sur,34,605.15,20575.1
2024-03-23,Gaming,Sur,31,729.33,22609.23
2024-03-24,Gaming,Sur,41,622.95,25540.95
2024-03-25,Gaming,Sur,60,633.45,38007.0
2024-03-26,Gaming,Sur,45,638.79,28745.55
2024-03-27,Gaming,Sur,32,672.84,21530.88
2024-03-28,Gaming,Sur,36,586.58,21116.88
2024-03-29,Gaming,Sur,45,647.47,29136.15
2024-03-30,Gaming,Sur,40,654.43,26177.2
2024-03-31,Gaming,Sur,57,664.27,37863.39
2024-04-01,Gaming,Sur,52,655.02,34061.04
2024-04-02,Gaming,Sur,47,615.83,28944.01
2024-04-03,Gaming,Sur,39,646.5,25213.5
2024-04-04,Gaming,Sur,27,667.38,18019.26
2024-04-05,Gaming,Sur,34,651.89,22164.26
2024-04-06,Gaming,Sur,42,647.31,27187.02
2024-04-07,Gaming,Sur,45,696.38,31337.1
2024-04-08,Gaming,Sur,44,676.5,29766.0
2024-04-09,Gaming,Sur,40,628.45,25138.0
2024-04-10,Gaming,Sur,42,640.18,26887.56
2024-04-11,Gaming,Sur,42,663.03,27847.26
2024-04-12,Gaming,Sur,37,613.96,22716.52
2024-04-13,Gaming,Sur,54,650.09,35104.86
2024-04-14,Gaming,Sur,47,663.57,31187.79
2024-04-15,Gaming,Sur,54,615.34,33228.36
2024-04-16,Gaming,Sur,44,677.01,29788.44
2024-04-17,Gaming,Sur,29,676.92,19630.68
2024-04-18,Gaming,Sur,32,583.95,18686.4
2024-04-19,Gaming,Sur,35,665.62,23296.7
2024-04-20,Gaming,Sur,53,698.97,37045.41
2024-04-21,Gaming,Sur,54,649.97,35098.38
2024-04-22,Gaming,Sur,43,607.78,26134.54
2024-04-23,Gaming,Sur,45,669.77,30139.65
2024-04-24,Gaming,Sur,34,632.63,21509.42
2024-04-25,Gaming,Sur,35,667.95,23378.25
2024-04-26,Gaming,Sur,41,671.81,27544.21
2024-04-27,Gaming,Sur,46,611.65,28135.9
2024-04-28,Gaming,Sur,52,657.48,34188.96
2024-04-29,Gaming,Sur,38,617.75,23474.5
2024-04-30,Gaming,Sur,46,608.42,27987.32
2024-05-01,Gaming,Sur,40,674.46,26978.4
2024-05-02,Gaming,Sur,30,653.24,19597.2
2024-05-03,Gaming,Sur,33,567.13,18715.29
2024-05-04,Gaming,Sur,40,671.12,26844.8
2024-05-05,Gaming,Sur,33,611.76,20188.08
2024-05-06,Gaming,Sur,54,650.37,35119.98
2024-05-07,Gaming,Sur,52,636.47,33096.44
2024-05-08,Gaming,Sur,34,681.18,23160.12
2024-05-09,Gaming,Sur,29,666.72,19334.88
2024-05-10,Gaming,Sur,37,658.37,24359.69
2024-05-11,Gaming,Sur,40,668.45,26738.0
2024-05-12,Gaming,Sur,50,646.32,32316.0
2024-05-13,Gaming,Sur,53,677.91,35929.23
2024-05-14,Gaming,Sur,44,659.31,29009.64
2024-05-15,Gaming,Sur,25,680.8,17020.0
2024-05-16,Gaming,Sur,22,696.76,15328.72
2024-05-17,Gaming,Sur,33,685.45,22619.85
2024-05-18,Gaming,Sur,39,652.13,25433.07
2024-05-19,Gaming,Sur,36,701.68,25260.48
2024-05-20,Gaming,Sur,53,627.19,33241.07
2024-05-21,Gaming,Sur,31,647.97,20087.07
2024-05-22,Gaming,Sur,34,667.26,22686.84
2024-05-23,Gaming,Sur,25,640.98,16024.5
2024-05-24,Gaming,Sur,24,678.88,16293.12
2024-05-25,Gaming,Sur,39,650.94,25386.66
2024-05-26,Gaming,Sur,45,596.2,26829.0
2024-05-27,Gaming,Sur,42,608.42,25553.64
2024-05-28,Gaming,Sur,30,679.72,20391.6
2024-05-29,Gaming,Sur,25,618.7,15467.5
2024-05-30,Gaming,Sur,30,651.58,19547.4
2024-05-31,Gaming,Sur,34,635.01,21590.34
2024-06-01,Gaming,Sur,27,665.72,17974.44
2024-06-02,Gaming,Sur,26,648.55,16862.3
2024-06-03,Gaming,Sur,30,621.4,18642.0
2024-06-04,Gaming,Sur,36,601.68,21660.48
2024-06-05,Gaming,Sur,33,677.24,22348.92
2024-06-06,Gaming,Sur,28,643.23,18010.44
2024-06-07,Gaming,Sur,21,603.43,12672.03
2024-06-08,Gaming,Sur,33,657.25,21689.25
2024-06-09,Gaming,Sur,45,660.63,29728.35
2024-06-10,Gaming,Sur,30,638.25,19147.5
2024-06-11,Gaming,Sur,42,646.8,27165.6
2024-06-12,Gaming,Sur,35,683.82,23933.7
2024-06-13,Gaming,Sur,25,651.9,16297.5
2024-06-14,Gaming,Sur,21,601.51,12631.71
2024-06-15,Gaming,Sur,34,651.69,22157.46
2024-06-16,Gaming,Sur,30,681.7,20451.0
2024-06-17,Gaming,Sur,40,606.74,24269.6
2024-06-18,Gaming,Sur,31,673.22,20869.82
2024-06-19,Gaming,Sur,24,647.22,15533.28
2024-06-20,Gaming,Sur,17,601.35,10222.95
2024-06-21,Gaming,Sur,18,679.17,12225.06
2024-06-22,Gaming,Sur,37,623.96,23086.52
2024-06-23,Gaming,Sur,31,649.63,20138.53
2024-06-24,Gaming,Sur,36,659.8,23752.8
2024-06-25,Gaming,Sur,45,653.02,29385.9
2024-06-26,Gaming,Sur,25,625.14,15628.5
2024-06-27,Gaming,Sur,28,688.45,19276.6
2024-06-28,Gaming,Sur,28,621.34,17397.52
2024-06-29,Gaming,Sur,28,637.61,17853.08
2024-06-30,Gaming,Sur,31,677.14,20991.34
2024-07-01,Gaming,Sur,27,645.47,17427.69
2024-07-02,Gaming,Sur,25,637.64,15941.0
2024-07-03,Gaming,Sur,28,638.78,17885.84
2024-07-04,Gaming,Sur,24,588.52,14124.48
2024-07-05,Gaming,Sur,31,680.49,21095.19
2024-07-06,Gaming,Sur,25,609.43,15235.75
2024-07-07,Gaming,Sur,31,648.26,20096.06
2024-07-08,Gaming,Sur,33,574.13,18946.29
2024-07-09,Gaming,Sur,30,651.86,19555.8
2024-07-10,Gaming,Sur,23,606.47,13948.81
2024-07-11,Gaming,Sur,23,592.81,13634.63
2024-07-12,Gaming,Sur,16,616.38,9862.08
2024-07-13,Gaming,Sur,22,593.97,13067.34
2024-07-14,Gaming,Sur,31,643.07,19935.17
2024-07-15,Gaming,Sur,34,649.1,22069.4
2024-07-16,Gaming,Sur,29,643.65,18665.85
2024-07-17,Gaming,Sur,23,625.41,14384.43
2024-07-18,Gaming,Sur,24,674.73,16193.52
2024-07-19,Gaming,Sur,21,639.16,13422.36
2024-07-20,Gaming,Sur,29,684.31,19844.99
2024-07-21,Gaming,Sur,36,576.08,20738.88
2024-07-22,Gaming,Sur,22,654.44,14397.68
2024-07-23,Gaming,Sur,20,653.78,13075.6
2024-07-24,Gaming,Sur,18,621.04,11178.72
2024-07-25,Gaming,Sur,17,682.77,11607.09
2024-07-26,Gaming,Sur,17,645.15,10967.55
2024-07-27,Gaming,Sur,22,650.37,14308.14
2024-07-28,Gaming,Sur,28,658.65,18442.2
2024-07-29,Gaming,Sur,18,706.15,12710.7
2024-07-30,Gaming,Sur,27,632.96,17089.92
2024-07-31,Gaming,Sur,24,651.61,15638.64
2024-08-01,Gaming,Sur,20,684.69,13693.8
2024-08-02,Gaming,Sur,25,641.75,16043.75
2024-08-03,Gaming,Sur,24,680.8,16339.2
2024-08-04,Gaming,Sur,19,645.91,12272.29
2024-08-05,Gaming,Sur,23,657.69,15126.87
2024-08-06,Gaming,Sur,23,640.99,14742.77
2024-08-07,Gaming,Sur,17,636.07,10813.19
2024-08-08,Gaming,Sur,25,646.47,16161.75
2024-08-09,Gaming,Sur,20,619.79,12395.8
2024-08-10,Gaming,Sur,18,620.75,11173.5
2024-08-11,Gaming,Sur,32,641.53,20528.96
2024-08-12,Gaming,Sur,23,647.51,14892.73
2024-08-13,Gaming,Sur,19,666.94,12671.86
2024-08-14,Gaming,Sur,24,633.98,15215.52
2024-08-15,Gaming,Sur,16,694.52,11112.32
2024-08-16,Gaming,Sur,21,607.57,12758.97
2024-08-17,Gaming,Sur,22,618.57,13608.54
2024-08-18,Gaming,Sur,31,658.76,20421.56
2024-08-19,Gaming,Sur,29,688.32,19961.28
2024-08-20,Gaming,Sur,24,623.04,14952.96
2024-08-21,Gaming,Sur,24,695.51,16692.24
2024-08-22,Gaming,Sur,15,671.29,10069.35
2024-08-23,Gaming,Sur,21,662.75,13917.75
2024-08-24,Gaming,Sur,31,662.12,20525.72
2024-08-25,Gaming,Sur,22,661.18,14545.96
2024-08-26,Gaming,Sur,23,631.17,14516.91
2024-08-27,Gaming,Sur,24,630.88,15141.12
2024-08-28,Gaming,Sur,21,630.81,13247.01
2024-08-29,Gaming,Sur,22,631.76,13898.72
2024-08-30,Gaming,Sur,19,668.31,12697.89
2024-08-31,Gaming,Sur,25,686.76,17169.0
2024-09-01,Gaming,Sur,28,613.76,17185.28
2024-09-02,Gaming,Sur,24,617.77,14826.48
2024-09-03,Gaming,Sur,23,690.75,15887.25
2024-09-04,Gaming,Sur,23,644.59,14825.57
2024-09-05,Gaming,Sur,18,668.02,12024.36
2024-09-06,Gaming,Sur,22,633.42,13935.24
2024-09-07,Gaming,Sur,30,708.48,21254.4
2024-09-08,Gaming,Sur,26,650.22,16905.72
2024-09-09,Gaming,Sur,27,672.8,18165.6
2024-09-10,Gaming,Sur,19,676.66,12856.54
2024-09-11,Gaming,Sur,21,594.22,12478.62
2024-09-12,Gaming,Sur,17,592.2,10067.4
2024-09-13,Gaming,Sur,22,628.62,13829.64
2024-09-14,Gaming,Sur,34,648.51,22049.34
2024-09-15,Gaming,Sur,34,647.25,22006.5
2024-09-16,Gaming,Sur,32,680.01,21760.32
2024-09-17,Gaming,Sur,27,615.96,16630.92
2024-09-18,Gaming,Sur,24,613.49,14723.76
2024-09-19,Gaming,Sur,19,617.15,11725.85
2024-09-20,Gaming,Sur,24,683.59,16406.16
2024-09-21,Gaming,Sur,25,672.01,16800.25
2024-09-22,Gaming,Sur,34,605.39,20583.26
2024-09-23,Gaming,Sur,37,671.26,24836.62
2024-09-24,Gaming,Sur,22,629.44,13847.68
2024-09-25,Gaming,Sur,23,602.16,13849.68
2024-09-26,Gaming,Sur,26,646.02,16796.52
2024-09-27,Gaming,Sur,22,643.87,14165.14
2024-09-28,Gaming,Sur,26,672.49,17484.74
2024-09-29,Gaming,Sur,23,644.01,14812.23
2024-09-30,Gaming,Sur,25,684.36,17109.0
2024-10-01,Gaming,Sur,27,688.17,18580.59
2024-10-02,Gaming,Sur,29,629.27,18248.83
2024-10-03,Gaming,Sur,19,641.51,12188.69
2024-10-04,Gaming,Sur,24,679.35,16304.4
2024-10-05,Gaming,Sur,30,648.75,19462.5
2024-10-06,Gaming,Sur,22,680.36,14967.92
2024-10-07,Gaming,Sur,38,681.53,25898.14
2024-10-08,Gaming,Sur,29,594.73,17247.17
2024-10-09,Gaming,Sur,23,665.53,15307.19
2024-10-10,Gaming,Sur,27,661.32,17855.64
2024-10-11,Gaming,Sur,29,662.39,19209.31
2024-10-12,Gaming,Sur,29,659.58,19127.82
2024-10-13,Gaming,Sur,39,658.98,25700.22
2024-10-14,Gaming,Sur,31,707.07,21919.17
2024-10-15,Gaming,Sur,33,661.72,21836.76
2024-10-16,Gaming,Sur,27,634.02,17118.54
2024-10-17,Gaming,Sur,26,635.91,16533.66
2024-10-18,Gaming,Sur,30,640.68,19220.4
2024-10-19,Gaming,Sur,27,690.06,18631.62
2024-10-20,Gaming,Sur,42,614.79,25821.18
2024-10-21,Gaming,Sur,35,698.28,24439.8
2024-10-22,Gaming,Sur,27,655.66,17702.82
2024-10-23,Gaming,Sur,27,579.59,15648.93
2024-10-24,Gaming,Sur,20,691.98,13839.6
2024-10-25,Gaming,Sur,26,675.64,17566.64
2024-10-26,Gaming,Sur,31,637.86,19773.66
2024-10-27,Gaming,Sur,42,656.03,27553.26
2024-10-28,Gaming,Sur,34,679.52,23103.68
2024-10-29,Gaming,Sur,23,687.76,15818.48
2024-10-30,Gaming,Sur,24,645.09,15482.16
2024-10-31,Gaming,Sur,29,693.69,20117.01
2024-11-01,Gaming,Sur,38,643.94,24469.72
2024-11-02,Gaming,Sur,30,688.76,20662.8
2024-11-03,Gaming,Sur,45,598.28,26922.6
2024-11-04,Gaming,Sur,46,699.55,32179.3
2024-11-05,Gaming,Sur,39,593.09,23130.51
2024-11-06,Gaming,Sur,32,624.22,19975.04
2024-11-07,Gaming,Sur,34,683.22,23229.48
2024-11-08,Gaming,Sur,24,653.2,15676.8
2024-11-09,Gaming,Sur,47,673.02,31631.94
2024-11-10,Gaming,Sur,44,611.33,26898.52
2024-11-11,Gaming,Sur,38,622.64,23660.32
2024-11-12,Gaming,Sur,37,640.52,23699.24
2024-11-13,Gaming,Sur,37,599.35,22175.95
2024-11-14,Gaming,Sur,31,686.8,21290.8
2024-11-15,Gaming,Sur,50,647.75,32387.5
2024-11-16,Gaming,Sur,54,613.0,33102.0
2024-11-17,Gaming,Sur,71,648.03,46010.13
2024-11-18,Gaming,Sur,65,649.7,42230.5
2024-11-19,Gaming,Sur,76,665.89,50607.64
2024-11-20,Gaming,Sur,64,646.01,41344.64
2024-11-21,Gaming,Sur,50,625.01,31250.5
2024-11-22,Gaming,Sur,74,642.95,47578.3
2024-11-23,Gaming,Sur,73,718.24,52431.52
2024-11-24,Gaming,Sur,78,661.08,51564.24
2024-11-25,Gaming,Sur,94,618.45,58134.3
2024-11-26,Gaming,Sur,77,682.6,52560.2
2024-11-27,Gaming,Sur,52,725.84,37743.68
2024-11-28,Gaming,Sur,60,667.18,40030.8
2024-11-29,Gaming,Sur,60,648.06,38883.6
2024-11-30,Gaming,Sur,77,601.89,46345.53
2024-12-01,Gaming,Sur,65,646.88,42047.2
2024-12-02,Gaming,Sur,67,609.91,40863.97
2024-12-03,Gaming,Sur,66,659.55,43530.3
2024-12-04,Gaming,Sur,55,582.13,32017.15
2024-12-05,Gaming,Sur,45,668.69,30091.05
2024-12-06,Gaming,Sur,51,592.51,30218.01
2024-12-07,Gaming,Sur,49,652.82,31988.18
2024-12-08,Gaming,Sur,75,700.68,52551.0
2024-12-09,Gaming,Sur,85,619.61,52666.85
2024-12-10,Gaming,Sur,52,628.47,32680.44
2024-12-11,Gaming,Sur,65,661.89,43022.85
2024-12-12,Gaming,Sur,53,632.29,33511.37
2024-12-13,Gaming,Sur,57,688.73,39257.61
2024-12-14,Gaming,Sur,73,640.97,46790.81
2024-12-15,Gaming,Sur,108,681.5,73602.0
2024-12-16,Gaming,Sur,67,665.54,44591.18
2024-12-17,Gaming,Sur,63,651.64,41053.32
2024-12-18,Gaming,Sur,68,654.63,44514.84
2024-12-19,Gaming,Sur,54,661.56,35724.24
2024-12-20,Gaming,Sur,48,637.64,30606.72
2024-12-21,Gaming,Sur,65,688.15,44729.75
2024-12-22,Gaming,Sur,71,608.27,43187.17
2024-12-23,Gaming,Sur,71,702.29,49862.59
2024-12-24,Gaming,Sur,60,608.31,36498.6
2024-12-25,Gaming,Sur,30,683.51,20505.3
2024-12-26,Gaming,Sur,39,713.15,27812.85
2024-12-27,Gaming,Sur,37,706.19,26129.03
2024-12-28,Gaming,Sur,45,583.42,26253.9
2024-12-29,Gaming,Sur,53,651.5,34529.5
2024-12-30,Gaming,Sur,59,650.88,38401.92
2023-01-01,Gaming,Bajío,30,652.83,19584.9
2023-01-02,Gaming,Bajío,27,679.81,18354.87
2023-01-03,Gaming,Bajío,20,644.46,12889.2
2023-01-04,Gaming,Bajío,24,655.77,15738.48
2023-01-05,Gaming,Bajío,20,765.53,15310.6
2023-01-06,Gaming,Bajío,18,710.77,12793.86
2023-01-07,Gaming,Bajío,30,650.41,19512.3
2023-01-08,Gaming,Bajío,34,674.05,22917.7
2023-01-09,Gaming,Bajío,33,643.22,21226.26
2023-01-10,Gaming,Bajío,27,640.95,17305.65
2023-01-11,Gaming,Bajío,23,682.13,15688.99
2023-01-12,Gaming,Bajío,23,681.42,15672.66
2023-01-13,Gaming,Bajío,28,672.64,18833.92
2023-01-14,Gaming,Bajío,31,644.03,19964.93
2023-01-15,Gaming,Bajío,33,711.03,23463.99
2023-01-16,Gaming,Bajío,27,615.57,16620.39
2023-01-17,Gaming,Bajío,30,654.52,19635.6
2023-01-18,Gaming,Bajío,21,613.91,12892.11
2023-01-19,Gaming,Bajío,23,655.03,15065.69
2023-01-20,Gaming,Bajío,28,641.84,17971.52
2023-01-21,Gaming,Bajío,28,695.78,19481.84
2023-01-22,Gaming,Bajío,37,651.34,24099.58
2023-01-23,Gaming,Bajío,41,696.82,28569.62
2023-01-24,Gaming,Bajío,22,645.49,14200.78
2023-01-25,Gaming,Bajío,31,635.68,19706.08
2023-01-26,Gaming,Bajío,29,665.34,19294.86
2023-01-27,Gaming,Bajío,21,583.18,12246.78
2023-01-28,Gaming,Bajío,25,640.46,16011.5
2023-01-29,Gaming,Bajío,32,658.64,21076.48
2023-01-30,Gaming,Bajío,32,725.41,23213.12
2023-01-31,Gaming,Bajío,24,672.4,16137.6
2023-02-01,Gaming,Bajío,29,592.95,17195.55
2023-02-02,Gaming,Bajío,28,629.59,17628.52
2023-02-03,Gaming,Bajío,33,615.02,20295.66
2023-02-04,Gaming,Bajío,32,666.49,21327.68
2023-02-05,Gaming,Bajío,30,681.9,20457.0
2023-02-06,Gaming,Bajío,36,603.04,21709.44
2023-02-07,Gaming,Bajío,40,689.22,27568.8
2023-02-08,Gaming,Bajío,31,622.32,19291.92
2023-02-09,Gaming,Bajío,25,623.01,15575.25
2023-02-10,Gaming,Bajío,20,612.23,12244.6
2023-02-11,Gaming,Bajío,30,632.87,18986.1
2023-02-12,Gaming,Bajío,31,652.2,20218.2
2023-02-13,Gaming,Bajío,32,690.27,22088.64
2023-02-14,Gaming,Bajío,31,609.68,18900.08
2023-02-15,Gaming,Bajío,27,611.23,16503.21
2023-02-16,Gaming,Bajío,35,680.65,23822.75
2023-02-17,Gaming,Bajío,25,640.79,16019.75
2023-02-18,Gaming,Bajío,23,629.29,14473.67
2023-02-19,Gaming,Bajío,35,658.84,23059.4
2023-02-20,Gaming,Bajío,36,633.45,22804.2
2023-02-21,Gaming,Bajío,32,620.94,19870.08
2023-02-22,Gaming,Bajío,29,641.43,18601.47
2023-02-23,Gaming,Bajío,21,658.86,13836.06
2023-02-24,Gaming,Bajío,23,614.91,14142.93
2023-02-25,Gaming,Bajío,24,683.8,16411.2
2023-02-26,Gaming,Bajío,34,645.81,21957.54
2023-02-27,Gaming,Bajío,40,644.94,25797.6
2023-02-28,Gaming,Bajío,28,631.8,17690.4
2023-03-01,Gaming,Bajío,25,637.4,15935.0
2023-03-02,Gaming,Bajío,21,625.99,13145.79
2023-03-03,Gaming,Bajío,27,687.39,18559.53
2023-03-04,Gaming,Bajío,36,655.6,23601.6
2023-03-05,Gaming,Bajío,26,634.65,16500.9
2023-03-06,Gaming,Bajío,33,622.8,20552.4
2023-03-07,Gaming,Bajío,33,635.12,20958.96
2023-03-08,Gaming,Bajío,25,666.09,16652.25
2023-03-09,Gaming,Bajío,32,638.59,20434.88
2023-03-10,Gaming,Bajío,19,642.88,12214.72
2023-03-11,Gaming,Bajío,17,654.02,11118.34
2023-03-12,Gaming,Bajío,36,631.91,22748.76
2023-03-13,Gaming,Bajío,24,646.73,15521.52
2023-03-14,Gaming,Bajío,25,716.86,17921.5
2023-03-15,Gaming,Bajío,26,656.07,17057.82
2023-03-16,Gaming,Bajío,29,657.23,19059.67
2023-03-17,Gaming,Bajío,20,626.13,12522.6
2023-03-18,Gaming,Bajío,25,678.21,16955.25
2023-03-19,Gaming,Bajío,29,629.06,18242.74
2023-03-20,Gaming,Bajío,30,660.71,19821.3
2023-03-21,Gaming,Bajío,34,582.69,19811.46
2023-03-22,Gaming,Bajío,22,624.13,13730.86
2023-03-23,Gaming,Bajío,19,631.92,12006.48
2023-03-24,Gaming,Bajío,21,640.03,13440.63
2023-03-25,Gaming,Bajío,35,636.57,22279.95
2023-03-26,Gaming,Bajío,41,689.44,28267.04
2023-03-27,Gaming,Bajío,33,647.84,21378.72
2023-03-28,Gaming,Bajío,36,689.72,24829.92
2023-03-29,Gaming,Bajío,24,619.56,14869.44
2023-03-30,Gaming,Bajío,22,610.47,13430.34
2023-03-31,Gaming,Bajío,27,698.63,18863.01
2023-04-01,Gaming,Bajío,24,620.6,14894.4
2023-04-02,Gaming,Bajío,32,659.22,21095.04
2023-04-03,Gaming,Bajío,29,641.58,18605.82
2023-04-04,Gaming,Bajío,30,613.13,18393.9
2023-04-05,Gaming,Bajío,22,605.51,13321.22
2023-04-06,Gaming,Bajío,19,623.23,11841.37
2023-04-07,Gaming,Bajío,25,635.8,15895.0
2023-04-08,Gaming,Bajío,24,663.41,15921.84
2023-04-09,Gaming,Bajío,39,652.28,25438.92
2023-04-10,Gaming,Bajío,28,638.93,17890.04
2023-04-11,Gaming,Bajío,31,683.6,21191.6
2023-04-12,Gaming,Bajío,23,693.0,15939.0
2023-04-13,Gaming,Bajío,18,655.11,11791.98
2023-04-14,Gaming,Bajío,23,634.44,14592.12
2023-04-15,Gaming,Bajío,26,649.48,16886.48
2023-04-16,Gaming,Bajío,27,658.32,17774.64
2023-04-17,Gaming,Bajío,30,602.65,18079.5
2023-04-18,Gaming,Bajío,36,647.79,23320.44
2023-04-19,Gaming,Bajío,21,651.13,13673.73
2023-04-20,Gaming,Bajío,18,617.49,11114.82
2023-04-21,Gaming,Bajío,24,631.91,15165.84
2023-04-22,Gaming,Bajío,27,625.58,16890.66
2023-04-23,Gaming,Bajío,33,689.31,22747.23
2023-04-24,Gaming,Bajío,32,610.11,19523.52
2023-04-25,Gaming,Bajío,27,662.31,17882.37
2023-04-26,Gaming,Bajío,21,702.86,14760.06
2023-04-27,Gaming,Bajío,23,646.95,14879.85
2023-04-28,Gaming,Bajío,20,695.12,13902.4
2023-04-29,Gaming,Bajío,30,653.29,19598.7
2023-04-30,Gaming,Bajío,36,665.8,23968.8
2023-05-01,Gaming,Bajío,28,605.11,16943.08
2023-05-02,Gaming,Bajío,20,691.69,13833.8
2023-05-03,Gaming,Bajío,23,640.25,14725.75
2023-05-04,Gaming,Bajío,18,647.65,11657.7
2023-05-05,Gaming,Bajío,21,638.5,13408.5
2023-05-06,Gaming,Bajío,23,625.34,14382.82
2023-05-07,Gaming,Bajío,25,676.43,16910.75
2023-05-08,Gaming,Bajío,28,637.85,17859.8
2023-05-09,Gaming,Bajío,21,624.12,13106.52
2023-05-10,Gaming,Bajío,25,625.99,15649.75
2023-05-11,Gaming,Bajío,21,619.09,13000.89
2023-05-12,Gaming,Bajío,21,698.68,14672.28
2023-05-13,Gaming,Bajío,23,654.16,15045.68
2023-05-14,Gaming,Bajío,30,624.06,18721.8
2023-05-15,Gaming,Bajío,30,623.32,18699.6
2023-05-16,Gaming,Bajío,25,683.6,17090.0
2023-05-17,Gaming,Bajío,19,658.72,12515.68
2023-05-18,Gaming,Bajío,19,601.48,11428.12
2023-05-19,Gaming,Bajío,23,552.76,12713.48
2023-05-20,Gaming,Bajío,19,654.61,12437.59
2023-05-21,Gaming,Bajío,23,694.5,15973.5
2023-05-22,Gaming,Bajío,24,624.65,14991.6
2023-05-23,Gaming,Bajío,21,669.84,14066.64
2023-05-24,Gaming,Bajío,21,707.82,14864.22
2023-05-25,Gaming,Bajío,17,607.5,10327.5
2023-05-26,Gaming,Bajío,14,618.55,8659.7
2023-05-27,Gaming,Bajío,17,638.58,10855.86
2023-05-28,Gaming,Bajío,26,662.38,17221.88
2023-05-29,Gaming,Bajío,29,661.1,19171.9
2023-05-30,Gaming,Bajío,21,646.01,13566.21
2023-05-31,Gaming,Bajío,14,733.75,10272.5
2023-06-01,Gaming,Bajío,14,676.7,9473.8
2023-06-02,Gaming,Bajío,18,639.01,11502.18
2023-06-03,Gaming,Bajío,22,643.88,14165.36
2023-06-04,Gaming,Bajío,22,637.9,14033.8
2023-06-05,Gaming,Bajío,27,690.67,18648.09
2023-06-06,Gaming,Bajío,23,600.7,13816.1
2023-06-07,Gaming,Bajío,16,642.29,10276.64
2023-06-08,Gaming,Bajío,20,588.66,11773.2
2023-06-09,Gaming,Bajío,15,659.98,9899.7
2023-06-10,Gaming,Bajío,19,666.6,12665.4
2023-06-11,Gaming,Bajío,26,603.6,15693.6
2023-06-12,Gaming,Bajío,23,598.04,13754.92
2023-06-13,Gaming,Bajío,21,650.74,13665.54
2023-06-14,Gaming,Bajío,17,661.43,11244.31
2023-06-15,Gaming,Bajío,18,602.86,10851.48
2023-06-16,Gaming,Bajío,20,641.18,12823.6
2023-06-17,Gaming,Bajío,22,671.51,14773.22
2023-06-18,Gaming,Bajío,25,665.67,16641.75
2023-06-19,Gaming,Bajío,26,636.47,16548.22
2023-06-20,Gaming,Bajío,16,627.46,10039.36
2023-06-21,Gaming,Bajío,18,569.48,10250.64
2023-06-22,Gaming,Bajío,14,625.07,8750.98
2023-06-23,Gaming,Bajío,18,660.63,11891.34
2023-06-24,Gaming,Bajío,20,648.58,12971.6
2023-06-25,Gaming,Bajío,19,674.38,12813.22
2023-06-26,Gaming,Bajío,20,711.04,14220.8
2023-06-27,Gaming,Bajío,17,649.99,11049.83
2023-06-28,Gaming,Bajío,16,583.27,9332.32
2023-06-29,Gaming,Bajío,13,633.63,8237.19
2023-06-30,Gaming,Bajío,19,687.47,13061.93
2023-07-01,Gaming,Bajío,24,689.52,16548.48
2023-07-02,Gaming,Bajío,26,596.19,15500.94
2023-07-03,Gaming,Bajío,20,621.87,12437.4
2023-07-04,Gaming,Bajío,18,643.11,11575.98
2023-07-05,Gaming,Bajío,19,679.65,12913.35
2023-07-06,Gaming,Bajío,15,620.87,9313.05
2023-07-07,Gaming,Bajío,12,668.99,8027.88
2023-07-08,Gaming,Bajío,16,560.84,8973.44
2023-07-09,Gaming,Bajío,22,644.88,14187.36
2023-07-10,Gaming,Bajío,23,611.12,14055.76
2023-07-11,Gaming,Bajío,16,640.54,10248.64
2023-07-12,Gaming,Bajío,14,599.88,8398.32
2023-07-13,Gaming,Bajío,14,650.74,9110.36
2023-07-14,Gaming,Bajío,14,667.95,9351.3
2023-07-15,Gaming,Bajío,19,656.92,12481.48
2023-07-16,Gaming,Bajío,21,686.28,14411.88
2023-07-17,Gaming,Bajío,25,653.93,16348.25
2023-07-18,Gaming,Bajío,23,655.19,15069.37
2023-07-19,Gaming,Bajío,17,630.71,10722.07
2023-07-20,Gaming,Bajío,16,663.39,10614.24
2023-07-21,Gaming,Bajío,13,632.84,8226.92
2023-07-22,Gaming,Bajío,22,639.49,14068.78
2023-07-23,Gaming,Bajío,16,684.85,10957.6
2023-07-24,Gaming,Bajío,19,705.45,13403.55
2023-07-25,Gaming,Bajío,20,639.08,12781.6
2023-07-26,Gaming,Bajío,10,662.86,6628.6
2023-07-27,Gaming,Bajío,12,625.25,7503.0
2023-07-28,Gaming,Bajío,18,628.82,11318.76
2023-07-29,Gaming,Bajío,19,569.85,10827.15
2023-07-30,Gaming,Bajío,13,668.29,8687.77
2023-07-31,Gaming,Bajío,16,635.18,10162.88
2023-08-01,Gaming,Bajío,14,704.18,9858.52
2023-08-02,Gaming,Bajío,15,626.05,9390.75
2023-08-03,Gaming,Bajío,12,649.57,7794.84
2023-08-04,Gaming,Bajío,15,673.95,10109.25
2023-08-05,Gaming,Bajío,19,731.26,13893.94
2023-08-06,Gaming,Bajío,24,621.94,14926.56
2023-08-07,Gaming,Bajío,24,634.54,15228.96
2023-08-08,Gaming,Bajío,12,655.23,7862.76
2023-08-09,Gaming,Bajío,13,639.67,8315.71
2023-08-10,Gaming,Bajío,11,672.54,7397.94
2023-08-11,Gaming,Bajío,15,655.35,9830.25
2023-08-12,Gaming,Bajío,17,690.79,11743.43
2023-08-13,Gaming,Bajío,14,641.78,8984.92
2023-08-14,Gaming,Bajío,22,677.76,14910.72
2023-08-15,Gaming,Bajío,17,649.07,11034.19
2023-08-16,Gaming,Bajío,18,668.48,12032.64
2023-08-17,Gaming,Bajío,12,657.46,7889.52
2023-08-18,Gaming,Bajío,15,647.84,9717.6
2023-08-19,Gaming,Bajío,13,626.08,8139.04
2023-08-20,Gaming,Bajío,23,677.58,15584.34
2023-08-21,Gaming,Bajío,18,616.01,11088.18
2023-08-22,Gaming,Bajío,16,670.82,10733.12
2023-08-23,Gaming,Bajío,12,669.98,8039.76
2023-08-24,Gaming,Bajío,12,721.67,8660.04
2023-08-25,Gaming,Bajío,14,677.58,9486.12
2023-08-26,Gaming,Bajío,15,589.23,8838.45
2023-08-27,Gaming,Bajío,19,618.92,11759.48
2023-08-28,Gaming,Bajío,16,649.28,10388.48
2023-08-29,Gaming,Bajío,16,636.68,10186.88
2023-08-30,Gaming,Bajío,12,661.58,7938.96
2023-08-31,Gaming,Bajío,13,609.25,7920.25
2023-09-01,Gaming,Bajío,15,591.84,8877.6
2023-09-02,Gaming,Bajío,17,619.14,10525.38
2023-09-03,Gaming,Bajío,16,719.74,11515.84
2023-09-04,Gaming,Bajío,20,685.28,13705.6
2023-09-05,Gaming,Bajío,19,631.74,12003.06
2023-09-06,Gaming,Bajío,15,655.76,9836.4
2023-09-07,Gaming,Bajío,12,617.76,7413.12
2023-09-08,Gaming,Bajío,14,677.54,9485.56
2023-09-09,Gaming,Bajío,19,615.77,11699.63
2023-09-10,Gaming,Bajío,20,637.27,12745.4
2023-09-11,Gaming,Bajío,22,625.21,13754.62
2023-09-12,Gaming,Bajío,15,642.16,9632.4
2023-09-13,Gaming,Bajío,16,659.35,10549.6
2023-09-14,Gaming,Bajío,19,649.32,12337.08
2023-09-15,Gaming,Bajío,11,682.2,7504.2
2023-09-16,Gaming,Bajío,17,617.59,10499.03
2023-09-17,Gaming,Bajío,18,569.04,10242.72
2023-09-18,Gaming,Bajío,23,655.55,15077.65
2023-09-19,Gaming,Bajío,18,702.71,12648.78
2023-09-20,Gaming,Bajío,15,616.91,9253.65
2023-09-21,Gaming,Bajío,10,668.78,6687.8
2023-09-22,Gaming,Bajío,15,635.17,9527.55
2023-09-23,Gaming,Bajío,15,624.33,9364.95
2023-09-24,Gaming,Bajío,20,624.31,12486.2
2023-09-25,Gaming,Bajío,24,666.23,15989.52
2023-09-26,Gaming,Bajío,19,693.84,13182.96
2023-09-27,Gaming,Bajío,14,688.69,9641.66
2023-09-28,Gaming,Bajío,14,677.97,9491.58
2023-09-29,Gaming,Bajío,17,654.53,11127.01
2023-09-30,Gaming,Bajío,18,629.07,11323.26
2023-10-01,Gaming,Bajío,23,680.31,15647.13
2023-10-02,Gaming,Bajío,21,693.43,14562.03
2023-10-03,Gaming,Bajío,21,636.16,13359.36
2023-10-04,Gaming,Bajío,16,635.58,10169.28
2023-10-05,Gaming,Bajío,13,663.74,8628.62
2023-10-06,Gaming,Bajío,16,617.06,9872.96
2023-10-07,Gaming,Bajío,16,657.34,10517.44
2023-10-08,Gaming,Bajío,24,585.38,14049.12
2023-10-09,Gaming,Bajío,19,683.48,12986.12
2023-10-10,Gaming,Bajío,18,654.0,11772.0
2023-10-11,Gaming,Bajío,15,654.25,9813.75
2023-10-12,Gaming,Bajío,18,667.14,12008.52
2023-10-13,Gaming,Bajío,17,634.43,10785.31
2023-10-14,Gaming,Bajío,29,681.24,19755.96
2023-10-15,Gaming,Bajío,19,688.51,13081.69
2023-10-16,Gaming,Bajío,22,674.32,14835.04
2023-10-17,Gaming,Bajío,28,674.73,18892.44
2023-10-18,Gaming,Bajío,19,753.65,14319.35
2023-10-19,Gaming,Bajío,17,702.22,11937.74
2023-10-20,Gaming,Bajío,19,629.88,11967.72
2023-10-21,Gaming,Bajío,22,655.88,14429.36
2023-10-22,Gaming,Bajío,24,595.01,14280.24
2023-10-23,Gaming,Bajío,26,673.49,17510.74
2023-10-24,Gaming,Bajío,28,632.18,17701.04
2023-10-25,Gaming,Bajío,18,707.65,12737.7
2023-10-26,Gaming,Bajío,22,672.43,14793.46
2023-10-27,Gaming,Bajío,16,634.54,10152.64
2023-10-28,Gaming,Bajío,24,652.86,15668.64
2023-10-29,Gaming,Bajío,24,685.48,16451.52
2023-10-30,Gaming,Bajío,24,676.04,16224.96
2023-10-31,Gaming,Bajío,24,627.33,15055.92
2023-11-01,Gaming,Bajío,22,695.76,15306.72
2023-11-02,Gaming,Bajío,22,577.82,12712.04
2023-11-03,Gaming,Bajío,14,604.94,8469.16
2023-11-04,Gaming,Bajío,22,648.11,14258.42
2023-11-05,Gaming,Bajío,25,636.79,15919.75
2023-11-06,Gaming,Bajío,31,659.19,20434.89
2023-11-07,Gaming,Bajío,20,612.92,12258.4
2023-11-08,Gaming,Bajío,21,626.19,13149.99
2023-11-09,Gaming,Bajío,17,614.84,10452.28
2023-11-10,Gaming,Bajío,25,612.4,15310.0
2023-11-11,Gaming,Bajío,24,646.92,15526.08
2023-11-12,Gaming,Bajío,26,615.61,16005.86
2023-11-13,Gaming,Bajío,25,634.42,15860.5
2023-11-14,Gaming,Bajío,22,635.6,13983.2
2023-11-15,Gaming,Bajío,30,649.42,19482.6
2023-11-16,Gaming,Bajío,33,594.61,19622.13
2023-11-17,Gaming,Bajío,28,663.16,18568.48
2023-11-18,Gaming,Bajío,44,628.97,27674.68
2023-11-19,Gaming,Bajío,53,659.71,34964.63
2023-11-20,Gaming,Bajío,44,644.69,28366.36
2023-11-21,Gaming,Bajío,29,660.19,19145.51
2023-11-22,Gaming,Bajío,35,656.54,22978.9
2023-11-23,Gaming,Bajío,36,706.72,25441.92
2023-11-24,Gaming,Bajío,35,601.75,21061.25
2023-11-25,Gaming,Bajío,50,705.89,35294.5
2023-11-26,Gaming,Bajío,61,689.68,42070.48
2023-11-27,Gaming,Bajío,40,638.67,25546.8
2023-11-28,Gaming,Bajío,66,675.0,44550.0
2023-11-29,Gaming,Bajío,51,721.18,36780.18
2023-11-30,Gaming,Bajío,36,604.29,21754.44
2023-12-01,Gaming,Bajío,42,657.26,27604.92
2023-12-02,Gaming,Bajío,39,613.31,23919.09
2023-12-03,Gaming,Bajío,39,662.04,25819.56
2023-12-04,Gaming,Bajío,32,681.88,21820.16
2023-12-05,Gaming,Bajío,37,617.86,22860.82
2023-12-06,Gaming,Bajío,36,631.96,22750.56
2023-12-07,Gaming,Bajío,36,648.86,23358.96
2023-12-08,Gaming,Bajío,41,680.45,27898.45
2023-12-09,Gaming,Bajío,39,685.36,26729.04
2023-12-10,Gaming,Bajío,38,667.16,25352.08
2023-12-11,Gaming,Bajío,44,660.5,29062.0
2023-12-12,Gaming,Bajío,50,651.69,32584.5
2023-12-13,Gaming,Bajío,38,681.15,25883.7
2023-12-14,Gaming,Bajío,41,668.55,27410.55
2023-12-15,Gaming,Bajío,40,675.7,27028.0
2023-12-16,Gaming,Bajío,41,658.19,26985.79
2023-12-17,Gaming,Bajío,50,609.82,30491.0
2023-12-18,Gaming,Bajío,42,613.68,25774.56
2023-12-19,Gaming,Bajío,49,667.07,32686.43
2023-12-20,Gaming,Bajío,40,635.66,25426.4
2023-12-21,Gaming,Bajío,39,666.49,25993.11
2023-12-22,Gaming,Bajío,50,636.59,31829.5
2023-12-23,Gaming,Bajío,48,625.62,30029.76
2023-12-24,Gaming,Bajío,69,673.95,46502.55
2023-12-25,Gaming,Bajío,35,607.9,21276.5
2023-12-26,Gaming,Bajío,28,669.54,18747.12
2023-12-27,Gaming,Bajío,22,638.63,14049.86
2023-12-28,Gaming,Bajío,34,626.04,21285.36
2023-12-29,Gaming,Bajío,26,637.49,16574.74
2023-12-30,Gaming,Bajío,32,655.06,20961.92
2023-12-31,Gaming,Bajío,39,707.72,27601.08
2024-01-01,Gaming,Bajío,44,666.31,29317.64
2024-01-02,Gaming,Bajío,33,686.21,22644.93
2024-01-03,Gaming,Bajío,24,673.78,16170.72
2024-01-04,Gaming,Bajío,32,656.96,21022.72
2024-01-05,Gaming,Bajío,27,637.16,17203.32
2024-01-06,Gaming,Bajío,31,637.08,19749.48
2024-01-07,Gaming,Bajío,28,644.21,18037.88
2024-01-08,Gaming,Bajío,41,684.51,28064.91
2024-01-09,Gaming,Bajío,36,725.91,26132.76
2024-01-10,Gaming,Bajío,21,639.67,13433.07
2024-01-11,Gaming,Bajío,31,657.46,20381.26
2024-01-12,Gaming,Bajío,27,653.11,17633.97
2024-01-13,Gaming,Bajío,43,637.22,27400.46
2024-01-14,Gaming,Bajío,33,586.23,19345.59
2024-01-15,Gaming,Bajío,28,696.44,19500.32
2024-01-16,Gaming,Bajío,37,668.07,24718.59
2024-01-17,Gaming,Bajío,22,669.63,14731.86
2024-01-18,Gaming,Bajío,33,633.8,20915.4
2024-01-19,Gaming,Bajío,18,671.85,12093.3
2024-01-20,Gaming,Bajío,35,613.31,21465.85
2024-01-21,Gaming,Bajío,34,660.51,22457.34
2024-01-22,Gaming,Bajío,35,617.33,21606.55
2024-01-23,Gaming,Bajío,36,618.68,22272.48
2024-01-24,Gaming,Bajío,31,648.64,20107.84
2024-01-25,Gaming,Bajío,27,640.1,17282.7
2024-01-26,Gaming,Bajío,29,702.85,20382.65
2024-01-27,Gaming,Bajío,35,594.93,20822.55
2024-01-28,Gaming,Bajío,51,667.5,34042.5
2024-01-29,Gaming,Bajío,48,684.99,32879.52
2024-01-30,Gaming,Bajío,37,628.32,23247.84
2024-01-31,Gaming,Bajío,29,641.05,18590.45
2024-02-01,Gaming,Bajío,29,673.62,19534.98
2024-02-02,Gaming,Bajío,30,620.3,18609.0
2024-02-03,Gaming,Bajío,33,650.84,21477.72
2024-02-04,Gaming,Bajío,40,645.96,25838.4
2024-02-05,Gaming,Bajío,47,662.46,31135.62
2024-02-06,Gaming,Bajío,46,655.43,30149.78
2024-02-07,Gaming,Bajío,40,646.94,25877.6
2024-02-08,Gaming,Bajío,28,648.86,18168.08
2024-02-09,Gaming,Bajío,31,635.82,19710.42
2024-02-10,Gaming,Bajío,42,675.99,28391.58
2024-02-11,Gaming,Bajío,44,656.74,28896.56
2024-02-12,Gaming,Bajío,50,654.37,32718.5
2024-02-13,Gaming,Bajío,41,700.11,28704.51
2024-02-14,Gaming,Bajío,27,676.79,18273.33
2024-02-15,Gaming,Bajío,27,633.2,17096.4
2024-02-16,Gaming,Bajío,27,721.25,19473.75
2024-02-17,Gaming,Bajío,33,637.59,21040.47
2024-02-18,Gaming,Bajío,40,734.83,29393.2
2024-02-19,Gaming,Bajío,48,538.57,25851.36
2024-02-20,Gaming,Bajío,46,634.11,29169.06
2024-02-21,Gaming,Bajío,27,646.7,17460.9
2024-02-22,Gaming,Bajío,24,644.54,15468.96
2024-02-23,Gaming,Bajío,30,640.86,19225.8
2024-02-24,Gaming,Bajío,33,666.86,22006.38
2024-02-25,Gaming,Bajío,48,633.21,30394.08
2024-02-26,Gaming,Bajío,32,653.0,20896.0
2024-02-27,Gaming,Bajío,39,660.47,25758.33
2024-02-28,Gaming,Bajío,37,754.9,27931.3
2024-02-29,Gaming,Bajío,25,702.19,17554.75
2024-03-01,Gaming,Bajío,32,670.44,21454.08
2024-03-02,Gaming,Bajío,36,698.37,25141.32
2024-03-03,Gaming,Bajío,45,579.26,26066.7
2024-03-04,Gaming,Bajío,35,602.18,21076.3
2024-03-05,Gaming,Bajío,40,643.46,25738.4
2024-03-06,Gaming,Bajío,26,615.5,16003.0
2024-03-07,Gaming,Bajío,32,668.32,21386.24
2024-03-08,Gaming,Bajío,26,679.3,17661.8
2024-03-09,Gaming,Bajío,43,643.55,27672.65
2024-03-10,Gaming,Bajío,48,625.13,30006.24
2024-03-11,Gaming,Bajío,45,695.24,31285.8
2024-03-12,Gaming,Bajío,37,589.7,21818.9
2024-03-13,Gaming,Bajío,25,640.72,16018.0
2024-03-14,Gaming,Bajío,33,617.58,20380.14
2024-03-15,Gaming,Bajío,36,648.52,23346.72
2024-03-16,Gaming,Bajío,26,638.82,16609.32
2024-03-17,Gaming,Bajío,41,643.69,26391.29
2024-03-18,Gaming,Bajío,36,659.24,23732.64
2024-03-19,Gaming,Bajío,35,713.08,24957.8
2024-03-20,Gaming,Bajío,27,685.41,18506.07
2024-03-21,Gaming,Bajío,31,640.33,19850.23
2024-03-22,Gaming,Bajío,27,632.91,17088.57
2024-03-23,Gaming,Bajío,28,664.09,18594.52
2024-03-24,Gaming,Bajío,35,600.41,21014.35
2024-03-25,Gaming,Bajío,48,581.04,27889.92
2024-03-26,Gaming,Bajío,31,654.87,20300.97
2024-03-27,Gaming,Bajío,26,646.83,16817.58
2024-03-28,Gaming,Bajío,26,696.12,18099.12
2024-03-29,Gaming,Bajío,30,645.33,19359.9
2024-03-30,Gaming,Bajío,27,676.25,18258.75
2024-03-31,Gaming,Bajío,45,665.76,29959.2
2024-04-01,Gaming,Bajío,36,649.38,23377.68
2024-04-02,Gaming,Bajío,31,613.8,19027.8
2024-04-03,Gaming,Bajío,29,648.11,18795.19
2024-04-04,Gaming,Bajío,25,611.97,15299.25
2024-04-05,Gaming,Bajío,33,627.27,20699.91
2024-04-06,Gaming,Bajío,35,607.9,21276.5
2024-04-07,Gaming,Bajío,34,689.58,23445.72
2024-04-08,Gaming,Bajío,40,646.24,25849.6
2024-04-09,Gaming,Bajío,38,617.34,23458.92
2024-04-10,Gaming,Bajío,30,609.79,18293.7
2024-04-11,Gaming,Bajío,31,682.16,21146.96
2024-04-12,Gaming,Bajío,28,674.66,18890.48
2024-04-13,Gaming,Bajío,45,608.11,27364.95
2024-04-14,Gaming,Bajío,33,668.84,22071.72
2024-04-15,Gaming,Bajío,48,629.73,30227.04
2024-04-16,Gaming,Bajío,30,675.23,20256.9
2024-04-17,Gaming,Bajío,22,599.51,13189.22
2024-04-18,Gaming,Bajío,25,650.15,16253.75
2024-04-19,Gaming,Bajío,22,660.94,14540.68
2024-04-20,Gaming,Bajío,38,699.78,26591.64
2024-04-21,Gaming,Bajío,47,626.61,29450.67
2024-04-22,Gaming,Bajío,37,617.66,22853.42
2024-04-23,Gaming,Bajío,33,610.6,20149.8
2024-04-24,Gaming,Bajío,25,620.51,15512.75
2024-04-25,Gaming,Bajío,27,691.83,18679.41
2024-04-26,Gaming,Bajío,33,616.97,20360.01
2024-04-27,Gaming,Bajío,30,658.24,19747.2
2024-04-28,Gaming,Bajío,48,657.8,31574.4
2024-04-29,Gaming,Bajío,38,611.87,23251.06
2024-04-30,Gaming,Bajío,30,666.67,20000.1
2024-05-01,Gaming,Bajío,30,679.24,20377.2
2024-05-02,Gaming,Bajío,24,631.73,15161.52
2024-05-03,Gaming,Bajío,26,643.17,16722.42
2024-05-04,Gaming,Bajío,27,637.19,17204.13
2024-05-05,Gaming,Bajío,30,611.24,18337.2
2024-05-06,Gaming,Bajío,48,663.05,31826.4
2024-05-07,Gaming,Bajío,40,648.06,25922.4
2024-05-08,Gaming,Bajío,26,656.27,17063.02
2024-05-09,Gaming,Bajío,30,578.76,17362.8
2024-05-10,Gaming,Bajío,26,661.01,17186.26
2024-05-11,Gaming,Bajío,29,691.42,20051.18
2024-05-12,Gaming,Bajío,36,630.04,22681.44
2024-05-13,Gaming,Bajío,40,620.84,24833.6
2024-05-14,Gaming,Bajío,33,673.06,22210.98
2024-05-15,Gaming,Bajío,18,609.23,10966.14
2024-05-16,Gaming,Bajío,17,569.44,9680.48
2024-05-17,Gaming,Bajío,24,654.99,15719.76
2024-05-18,Gaming,Bajío,29,630.15,18274.35
2024-05-19,Gaming,Bajío,24,670.13,16083.12
2024-05-20,Gaming,Bajío,35,651.73,22810.55
2024-05-21,Gaming,Bajío,28,670.98,18787.44
2024-05-22,Gaming,Bajío,28,654.01,18312.28
2024-05-23,Gaming,Bajío,21,676.94,14215.74
2024-05-24,Gaming,Bajío,20,751.79,15035.8
2024-05-25,Gaming,Bajío,29,636.11,18447.19
2024-05-26,Gaming,Bajío,32,643.55,20593.6
2024-05-27,Gaming,Bajío,39,613.42,23923.38
2024-05-28,Gaming,Bajío,28,641.51,17962.28
2024-05-29,Gaming,Bajío,20,649.78,12995.6
2024-05-30,Gaming,Bajío,21,636.56,13367.76
2024-05-31,Gaming,Bajío,26,652.64,16968.64
2024-06-01,Gaming,Bajío,25,653.67,16341.75
2024-06-02,Gaming,Bajío,18,657.51,11835.18
2024-06-03,Gaming,Bajío,25,636.13,15903.25
2024-06-04,Gaming,Bajío,26,597.42,15532.92
2024-06-05,Gaming,Bajío,23,671.82,15451.86
2024-06-06,Gaming,Bajío,22,639.1,14060.2
2024-06-07,Gaming,Bajío,19,674.6,12817.4
2024-06-08,Gaming,Bajío,21,637.27,13382.67
2024-06-09,Gaming,Bajío,37,603.98,22347.26
2024-06-10,Gaming,Bajío,27,639.23,17259.21
2024-06-11,Gaming,Bajío,32,587.99,18815.68
2024-06-12,Gaming,Bajío,27,618.19,16691.13
2024-06-13,Gaming,Bajío,23,639.57,14710.11
2024-06-14,Gaming,Bajío,16,609.63,9754.08
2024-06-15,Gaming,Bajío,21,642.07,13483.47
2024-06-16,Gaming,Bajío,28,618.49,17317.72
2024-06-17,Gaming,Bajío,32,667.96,21374.72
2024-06-18,Gaming,Bajío,24,584.37,14024.88
2024-06-19,Gaming,Bajío,21,657.99,13817.79
2024-06-20,Gaming,Bajío,12,645.15,7741.8
2024-06-21,Gaming,Bajío,14,626.02,8764.28
2024-06-22,Gaming,Bajío,26,643.39,16728.14
2024-06-23,Gaming,Bajío,29,661.37,19179.73
2024-06-24,Gaming,Bajío,24,571.21,13709.04
2024-06-25,Gaming,Bajío,29,668.96,19399.84
2024-06-26,Gaming,Bajío,18,701.64,12629.52
2024-06-27,Gaming,Bajío,17,605.08,10286.36
2024-06-28,Gaming,Bajío,19,707.24,13437.56
2024-06-29,Gaming,Bajío,28,679.11,19015.08
2024-06-30,Gaming,Bajío,23,625.26,14380.98
2024-07-01,Gaming,Bajío,20,653.15,13063.0
2024-07-02,Gaming,Bajío,22,630.2,13864.4
2024-07-03,Gaming,Bajío,18,654.37,11778.66
2024-07-04,Gaming,Bajío,16,704.51,11272.16
2024-07-05,Gaming,Bajío,24,667.52,16020.48
2024-07-06,Gaming,Bajío,26,639.71,16632.46
2024-07-07,Gaming,Bajío,20,662.59,13251.8
2024-07-08,Gaming,Bajío,21,604.33,12690.93
2024-07-09,Gaming,Bajío,27,701.59,18942.93
2024-07-10,Gaming,Bajío,18,642.56,11566.08
2024-07-11,Gaming,Bajío,16,642.14,10274.24
2024-07-12,Gaming,Bajío,14,656.91,9196.74
2024-07-13,Gaming,Bajío,19,633.88,12043.72
2024-07-14,Gaming,Bajío,22,622.36,13691.92
2024-07-15,Gaming,Bajío,28,660.65,18498.2
2024-07-16,Gaming,Bajío,21,638.72,13413.12
2024-07-17,Gaming,Bajío,18,612.49,11024.82
2024-07-18,Gaming,Bajío,20,682.13,13642.6
2024-07-19,Gaming,Bajío,19,569.59,10822.21
2024-07-20,Gaming,Bajío,17,610.78,10383.26
2024-07-21,Gaming,Bajío,28,675.87,18924.36
2024-07-22,Gaming,Bajío,20,640.45,12809.0
2024-07-23,Gaming,Bajío,17,689.73,11725.41
2024-07-24,Gaming,Bajío,14,686.9,9616.6
2024-07-25,Gaming,Bajío,13,680.82,8850.66
2024-07-26,Gaming,Bajío,15,698.89,10483.35
2024-07-27,Gaming,Bajío,20,641.79,12835.8
2024-07-28,Gaming,Bajío,22,645.82,14208.04
2024-07-29,Gaming,Bajío,16,651.16,10418.56
2024-07-30,Gaming,Bajío,17,682.68,11605.56
2024-07-31,Gaming,Bajío,19,631.57,11999.83
2024-08-01,Gaming,Bajío,18,679.38,12228.84
2024-08-02,Gaming,Bajío,17,652.56,11093.52
2024-08-03,Gaming,Bajío,21,682.65,14335.65
2024-08-04,Gaming,Bajío,13,679.51,8833.63
2024-08-05,Gaming,Bajío,19,645.4,12262.6
2024-08-06,Gaming,Bajío,16,703.49,11255.84
2024-08-07,Gaming,Bajío,14,680.35,9524.9
2024-08-08,Gaming,Bajío,16,591.62,9465.92
2024-08-09,Gaming,Bajío,14,582.6,8156.4
2024-08-10,Gaming,Bajío,18,617.12,11108.16
2024-08-11,Gaming,Bajío,25,649.16,16229.0
2024-08-12,Gaming,Bajío,18,686.82,12362.76
2024-08-13,Gaming,Bajío,19,638.97,12140.43
2024-08-14,Gaming,Bajío,19,639.35,12147.65
2024-08-15,Gaming,Bajío,12,659.2,7910.4
2024-08-16,Gaming,Bajío,20,698.08,13961.6
2024-08-17,Gaming,Bajío,22,661.97,14563.34
2024-08-18,Gaming,Bajío,19,641.97,12197.43
2024-08-19,Gaming,Bajío,23,613.49,14110.27
2024-08-20,Gaming,Bajío,17,608.72,10348.24
2024-08-21,Gaming,Bajío,18,601.44,10825.92
2024-08-22,Gaming,Bajío,12,666.1,7993.2
2024-08-23,Gaming,Bajío,20,660.48,13209.6
2024-08-24,Gaming,Bajío,20,669.34,13386.8
2024-08-25,Gaming,Bajío,17,678.68,11537.56
2024-08-26,Gaming,Bajío,17,655.47,11142.99
2024-08-27,Gaming,Bajío,21,619.24,13004.04
2024-08-28,Gaming,Bajío,18,628.4,11311.2
2024-08-29,Gaming,Bajío,18,653.69,11766.42
2024-08-30,Gaming,Bajío,15,637.31,9559.65
2024-08-31,Gaming,Bajío,19,590.41,11217.79
2024-09-01,Gaming,Bajío,20,626.89,12537.8
2024-09-02,Gaming,Bajío,22,695.67,15304.74
2024-09-03,Gaming,Bajío,18,657.19,11829.42
2024-09-04,Gaming,Bajío,17,653.61,11111.37
2024-09-05,Gaming,Bajío,14,623.72,8732.08
2024-09-06,Gaming,Bajío,15,603.25,9048.75
2024-09-07,Gaming,Bajío,21,652.09,13693.89
2024-09-08,Gaming,Bajío,21,662.0,13902.0
2024-09-09,Gaming,Bajío,20,603.22,12064.4
2024-09-10,Gaming,Bajío,17,677.68,11520.56
2024-09-11,Gaming,Bajío,17,634.18,10781.06
2024-09-12,Gaming,Bajío,14,661.31,9258.34
2024-09-13,Gaming,Bajío,16,651.4,10422.4
2024-09-14,Gaming,Bajío,25,647.07,16176.75
2024-09-15,Gaming,Bajío,24,736.22,17669.28
2024-09-16,Gaming,Bajío,26,668.16,17372.16
2024-09-17,Gaming,Bajío,17,650.99,11066.83
2024-09-18,Gaming,Bajío,17,670.58,11399.86
2024-09-19,Gaming,Bajío,15,637.01,9555.15
2024-09-20,Gaming,Bajío,18,676.35,12174.3
2024-09-21,Gaming,Bajío,20,658.88,13177.6
2024-09-22,Gaming,Bajío,26,645.25,16776.5
2024-09-23,Gaming,Bajío,27,640.78,17301.06
2024-09-24,Gaming,Bajío,20,644.88,12897.6
2024-09-25,Gaming,Bajío,17,650.35,11055.95
2024-09-26,Gaming,Bajío,21,689.17,14472.57
2024-09-27,Gaming,Bajío,18,663.93,11950.74
2024-09-28,Gaming,Bajío,19,581.74,11053.06
2024-09-29,Gaming,Bajío,18,703.77,12667.86
2024-09-30,Gaming,Bajío,22,667.89,14693.58
2024-10-01,Gaming,Bajío,18,731.52,13167.36
2024-10-02,Gaming,Bajío,19,648.15,12314.85
2024-10-03,Gaming,Bajío,13,687.58,8938.54
2024-10-04,Gaming,Bajío,24,674.73,16193.52
2024-10-05,Gaming,Bajío,20,656.22,13124.4
2024-10-06,Gaming,Bajío,22,693.49,15256.78
2024-10-07,Gaming,Bajío,30,644.18,19325.4
2024-10-08,Gaming,Bajío,27,654.41,17669.07
2024-10-09,Gaming,Bajío,22,614.8,13525.6
2024-10-10,Gaming,Bajío,18,642.97,11573.46
2024-10-11,Gaming,Bajío,19,621.06,11800.14
2024-10-12,Gaming,Bajío,21,651.59,13683.39
2024-10-13,Gaming,Bajío,30,670.22,20106.6
2024-10-14,Gaming,Bajío,24,663.0,15912.0
2024-10-15,Gaming,Bajío,29,657.28,19061.12
2024-10-16,Gaming,Bajío,21,673.82,14150.22
2024-10-17,Gaming,Bajío,19,729.72,13864.68
2024-10-18,Gaming,Bajío,22,635.71,13985.62
2024-10-19,Gaming,Bajío,21,729.23,15313.83
2024-10-20,Gaming,Bajío,26,604.78,15724.28
2024-10-21,Gaming,Bajío,25,574.31,14357.75
2024-10-22,Gaming,Bajío,25,689.72,17243.0
2024-10-23,Gaming,Bajío,18,652.79,11750.22
2024-10-24,Gaming,Bajío,17,599.85,10197.45
2024-10-25,Gaming,Bajío,18,651.66,11729.88
2024-10-26,Gaming,Bajío,25,636.72,15918.0
2024-10-27,Gaming,Bajío,33,663.16,21884.28
2024-10-28,Gaming,Bajío,24,641.96,15407.04
2024-10-29,Gaming,Bajío,18,692.35,12462.3
2024-10-30,Gaming,Bajío,23,655.63,15079.49
2024-10-31,Gaming,Bajío,19,659.24,12525.56
2024-11-01,Gaming,Bajío,25,644.0,16100.0
2024-11-02,Gaming,Bajío,22,672.66,14798.52
2024-11-03,Gaming,Bajío,31,646.4,20038.4
2024-11-04,Gaming,Bajío,34,682.85,23216.9
2024-11-05,Gaming,Bajío,30,604.91,18147.3
2024-11-06,Gaming,Bajío,25,654.04,16351.0
2024-11-07,Gaming,Bajío,27,631.14,17040.78
2024-11-08,Gaming,Bajío,23,618.05,14215.15
2024-11-09,Gaming,Bajío,31,607.05,18818.55
2024-11-10,Gaming,Bajío,32,622.07,19906.24
2024-11-11,Gaming,Bajío,29,661.81,19192.49
2024-11-12,Gaming,Bajío,26,664.78,17284.28
2024-11-13,Gaming,Bajío,31,676.18,20961.58
2024-11-14,Gaming,Bajío,31,635.54,19701.74
2024-11-15,Gaming,Bajío,52,683.39,35536.28
2024-11-16,Gaming,Bajío,49,648.04,31753.96
2024-11-17,Gaming,Bajío,68,671.79,45681.72
2024-11-18,Gaming,Bajío,48,653.67,31376.16
2024-11-19,Gaming,Bajío,63,626.2,39450.6
2024-11-20,Gaming,Bajío,43,604.27,25983.61
2024-11-21,Gaming,Bajío,38,611.21,23225.98
2024-11-22,Gaming,Bajío,51,618.73,31555.23
2024-11-23,Gaming,Bajío,59,634.03,37407.77
2024-11-24,Gaming,Bajío,60,671.0,40260.0
2024-11-25,Gaming,Bajío,66,682.32,45033.12
2024-11-26,Gaming,Bajío,63,684.65,43132.95
2024-11-27,Gaming,Bajío,48,548.35,26320.8
2024-11-28,Gaming,Bajío,47,634.92,29841.24
2024-11-29,Gaming,Bajío,42,641.41,26939.22
2024-11-30,Gaming,Bajío,47,636.46,29913.62
2024-12-01,Gaming,Bajío,64,594.22,38030.08
2024-12-02,Gaming,Bajío,42,683.35,28700.7
2024-12-03,Gaming,Bajío,48,709.16,34039.68
2024-12-04,Gaming,Bajío,36,638.88,22999.68
2024-12-05,Gaming,Bajío,30,721.92,21657.6
2024-12-06,Gaming,Bajío,36,574.62,20686.32
2024-12-07,Gaming,Bajío,43,614.12,26407.16
2024-12-08,Gaming,Bajío,53,641.36,33992.08
2024-12-09,Gaming,Bajío,67,671.06,44961.02
2024-12-10,Gaming,Bajío,48,652.66,31327.68
2024-12-11,Gaming,Bajío,49,614.46,30108.54
2024-12-12,Gaming,Bajío,45,673.99,30329.55
2024-12-13,Gaming,Bajío,45,668.93,30101.85
2024-12-14,Gaming,Bajío,58,632.43,36680.94
2024-12-15,Gaming,Bajío,68,637.78,43369.04
2024-12-16,Gaming,Bajío,63,613.36,38641.68
2024-12-17,Gaming,Bajío,56,667.37,37372.72
2024-12-18,Gaming,Bajío,51,611.38,31180.38
2024-12-19,Gaming,Bajío,41,607.64,24913.24
2024-12-20,Gaming,Bajío,46,702.8,32328.8
2024-12-21,Gaming,Bajío,55,653.02,35916.1
2024-12-22,Gaming,Bajío,49,626.59,30702.91
2024-12-23,Gaming,Bajío,56,587.43,32896.08
2024-12-24,Gaming,Bajío,42,653.7,27455.4
2024-12-25,Gaming,Bajío,26,650.5,16913.0
2024-12-26,Gaming,Bajío,31,686.11,21269.41
2024-12-27,Gaming,Bajío,23,573.5,13190.5
2024-12-28,Gaming,Bajío,39,625.54,24396.06
2024-12-29,Gaming,Bajío,45,667.86,30053.7
2024-12-30,Gaming,Bajío,51,644.65,32877.15
